"bets","ibc","ipca","selic","inad"
2.52083414490909,0.437327603828112,0.0939787954340855,-0.251849153096213,0.0381558659990137
0.174924284338954,0.200973150955156,0.0555768131667782,-0.401251165201982,0.0144104424197267
2.67415949398106,0.427151488564357,0.0777868301779741,-0.321571381393602,0.0141356813751618
0.540648851897063,0.583912584926732,-0.0529310520999912,-0.119791527993195,0.0474287479866789
0.22469874824059,-0.158916093377583,0.277259760763218,-0.162287659179355,-0.0318997080980522
3.89107155512819,0.353682170998676,0.123760401200762,-0.305238298209363,0.00378938880028089
0.195580293487992,-0.548048869472474,0.115057352515312,-0.163185432166933,0.00723279695420441
0.149574192379986,0.206854920712011,0.20973481235917,-0.0761967368450883,-0.0764585176199535
1.71064554706826,0.390346689913173,0.0900813719659637,-0.235396442187767,0.0499296609144757
2.5946151411925,-0.127284208923293,0.203717743248986,-0.275784916487356,-0.0245749114796239
2.73797014475554,0.61331250781834,0.131832974345339,0.037576622620739,0.0143435728133283
0.258019353288006,0.0278644326179548,0.0100378919956244,-0.373413607817821,0.0439993968578231
2.01713577979162,0.0864724190519149,0.234038165552303,0.194451962573012,0.0449488493447767
0.385327207487815,0.0946998957517757,-0.0479037589420838,-0.0441036993513911,0.0910856630383648
0.30013922329865,0.0373440882656778,0.185004671152779,-0.216911487862512,0.0448776135785466
2.71231572575966,-0.0518427900004282,-0.0995747005469546,-0.366902642383984,0.0511689400597574
1.45345504719948,0.265791134724143,-0.0954718672982909,-0.407605830785435,-0.000724810390584267
0.885329737714358,-0.235987073019548,0.249246342900003,-0.137730812398261,0.0209722771292548
2.30714038697671,0.128331144456674,0.0816211196082143,-0.138113837395576,0.0779475902089729
0.394491130341693,0.665763126072598,0.00794202082565861,-0.115552180655883,-0.0247176247972093
0.415703165468751,-0.0735371654067273,0.156623499356104,0.306377489345788,0.0479641222783781
2.81660995626528,0.26596340054148,-0.0322517607108085,-0.258316282729208,0.0684950033792232
0.404021382149531,0.483503917785459,0.145677434885468,-0.0668425842193704,0.0460757306182859
2.26371358785647,0.205594746574327,0.0453276167111286,-0.231919995984747,0.0700566702544987
0.154017318558988,0.659360012948859,-0.0199211260188244,-0.173987150510068,0.0120383712610448
2.00214405698548,-0.114506413529906,0.320925755422721,0.0428980888736639,0.00749748882633005
2.65836641484657,0.0826296042084047,0.169062384619915,-0.300642279003046,0.0297495145356381
2.87153128522679,0.0171948203012163,0.0570498257020643,-0.379750850926765,0.0332218315865006
4.15039646105687,0.104469214307313,0.155773280703287,-0.100567086016052,0.064764205555095
2.12500821629545,0.0633089831593109,-0.12876386594087,-0.416041859254463,0.0227186410643161
0.564986358355056,-0.533121915615487,0.122201289828764,-0.138287535938453,0.0212601199272998
3.76286938302237,0.438966514376674,0.0217830449668423,-0.205635697792411,0.0533413343462255
0.378184601631547,-0.0702103613479603,0.327700862162276,0.0464472731485362,0.00699275015635283
1.66237124239728,0.383316140877535,0.0468322370734243,-0.353897415349824,-0.0227763613325881
2.77632231460202,0.407079616825146,0.0502749891474602,-0.0299534124785456,0.0703201250790683
1.64801402175197,0.306961509433268,0.0994700489598108,-0.360584340380852,-0.0215106291227453
0.0950898071285517,0.492054699109659,-0.205360907484472,-0.0169346009433789,0.0402273884816721
2.58221639395882,0.118740861415437,-0.109417114383227,-0.305060493480856,0.0671313750980421
1.29635540644954,0.590227894477139,0.179258891267569,-0.00421376314630003,0.0158198634056975
0.207134826636235,-0.0885797833023273,0.129990696895938,-0.347426400162026,-0.0364604131731782
1.20526831173113,-0.174818518579494,0.133153036618859,-0.345617462962272,-0.0224215146690273
3.95160605213599,0.416947284263908,0.0817584747379421,-0.280683283783221,0.0256297143985511
1.38051463215496,0.681688425610737,-0.0478578847324858,-0.0277595374193019,0.00320857575765341
0.822298287144803,0.434902578326424,0.0238241776686969,-0.357256930853734,0.00764387360036891
0.602810618696596,0.267800535577841,-0.242648285349902,-0.249532690927707,0.0464248773889309
0.0755045979103788,-0.207735930448142,0.228201775636682,-0.0887347166695619,0.0395297989773227
0.198586193921143,-0.309006534552011,-0.0758729504885244,-0.00256398341569296,0.0837934265638971
0.524961255100496,0.113385846317876,-0.045950880324473,-0.249626256080083,0.0756160804193019
0.69269107617894,0.309114105213213,-0.147425766087474,-0.327750218673677,0.0453577248846874
3.34369924786396,0.351092980739178,0.191614643228034,-0.209815193261757,-0.0338616792518713
2.17975691308526,-0.170909649244666,-0.0606708723610604,-0.410785748365874,0.0178768231489526
0.109935510584883,0.0959693273289435,0.332700381018307,-0.0260112529025642,-0.00261203060229735
0.513765474968541,-0.237021282968621,0.11787788188831,-0.274577177832664,0.0391687725309252
1.97353203556671,0.241330788621557,-0.0857272366375317,-0.35934292360329,0.048198287736732
0.491152056455106,-0.389123933765905,-0.0397736217847027,-0.0126875128567546,0.0778517994231214
3.81708050426207,0.0804825668473035,0.288428559779392,-0.125035700243311,0.00143762740755493
1.93858556655248,-0.0606761462633515,0.0952254257104232,-0.00822211428117554,0.0826435458010805
0.401110268035376,-0.304149856524834,0.0319106913258368,-0.369958868336529,-0.00619336787084976
2.67589159487327,0.574867372032492,0.0848965508755862,-0.171988103648491,-0.0270384581002685
1.57397712023558,0.119893155637967,0.119984011463333,-0.0224277440063588,0.0780992385640579
1.0087331289147,0.695173621656865,0.0409134445796672,-0.00603425662694534,-0.0109758945914852
0.42342908968579,0.093979638451774,-0.0365459350258484,-0.211874737755208,0.0801509168605257
2.69477757439514,0.415471674999491,0.0131673234318903,-0.354548271691005,0.0057088792673473
4.64997523130582,0.140640701837158,0.186715266508771,-0.130488581688402,0.0504733435968243
3.8080748862195,0.218080615766491,0.0952901382140703,-0.363340221779703,-0.000644805566227711
1.83195620473353,0.487139274230721,0.231316351719394,-0.0489682178248338,0.015733964572613
0.0796948567259552,0.424770548895352,-0.246868598192988,-0.180143454093128,0.0181154397132383
1.12970076878864,0.497569352786308,0.100648157216786,0.253436892874574,0.0195322652171306
0.528589966873022,0.22229795823481,0.322502147418862,-0.0631451132842906,-0.0128944753068072
0.383012132999734,0.411829987983452,-0.107436677046586,-0.310698851912695,-0.0292118295891544
0.990799151575338,0.372758309987831,0.142824996029059,0.0157600528183251,0.0615202465673761
1.89688377235105,0.448221253222953,0.0187958844701922,-0.0845702062517083,0.0683639092208662
2.51941593719776,0.0545494176631881,0.0598855880814707,-0.303225530292566,0.0586714673241568
0.298366512013681,-0.0124908092563262,-0.15314119985528,-0.413534182311731,-0.00332275811507129
0.222648768908776,0.214733875349078,0.0636852013203021,-0.0925118494314171,0.0782497204204513
1.05496674677883,-0.110434894126603,0.299270208650059,-0.120279222423802,-0.033701268364174
1.65769678433809,0.336944494684829,0.17434789476519,-0.0245964631545559,0.0577598708664045
2.35331580619117,0.162544650357768,0.0187301893051956,-0.394753466143186,-0.0274069469551989
0.972462069985108,0.539339289419956,0.190955496898427,-0.163927816167972,-0.0159656037511612
1.83510303511767,-0.0470538618224698,-0.149910560828233,-0.25111638468613,0.075963850647369
0.256174843441342,0.315674102025196,-0.0333242664363108,0.225228634385036,0.0644112571834715
0.695969967006357,0.121475652338435,0.167491988862697,-0.297786085156204,0.0308306766198038
3.10975660928118,0.390360887280998,0.271707552462447,0.00886313150294626,-0.0211743180529366
0.611950348147651,0.135364497847138,-0.0744957037850004,-0.420520313123642,0.0268657894179521
0.543324087706934,0.331428913601572,0.218604454846551,0.30037239970985,-0.0122713491827428
3.32637790662052,-0.153499984420623,0.238593771658457,-0.190574362453406,0.0165755580583463
1.66345925256664,-0.283509498547438,0.121634885426197,-0.324829614196964,-0.0145403737855944
0.830972327439506,-0.237970871009018,0.176000476767504,-0.0506965300390864,0.0585759914922495
0.229043573188023,-0.340362151595756,0.184576375729618,-0.055903777943039,0.0458499659201311
1.23189081500103,0.424716520898966,0.0743094568779785,-0.344363634070458,0.00380576940257039
0.657415278518938,-0.0927140371976748,-0.0733445060693356,-0.351155657458042,0.0553173607989858
2.54749298674472,-0.139349476860256,0.251750551114131,-0.164417079125849,0.0224066977175477
0.105517770831382,0.318797730541302,-0.156620559101929,-0.270032184977185,0.0565568376185025
1.10241238618104,-0.0864227800335421,-0.129552351592383,-0.131658591244008,0.0883206578419291
0.972253361089555,0.128269706859516,0.214012480131653,-0.239149558017789,-0.0527007928394665
0.392529462888702,-0.117832373469681,0.198746555013168,-0.300822143972901,-0.000976366980367615
2.01173474820572,0.144821733345857,0.323394046227273,-0.0633964831158893,-0.00561807293957596
1.88817065343516,0.246582430362686,0.319373089553951,0.021260100923714,0.00118359648443583
0.0245391146843399,-0.483285931691031,0.0291933445056247,-0.0494366406197152,0.0607988494861882
0.445197606118397,-0.0293496298237585,0.342377113320262,0.0902866370396002,-0.0113626888960851
2.44916410339041,-0.30434463620283,0.021761628235042,-0.180624748851871,0.0702133076029966
1.75066795069971,0.36306605477119,-0.122858256193369,-0.278577552519789,0.0553281676736223
0.797519513075927,0.503592182127532,0.123828546416806,-0.107541327655061,0.0457562873539855
3.13050318047697,0.619686202691287,0.0364365741564313,-0.114332101225859,0.0279033549406094
3.60188869008567,-0.158901424778934,0.156969003679405,-0.291292871262462,0.0219002542491752
0.166466440756356,0.412706329399635,0.225055086359624,0.113252331683068,0.0312010903750162
1.88766054026782,0.167630605857706,0.0172345952978283,-0.423421913015526,0.00929388179754991
0.521219722899384,0.205634060964787,0.063806522804891,-0.392002596757906,0.0198205348807211
2.78628626163893,0.205008768359996,0.230541127415622,0.184701281709081,0.0397337212091762
2.73364170766879,-0.317525807642315,0.141383049973812,-0.199943330413475,0.0423239242663227
1.97209840264947,0.334224734748,0.15549448803307,-0.197004505171515,-0.057991961634399
1.62404479138434,0.309285348838839,0.270104216300659,0.22588109925251,-0.0147725318747347
0.251782617607706,0.425054431675593,0.0349321234557398,-0.326614633339993,-0.0341360241322082
1.49127648332094,-0.18447012138261,-0.132461874032763,-0.253922817135776,0.072277628115082
2.53972900375641,0.182584782121879,0.0779563475398819,-0.152408014424313,0.0756373246567293
0.0408188075680795,0.0297638072775085,-0.168602623619576,-0.353209747225671,0.049293819068761
2.78426888096497,0.316549321130178,-0.00995929834845082,0.0298785115947691,0.0808241699888595
1.6991099304621,-0.0928464764774312,0.0418253083086459,0.130503212599616,0.0847565336200345
2.82720637282461,0.366027426676637,0.273590971360384,-0.0940731919113657,-0.0108423105123276
0.201152103668496,0.233313919693879,0.12852912805318,-0.20688305464258,0.0562953415995207
0.0619669622183507,0.0815276657569019,0.145210457078781,-0.316045911992896,-0.0510054894279145
1.22712535543387,0.369753399692033,0.225444744686881,0.0476281856367233,0.0408979820194371
0.902524789799161,-0.0768743899954563,0.214290724039622,0.0710859813170557,0.0585229009772295
0.809264004713297,-0.43931707467197,0.116087456907502,-0.0136175377653871,0.0557825569708217
0.276066780029404,0.173847206153653,0.231620861875414,-0.257693955513615,-0.0370221514815832
0.399978328536976,0.386537794037132,0.244264935864631,0.191685710328217,-0.0406499501936412
0.574654878876598,-0.230353170902472,0.18367961300017,-0.271373027344922,-0.0344695539572937
0.630046835401338,-0.279361666838552,0.160272904911931,0.164362776009173,0.0577052306487289
1.32217882903607,-0.453123146333555,0.0802535026620766,-0.237384074931805,0.0287578759330191
3.48322993055126,0.463555642688417,0.159035166020419,-0.0726522436537051,0.041025897236157
0.0259376547383911,0.0544550484832555,-0.130080114210361,-0.0277525779655842,0.0901509667661243
2.61789050203447,-0.201225175848874,0.0463971917032187,-0.386154471519999,0.00439796816275589
1.75766468645907,0.415462022778806,0.151877887705543,-0.202106673659463,0.0384257248826946
0.786328814901751,0.371663323628112,-0.0871025133385574,0.0172623870913004,0.0774059169540512
2.70269798839879,0.352739950931312,0.0211591625957851,-0.372657985984249,0.0148956355498728
0.749351501884402,-0.0346199443193551,-0.0527372137321778,-0.378087408840179,0.0483270103765259
2.97538733658818,0.100419369829062,0.314039775062682,-0.0620489162725245,-0.0254800772411488
0.649615476580889,0.00279556412169876,0.0952359888105724,-0.318969585528953,0.0462155237924714
0.649588414895562,0.151912794907694,0.147718996249312,0.287352212653803,0.0502133682824252
4.06872956155858,0.121917016118718,0.143708033287718,-0.113375231697055,0.0663394692725083
2.4136267737707,0.463315526118054,0.0968278764262701,-0.301725374671832,-0.00959641432435752
1.90394798376895,-0.138851017299877,0.199770652793407,0.0307825374613405,0.0611743462444588
0.840081067336056,-0.10523148780599,-0.176266942592476,-0.381010012257056,0.0331406961649133
0.279305776068302,-0.308704142922954,0.0825269756548066,0.106398104655761,0.0718421897541113
2.01570589453112,-0.0849949205342894,0.273324414592201,-0.160442696993049,0.0149542071669032
2.54778083961705,0.28774272795493,0.0333749125119099,-0.362777895517516,-0.0289497297610982
1.62126536898194,0.409673185686284,0.000185342198058601,-0.260315799207127,0.0547576997034519
1.64658867438172,0.543967653245105,0.0612854169579695,-0.259977082710313,-0.0226915066955887
0.0207517104613841,-0.41833276187906,0.0327780439847016,-0.320085552634193,-0.00478348984275175
1.55850618517061,0.137627948229267,-0.133461729142967,-0.260307043925707,0.0739009422921707
4.14529393313242,0.334851059883809,0.242004434824189,0.0220951702324686,0.0268310299586872
1.37726272585836,-0.176600072395569,-0.146224891940731,-0.111620428168724,0.086517685012153
0.70324371493093,0.10200254439698,0.0880895577865464,-0.0562839702083649,0.0809651055859346
0.165138100834942,0.295829188144433,0.30897112828901,-0.00232688476735389,-0.0399088381225375
0.726088123169049,0.321729228553295,-0.0566479421997139,0.172906069249271,0.0712110361707181
2.94677268362402,0.130879922215678,-0.121843144683146,-0.285105105511861,0.0692269164528916
1.86933110975508,0.568941543784509,0.178524569039539,0.11148498512655,0.00841443726648192
0.384818849609063,-0.359416626437947,0.16536104851356,0.150462996868907,0.0504002196852335
1.34898989278062,0.536081585825152,-0.0649746359695513,-0.197684392935278,0.0476771583804911
1.16373172048926,0.168310084024487,0.268409465407814,0.0917467004313683,0.0393725311031113
0.205270679099592,-0.559135911087462,0.106091801832602,-0.17221433681649,-0.00917698494568664
2.48631773127403,0.363539756255443,0.0636025302879269,-0.353624655619656,0.0174223682399065
1.16177362802565,0.0280444254108387,-0.145246165546903,-0.413068455615545,0.0252689011431932
1.55650539625264,-0.100355819740621,0.0444084668549031,0.0705481101604692,0.0870364704242646
1.3461776031447,-0.126695709289188,0.154556313434619,-0.33055558903316,0.0149629603098107
0.329584023287891,0.15507760137798,0.0330020235414268,0.120662018361423,0.0827404389553043
3.09901220040628,0.553851642175279,0.062586899222907,-0.225877892360977,-0.0153198818131741
2.5649219119739,-0.242930725321229,-0.0198522451576838,-0.285463720131425,0.061161196359989
2.30814604075281,0.134315724510213,0.332237553638272,0.0515694275299342,-0.00493367831242574
0.496194441092896,-0.182442111660041,0.0207608849912018,-0.403403218996296,-0.0144921654056743
0.141604677414346,-0.147739719537749,0.186418584973505,0.0827841286905474,0.061718916409406
0.430877227218955,-0.234250364390691,-0.125178945791287,-0.07177097518322,0.0858730139675533
2.50996067326142,-0.208098191970975,0.156022838159261,0.0264101153127284,0.0678543834956102
1.42203800514258,0.179821887338688,0.328251106528177,-0.0343355320080619,-0.0266980905635603
0.0238444816427099,-0.359712039193237,0.280539779859876,0.100540044210656,-0.00207346237322147
0.612763676394758,0.24090388103956,-0.132223435685591,-0.347946899182227,-0.0330898708680964
0.679034128264035,0.21087539782744,0.283080605431221,-0.161185465077577,0.00580875530053869
0.759277711059219,-0.0891016379433686,-0.0561060696602057,-0.433338220969379,0.00323360761391719
3.56905376035881,0.436012645142939,-0.0135053809248113,-0.29711619906026,0.0348856865592463
3.48131796057153,0.440383411587654,0.0355958693201284,-0.308433297047879,0.0227827500577901
2.03974378403361,0.654348984553705,0.122470477029657,-0.0144384066982576,0.00334801558338214
0.004636573804118,-0.228815842129564,-0.164589529273822,-0.317879537076291,0.0495353846963456
2.53011284226723,0.561560019896262,-0.056781760862554,-0.00919541400312381,0.0515428877864298
1.71623207427004,0.103547113403394,-0.0356015680286816,-0.435187916863521,0.0131343478048945
2.23149333211104,-0.132085281491503,0.159923745265995,-0.0817860725430793,0.066630770982101
1.94929877962098,0.254987658708521,-0.129157374618884,0.0335305828020118,0.0830460679869244
1.55672020240724,0.211225362074735,0.116750467361666,0.11211332288419,0.0734123023584247
3.07204037446996,0.310511877635562,0.131837641168041,-0.327210383805831,-0.0143102690980283
0.335464190178029,0.332356236564742,-0.108822548491692,-0.369728483377796,-0.0185473958212667
2.56243897000388,0.339339710363979,0.29867002983445,0.00297095169698679,-0.01425551150106
0.579068495286779,0.321496557674854,0.195196341083008,-0.290838754128481,-0.0129030685009155
3.21566337454586,0.0281644841603443,0.215918404894727,-0.274931841723778,0.00854090219794126
1.26719850966105,0.178114147922728,0.305032883945233,-0.111931261447098,0.00453590981801645
1.21722891524709,0.666835429953084,-0.0654752654262837,-0.0445776982623116,-0.0081718560180539
1.01086144671753,0.402573116237941,0.0461630644950548,-0.330719000267496,-0.0339628885059459
2.34174937761399,0.163128483991139,0.293238172265601,-0.153205804118796,-0.00323402997102192
2.69612614466227,0.00249771507196994,0.286540980763541,-0.109216511089903,0.0205386338736133
1.37099739281686,0.557797284829094,-0.0862448139029209,-0.0732033117668282,0.0532152357586778
0.426074474452928,-0.300681319783178,0.259281983907375,-0.0889220449059355,-0.0429656634030319
0.425250273214958,0.473244137855319,0.165078198887445,-0.131238448358272,0.0365438751932508
1.25219285914886,-0.189894741843039,-0.0465203936395894,-0.291431659915902,0.0652066327072049
0.0080030922658173,-0.0610957058840355,-0.257424145819661,-0.32654499373245,0.0259845972615739
2.75397525929697,0.446521112278688,-0.143927303448645,-0.241800878092291,0.0427300004974496
2.9556938383398,-0.238830709863231,0.185369630255193,-0.233925724383957,0.0247744693612782
1.5851247538347,-0.421142065397684,0.227162696138613,0.011262720824819,0.0234414658215151
2.24259128188099,-0.354494664715252,0.201948265490938,-0.128014341516676,0.0296054482632727
0.224756868248805,0.181893233869934,-0.0291858238170122,-0.395771792000586,-0.0348959969281968
2.82841126230865,0.407719343057392,-0.0559415846890788,-0.0925709930809843,0.0730818619953911
0.177242804771054,0.251746264876968,0.183539702354491,-0.316795057279068,-0.00235038273007387
1.67091389906327,0.180430967321397,0.283364068397924,-0.153463235033627,0.0113219566056597
0.489001340062004,0.638923698176958,0.101526164719449,-0.129374175214372,0.0155862256020045
0.202845276103707,-0.182836843006135,0.296406861342221,-0.0794979145509171,-0.0400274861638623
0.255313651801064,-0.218519604601771,0.0463225477732739,-0.016095292039446,0.0818008361420391
2.75695994133205,0.424189281542633,0.130391888599996,-0.28801830131893,-0.0156540765309762
0.065975017612737,-0.138516882789543,-0.014691888561006,-0.319991145636199,0.0566302306768627
3.05889101350524,0.177728300908801,0.0810728877352247,-0.350625639984647,0.0358346559291911
0.105321927469312,0.695992915906831,0.00672792975581427,-0.070818743486089,0.0130468405897146
0.557536867863349,-0.0811128007074534,0.207986102897782,-0.0810073750378947,0.0546525340025962
1.25006449259955,0.0214964845102709,0.116349304852639,-0.310485283333184,-0.0554962518580842
2.36606624934001,0.645529752969663,0.0396900255202112,0.0583422515390972,0.0218130826364354
0.102230853852614,0.423296253983439,0.121200369441934,-0.0827733956057639,-0.071203360240275
3.3635600326998,0.31109299053338,-0.00788744026746401,-0.281798261754582,0.0580072818036636
1.76039943273231,0.400255647403973,0.256970530862101,0.173318576184607,-0.0224828649973291
0.41005321991556,-0.298135050134605,0.211984610499799,-0.151779995586025,0.0277636068685635
0.0522020947745806,0.581393629759128,0.191787257764761,0.0969959410385905,0.00422133910210224
3.51899309306641,-0.0813752539469012,0.0745700058337854,-0.259603080415705,0.0613917017948141
2.7271111483944,0.486954068652611,0.007820699353215,-0.316765808577927,-0.000860760117254279
3.29312052199463,-0.0272483003917982,-0.00858346749937306,-0.352869764865749,0.0520544396925974
1.25414572682971,0.385715960264128,-0.150097414559446,-0.145996166177586,0.0683121681732439
0.207219040634789,0.289050216797418,0.160411593998437,0.182539782914422,0.0547284424425425
0.700998361598825,-0.386337056545541,0.228997520479665,-0.137716827607475,-0.000831922010867936
3.03693382660119,0.188166412353038,0.0172319963317453,-0.156950899831958,0.0809634505324984
0.473019406264402,0.582022449234055,0.0868072336850495,0.212313343927224,-0.0116613919214992
1.79450962806462,0.387540498858486,-0.0171767685688095,-0.379738620663456,0.00378188586537097
1.54560273272991,-0.486761143500574,0.127311498907906,-0.164899660565041,0.0261909581814433
3.67368287804978,0.549199285043362,-0.0233255256209819,-0.197556809537546,0.0342468344281904
1.82173295707037,0.0497862049589232,0.239671426466908,0.261133858176052,0.0324893635742388
1.24832649042117,-0.21048969595527,0.265201195157606,-0.179351709728967,-0.0127787343856995
0.475557304637744,0.0661748087570201,0.298013142941676,0.117955936367002,-0.0588364990798108
2.80479004886929,0.554927799335148,0.184997667235419,0.0498686139146877,0.0129892801738726
0.201814254792381,0.421960687089093,0.207044747888152,0.102481056454197,-0.0594732355446495
2.13947703104908,-0.0594678447645594,0.300117343870727,0.0317323850591859,0.0263240388182984
0.436315788831209,0.302455170154259,0.21566289715151,-0.106745431475176,0.0424498808845225
0.273473702575613,0.589456780375145,-0.0398060289530186,-0.234483559369696,-0.0218078838555086
1.34014220951126,-0.376966051870189,0.00408199406682863,-0.324202481267998,0.0290673351675477
1.11129334804698,0.620208996936289,-0.126280623532916,-0.136389315788064,0.00828125934656379
1.64971024149982,0.582390601210962,0.0509815684958745,0.167250092219379,0.0266355747309035
0.201945671430859,-0.195486428961336,-0.0526831853910035,0.000817652264787307,0.0889553352322333
1.37647668392381,-0.0203763188831428,-0.0198497655660974,-0.419632273520629,0.0275837491696921
0.187130498112098,0.295408512632283,0.297262658895662,-0.116289327524474,-0.0212386099681144
0.12251818414461,-0.43570235282563,0.139403675607441,-0.197807241103121,-0.0389579297092617
3.75821001321298,0.261834417729249,-0.044007620783248,-0.357246520177484,0.039411923749458
2.90309471318518,0.00823932540160104,0.261130746586093,0.147596124542629,0.0388114450359433
2.53555773330258,0.415387697456181,-0.0535636147801561,-0.176401840188356,0.067132295877852
1.2431447770257,0.108602577139481,0.295448030142718,0.169837963271009,0.0226656076041998
1.98179199925675,0.484249764895784,-0.135687731659304,-0.019856614268263,0.0592681101306741
2.04184476403789,0.643210897975475,0.0131311526719379,-0.158504527123562,0.0207542819816849
1.51356589867787,-0.0246497661333055,-0.073238996362476,-0.312064747862333,0.0677919633142389
3.15386306413573,-0.0561092527903387,0.00924245627742837,-0.389323102797871,0.0343690525237501
0.190026037630517,0.114688484352773,0.205152676461249,0.365527938635217,0.0076512259003158
3.61370759674104,0.109653714800828,0.130765532175805,-0.182021146857378,0.0637483468684465
0.375708871483807,0.392042006987532,0.0163975286810046,-0.376985050322992,0.00439457354229864
0.555602207317042,-0.208673019388799,0.121034890996039,-0.0204602799161649,0.0725442342567447
1.38505816505462,0.263807751750152,0.164011658629449,-0.311373809762782,0.0188237533297589
2.55054961438676,-0.103259515940401,-0.0761127940503378,-0.26944354208604,0.0738801602114989
2.1054318845358,0.239747019726896,0.0272707752321234,-0.0242499787395376,0.0846725622336784
3.32674915149446,0.329312565514152,-0.0378186870972104,-0.368983401348465,0.0246805593495862
1.97048028576354,0.575175319455458,0.14980567785714,-0.121549231748213,-0.0300831194274226
3.45227461562876,-0.0357313685860148,-0.0320008969794661,-0.304692565742238,0.0657136593468109
0.735012837998211,-0.0156233053141122,0.109032436871883,-0.387515058030854,0.00844076616034506
1.2965052080401,0.293756463771686,-0.0569242868753972,-0.142870803885293,0.0806825170387724
0.957416163958379,0.0644013259926759,-0.0946276583657229,-0.39838308243089,-0.0298492950190859
0.746750014688784,0.576652482359002,-0.0218981205208902,-0.220126550300918,0.0344512742936747
0.107985612119428,0.311124698351705,-0.264265548552573,-0.0292586300293492,0.052610319530633
3.73440511041829,0.360201430576499,0.173072498450754,-0.13855713052024,0.0433099417728547
0.827897990158138,0.222484636866844,0.231701162416134,0.117005109006307,0.0477198473473964
3.35367289389904,0.551018396754114,0.155533421936755,-0.121270389082725,0.0141261874486623
2.88386476950527,0.167086174896841,0.292429098113729,-0.0580261228798945,0.0208164425096838
0.874228297030906,-0.0223147256530217,0.267403706158453,0.0462030202993448,0.0428836534243752
0.0372627506600196,-0.579575255149995,0.0326894568619479,-0.0983646140233522,0.0396727746010215
0.317662719721481,0.0458756797713386,0.313782650112448,0.230898018329809,-0.00764758065117116
0.982988280940415,-0.427687658577746,0.244438167348102,0.0242466382927368,0.0117039573772683
1.99434508012372,0.458010973826408,0.112023148179747,0.0431583345033683,0.0575151892354535
0.276712546308738,0.195017436389433,-0.211245918752851,-0.174864554695274,0.0716925283380039
0.425323948293778,-0.176761110424633,0.10674496586121,0.179918609845028,0.0710117425323463
1.18202695405796,-0.127632218406628,-0.130847762938104,-0.369120844519024,0.0464228456819955
1.76103869996103,-0.0812879753388467,0.334623768023378,0.0150975958409119,-0.0129634074692668
2.27720178653719,0.42537407482268,-0.0030812656331429,-0.357093882513409,0.00962006717295658
2.85676910377723,0.163995508699165,-0.088434299788999,-0.207707145147948,0.0807026946673959
0.907665694763313,-0.162538076994461,0.254203986934414,-0.218768504788632,-0.0147501231421256
1.38927821596395,0.25213678316748,0.305546166548742,0.093955153331972,0.0136015473372656
0.838804616740889,0.104909500142503,-0.155373868802635,-0.394824495922979,0.0337639586145769
0.385669052500162,0.675378653928665,0.0761337808855498,-0.0721954805140762,0.0154565895859587
2.25240410456729,-0.175849170230189,0.232534114025534,-0.22741968163347,0.00796453483149081
1.09529484379782,0.284276187783842,0.297457359636437,-0.0495551937695917,-0.0424479605374459
1.29952364283027,0.422055896336973,0.0245261164130345,0.124182438755135,0.0660444127155379
2.90371181962027,0.231473611639586,0.0418426111083362,-0.378534325153738,-0.023175024546598
1.54766892838728,0.340244599932405,0.154028083328615,0.215134730335671,0.0473703395421985
0.356331022151681,0.365083960358766,0.205479721818524,-0.147716175570215,-0.0586861849446145
0.617720609828007,0.478075483400492,0.212812757259927,0.212264339901714,-0.0111841324237687
0.90666305777388,0.0813597681367142,0.288220504566429,-0.142032534663704,0.0150462180452089
1.36382101021301,0.114298153469047,0.0211007653848332,0.0175926431593938,0.089241935113506
0.166986941305482,0.411442036539072,0.166383740358664,0.151573043367244,0.0448808166876926
1.90322228926475,0.0574205626099228,0.095272908059273,-0.394965881892587,-0.0182122725047613
0.759522093072331,-0.233509167842145,0.220445612660289,-0.0600929674876512,0.0450038919421057
2.19431704553766,0.124030328915903,0.257972467985029,-0.180983570349578,0.0232218592686971
0.973324010031511,0.180259144459015,0.156734307308303,-0.336425236498492,0.0168486788026889
3.34678674404574,0.487799493725047,0.109374923287408,-0.128474199277988,0.045220218256525
1.14832754487361,-0.35621795552229,0.116816362840672,-0.287425380311967,-0.0267716758209638
0.177093286939688,-0.261610345104704,-0.186222519608534,-0.092624251881951,0.0786189918198492
0.531688927464705,-0.272417370060399,0.281822373729857,0.0569324959747093,0.019495517912252
0.604064876885582,-0.0611820725859847,-0.207929452425718,-0.123157311827829,0.0818921368158002
1.90372971946957,0.453812390058894,0.19157537482565,-0.220168496248347,-0.0196693543894388
2.12088594053289,0.447005985517363,-0.103121830087742,0.0165567311105828,0.0674320342387362
0.0385949325401329,0.375201620959962,0.236482994509792,0.224307925734672,-0.0385463770247208
2.3247973139983,0.265914905999723,0.0095467919199411,-0.313058847751973,0.0556152813072361
0.822519330553829,0.437790070415921,0.21019329957374,0.236041999684892,0.00432737204667879
4.12543075337901,-0.00207172209255502,0.121602508953189,-0.25769139087787,0.0514538590714651
3.11905245327079,0.316973700106025,0.0147989766833724,-0.369059246765175,-0.015518521105266
2.10853986229351,-0.00428515373185815,-0.0959061204355975,-0.22585855020721,0.0819369289046307
0.126332066768297,-0.508555848654731,0.21418774124996,0.0383097507884558,0.00591185484282125
0.224154518513406,-0.066059166520484,0.209949826109824,-0.278370770120096,0.0119941818171649
1.11974051541586,0.537931357989032,0.120472642029626,0.133910578154361,0.0370543730507162
2.42234587417102,0.0591847670848785,-0.0447330226507515,-0.432939911110796,0.0108906330199131
0.9683899170592,-0.252012676695224,0.239543456710188,0.0323180419966279,0.0419085826697648
2.09206302325876,0.129052989109803,-0.0597278843327016,-0.419346063897922,0.0276059025499577
3.90133256117582,0.33608167261282,0.182471427759425,-0.244791264409835,0.0125184635213872
0.17034743568027,-0.320042335922017,0.211231540108177,-0.186900255500159,-0.0387119880478816
1.18553690299629,0.0705786803060809,0.232882747276936,0.187859360876922,0.0471618602882124
2.34161128782123,0.410545006218889,0.112824912787401,-0.162096451518676,0.0541080798612965
1.75491454274034,0.30463454330678,0.251430082269707,-0.17087804764361,-0.0390099182836436
0.0512472852128261,0.0142661292675626,0.0904678782778811,0.264360738456918,0.065763881641246
1.96561374359765,0.181069088158934,-0.0339477940430029,-0.407462700674238,-0.022155201484141
2.60112752330116,0.0176507890698452,-0.0370843126369863,-0.419097387126507,0.0270462127244455
3.26800873273355,0.0790934026916786,-0.0328626406259063,-0.420342626217812,0.0154706879451682
0.73934656814659,0.502588365096523,-0.209165628730706,-0.1173354762345,0.032550695727278
1.64037213669905,0.359907510844588,-0.159032827283733,-0.336677419531084,0.0270041301748962
3.68790084203301,0.290951322410036,0.278922247769635,-0.0152151093473674,0.0139757727744627
2.23879021898794,0.198255561810379,0.148804717347802,-0.232717250865102,0.051477303405438
3.91756236360949,-0.0052803718844572,0.133717700226052,-0.292582819445963,0.039595143673919
1.23573702741912,0.697438891068286,0.0285466111668197,-0.00605489086515397,-0.00346328478818496
0.530160883840089,0.323943784780422,0.306489489673135,0.0617197012856059,0.00338671166093609
0.903884263890304,0.525679916633746,-0.041397464298471,-0.103722951478589,0.0595237898713276
3.60164071476018,0.517006484049791,0.006212108404474,-0.270489842187127,0.0156260161350633
3.77203978102708,0.422431219905858,0.0664107259779127,-0.307341238195688,-0.00760803314666043
3.27138469607717,0.0363502076309215,0.0522764755013542,0.0199372906617693,0.0868208662003595
0.675282626425594,0.348639024825517,0.204760303455152,-0.269936689795988,-0.0087818739442955
3.38334850704825,0.52629222799465,0.0584542926861904,-0.122725444951046,0.0475181561378607
0.184167184717348,0.558472824016813,-0.19333751499503,-0.0316589207710745,0.0116284416782674
2.72416895427695,0.115578737998785,0.0691685400399638,-0.200572051146434,0.0734974990489969
0.359675687757725,0.599882913451484,0.0509527214697196,0.00419417186304856,0.0441544515234499
2.93755118438106,0.165614355649343,-0.0709474590070308,-0.387202633115895,0.0401846529425837
0.619699819350418,0.597157171536174,-0.144975054420959,-0.127097074313295,0.0248853983432885
1.50317796841642,0.352306959010389,0.184678174299662,0.24914464873767,0.030760114846445
3.29345535024011,-0.0249019980319349,-0.0537179006594811,-0.24259357640235,0.0779965339665143
2.27576817154563,0.464222824558183,0.155236199122298,-0.0858611176275649,0.0454827333382262
1.10645466724573,0.490262236578067,0.173029551277368,0.0270529471082953,-0.0561359890469346
2.03751591397936,0.177541631239988,-0.0504104199459883,-0.4238568293466,0.01829238848071
0.0830267508551895,0.0129163403860209,0.326571794207244,0.175541436844907,-0.0345328780248752
2.44687764140588,0.11086499456924,0.112672058617869,-0.320611376792394,0.0424229084378504
0.156153266312298,0.139823249696834,-0.219049836548769,-0.361265496218894,0.0229739484541254
4.27465772109592,0.422114335335499,-0.0126859478574696,-0.208764553021289,0.0542617924517431
1.91584016387008,0.0242168552048911,0.333199286414828,0.000556943493673794,-0.0298221219897433
2.62529489385235,0.175834618158189,0.30465302603696,-0.113679011723979,-0.00886766350709727
1.90259746033806,0.23943037059326,0.129736529619636,-0.356575222937982,-0.0211897400691794
0.394617801792668,0.106625327270972,0.109123763524588,-0.223811547266683,-0.0752089877575146
4.4081251012983,0.428430400050683,0.080831348453462,-0.179281235348423,0.0469118648953951
1.28351989765507,0.142357384719104,-0.00521772106588002,-0.18500617488911,0.0817571990207912
2.05116590146774,0.401372305995686,0.275313864393704,-0.0230675162013579,-0.0303126979092682
0.501111170047607,0.475347246313441,-0.141513132442303,0.0261527764061198,0.0592697832598405
1.0817199016137,-0.209338817278248,-0.01343178018034,-0.328365287696638,0.0524730706093443
0.90265189257011,0.0933520909332424,0.0341315318987126,-0.371425945689034,-0.0459242971161845
1.68222415551962,0.0193499866984165,-0.168541286533449,-0.231330821761595,0.0774110060894377
1.41372811146881,0.647283254064091,0.113283295679396,-0.0919465453136484,-0.0207465883585134
1.86826044949933,-0.358645013409699,0.0245187420025157,-0.199484411460929,0.062612209285393
3.82244665755489,0.510210053568747,0.0947616125174376,0.0310828253250905,0.0457456278245527
3.34610775935004,0.336515486935532,0.274870056005546,-0.0707307825321424,-0.0207834520378253
1.3508785550602,-0.408040515092219,0.128749650359081,0.0162731948981302,0.0581625946478894
0.390967078452392,0.63388053597355,-0.0502663564647714,-0.121167298863499,-0.0279727007455275
3.10649859545439,-0.250910568194298,0.109588816087089,-0.32192962037547,0.017211227547981
1.26145555917341,0.455490336261849,-0.18687254218292,-0.241926797004453,0.0318103068710335
0.117299033723924,-0.075592785778579,-0.258936841566085,-0.310936623474545,0.0351321121551756
0.252950105037042,0.201473018443546,0.137238671286083,-0.293230368666267,-0.0558767298233246
1.77170557310357,0.222807372658388,0.0893213936245001,0.20166089989335,0.0684203904073326
2.53821586577733,0.0242666640668597,-0.0789132660396018,-0.349376633888581,0.0587526424541864
0.108188037512189,0.433880057423789,0.230788303978936,-0.102246111783669,0.0205380702826273
0.628276751381893,0.296691658493306,-0.25399463558105,-0.144293037467395,0.0555453712334523
1.24662176058936,0.217749746155039,-0.00693021263402714,0.0862192241217223,0.0852413845585554
2.26598107756582,-0.0474421950114694,0.221164322837919,-0.272590464892404,0.00885156768788138
3.59665316796811,0.215361667812297,0.195053905476958,-0.165776765718161,0.0452655783327312
1.36457671392803,-0.00230721828956265,0.128822371339547,-0.026929042759142,0.0773985071248472
1.8134290269404,0.236819710348051,0.2002976368235,-0.303090665197051,-0.00596827112328657
2.47558427294311,0.0997397789277578,0.185629626987019,-0.297667189943527,0.0232094722439131
2.31614671477097,-0.115597965327791,0.115239396492835,-0.367722135665528,-0.014856732456623
0.554651878952098,0.49326729735255,0.255992938093233,0.0825958124214544,-0.00703446584006206
1.90266948781826,0.222381920740614,0.124557130983557,-0.349148441592834,0.0219723881589333
1.69922003813957,0.115974142165003,0.136696912626894,-0.0833100599898551,0.0731036180520766
0.567583363828821,0.613699417175402,0.0623650621347661,-0.178126637108176,-0.0311355897607288
0.997966948524459,0.655952339892866,0.128256280442968,-0.0872581121175734,-0.00924493510308916
1.30378351452274,-0.15221477348805,0.0243263177564388,-0.40782243797072,0.0131593843206029
0.899798037892713,-0.182108050653311,0.300361959515939,0.143692077752143,0.0147102951215929
1.97824356792534,0.0634514309097458,0.290243996216432,0.101351798810054,0.0319983895840956
2.45880134814453,-0.0957643939596175,0.0728000439668012,0.0897866455046966,0.0834390396663595
0.86502531145464,-0.270089850435851,0.270236582240571,-0.121106786759247,-0.0305909032984564
2.10633329131869,0.400627687114623,0.206760775158283,-0.213548783727234,-0.028743215131098
2.63921395446958,0.291970162364288,-0.0581940837968527,-0.30180424791341,0.0591637025842014
1.88779936443509,-0.172125356686961,0.286525682510495,-0.0273962129798251,0.0240180975687192
3.12919972909094,0.249856197939622,-0.0334690588471669,-0.401950900090986,0.000491234365889864
0.856771319810587,-0.0838896995539189,0.180470340610621,0.0466375484817036,0.0667396982396064
0.564044188192609,0.493158773377369,-0.151380259538653,0.103153283935889,0.0447684180830994
1.23369104715352,0.438014108098388,0.0835671151367239,0.0796502367001441,0.0625569261721134
1.3668224715232,-0.168652773176867,0.275793134375326,-0.169739748425871,-0.00460994238324969
0.546680246093191,0.364150192549243,0.111788092684123,-0.32615351758548,-0.0326399763337982
0.459760384642144,0.333863470824789,0.306263074482481,0.0314519919089961,-0.035106137284966
1.00327173885825,-0.125357333456693,0.320475839498201,0.112727503828885,0.00741176150812762
2.0895245738685,-0.0350925061443615,-0.0250384087810818,-0.362212433005073,0.0529346376944899
2.93748827790408,-0.0117144684867119,0.00115481260496298,-0.397635479081514,0.0342084314143764
1.29922453923148,-0.349843862528383,-0.0145027931599328,-0.0858388158720886,0.0780960421474233
1.38506102266856,0.0352474962314564,0.0677558783827337,-0.0569679735146933,0.0850365867702635
1.56497368287916,-0.0986936493939651,0.142198920921883,-0.347806477340347,-0.0265664573091982
0.109573809655536,-0.480151957107854,0.0948888363192138,-0.242566506976945,-0.0187284088657772
2.0440965930569,0.375303583656102,0.0373812859678722,-0.315633527187084,-0.0387829328293109
0.997753687395961,0.0343961869125922,-0.244128565597899,-0.301760126797258,0.0485840807192515
2.17786641480028,-0.339052787241062,0.1483715412623,-0.00812805786850324,0.0600558724091598
0.445380065208533,0.606687949046104,0.0862614798941879,0.0433865450448783,0.0368049591288552
2.75976794562441,-0.124712370320342,0.143019389430403,-0.103030285602031,0.0685908949199917
2.49128805743898,0.574744423546856,-0.0886784143649741,-0.219992984244844,0.0186842357619474
2.03666728936512,0.13030297894205,0.318163752575929,0.00963326432268094,0.0139020415585017
0.640350798011465,-0.284116607043406,-0.0469809451351687,-0.365885750054032,0.0315869008220495
0.920331745132776,0.396472036453417,-0.0314397794949487,-0.132311341861013,0.0728274343897518
0.0801625475931864,-0.344632676393211,0.165567957512802,-0.186027002693598,-0.0522778445555829
1.01364546634391,0.0407400879415577,0.323363846209796,-0.0725190676211117,-0.0348028589382435
1.56702331169834,-0.371259254831174,0.0327458351208452,-0.0734674888150487,0.0732562025816937
0.897397190627722,0.181252053688011,0.0618363299867303,-0.341883461788498,-0.0510765037631891
1.33348738557403,0.566953859483703,0.200203781816265,0.107521379855864,-0.00644106914439889
0.530569456856446,0.175254980619319,-0.209913572399774,-0.368396554639703,0.0140592544216618
3.59228641065401,0.5394228937985,0.170009487000613,-0.0403877730563449,0.0196725590397493
1.97936676964852,-0.386904357815533,0.135171174575872,-0.185233296530768,0.0388287156833219
1.28321800069587,0.481613469508534,0.190766591442016,-0.0856912654250457,-0.0502826348641955
2.50910876780095,0.0123685415809807,0.300460266030613,-0.111344073788908,0.00968347009043701
1.57950486103517,0.251312829163041,-0.147406928009442,-0.362901194773277,0.0389330376523899
1.57699341342753,0.442226455799841,0.219331452874931,0.217237097563204,-0.0119542498661054
2.99110328587595,0.353190096038694,0.188594390878776,-0.265112883352058,-0.00482809327343092
0.552875693165016,0.00202445551746008,0.238976302907641,0.301500770557416,0.0245002497001009
4.31496971101375,0.165387350342362,0.246172604785551,-0.196364830676571,-0.00155872934253422
0.0335894904795349,0.214954800363165,-0.164239456039197,-0.250922179598848,0.0670026134713468
1.25818740674176,0.444569339579294,-0.163939271957861,-0.131083927562167,0.0596288829846096
1.27102784651074,-0.363213965397184,0.0500648010202212,-0.146067578854511,0.0655639138698473
3.59178741302503,0.224141255717814,0.142296038940478,0.00762094531309318,0.0689590605769903
0.674104097143877,0.401514494824217,-0.110219861850234,-0.12094116189169,0.0714819476891036
0.599568034791539,0.548269347157049,0.157927625832448,0.170585141052467,0.0173352601655533
0.623885785518771,0.411993750277574,-0.157535863756904,0.0103140892108151,0.0666877498000188
1.40088151045448,0.145479440190013,-0.10511039515433,-0.427009494704504,0.0116266436759885
0.857254881236666,0.384586230344734,0.0980712506163046,-0.272756912946442,-0.050206261362544
1.04564957729374,-0.326499001014088,0.224199016340967,-0.133654412983076,0.022536818082878
1.04042500448653,-0.0687965121881061,0.168106201322414,-0.342163427061464,-0.018258026604028
0.203330702226156,-0.602283831252911,0.0624935268090005,-0.128778150119889,0.0206662308903346
3.49191299982288,0.385209356222737,0.197477129596004,0.100660155860161,0.0386622012279087
0.523169150534948,0.165164163889604,0.107351443359029,-0.392256492398027,-0.0107139669307286
0.21643530098761,-0.0606692369234094,0.0818567974820387,0.278699222897877,0.064785196658684
0.746382285828583,0.379932002195476,-0.0707055249267367,-0.324455841000725,-0.0357719519147003
1.0936006151547,-0.267006818685894,0.082256154877068,-0.290546079257262,0.0421834525171773
1.10162037047588,0.644041591825848,0.0636612709882236,-0.0946080114263537,-0.0318939005879865
0.334710900622284,-0.00678496800794164,-0.220420060746719,-0.370236937719607,0.0227318405799357
2.15623049674804,-0.211100474407481,0.234241163098602,-0.21537108158907,-0.0251027906583172
1.34255066058052,0.637665377407943,0.131868744584599,0.0767589669800737,0.0076341795888269
2.63031597321476,0.439224043210637,0.152700287588995,0.193793992535282,0.0335154164324328
0.368275101435546,0.208850332577535,0.192828919418103,-0.314940596252427,-0.0230194542347652
1.23061746555216,-0.239196613480095,0.253403437073919,-0.0396672170462294,0.0339493920681369
1.45298352255631,0.475118196573895,-0.160728745683223,-0.103787159453017,0.0566212355593863
0.626074236482026,-0.240623691307569,0.0807510118010114,0.212023586638219,0.0688662856611551
2.21493022079099,-0.232268893395031,-0.0230174027306634,-0.321504881159709,0.0536972908067392
2.83272651109801,0.404733313522819,0.24135219583921,0.0442731914246267,0.0258050358332094
0.773934027460752,0.533126578497498,-0.00138165689424167,-0.0645334864509404,0.0592293676337979
0.801324119804948,-0.345633961089813,0.0427752394880727,-0.23205281943751,0.054752872763493
3.04148985999111,0.586351495381809,0.0332814821537174,-0.158985957544863,0.0337806042158315
0.312422855314693,0.319090151945621,0.0581374653577419,-0.388270119607649,-0.00126320128116672
3.23544547688504,0.554657481555552,0.0349717888823829,-0.204254472972079,0.0317499115193695
4.32021221019478,0.344073863405247,0.101929394710334,-0.163662431615318,0.0561195132759181
1.4133709007172,0.293609356458739,0.133635256467424,-0.169293267705295,0.0591987931919788
3.39023155942627,0.447247482222879,0.206944755793499,-0.168354873416939,-0.00345913316416367
2.94831117653568,0.413831400572051,0.233446386141671,-0.101231496355855,-0.0333951337689061
1.44732539750705,0.0957474052766901,0.0475961239408265,-0.108925722492536,0.0842787406913723
3.0847775869234,0.237753098416576,0.212602039901443,-0.266145156069183,-0.0169880018222911
1.19272340209321,0.25426165245353,0.219016611113995,-0.240442200123574,0.0198867770768595
1.91529879486404,-0.231510526676919,-0.0957570145122745,-0.155256122571879,0.0830691195612604
1.16765366641018,-0.0104993009544281,0.19723129172277,-0.273578545246303,-0.0472216417170952
3.65880864268494,0.167052950338336,0.22176081169766,0.110446240283904,0.0489218973495964
0.0272120363595248,0.613540638072037,-0.065727644069716,-0.214496616730487,-0.0126230831817345
1.76524269276044,0.250682307556462,0.254981872027625,0.0676797192368747,0.0404388718754646
2.05633117560956,-0.00435639487210104,0.0424306051372377,-0.240172792026047,0.0726173060883582
3.41578845369883,-0.0135718010703432,-0.0600577415603963,-0.298807476368018,0.0683662430119079
0.781402505630689,0.543416812282872,0.234510109495287,-0.0208737520181823,-0.0152855211614705
1.98331969446289,0.574120720073216,0.171574521215364,-0.0700984887389327,-0.0302344512521087
3.8524075508165,-0.0546762217473986,0.110509428536528,-0.117674227093812,0.0733177169552918
0.203896435280085,0.155658886541506,-0.222115190046594,-0.360777173592299,0.0125278656513463
2.23003653157423,0.0732725993990829,0.0572437509407112,-0.399820179511558,0.0241092329703736
1.49970024668964,0.257330297187564,0.318430559825361,0.00745421318396952,-0.0319263224624376
3.06337816591207,0.40886277104016,0.14262982371466,-0.257561985830887,-0.0276823048677654
0.449199390350736,0.545613507722709,0.00506941133262146,-0.239965270731046,-0.0365204021578031
2.87000411110417,0.497304762690129,0.214892052379775,-0.117693659665093,-0.0068087526480243
0.96185559865275,0.0880288410234989,-0.198911752663186,-0.377019283029119,0.0300811455830506
0.240589627386689,0.349970257845146,0.152084070435232,0.178844441518173,0.0516784325779077
1.88653606266517,0.162125716594075,0.149842757581398,-0.361247404181253,-0.00349889790490322
0.774881291124446,0.281215013244782,0.13200167834644,0.0205672866241399,0.0696171189871143
0.334889746459939,-0.138428493237261,0.143041648652613,-0.346131540074526,-0.024027322265301
1.62028568482234,0.0215010244573448,0.223149983293371,-0.204062714865419,-0.0564076726294441
1.11112360878998,-0.338301283835056,-0.0134574622176268,-0.368350664488184,0.00840691731331085
0.333258641063352,0.439582686069487,0.280516503935443,0.0658196267087306,-0.0235561938385908
1.62909306329646,-0.0610830213496296,0.330937381674483,-0.034900601644828,-0.0188437665512547
0.550101103429293,0.483549407277734,-0.13929779953397,0.0639343722767788,0.0552162924085284
1.86726210261827,0.209748858259345,-0.121399012734713,-0.409797206559399,0.00761602123478166
0.0971612913285659,0.0801566919993429,0.241554823859424,0.0995620636399074,0.0492545778236753
0.336676166849675,0.3918201002958,-0.170276888274257,0.136079480479603,0.0540251589686091
0.190113074420328,-0.215517275394528,0.19668274226895,0.239975658905635,0.0439244815758842
2.93975295342742,-0.0311240132534429,-0.0231755557305343,-0.333439302495321,0.0598030093860649
2.17463877488972,0.22950426961483,0.3047893654817,-0.0881521683076944,0.00156629988737045
2.78903335473138,0.402900625073113,0.205745344375447,-0.0272124886071499,0.0406802278511808
0.170334515094875,0.338778824421188,0.0271209902619463,-0.255910610530524,-0.0628550985248757
1.81333378828858,0.346570247788583,0.0360923301954342,-0.0920435740096155,0.0758367300370074
3.37114166529292,0.233545220110935,0.2938939676072,-0.0122033912643936,0.0141769455437879
1.89640389478329,0.277257658240693,-0.0927235950666797,-0.22278010949485,0.0740146291753493
0.038182743098796,0.146456610815031,-0.148414668063151,-0.391475324840824,-0.0189159592412994
1.12877538599952,-0.00323414624527498,0.182617760186796,-0.195950039125722,0.0508849871120794
1.51487719949135,0.675548731338572,0.0210653813294104,0.0507899681898085,0.0140573136236171
1.30055176494619,0.50844026973364,0.205470869753491,-0.0739492420480208,-0.0416552834582469
0.896401092206913,0.412988811372462,0.146841224515003,-0.133504308838617,0.0496770826492556
1.7314621363968,0.628518712117264,0.00689302717960147,-0.210673926462413,-0.00516421307299143
2.64229910739467,0.408733016277223,0.156573783423173,-0.267456430161961,-0.0222345015360233
2.17632153244264,0.293872264814481,-0.13965604340708,-0.25133885820065,0.0654741560535304
2.80613401129574,0.144652839714397,0.287724476197075,0.085734580288979,0.0289291269072318
0.584771252610218,-0.439550869244049,0.089599611940663,-0.277629780084526,-0.013578467254132
0.0975845726101128,0.354120493660591,-0.157181214615153,-0.344077061305373,-0.0101615747980269
1.01919962377775,0.135560276897344,0.298098346578877,-0.165039510056782,-0.0097625958190568
0.282665261197396,0.101011922665116,-0.00196893480749263,-0.402066334752018,0.033379203647886
0.754560750288209,-0.253143206956715,0.115510348493011,-0.0893874086060188,0.0679199099632389
0.663804665522585,-0.117273913719588,0.187279211161966,-0.223654692139141,-0.0601748878191012
3.6811533101073,0.413126419407753,0.0540446293460385,-0.220349831880181,0.0511402299596735
1.16537956657995,0.098390137415203,0.339644996260472,-0.0123844462252963,-0.0142336502385514
3.63341002898745,-0.0355134996353721,0.131537151328724,-0.171285645560939,0.064954288134468
4.09685482935473,0.497722158864702,0.143090645370042,-0.124625730283547,0.0284091670116373
1.02109691786153,0.00689545842514146,0.255514839501559,-0.0672136827171752,0.042831844696556
1.02024453709593,0.430731299313054,0.0417687364490813,0.167779286349304,0.0592619229566013
1.65704115485602,0.179719037229855,-0.220004953814477,-0.334488842122342,0.0354746081656777
2.19503089303156,0.272073295042016,0.0548424451708126,-0.309945433342925,0.0502154086282378
1.48117514809472,0.2501880899279,-0.131415380904745,-0.174199911088113,0.0790006850834137
0.428745521825428,0.47710518218836,0.0151109687302061,-0.245413958667332,-0.04846255549249
1.66096734860451,0.281814104902773,0.293510414271349,-0.102248663685615,0.00442321857382024
1.84567233009191,0.0163808175522124,0.22101048959518,-0.286649765941863,-0.0246000304244359
1.43415177793928,0.649847677311608,0.0937353750200988,0.0723623754671043,0.0157292839271571
1.54391585190057,-0.00879291306127985,-0.0672354279960678,-0.235965990987544,0.0804480486307417
2.47819386278395,0.637877542854259,0.00236977808059225,-0.143860810091578,0.0237660410463971
3.88940283830575,0.191747922774572,0.0866403119470713,-0.303405033360755,0.0459096266837139
1.49863050829949,0.338225092782789,0.266240049545126,-0.100794254457607,0.0182946280269194
1.37894198435994,-0.156684123390288,-0.102982678803117,0.0153114949820236,0.0914775851363431
1.55793012439537,-0.185771633657726,0.301720002015779,0.111848113781185,0.0155440211834844
0.457202294055502,-0.416505172164842,0.103344766397275,-0.053876652889008,0.0581877311233791
3.48263988006132,0.421905398278643,-0.00807531932808597,-0.301629155069665,0.0368056273032293
2.21984080825293,-0.109861058501022,0.323415628593875,-0.0291069957770523,-0.0114171177703841
2.18428810287975,-0.167643071825361,-0.0998651642860071,-0.393416775003682,0.0321805054425655
0.516444581780689,-0.166062506921994,0.022670107863,0.0961059643643075,0.0853346217868449
0.195538507931589,0.598281235094693,0.0194134393085767,-0.15478427863314,0.0381825362841397
2.04685405031248,0.459616108266383,0.240858925307768,0.131409874655976,-0.0227638698974668
3.47553026931584,0.296027502060452,-0.0514844957637279,-0.289907018378827,0.0587438910481992
0.688832710171356,-0.363381731338512,0.202839930097904,0.0647704444982338,0.0432923005103549
0.720951685632103,0.604015302406112,0.147338724166292,-0.078980939077446,0.0206798250896833
2.87591859678795,-0.236255611318094,0.148152413423041,-0.262869051282462,0.032591228449797
1.15197658841906,-0.315917216209062,0.265499327468039,-0.112740430501843,-0.0200066817828023
0.1271843425929,-0.263833148446019,0.197066026424002,0.185036429612008,0.0470571768296147
1.43194502770774,0.28796926525129,0.267001929008405,0.244727078236697,-0.00414951791934712
0.0651881407701462,0.456902034563815,0.0184841389191945,-0.286420755497077,0.037909545288839
0.108770631026435,0.557260918010695,0.145509109329522,-0.208612623665362,0.000381795655304993
3.5006129176656,0.419231768257607,-0.0289085004034544,-0.233536653945313,0.0555768591565742
0.46501796749398,0.193562829082601,0.275736575461547,0.265223650733964,0.00437426800905005
0.399770972224811,0.45674826057771,-0.173066112538247,-0.174658953719829,0.0511749233458761
3.45912886543434,0.477876583202841,-0.0167478338300988,-0.257721958564627,0.0397062153666848
1.84695614487574,-0.253766773832167,-0.0325499473439586,-0.350443566346638,0.0429807576299856
1.26012379168594,0.482488634957663,0.0590247629838674,0.0625672197126598,0.0608046488112385
0.0577750506449052,0.183264363461448,-0.0899448019515285,-0.426470238355579,0.00705207970477913
1.666150457801,0.190817719144198,0.0353061522465318,-0.269328845823378,0.0658992886230882
0.384666160913988,-0.49336615654562,0.0193144844896541,-0.196634865320455,0.0432489433030501
0.757672794390441,-0.0195597373350166,0.165836741631851,-0.100123365367655,0.0654614163873642
0.994279003975981,0.240381092722625,0.2033203690415,-0.201069863733315,0.0381022403157434
0.144859430982516,0.143770991170768,0.309067000990448,-0.131519227457198,-0.00986555079003311
0.0210597010843051,-0.183119579355374,0.0469184362476648,-0.23242344633163,0.0645549994102473
2.66675484031459,0.289491303423372,0.222911640213825,-0.147696202671207,0.0356773031021986
1.0387638305523,0.515034139537085,-0.0126707327346742,-0.282335728442128,-0.0286154041586979
3.28332279420764,0.431483314069583,-0.0465096174323393,-0.252084040588777,0.0513337252592532
1.40792898369173,-0.369821291607975,0.153309238657737,0.0176616909281507,0.0567350606319327
0.867230559982307,0.353666325371711,0.216731289583681,0.224675514347381,0.0264968679770309
2.93226716491324,-0.222258334449791,0.209699758897349,-0.239045822342951,0.00652456654239576
1.98416279129925,0.557823545551414,-0.0229010539678591,-0.240736251516274,-0.0229237530723112
0.397392797647419,0.0673763719651032,0.207774257446416,-0.057830088252264,0.0575694620113233
0.601531844593277,0.151244015936571,-0.0409017538270416,-0.429010188512895,-0.0146143743054498
0.380272409330513,-0.374010882359518,-0.035360504254011,-0.284421062326685,0.0471585402064386
0.0192591951414363,-0.335353181228273,0.203089467653656,0.133734788233512,0.0426441549014417
1.03690039806871,-0.365102593463407,0.142156020433846,-0.275984589528716,0.000492647796459878
0.378099234779508,0.0917013054709766,-0.238107786864821,-0.344713677235739,0.0281767110571732
4.34104406494738,0.519349161364609,0.143949442899759,-0.073929897565392,0.0249876598195377
3.41656697882994,0.0724319741433491,0.206533340188391,-0.13324859184147,0.0511135125244117
0.0819330136168173,-0.0236685277206177,-0.0399465167991157,-0.17786332377293,0.083405425826468
1.92610326625825,0.270748346029867,0.307216492457834,-0.0811623453332855,-0.0133176247282623
2.3711299137011,0.461872662411806,0.100792653726984,-0.284053265370343,0.0197571752501929
1.25378004434943,0.224113476124392,0.063777182634692,-0.322397864994697,-0.0530857848094818
0.642020132971064,-0.0997314128636151,0.24400386540438,-0.105493870054192,0.0395889944349938
0.426891795794766,0.121277352587364,0.142116776930401,-0.285977643749589,0.0420096589140071
1.86675291623559,0.440818045149458,-0.175757748518682,-0.211865539368573,0.0465109290351141
2.50751292320135,0.388193206682024,0.258802375563471,0.132336650336686,0.0107407123292551
0.533247528292286,0.407845110441136,0.243618862311229,0.129854120136201,0.0230464950343945
2.77571432098455,0.591898693913393,0.0812731159094225,-0.0088193612964725,0.0380459809275836
0.11307932073323,-0.342920670378699,0.282870256830893,0.155050716097288,-0.0106691938012265
0.828037847205673,-0.377341110875641,-0.0436406810925409,-0.346801765085798,0.0207300235587313
2.62878628741639,-0.0595290322842584,-0.0373570680772603,-0.168032495146334,0.0863384231677458
1.28845376117202,-0.425291863874251,0.0906733093026783,-0.2604542725058,0.0228972150062977
1.26928072793384,0.268406387938206,0.149639179598257,-0.250223308376035,-0.0575449367155929
3.39426221992364,0.0867732456622513,0.303379395204112,-0.0273524003993995,0.0158864058221752
1.29374631094059,0.633504253533666,0.00531036604964823,-0.196319581930495,-0.015185824650002
3.07445192389433,0.486027334151584,0.151546882432537,-0.189912996412853,0.0235720359955881
1.26945605032431,0.276422376364571,0.316994148746805,0.0151551678261054,0.00108586627975069
1.11850574192429,0.0724726320140733,0.053483076883632,-0.134893971456996,0.0818422616775313
1.40975158144555,0.450912575140366,0.0607095208439214,-0.198481941664267,0.0537427831902762
2.80832754926146,0.294018727594533,-0.018688185249187,0.0304076791834203,0.0825550047208837
0.508185787508478,-0.389775215389437,0.246183890765217,-0.0672870018947717,0.007264273734492
2.60041989421424,-0.00164662039229549,-0.0598671233978953,-0.0181956854213487,0.093640451559952
2.49696566195485,0.197837863419018,0.244475933503464,-0.199829930947649,0.0212763363168895
2.29474182701396,0.219691266346843,0.0147442475376578,0.0274326779515492,0.0860290651016612
0.667019722237886,0.436696911366113,0.24381103723771,0.164109176660742,-0.0340744484278858
1.62501214206429,0.380509016691784,-0.086522530684848,-0.344809361747219,-0.0214378346969654
1.975156999571,0.341670513115973,-0.0904437676136203,0.0505111872192854,0.0783489887379668
3.7195059534625,0.0595659601909608,0.258176090196467,-0.187402082635813,0.0120087189368288
2.18971652645702,-0.240814771537141,0.0960225726669722,-0.218070412638903,0.0584871814194812
1.20501330680665,0.0945643770892073,-0.0439000535076286,-0.33797386012177,0.0606254886396721
1.37368092424848,-0.149290178363329,-0.133896620843311,-0.39981079133501,0.0264120633363451
0.41115850506761,0.501523239029643,-0.0700158308852964,0.00120093145177961,0.0634536578293334
3.73982013860862,0.0849431289483328,0.295164058695362,-0.0892726884765753,0.00828429617315212
2.70655783665291,0.476531786683186,0.231905205925742,0.0419122956488143,0.0148103490817755
1.73235324592363,-0.209181075441618,0.0837468234502109,-0.154568605120289,0.0712257046577776
1.12771023078148,0.486668090233626,0.262862580141713,0.0140060405487214,-0.0136089537418317
1.61700803532455,0.454648496542422,-0.209010667399195,-0.137793923115595,0.0433787039673948
1.94764681834307,0.568826893510152,0.00931572943406564,-0.122014934890009,0.049142648761205
2.55544985217003,0.541444935405129,0.0968296322478055,0.139967367887474,0.0344575352173943
0.354366963417894,-0.284965409094854,0.245341187187247,-0.0140299509570003,0.033287823646175
0.524718049421649,0.100573845076495,0.053682734492391,-0.415703281189969,0.011253846909038
2.91685471665692,0.313454959955195,0.187664602525946,-0.252722332431176,0.0211413641241821
0.957192543600525,0.273869503758148,0.24878842836208,-0.219206732309313,-0.0306183326837359
2.68146960754482,0.180576238783948,0.213532635031778,-0.0174246071046133,0.0562936516493733
0.0374893193777434,0.606953412721624,0.132431040252003,0.149929299696437,0.00809763922497399
0.875235174667115,0.322044095443799,0.10337302925127,0.0376386972998627,0.0713746839254439
2.07170877242216,0.313022485143319,-0.0364083648345122,-0.396906221530271,-0.00702583878535283
2.6967911676292,0.0565959996751324,0.0659912719547251,-0.246463229474371,0.0683427824283673
1.32273477804296,0.373340979557967,0.186727497840841,-0.163539725198639,-0.0566992491323853
1.94311046239344,0.344110254023723,0.172658616092201,-0.0125428372861486,0.0577508980449547
0.850921225836109,0.110777624935503,0.143568265384172,-0.321266352815176,-0.0480200201513997
1.08573499577226,0.174625240996028,-0.0893135030413714,-0.337764498804127,0.0586114934246004
1.39870740194362,0.588120333175798,0.195994561129809,0.0636962747672219,-0.0049882567476954
3.36440015176628,0.410111092069834,0.180710291533596,-0.222112140549876,-0.02066829993145
0.704911897466365,0.386944283291009,-0.0308192798316517,-0.250156897335901,-0.0555778374542567
1.9323839529448,0.650267801081575,0.126223058907332,-0.0550058913954117,0.0040858506607086
1.98437493038901,0.610633156495304,0.132214951054757,0.0481082599040879,-0.0278086603954696
0.969791120799672,0.022423213214546,0.0988306988874114,0.241982722337744,0.0687847281718979
0.31041726698428,-0.270128754383481,0.218129548204067,-0.0205554605989071,0.0446089593815854
1.70263044216052,-0.00523307921663775,-0.0429026059644545,-0.436004146123123,-0.00399925605831552
2.1735532017488,-0.162997230852906,0.276035102620659,0.000900292656273664,0.0320726092985969
1.9495808813983,-0.324183774404478,0.209438518166843,-0.204891273087185,0.00548105800390433
0.338297851109426,-0.22634894026799,0.0696508776647579,-0.358040782805241,-0.0309756319194687
0.649376257406442,0.420112862125149,0.207190426238117,0.236467562982149,-0.0325235767296928
1.12900121168809,0.636741530656527,0.103117600308405,0.0894458384004239,0.0181201111890987
0.329379963930358,-0.252945881515921,0.293019853794888,0.133391553224659,0.0110991207422364
2.35163872235812,-0.055623070154363,0.125241894903419,0.14212108995951,0.0744297863796845
1.81284881998998,0.616044933350446,-0.101603603551556,-0.120868938270102,0.0289303493697472
1.6086333879848,0.572472368369916,-0.0707717067641443,-0.0520998012680303,0.0515666247934082
2.85483390064528,-0.0409137715191086,0.24438746957146,-0.20359079739628,0.0212700628082298
0.115956410539731,0.104003037233111,-0.129165975891578,-0.411918332632724,-0.0146621649323249
3.11634160668664,0.0351962291372944,0.302288092109835,-0.121312110664922,-0.00879785768397228
0.540143859537103,0.343475749233834,-0.169829575456359,-0.326356360528324,-0.0155258654907938
2.09839341184029,0.544458650963662,0.0418834246906475,0.125046585671426,0.0449379427679668
0.410760266694078,0.504237180675519,-0.146615708330611,-0.275673501116288,0.0131230920827193
3.48137944061293,0.191539719032794,0.29061052656729,-0.117357594751934,-0.0140315094859877
0.610564381948842,0.296659651899182,0.266067118888177,-0.0781809289851282,-0.0552360643101213
1.62835197669461,-0.0866749571379676,0.186121481403984,0.0189796337558947,0.065999891533406
0.165592786691963,-0.189952026741775,-0.109310008159957,-0.248839322396353,0.0714784863973715
1.71896422575933,0.245558472105539,0.138818277489169,-0.333718192086778,-0.0330724174638584
4.10743332183075,0.368353356065244,0.034183346981545,-0.129679802070278,0.0672872072305526
0.769214854822379,0.210635846812731,0.149090112564131,-0.273968253428624,-0.0572716145656301
1.59693152315035,-0.0111678071848449,-0.00263401687941041,-0.0603845740507477,0.09121643740433
2.05900779131771,0.0266689949849433,0.339178595710388,0.0523878795310002,-0.0172157205770387
1.29990800151106,-0.171186167970408,0.28676659949875,-0.111219255552663,-0.0381908282738441
2.83373127662816,0.154650412481948,-0.0554617458381575,-0.281542870557756,0.0706998808406333
1.98454942969578,0.560574831176988,0.138341668556951,0.178610583000548,0.00601421192953509
1.47995223310426,-0.221968697520469,0.269567729053207,0.0812247003816947,0.0321750018165503
0.251670791709755,0.360230797525777,0.212743419336393,0.0233082595002384,-0.0685254714201671
1.71663413663874,-0.246317968757238,0.269272946010401,0.0884626951997545,0.0294404503002064
0.790153882482067,0.148483484769315,-0.107401498140641,-0.377293398409967,-0.0339335983660746
1.89793799080525,0.657415541378625,-0.0131895018705451,-0.0873039100074347,0.0276346385229483
0.898223319331772,0.134303933329564,0.181661492096269,0.0273539808838345,0.0662923876271277
1.1019246464314,0.617516563966474,0.0731506950834877,-0.162488776274681,-0.0298699816135465
0.401002647115371,-0.369085162580574,0.162902655748274,-0.252963943849488,-0.00376729182378757
0.718144055556829,-0.54055269436814,0.120508088351789,-0.17493903439374,-0.000509744471809809
0.431888807449432,0.376353751486773,0.210867282444427,0.175540484622342,0.0344351906504526
0.252053010714836,-0.397319572167041,-0.0414274954161654,-0.00389190062279767,0.0768811041841434
1.49597847311334,0.0700384542390429,0.334585094475642,0.108070893902044,-0.000379247909038304
0.664903909022135,0.451195896069851,-0.00569983152377857,-0.307912802285915,0.0363017383637451
0.406415709230262,0.555175962706751,0.107740925062603,0.0716959506640165,-0.0525576904054776
1.69337338652405,0.375831894197723,-0.156943121127582,0.0285678433960606,0.0697567132319249
3.81947851826591,0.193801032936414,0.228376362374286,-0.121732399066343,0.0393600454776629
2.50931653602228,0.396758332758114,-0.0552252579357348,-0.365304236887047,0.00866194095595229
0.929807439566316,0.587747841261372,-0.0722235883833171,-0.237734205364988,0.020976423028763
2.76603694437896,0.0891145920512252,0.173382439201728,-0.322566891172362,0.0157018654347124
2.43593569804295,0.315718325486136,-0.151027035354556,-0.276900299876858,0.0563191535797035
0.899542739323672,0.189848350618412,0.130532271254175,0.264121300522088,0.0557390514037086
0.833063450578155,-0.366367539227449,0.174932594936946,-0.190411276762876,0.0251199132468816
1.64847044190963,0.485862119536504,-0.085607741898268,-0.313847205928499,-0.00623323877733185
1.02809474393844,-0.0282495766790546,0.179133206651779,-0.1809929468588,0.0536215124380233
1.69992664753672,0.097139994911341,0.0331334953821892,-0.396289509451422,-0.0325482380416136
0.870480299768147,0.511747999684445,0.191455633674156,0.142677519954712,-0.0385129254550681
1.6985244848507,0.5188501297642,-0.0562539570320923,-0.235754907669191,0.0440028603735567
0.715952844681759,-0.109078058640508,0.198028313092316,0.135222855759878,0.059297445946959
0.866352282520105,0.429655343211402,-0.0207113808936071,-0.336062302442689,-0.0279396096574286
0.615038775990193,0.224365484257171,0.324251417205845,0.0186215381868791,-0.0375554666560357
0.557631989829626,0.511211333593463,-0.0619529475854344,-0.293923124221828,0.0279305906702884
1.86305672842211,-0.0867754909460445,0.11877725591928,-0.339750531965035,-0.0389156189849884
0.952339069856575,0.0450434285605183,0.0779819446591758,0.278797395715145,0.06531264054666
4.39459603648312,0.210535698501559,0.0205294960879576,-0.352038952204037,0.035651952121895
1.11317961660009,-0.0550054369487524,0.320602530797256,0.140119152696337,0.0095780905458601
1.53771878950784,0.505248171593824,-0.144509912297166,-0.0405431731224999,0.0552615930641001
2.32176317617995,0.0149277800388599,0.0628817806284628,-0.228937588691395,0.0716792649950428
0.906679204882192,0.402518930921832,0.181856705950446,-0.251655196016614,0.0133595743004953
3.27186491174103,0.306949609690213,0.0116718179618788,-0.3821070538787,-0.00153986266014213
2.10859025388649,0.510965861201247,0.222712268569956,0.118618859996208,-0.00465135958258435
2.39558015168163,-0.0107880420421634,0.302271483962863,-0.138565915624094,-0.00940309760271312
1.18828101533672,-0.234778333258904,-0.125125145787711,-0.341813980949634,0.0480358634017277
1.4797257726989,0.566345283089923,-0.138599166267838,-0.02160074637091,0.041332060536832
3.39129665513083,0.287309270868005,0.22147653152322,-0.216722619940396,-0.0259289707513841
0.0110216132222047,-0.132226036413848,-0.253369591052298,-0.321275760424629,0.0265762584828951
0.280358814724377,0.530406540254506,-0.0024669211450615,-0.26210439070498,-0.0342342257823859
0.938433832042015,0.164318435751882,0.282284246594046,-0.14221462764404,0.0164732829796081
1.32260678824646,-0.167626921069594,-0.175350380578349,-0.253954305297176,0.0694587191045475
0.188314512337703,0.390234456803617,0.229917521113759,0.16118526044765,0.0272641391258572
1.44746855941188,-0.106423900797513,0.0914674525902053,-0.379606648360595,0.0176297950084897
3.22252670391606,0.581850798157744,-0.043926935187929,-0.0625869258591236,0.0438774118656334
0.444879127313192,0.414167379481989,-0.148918774559628,-0.30936015268153,0.0323993200377874
2.82331189594679,0.241924109137364,0.185186385605699,-0.205932277879186,0.0425792972290401
0.128116936234877,0.213056748204857,0.215575079028049,-0.209869088944873,0.0307717899949299
0.161424809120762,0.131558333491045,0.214658409393426,-0.168136904652821,0.0424008423335729
0.188957787898939,0.600502619216612,0.120254878768577,0.113138678487938,-0.0366936308110725
1.76831652702004,0.0777026823528082,-0.0134641554095649,-0.263383304258752,0.0741676971153411
0.496482418296832,0.149557706555714,-0.0285900227802661,-0.344342451217988,-0.0531110754933593
1.11276018282125,0.224013586118714,0.162624134578894,-0.312088705882966,-0.0398713674578554
0.118278353016015,-0.0556233341227968,0.150331475682117,-0.244092359232568,-0.0667379149321793
2.04855015172775,-0.0138032762984915,-0.0998365206674063,-0.359882235245694,0.0556575231298932
2.73257199509603,0.537186657105663,0.128277757055708,-0.143724238769966,-0.035084375330433
0.364446969181957,0.56937630101277,0.0169845907704918,0.173233620883091,0.0342900380729909
0.171047729812201,0.584283558203755,-0.0484643973402791,-0.118173653850344,-0.0420056060247769
1.2875392005052,0.470118414600754,-0.174626815156625,-0.264109452658088,0.0200904480195454
3.38696750421073,0.348998698851137,0.19250983124796,-0.212219197767951,-0.0325615050392901
0.243834739172555,0.662310951923676,0.0493773016978364,0.0936580638671246,-0.0207944138784503
1.52566433112079,0.00882215430369128,0.320225493159116,0.0110964958638073,0.0155038025305526
0.265050179994762,-0.421655052693587,0.075309957909917,-0.247612989106431,0.0316291246611358
3.51062976058071,0.401160887876603,0.25063963536455,-0.0959385136565481,-0.00651639355197814
0.491671727996093,0.351079077994531,0.166796854633253,0.211965739550166,0.0441853564786808
2.08315057914719,-0.0344307219996292,0.0110568552300861,-0.336054788908089,0.0569743861219359
0.035062389628908,0.296729558098507,-0.129300679346314,-0.374627599622229,0.0278044288037245
2.18355221839258,0.254823277273006,0.268611242095701,-0.152044079996027,0.0146907621798572
1.83530544326923,0.376688755254987,0.0993956827694977,-0.246807119001732,-0.0526616474172112
1.72828582883134,0.178022246161913,-0.0232774692034237,0.13279577616578,0.0844447329183182
0.110975873871379,0.576336275145203,0.0449876625260482,-0.269226212797075,-0.00355542856299477
0.36540642460841,-0.408040130908087,-0.0602932509335464,-0.0606056183916188,0.0750236311112277
1.57928703832984,0.176461802465724,-0.0112066019669976,0.0489849858123783,0.088669274166553
1.62546376458072,0.662605030740464,0.0246686382634726,-0.160095377221399,-0.00340500898959115
2.87843845541796,-0.113207611503443,0.263205732789033,-0.195486752737599,-0.00659137210868048
2.4580013550943,-0.153550584283513,0.135668845546511,-0.337355549221133,0.0152367018975321
0.394867070581742,-0.187349971562205,0.2711028814062,0.181247188685893,0.0265898314228165
0.86612919481997,-0.188853498998501,-0.00790495053282283,0.102688764093035,0.08661835674514
1.6165008244926,0.289241012788687,0.290058784477991,-0.113837940548417,0.00318516138049621
1.34252893892025,0.479517326602691,0.217043156335674,-0.117196898449228,-0.0376023462336665
0.932812282397799,-0.430015541908607,0.195215992537072,0.0256211487004902,0.0367122675947287
0.466014217233196,0.487499079302308,0.175341976349536,-0.180431154764519,0.0213201734877291
1.08989185229033,0.358673199044363,0.0426599995781774,0.167569282983107,0.066945717740832
3.61336060774507,0.418421584191843,0.188400487505544,-0.0622390383956199,0.0387949728905002
1.21364968166624,0.634616721159726,-0.0450327406592301,0.110561121049348,0.015391460553036
0.239513430400666,0.269622716684334,0.0254934766800992,-0.408177252986102,-0.0108771027545401
0.649461962641517,0.185801411412252,-0.213593898244005,-0.362052640539194,0.00742461194595922
0.780099349401277,-0.44212918363462,0.223152809459518,0.0726076896308333,0.0225245615139854
1.01430692886731,0.367003640701441,-0.0266754633878724,-0.372049930254272,-0.0221077249186631
0.0370131804847073,-0.480753099114185,0.0669282233786232,-0.225158368531998,0.0270225043911273
1.07866562139973,-0.212464589989872,0.301205910153227,-0.0382225158808658,0.00687633665155187
2.29712714890292,-0.0120623348632855,0.0964738134928469,-0.374300363122895,0.0248613104814538
1.62787693449768,0.17283060986441,0.327125110052504,0.0845878164249649,-0.0328390479945995
2.82785976866398,0.352461320551208,0.146099894043727,-0.274739460055288,-0.0333382291177874
0.216056764366341,0.203923032134572,0.182942142141519,-0.248420249436766,0.034858628621919
1.28885118464455,0.440245144136387,0.142051071936755,-0.190534527242953,-0.052530564344376
2.19798516920219,-0.0515428005722952,0.148446345783095,-0.198527737947381,0.0592726964139694
2.49690437213645,0.28166634775309,0.192367267059117,0.0486091945268756,0.0569512937553656
0.249597041743097,0.0936155298516083,0.299674954150968,0.069140837567184,0.0274880207261132
2.62337884230866,0.649318226199414,0.00283432144144078,-0.130258480446853,-0.00704961917815897
0.168074509000985,0.347899758072855,0.028880789051146,-0.260821174776944,-0.0612651868937719
1.35475753144883,0.496282920902773,-0.0712530720122592,-0.101780397331962,0.0634268071526273
1.22002476033514,-0.118897947220124,0.264082307715159,-0.16130255420237,0.0191165997405542
1.00407920593056,0.482991436398475,0.262527649187274,0.0650393496248308,-0.0132756766902739
2.5542817881429,0.529391007466524,0.200408870281674,-0.0287394698533716,0.018675276427022
2.42234898186255,0.299166686588554,0.220334198822625,-0.144042540633626,-0.052691203064628
1.80216339488453,0.439472035002309,0.0876918932086058,0.193148920506423,0.0491063377228441
0.747308409942154,0.499642376292479,0.0413652095013655,-0.126514917496373,0.057311421188416
0.138932296405678,-0.329394565731292,0.146869647277153,-0.250649019161962,-0.0412005827662389
0.840984257799111,-0.513553824223495,0.176418365075369,-0.0967437357523099,0.0102114490656293
4.33854891246226,0.129973337916356,0.0186876781623671,-0.188066471518042,0.0763619574590979
1.64135565410947,-0.0165358215326493,0.334337750091108,0.134417158803639,-0.0196964629296598
2.87293515501099,0.0135342168017546,0.0800255110641695,-0.108728563582352,0.0810250944630943
1.03888193611181,0.656600509602495,0.0555463063950635,-0.151987496458972,-0.0172060159174762
0.238170260131166,0.314179829128928,0.0207967314212296,0.0263403895166792,0.0792969546508042
1.45417346908811,-0.0606859684553617,-0.150382544830612,-0.401131434720904,0.0302705436576905
1.45539604932298,0.45726973734713,0.198082057919899,-0.163744030391329,-0.0402534481199455
0.381018056904216,0.437794800022537,-0.0298774267082108,0.0619347699343058,0.0697625295371148
1.37788802371817,0.309309097518848,0.0860675839842091,-0.289886860278339,0.0466628901794282
2.56852128479984,0.405574326717121,0.10679050560701,-0.269817272030118,0.0347635823925913
2.97637522541422,0.535093036815883,0.0685741649298276,-0.247879303593738,0.0177630214843679
0.178372760287416,-0.0146146251065251,-0.102787281065175,0.0356653363221589,0.091495160166106
3.74934388971084,0.433873172190263,-0.0119810104502852,-0.0994710288929366,0.0664291086599394
0.649948721119297,-0.502739850533352,0.100070783805291,-0.0189951071168006,0.0498917788984148
0.489764099573313,0.405491610209987,-0.177314876503354,-0.204827278019045,0.0546151540423961
2.29809123359179,0.546762626321454,-0.0899748204787966,-0.257407631259598,0.0171514802180778
0.401321110147507,0.214596636307616,0.322423104296785,0.125155318739672,0.000195544022501961
3.45626384580247,0.0364127164894027,0.0215618437923305,-0.377609182118406,0.0389113257336939
2.34833742251692,0.389464334214857,0.281769110706095,-0.0324448003537849,-0.000857800254471366
2.32061596071969,0.67289204738832,0.0571797598237095,-0.0118548570572075,0.0107863506671998
0.311156437035049,-0.0890025923857822,0.131697238481599,-0.0855916177870326,0.0711739567781245
2.56316240024029,-0.0573224753951488,0.231321123636436,-0.09290763213706,0.047936913500968
2.46632088729502,0.501086887305543,0.165207441379605,-0.161297961439193,0.0249965613775426
1.62838192559954,-0.479127504140004,0.0710622219527438,-0.206718103983665,0.0349518663829554
1.87554583151777,-0.302300280578038,-0.0363213236619514,-0.194571669071322,0.0733907269139725
3.1567836876108,0.356575963197241,0.273653314915124,-0.0233070203514734,0.0106715845835679
3.66500834546919,0.238530224014947,0.0260871213807887,-0.389595323167954,0.00432385899811451
2.6989004272909,0.142511339301036,0.116639505433601,-0.355148664969009,-0.0294611920796959
1.67904969402979,0.153216719282673,0.286781639395317,-0.00589039609431527,0.0321484625962773
2.43966954515413,-0.246736023863618,0.11999018864193,-0.214899488036024,0.0531105871314528
1.35346939593813,0.407074217742597,0.104039856892732,-0.330172985759178,0.00920524565753052
3.67534031542973,0.543124308546,0.0251263079951455,-0.160714405625041,0.0411328409710328
2.43277956623354,0.431954427945825,-0.0843669154322829,-0.296940229322056,0.0416885115403202
1.11685700590878,0.142632267059084,0.146851392638046,0.239381031869526,0.0591170233960465
2.15780426103831,0.148100751926729,0.109484682078529,-0.374454359495389,-0.0244048648016759
1.87406241782431,0.38498725931167,-0.064455518358154,-0.0603687010169807,0.077425963661516
1.22138078577748,-0.128726603454892,0.272369700326215,-0.159584867152407,0.012576425976977
0.032152172272685,0.418733997956096,-0.0793141767030094,-0.235218457748972,0.0576185712449551
1.22067713872248,0.0901792662193976,0.331129351498684,-0.0443558610789775,-0.0304081477581989
2.80525685353244,0.566144124610778,0.00680607302363718,0.0304718266953725,0.0488254471737189
1.42727288074259,-0.278941292469312,0.00371636780036478,-0.221928831916191,0.068219810009779
2.94926371890567,-0.000637626081384638,0.24968510837257,-0.234692177238997,-0.0177888865505199
1.8325437882947,-0.0663566405921593,0.148641063674165,-0.239929878732684,0.0516210211765443
0.666380527218039,0.643888070144327,0.0336163367487917,-0.13025925586795,-0.0307123457572047
0.4078784657326,-0.41084916239011,-0.119219727272926,-0.253668585113447,0.0502780704502597
0.46303025167426,0.523332573292475,-0.123568713763958,-0.280964284180279,0.00560352570887402
1.6316030069717,0.41934092476787,0.0252540042217787,0.21311684425144,0.0536892394750536
1.05977563497242,-0.339894216944763,0.057277775212134,-0.345661575497859,0.00488590205872179
0.146074236038691,0.275185620154656,-0.00115974088944128,0.321936203523227,0.0467315088449247
2.30366093202294,0.434655464121337,0.143053881278708,0.214962978724101,0.033659463758592
1.03404946302204,0.507542793267884,-0.028031353723404,-0.0894385169950667,0.0628745567924369
0.0545488131404309,0.11238634832899,0.0394764806704091,-0.0122615666220585,0.0857580507769634
3.4903282277157,0.379477788740712,0.131273191057336,-0.292488227007807,-0.0138656343198099
0.239964819755484,0.521459302120647,0.1901335640468,-0.166952798194057,-0.0292463947519382
0.794641817366524,0.366627435308703,-0.187277078603634,-0.317341812262442,0.024769908846714
1.0035095192156,-0.398576967309857,0.0304817329701314,-0.155676269617611,0.0630871016259653
0.91254635971448,0.193740480465555,0.124216826155607,-0.254615652575195,0.0525706520394752
3.37953835528698,0.253633274551122,-0.0386236995537907,-0.0682910374855249,0.0845244018724597
0.484861393354902,-0.456882030743563,0.0204541379053111,-0.207378352986318,0.0474691553861915
0.460753311194326,-0.0613590278813961,-0.0681577566438643,-0.305258575397398,0.0667456311387498
3.66259194262123,-0.0261337261664207,0.00491923428801692,-0.286108375726307,0.066370135733553
0.424195126638639,0.403964566233564,-0.13332690818558,-0.349660007277322,0.00808928588600921
4.04559459867525,0.35815183672127,0.0914432946288802,-0.275517779908852,0.0357842397707318
1.13494238031998,-0.0408668983839503,0.065725939954142,-0.268155680202176,0.0635059978909959
1.54346645521318,0.284835027069799,0.187644554956921,-0.303418923873347,-0.0196526406648107
0.64892668270443,0.281591486023954,0.0301331632932326,-0.398337158796054,0.0150113203968122
1.3666804305887,0.156757644996941,-0.187958776741253,-0.339825533303542,0.0479385628284394
0.844403221978618,-0.0714642587425425,0.315075303296479,-0.000484201263432946,0.0155328040157239
0.623170786139527,0.693582392784103,0.0571323858692398,-0.0841815393168047,-0.00894921989967392
2.65843344923302,0.194726907303675,0.253802056820712,-0.152329704723285,0.0276324720138598
1.07026980506738,-0.0751261993788275,-0.216278278430219,-0.312602687069481,0.0529543643597258
4.43524611457886,0.387039447472868,0.0825633775353928,-0.213826236016232,0.0462940558850779
0.016999011646114,0.175325762362144,-0.0380683364237402,-0.396391087557707,-0.0346967918766644
2.4651046118587,-0.310784949125013,0.165723247219092,-0.156775295744196,0.0442685115751604
0.501477693237956,0.286130400705321,0.0016883840227929,-0.367522715484056,-0.0383807837954965
3.59056622511377,0.226317395072125,0.0214924964605416,-0.0343875757245545,0.0834991166313366
3.59092906573275,0.0514949210631724,0.225648469211412,-0.254721204516176,0.0081396845997046
1.54810170127257,0.500999384668594,0.0760446645780316,0.19135039843726,0.040705210838233
2.54251220958457,0.205685496729117,0.258893586978126,-0.157686646890161,0.0231961298384778
0.105697739062063,-0.212359568216125,-0.100745682650653,-0.382166586188574,-0.0233290371062253
2.44077552187073,0.589487795763559,0.0775259305877081,0.137419684725642,0.0231062723337423
2.04388379704048,0.170314579843984,0.157112259831638,-0.35064810818401,-0.0155212037058733
1.94271435702336,-0.0377079685283751,0.0801836023425052,-0.386142656452231,-0.0271128321985359
0.25582075576689,-0.00848199337684868,-0.227559096090621,-0.089950643205235,0.0801149306844685
1.93857674602455,0.497113510205324,0.0190919342916325,0.0683807958646669,0.0607429930205277
0.477632734704787,0.108403270980005,-0.129930527694689,-0.418811903857767,0.0207465009932434
3.83912162422623,0.000810572803385697,0.189201442219733,-0.241218687567734,0.0348259483083089
0.785007701552537,-0.349740270186252,0.197927435355695,0.204424152141254,0.0370238066773239
2.24688724360407,0.627345152928319,0.0149053393380568,-0.194987295410182,-0.00686604473775572
2.21595533450709,-0.177133880459127,0.273337551693544,0.0107119517846715,0.0326766029248944
1.19660693594722,0.67306711024821,0.114825521082595,-0.0371990803286462,-0.00719634593089188
0.927761816135946,-0.478899508844715,0.111676478414819,-0.199274725701374,0.0237283718696503
1.10834883280899,0.297180989427514,0.278567823460778,-0.161928402177155,-0.0228169187931101
1.64098959025545,0.461263028486255,0.02630952342194,-0.199304722807802,0.0563601010958816
1.20931958641199,-0.159703287122132,0.146792119591599,0.0943830261729588,0.0708987758531489
0.435784969006741,0.395526876194522,-0.218642949154218,0.0200176830093411,0.05411065177462
0.714816837151391,0.573327197474627,-0.00103967015547324,0.165012601778233,0.0347520543746872
1.71877594789382,-0.0823414281026206,0.153686494318802,0.0789621260905278,0.0724115541030911
0.682845771754152,0.284929766461883,-0.0270238917805965,0.141914802983365,0.0777078687324034
0.042322364794473,-0.196732938710306,0.198009991514245,-0.112249128307425,0.0477442360227879
1.22554581208254,0.628030117813345,0.121102547076289,-0.153470591469716,-0.010601299663953
2.61119632480433,0.372469636211427,0.0542490423241306,-0.0978453543167184,0.0712498512433237
0.266031783720733,0.542211548804439,0.168813578768518,0.00816287059198467,-0.0512486294918878
3.39631853276611,0.465500581251793,0.225320431143551,-0.0952825362704096,-0.0127906990540912
1.16100880545753,-0.146744361562552,0.178233756200933,-0.170433414321213,0.0514818356850016
0.924741530517725,0.18724261922034,-0.259904617154753,-0.145318284952901,0.0642312653342484
0.0594334511910296,0.422089179199909,-0.0836035170805726,0.215116472163932,0.0493633150886775
0.0615675530578181,-0.0241880689101753,0.298348174891416,0.0533699522320328,-0.061764701552261
3.18841065401629,0.15751017524851,0.289836123066861,-0.114295721469526,0.0101119796669708
0.0809049288449077,-0.526598814472339,0.154410154579661,-0.143207093378818,-0.0124721547463742
1.12485768021552,0.154655137880211,-0.0345155229834665,-0.292790403328574,0.068195293077032
2.34451470535997,0.405618997453311,-0.115636161262479,-0.309311302240054,0.0389773644679782
2.00531534974997,0.301908392069162,0.200480000625731,0.204672818901249,0.0405741400830174
0.160358681188675,0.208939539060801,0.134591274671484,-0.308977341834261,0.0333150037907031
0.18845935979546,0.605704667562624,-0.146976372492915,0.0155341462781846,0.0178991682004169
4.00380212513146,0.446356676392722,0.201052423566542,-0.0429260646920492,0.0264090860527818
2.89931086795674,0.193550573656456,0.290332273437772,0.102192403400683,0.022481587074718
2.04839556058806,-0.28142376953213,-0.040171598237616,-0.364213573304221,0.0326437415466525
1.23568828951518,0.447747317359838,0.245911361114189,-0.0897658604402156,0.0122357135498228
1.34490191992131,0.275333338818938,-0.0804717461033786,-0.409921546979735,0.0126172272217631
0.663933022366353,-0.100587450698726,0.318786885827292,-0.084206342958044,-0.013001887378972
2.78404631473499,0.46103849629621,0.035039915267823,0.0191684835329096,0.0651475354971857
1.76003747995548,-0.299450976471653,0.122826313924229,-0.273912527780628,0.0317932433499582
2.55791686621054,-0.268699201379452,0.011091523260715,-0.113643953827864,0.080035960701476
0.617041765941306,-0.141700299604787,-0.236481638416521,-0.2041773476147,0.0677397666688551
2.78611428809361,0.148915061840458,-0.082424882390567,-0.0523551347576514,0.0904782021606122
0.49091093648656,-0.105788943369023,0.19730694532976,0.186607574716155,0.0554427090935956
3.870795953346,0.236587612268295,-0.00630357952832257,-0.341553775971168,0.0455514183168722
3.04165548690619,0.624847695171324,-0.00372195606070251,-0.173396973646273,0.00632267111886781
0.273230924995409,0.40373050299301,0.0745624274895788,-0.167933669350027,0.0590448029073538
0.053288597329546,0.0782894551446775,0.102526786209147,-0.255884078998281,-0.0715763660104593
3.30116958925441,0.552630819285834,0.172236340312558,0.039875549157757,0.0155431316123794
2.69216491132222,0.281442368617239,0.232916024129727,-0.183884018541194,0.0240313904923698
3.48233420005777,0.523717224239198,0.205651300786242,-0.00891034643753504,-0.00884458684395333
2.53872296652222,-0.0430602912023384,0.190664738106479,-0.131288944229311,0.0570466161912667
2.66506459339576,0.299853398302898,0.0407243081514145,-0.378490410453404,-0.0152697779128113
1.06333053646799,-0.00672035172907337,0.306322598371829,0.0582375944633667,0.0255599532058784
0.970241151604287,-0.122629600814914,0.14204262529434,-0.342310871852188,-0.0300200356631017
3.03520889223629,-0.0198268765919152,-0.0360262480424062,-0.137530923531825,0.0885797525691503
0.0355380759362322,0.114393456402605,0.313335683244162,0.199723277374655,0.0028758565293732
3.6863850891782,0.175215293192901,0.111224235055552,-0.319044941011776,0.0363103499427817
0.191666325548769,0.66958519515958,-0.069136481075186,-0.0154758474331344,0.0204110490422375
1.52682161416437,-0.202877559115172,-0.0263645961917228,-0.406550441879964,0.0158362023983818
1.60654555734778,0.676938621177576,0.0291531410129907,-0.104665691555708,-0.0119294740919759
0.803097121198093,-0.0659538084300207,-0.117049366172682,-0.388920393741855,0.0422630040212182
0.544066438352916,0.0421365360855415,-0.0104120756949381,-0.385178071111873,-0.0430874288627848
1.96030875473266,0.0441194927667544,0.130699137257085,-0.334958793986997,0.0329612681776106
3.03648389814441,-0.0860878624654208,0.213466763924968,-0.0309099839272956,0.0563733814578263
0.317941384027936,-0.365727016266218,0.0930815850765495,-0.253582614946848,0.0351395367490821
1.16692730301502,0.218320341069372,-0.00470249027892011,0.135810776094704,0.0819435385047646
0.105406788586936,0.308846282844676,0.174129615944537,-0.0635643178043452,0.0560882091463958
0.914755545888128,-0.151476769306338,0.0319972827646497,-0.375586873016375,-0.0364078634882736
3.34051710541054,0.333927105430836,-0.0434935615300685,-0.207201163915323,0.0696722596592653
0.378852680269942,-0.249595351930407,0.239704932100071,-0.174189301417291,0.0130020238388959
1.5239442074591,0.393252709449231,0.0189561491159421,-0.364350014314443,0.0186688911559863
1.28908682881115,0.217655085172252,-0.163190911192941,-0.263532836935066,0.0669007651613364
1.41893407118635,-0.361708576347028,-0.105406355878888,-0.274811477465646,0.0541549076873904
0.435711991586616,0.0487547957354994,0.211827837524422,-0.257660592349635,-0.0500192618602426
2.01407801685761,0.0257163440073102,-0.118742320821477,-0.186564774786855,0.0855529955818447
1.11743607533786,0.151398112398427,-0.124238598942341,-0.00799265549004391,0.0896223264112817
2.70373067833055,0.308823503607293,0.0452027771069902,-0.231987600389501,0.0637929503438331
0.0877353927866297,0.258581860328098,0.128950928014535,-0.267371775338308,0.0431123046324484
1.69786043759569,0.181678290381948,-0.153567277496006,-0.164723891878374,0.0816497208931721
0.0969963633786248,0.385407593000895,-0.246510282724274,-0.145622148763074,0.0431902815310473
4.04145564519231,0.352147525161535,0.124691550502931,-0.0382871262868417,0.0612007526130885
3.29579691725884,0.636811393374709,0.0893589153073867,-0.025651700673941,0.0095034842253038
0.435189951407009,0.257004963974682,0.0454259234742201,-0.339691287314588,0.0427385765084076
2.07623406994805,-0.179283507070484,0.0817020056151479,-0.0796687483841814,0.0789149431934969
1.35218067556676,0.170070181152968,-0.217908676464446,-0.287453370502886,0.0549253745856767
1.07294940539924,0.334535581818834,-0.171190578061572,-0.315080109377057,0.0409868240073025
0.297767374255505,0.61861201856166,0.124993325034603,0.118185027005494,-0.0274810656305871
0.871344197051874,-0.0194419373614333,0.273211175756149,-0.189185447704764,0.00963203026089156
0.400790533844914,0.633510040085629,-0.0557774994069372,-0.0654663468219128,-0.0304780484903074
0.279614935362561,0.381838706450681,0.113386084035727,0.122650714772436,0.0606433926778339
2.98539272131305,-0.0910185396588741,0.274940249878261,-0.0418331362730281,0.0318338989231975
4.05591747877944,0.521237910851696,0.166039109844556,-0.0356930542468237,0.0216179627687343
1.06354100296056,-0.13413049886324,-0.117344202977908,-0.185635361044113,0.0832589836290332
1.88067786807499,-0.339039037747708,0.159840168064475,-0.268826216963611,-0.00257866281835048
2.32499558302972,0.17929872870686,0.208599943715288,-0.286873233608904,-0.0257768414568748
3.31698446289016,0.467987894856567,-0.0635426067522224,-0.271783656250242,0.0378545958674655
0.43892562763641,0.0860773976015118,-0.0933832784435896,-0.432036275286812,0.0160906076635727
1.5449146365177,-0.349552302758444,0.0398098603457874,-0.34352149203512,0.0132004718812029
3.64457372912392,0.410909662323014,0.164396279943467,-0.0465758222084641,0.0477158466502765
1.17580631261299,0.217282613633883,0.141525825904741,-0.332568820334556,0.0237610710422872
1.15831607886212,-0.0932801477098373,0.135356107375337,-0.305728903085511,-0.0502332913363414
1.23240395159555,0.367969526613426,0.156330482157955,-0.11831898277672,0.0537582820815532
1.96698171353425,-0.294611943861112,0.292003588603628,0.0210450361794652,0.00261170239610692
0.193236829170048,-0.281508805698768,0.0717274531860719,-0.305063856714833,0.03592423882232
0.161344284830691,-0.0100745801953395,-0.208499869414427,-0.254407620733902,0.0670902790515628
0.781970208341253,-0.0182408829547741,0.178750198266627,0.12045717871396,0.0660551322102484
1.36106821943645,0.578452999261195,0.0292542298998401,-0.264968793962457,-0.00849101045452969
2.13116802977812,0.136253000883777,0.332299284251284,-0.0128897842599623,-0.0177594642392053
3.1079891221665,0.459213492904483,0.00585191600429627,-0.299318073930704,0.030794137723088
1.40787330016615,0.327721979897428,0.142018498875778,-0.325274199237762,0.0125140712648485
3.19623646253244,0.547645664606506,0.114425499291777,-0.184353266278698,0.0198049700844018
0.712169874197,-0.359953567423815,0.245144593993177,-0.131944798021394,-0.0120740640542476
1.85119782431513,0.115140689944848,0.235962063656188,-0.253442629905887,0.0126007622561336
1.11713521231432,-0.0824020505723745,0.271819243700408,0.00450822683350943,0.0389580174096867
0.980999010725454,0.357954334739578,0.124225514776965,-0.27527490180801,-0.0486410970811787
0.461397381039995,-0.336841032980302,-0.00432220190458998,-0.368555244158664,-0.000267086687741369
2.00024188861836,0.299587365607362,-0.196127857735745,-0.15758888545537,0.0685416310792784
0.709745489875028,0.225305008416667,0.0751295411443809,-0.399984574017718,0.0033724030556773
2.5854415765331,0.547058229402447,-0.0547694718643914,-0.270884884416879,0.0100815543722375
2.7082997466351,-0.288356215539594,0.0377091874962602,-0.189086133013175,0.0682551018720609
1.56832277025836,0.464867985192636,-0.130946294165001,-0.134257465404117,0.061142459280428
1.74515940633588,0.182845439594506,-0.063846719373359,-0.0556197728279587,0.0900649032605845
0.522134528478493,0.133206923610022,0.330900022785797,0.140030426560923,-0.00286842425454304
2.37259493661371,0.342239692564358,0.262971591430496,-0.111187991026115,0.0151687354115418
2.70524342418348,0.346379198874114,-0.00221935675669697,-0.341983087726794,0.0389092371520179
0.20224740056173,0.0733807649049984,-0.0296197597345732,-0.439134645082075,0.00442420891288486
0.593841062661306,0.624642351937394,-0.0426839478092436,-0.109636764481248,-0.0323522157020594
0.75211983826639,0.504797233509624,0.0869489178538094,0.128096852379061,0.049331097706926
0.75550827068436,0.360369287551949,-0.063140743874454,-0.312950619597659,-0.0424368959010274
1.73602244988552,0.439884371692348,-0.133402994127354,-0.308827500252183,-0.00715621492748304
1.98860882899691,0.339201346468234,0.0776526363499566,-0.359513270264692,0.0166863412938444
0.0108843526144961,0.474173558566437,0.197416307028333,0.238564269561532,-0.012923245033466
0.848467682196853,0.654115442086548,0.0359711848517632,0.116116803940829,0.0137614410108453
2.73423968240447,0.0603633466737357,-0.0942120829000865,-0.41741757638994,0.0248282316757733
0.736172396688522,0.379359035137331,0.179883315863571,-0.080333588874834,0.0493279519532885
2.89314978272866,0.297438543453158,0.0712575240932908,-0.343549061665303,-0.0290939930524916
0.968277275842869,0.339241651629245,0.300486182073249,0.137406617780605,-0.012697047984458
1.51397166819153,0.543034325065386,-0.0935770745738309,-0.270480152394259,-0.00331577048857688
0.391822616182825,0.498748244862791,-0.02689082072363,-0.311871969990105,0.0237805814113524
1.02684300472044,0.392384638942037,0.203501067276348,0.265689928846325,0.00886524330837342
2.81343133324953,0.23060799014152,0.27968873777621,-0.117432641284669,0.0146262661680707
0.29979438315675,0.47188040885006,-0.177813982513293,-0.173531332120018,0.0470506612635773
3.33276442866758,-0.0919381499821173,-0.0203655258580591,-0.351839801573272,0.0510303401645408
1.9560844529808,0.327321841566625,0.293046797214241,0.0800178963984114,0.0101861722637037
1.95440561825299,0.344701535549769,0.286607093145067,-0.0716331058897944,0.00440628691456901
2.81568428238274,-0.16812729251557,0.2124496023053,-0.0170333467192464,0.0543154563464255
1.67373579430553,0.361514839502144,-0.176929059487645,-0.00393818880600256,0.0695877625561021
2.01626919025906,-0.00738395227509014,0.254517235265811,-0.2152801132796,0.0144798857707744
1.58032580188955,0.150477137563213,0.308248075647331,0.0227857924043082,-0.0499080237306188
1.11002796624986,0.222237440170687,0.273932246554217,0.0588564009611755,0.0351901721811092
1.29287144211241,0.239301713511412,-0.000658982689029508,-0.136568212043604,0.082026177730706
1.75918847331109,0.521962673817779,0.0814216287150963,-0.205089564772402,-0.0413692634581413
0.35996169577485,0.09534640109138,-0.116699956486214,0.116493628666102,0.0858854007906353
3.20573647860452,0.532433693890107,0.132535700443626,-0.195153803938348,0.0123928844971192
0.248524020948917,0.383664764846091,-0.0177726923694554,0.200070536045508,0.0616808991817003
3.2104282845558,-0.0280577958124639,0.275540000154206,-0.107810720436478,0.0244593769239755
1.4734713376885,-0.344349140861074,0.162895851737895,-0.263241071756844,-0.0159771845708356
0.237548322791575,0.204494925547203,-0.222150093756432,-0.347213042435007,0.0210320671247359
0.605898994263232,-0.0375570021100613,0.14121314013312,-0.369801719682727,-0.00483447274021984
1.99239455700216,0.608641477961876,0.137408726128247,-0.0409851807381557,0.0231574035934201
0.180100655387445,-0.127381916510582,0.259829109487203,0.24247427309869,0.0257809688995835
1.94997522109897,0.575032414763876,0.202733195267894,0.0241020826491075,-0.000527199931737558
1.70326720814762,-0.0317823066107454,0.0428494347169105,-0.408160035678035,-0.0222715835853406
1.50141231472433,0.111793856822957,0.205352801014714,-0.26976251630122,0.0253416739381883
0.276193896147032,-0.0743915465716813,0.219065993572923,-0.286979468692189,-0.00645845498971551
2.96284346355258,0.463474883481746,-0.0111975548828934,-0.326532578030603,-0.000058254468964708
1.91408944164839,0.324571884277668,-0.0659082175346016,-0.389636403993861,0.0212520715944455
2.71985934063858,-0.0494662136396339,0.242399342943188,0.0244606730690997,0.050409628027299
4.70410342923355,0.316180525496819,0.058843702459806,-0.303354445234279,0.0328377176797585
0.37230302744809,0.463222072951613,0.193660243884157,0.213405650914012,-0.0354809174563917
2.46195116539793,0.116628243965479,0.0220482852159192,0.0756174470656922,0.0875755226984658
0.457911107249236,0.0909266112609099,0.222985918005823,-0.282010995698662,-0.0330448140975137
2.23747401698516,0.309866702395173,0.155020733365305,0.106043293857451,0.061071524607121
1.45200631550167,-0.171694248331227,0.0337788735233334,-0.385202300546349,-0.0268763338385872
2.38284659308759,0.0382512220121355,0.0479658119422378,-0.114263237165196,0.0847572503467226
0.0219613402342789,0.545333716368445,0.116168883031424,0.228425370868773,-0.0224957642160112
0.435800707617795,0.281350650779911,-0.0971785861837929,-0.0799231937271147,0.0830475323827929
1.33029859924839,-0.0636846136159398,-0.187482100326112,-0.339011544540617,0.0517025372540282
3.79686753310419,0.133376986792049,0.0914877641928703,-0.197682640746138,0.0680187053212812
0.619857864408313,0.580833958057249,-0.0225981978048601,-0.20623002781079,-0.0331096818515078
2.719325965909,-0.185174488650416,0.173771715167628,-0.299981089759605,0.00570186054020435
2.76830734162603,0.365876122882704,-0.0991623037025181,-0.315985449062449,0.0444118976641884
3.37216266573247,0.369738717909224,0.158709505653068,0.10849074089249,0.0512016359452379
3.92576584805197,0.387661401605344,0.171388900647214,-0.204323396432478,0.0251658726205411
2.70405061356175,0.644645598243294,0.0432725309305862,-0.13928653232794,-0.00575919199336496
1.18334412912847,0.240641135266264,0.201711355300772,-0.211519506545294,-0.0568748083718571
2.83228136461119,0.0619580246839065,0.246451208360841,0.179613015086371,0.0407059584114178
2.71536445349606,0.618366472179083,0.0181125030334162,-0.186278326187988,-0.00841931559767482
2.12713178332797,-0.019078217803135,0.127434194182473,-0.0839303780577504,0.0754630452491582
1.17578209560584,0.643643064433761,0.149256360775621,-0.038232470306554,0.00339299386918322
4.80524626180678,0.219893232828951,0.218434016915917,-0.187680978204789,0.0179868347313359
0.448947848010107,0.520561569605405,0.0933415793984262,-0.280069110514155,-0.0184044055021135
2.40096171190397,0.535455340006661,0.0240909315666701,0.134357873576766,0.04495522480584
1.54107137361773,-0.028245313420254,-0.0588609998348078,-0.433365010020913,0.0168013642927179
0.284149477278809,0.250309811231036,-0.17060337707391,-0.0638335910296047,0.0799935564995378
2.06516026842165,-0.305863312547259,0.179600618605176,-0.159305941533087,0.0401672553305123
1.05774536395971,0.460283500355199,0.0613585792400965,-0.31645699776129,-0.0255311944646141
0.853835788353931,0.363276570115961,0.227345251614614,0.255353041474955,0.00861987205646957
3.42247408218421,-0.183565637226814,0.0891761058867233,-0.314941452864962,0.0376685498372659
0.983233274872459,-0.020698901904719,0.279451976877764,0.0403319553017749,0.0381886528263223
1.75961682350344,0.304393844067611,0.274241414541231,0.031006263413756,-0.0514603386762328
0.33131088794518,0.244310837699599,0.00999757623751239,0.268573933183603,0.0625364889259163
1.65568981581645,0.462019909393779,0.139391799361342,-0.265561851577848,0.0143797355819739
1.2297557011669,-0.302638607699006,-0.123632927290963,-0.228836469965213,0.0686802306997745
3.02108456221821,0.593473259243518,0.0298460608163018,-0.192184677715934,0.0234317531677093
0.787021545154632,0.0437804246709627,0.114074714479774,0.299174949388399,0.0571041552879097
1.68268252110855,-0.065321665830803,-0.0445153801007685,-0.385802127521786,0.0450992437134118
1.56356587117765,0.297562766050121,-0.0151272629985796,0.200559801948441,0.069916447143734
1.69905313916745,0.153139245508647,-0.0993749705926171,-0.389753480639969,0.0422555292288144
3.50220306419472,0.275912980539366,0.0175960184542416,-0.283198538189964,0.0579944705831382
0.279114129211066,-0.0501167546561193,0.310763423671487,-0.11948096163352,-0.0078734143125183
2.00477910000607,-0.411535298921787,0.104276221762388,-0.213484533463463,0.0373309719933813
0.806299723407512,0.502116977677322,-0.0611064660890671,-0.235605329156988,0.0473504348871409
0.731703711206335,0.163199793555265,0.131863305080811,-0.227429437781623,-0.0706585058990001
1.10275381022222,0.630530977836031,0.0697195401448126,0.00506444924147911,0.0348438807834409
3.26415723413086,0.338320015652044,0.113431685366261,-0.059735603795454,0.0664970451676493
1.4772351581728,-0.0370259192194592,0.309842562133854,-0.0136227930673912,0.0199302722526822
2.72724050476717,0.231788542857106,0.291355498256045,-0.128628324274946,-0.00415045054002023
3.27223921134728,0.536305958701526,0.166191591741637,-0.129784546793381,0.0131163337811154
1.66228019826216,0.597023433719094,0.0925584593227269,-0.0806048360039859,-0.040735915630864
0.6038035390856,0.498896598377375,0.16960082662545,-0.224269087440416,0.00408478326238665
0.704941659931759,-0.126373479258045,0.264156090363379,0.274390823449899,0.0155699130687085
2.6788272487855,-0.0904328373092663,-0.0478556908127341,-0.106727717763156,0.0903437627071156
1.15734058963044,-0.0492831036987577,0.33375150507473,0.0926744698037453,-0.0338180654901918
1.5183827581561,0.153063088673004,0.0200482155393177,-0.393149138256015,0.0349660798003471
3.16527253994014,0.306896156686429,0.0822689465641292,-0.267225366833061,0.0507986354692328
0.743777125754579,-0.438210964176373,0.0286648545848454,-0.306642161098166,0.0125649555846545
2.75773754081617,0.0855002737629208,0.315135463783068,-0.0240071333277392,0.0113767296518921
2.12670269399434,0.357812010614671,0.144599174095793,-0.022006983371501,0.0622762751923752
1.34152321179763,0.219457670226996,0.0832779516364049,-0.351822221023988,-0.0419190740782384
0.483632848381917,-0.102754852424812,-0.260312102658291,-0.251699253294842,0.0542475664259217
0.0489891903960307,-0.252436206583346,-0.0637570483378207,-0.300436270068373,0.0568132189708998
1.88148447897559,0.33622735065523,0.272643819554517,-0.0356667638600819,0.022222998680995
0.678119908340872,-0.289038559532431,-0.0828713587978244,-0.0308378796350586,0.0854730967868803
2.02151455966584,-0.0709164685454311,0.212472256371432,-0.28054695969034,-0.0281234611996064
1.23605376946608,0.2528304342151,-0.0477045058273105,-0.387631476234296,0.0365216937875822
1.39076687298961,-0.264459772655947,0.246958105797451,0.0324900731941283,0.0381586932015054
2.80165110861606,-0.242073693892852,0.246302214817082,-0.130784921020572,0.0206385270823576
2.38496113060883,0.480267753092867,0.02913092263944,-0.282876636716384,-0.0284935702065771
0.528320715288847,-0.350509398181898,0.198944932451628,0.11395609435182,0.0444286596052352
2.4407534776428,0.0637725979415973,-0.153038376769052,-0.276374032645124,0.070999612898553
1.56895873194243,-0.0137083658406872,-0.192053535871478,-0.361358364928215,0.0428725657640269
0.893131023259054,0.684790795984058,0.0770267804470642,-0.0879123080867533,-0.00898682917174508
1.46103690154641,-0.0617665222441824,0.157883175641545,-0.0168118230363336,0.0718062256823062
0.0772077182954776,0.561380295518525,0.16157603854661,0.194450552504906,-0.00900305706507166
0.201332686310965,-0.383217451234378,-0.0515437619944293,-0.211715719734513,0.0619248425354784
2.45532814152749,-0.0101480755296721,0.224720509914318,-0.236253837959006,-0.0417884642748582
1.9289092775948,0.386749599562821,0.204831200809802,0.190492574894825,0.0307829857642604
2.255193264596,0.0671732792713229,0.295964552259278,-0.139365229666391,-0.0323432933382037
2.66793522571067,0.295123618577327,0.0302189901593841,-0.376654620542577,0.024764500895065
0.578944940704611,0.10282947761226,0.247353146064611,0.17787755153985,0.0424732213263156
0.301513814117533,0.387447485683302,0.24689886837046,0.224480297209091,0.0014675216771181
0.191329654207747,0.514925403083078,-0.214329316546185,-0.0338665890766798,0.025558346025134
1.12978694823429,0.104244147417639,0.270788741831909,0.10866684662059,0.0398456922782184
2.74636242394654,0.163575553635423,0.0551992131683887,-0.406171664918793,-0.00320402049841757
0.754549912852076,0.433975618293977,0.183629256496977,-0.160054616341376,-0.052299538036151
3.91012364188389,0.272212934129922,0.123975238343501,-0.252603049801732,0.0444033576601569
0.462991917989772,-0.115591694770165,-0.240766426712483,-0.141491067210283,0.0741002311897974
1.14484363804541,0.0716225925393468,0.341895344480794,0.0891800878990383,-0.00919738609109643
2.99013257659082,-0.125902828193714,0.249667503485622,-0.184987575856001,0.0162440756792499
3.39121275243611,0.260833942778473,0.266812039169461,0.0908816308456247,0.0269495048409945
2.62443005320408,0.20426091775932,0.126857516741735,0.174577905726825,0.0661685680885519
0.341945477018275,0.631607230728439,-0.125209550532362,-0.102235819342176,-0.00287504666160791
0.648944239552587,0.016384489522395,0.0699411372220763,-0.385397967414686,0.0281352234503078
3.56080964718652,0.086916908155617,0.0995527796610959,-0.0601155542468934,0.0791115618171947
0.431253820653777,0.337206909570813,-0.0175511640726486,-0.130042016440886,0.0764310594063417
0.379035361185715,0.0857267050523472,0.340514362169611,-0.0177443340353341,-0.0179803565049962
3.02948440627909,0.0378584202661217,-0.0665684445759562,-0.402217885628515,0.0365106707922371
0.495328523797011,0.334742982192886,0.196664037382453,-0.281059783342296,-0.0214407847771294
0.766838267716854,0.473017102970837,0.222065729157658,-0.0670018370418285,0.0234150080972618
2.24821270164655,-0.337080875465088,-0.0127242410265273,-0.136570619429242,0.0754336562197696
3.33408421155563,0.457361531444278,0.119373464804697,-0.267097499987445,0.0108129111982086
0.992013795139328,-0.0483720272303192,-0.163899387452485,-0.0544005536782321,0.0896211866010418
0.311362495175685,0.0494970897720092,0.126811756952219,0.128063094668331,0.0741745199791434
2.44163758627915,-0.109353922128876,-0.110871682061426,-0.380830498922335,0.0428891877894164
0.337060306451311,0.409781456470279,0.240199628738501,-0.168886327856143,-0.0311734758512884
0.391816976394078,0.56438981420558,-0.178880592893705,0.0035043654295511,0.0224260940557839
2.01381932752747,0.369713841700877,0.00332069082664774,-0.361320474148181,-0.0221915384248119
3.10405058576153,-0.293758721357881,0.129233358326122,-0.158147692914681,0.054800862274677
3.88960912419483,-0.0973361998059379,0.115555981061719,-0.200355838854518,0.0619520893071098
2.64356780711455,-0.0166956418989998,0.322269103445056,0.00306288163676285,0.00699461013529118
2.30589694958404,0.256515188304921,0.282399496019011,-0.0819865834027798,-0.0422858905449499
3.08788240394613,-0.0467430775635201,0.224110208618348,-0.0475153133991068,0.0531500925944102
1.57881319739754,0.218753514676334,0.20611086505,-0.275223915460613,-0.0360904557034772
3.23144966004177,-0.125406063961901,-0.00396432892301674,-0.264032282029917,0.0697108972696966
1.04666961161282,0.694046936800113,0.016257653095614,-0.081039318975113,-0.00834980715172007
0.318017496248223,-0.113866073220678,0.104804283722429,0.00473875535004911,0.0785473908306798
2.92817890170706,0.0229496007736215,0.175721913700044,-0.0927313018484143,0.0646498563680441
0.152472323685904,0.336352602691874,0.287970266166289,0.108706886596973,0.0121312512517052
1.64383713378646,0.672045453251289,-0.0330980640876432,0.032956748585457,0.00368965636293853
3.27100193069463,0.447315799672159,0.24663035546014,0.0131441959325518,0.00614465727060916
0.542683973245617,0.100912888474011,-0.208599773648333,-0.132337604061968,0.0797344859421659
0.202607144768302,0.160906328187283,-0.0628038434576948,0.0298673150952903,0.0891705529954087
0.424520049354162,0.133158261712663,-0.190013189114923,-0.389767317073066,0.00418221554334712
1.34611535501635,0.366499067115009,0.186672030537844,-0.0892776668925854,0.0487224588862113
2.6713325837887,0.241680900321393,0.157848408819498,-0.0725573106224548,0.0649677953059597
0.527343350597171,0.126658609251454,-0.270088470271884,-0.288715805392662,0.0348886126840133
1.25499518953485,0.0333437103790047,0.0054007475107335,-0.274769176010891,0.0706440186839633
1.84500647830739,-0.27791934640223,-0.0734424893679864,-0.286845248437251,0.0609013670420248
1.21818867672229,-0.0556193814046521,0.00912695969373571,0.00818534417390774,0.0909609784728283
4.17458014698423,0.0416491599799513,0.15113107367633,-0.212954767809828,0.0528115741162435
2.26111018071977,0.159285142352713,0.130244958046694,0.0698758635878384,0.0749858976792753
4.15091269252058,0.219318990554872,0.134956591925502,-0.0788194844196193,0.0665232026074778
0.519555202241723,0.381844761371782,0.0188079616139099,-0.361060581865152,-0.026686542594748
1.48697267159445,0.580707294929481,0.0739955714565055,0.049198827375286,0.043711326517991
0.512545476790925,-0.215914952119699,0.311809920511458,0.0256286775884907,0.00325463381569904
0.413116597442498,0.371264242740901,-0.0388702095589804,-0.320213702681716,0.0458516871631035
2.36393675612153,0.238780217953452,0.0915608055532374,-0.0632812428278281,0.0771236770376018
0.882443199850421,0.0789541787584526,-0.15981086118394,-0.15418584294748,0.0846467145631531
0.48456507228673,-0.0982068971656283,0.0189916819426032,-0.404639296480791,0.0237249188214472
0.814687016238434,0.312708386284869,0.203182229637724,-0.0788660271852183,-0.0695881130210511
1.99796913009202,0.491575792916488,-0.0797780847013124,-0.311017180621474,-0.00263427828589993
1.53514007123378,-0.157416992015407,0.173732790549829,-0.204339084553113,0.0469196374433052
2.09920503436064,0.0852863397903787,-0.0597048358176354,-0.213643346680113,0.0826787275690527
2.62431398372135,0.14258059646658,0.230312706791064,-0.243719029043356,-0.034088644100746
2.16934493349048,0.272057370980041,-0.0552442932671723,-0.315300755053231,0.0583992249501409
1.0046506156557,0.33803538153507,0.150989400170374,0.27455622680681,0.0362798867194281
0.0426734297851744,-0.455966259994538,0.198411055330338,-0.0327341053789263,0.0248793076516758
0.172243531823952,-0.175708819460292,0.00324931118598532,0.155853346396027,0.0823451365913621
0.0180444434860441,0.222917740719716,0.159445892124643,-0.311380897487651,0.0213890053244077
0.610804637170428,-0.0757770690639426,0.22338117122278,-0.141994056952387,-0.0678003898798033
2.0917176674593,0.0678878683093772,0.251481540413915,0.247306940045081,0.0293529892916976
0.204263766858782,-0.226242684490246,0.27084346517206,0.0614673821513105,0.0300155125781389
1.67349691779382,0.569503531367656,0.0686116589211594,-0.222833055664391,0.0243832831074544
2.19171574574795,0.187502042196925,0.225636268286976,0.035344046720407,0.0538027560602616
1.73422323297251,0.509208886802143,0.183607883458097,0.0108452230791875,0.0345224420753636
2.06196503620365,-0.183089337512403,0.00821717293003818,-0.40698104553767,0.0029534931648744
2.76804445560305,0.00486006679443757,0.275911112704029,-0.1924021612855,-0.0175335256779636
0.573241746972455,0.590146572403357,0.0227113269787645,-0.0313158202116033,0.0488430421106488
2.12821866030654,0.304138889932906,-0.0687870598819345,0.104529067884214,0.0785484762269569
0.486692510828445,0.263051347396141,-0.21098519691653,-0.338437322022847,-0.00100060061219746
2.02553152625275,0.522650153259907,0.2019681741806,0.0693896950967901,0.0206347123327286
1.05368045075396,0.336522538153594,0.177381156505166,-0.144560078837012,0.0481558059155971
2.08757157708578,0.533334109398598,-0.0248028101939909,-0.125298682375494,0.0562169306718669
2.24399346904581,-0.0422172611661715,0.329871260095999,0.0321117780176158,0.00150417387483147
2.56174067901281,-0.182486175918818,-0.0666274359900407,-0.350610170437527,0.0504582621488633
2.83074309425509,0.206743382532229,0.195957942944522,0.139512768255726,0.0549964662755365
2.07491405671114,-0.196857790869829,0.266328375375562,-0.158605852500306,0.00592887101715076
3.68484691766204,0.0190429677140471,0.244295664685934,0.0287124023106251,0.0474764485175935
2.11154811391075,0.418477243216146,-0.121573983363329,-0.273799445382277,0.0476911611716471
0.336067651095349,0.33587995683769,0.289889258540673,0.11133886518795,0.0108819269090491
1.36074219079718,0.281217243913213,0.274704771650945,-0.0665317864564936,-0.0516079543842045
1.94661399575548,-0.198062702510093,0.19242711351195,0.153536522888514,0.0562177456965306
0.195935894285731,0.0507242252944073,-0.222347581071617,-0.326123439687187,0.0464433679032322
2.92282918056906,-0.00881291718086027,0.251239743374508,-0.171492684006645,0.027331923635091
0.470615093626735,-0.062705321054714,0.194017862006147,0.268238063910884,0.0465824804987583
3.3225554726695,0.252663960548184,0.14970140866041,-0.307722406456087,0.0216639036668782
0.566609295924319,-0.105903908694069,0.102237465488942,-0.32881530352553,0.0372705648027322
1.78046424941696,-0.161973012607881,0.183620905960003,-0.257556839240183,0.0297626243488986
1.14551352527897,0.468150397775134,0.229966295890073,0.0430451656417807,-0.0459733164279964
0.396062069102528,-0.0682615231737877,0.0210461074952453,0.237764838076203,0.0758028313625627
0.56305219157743,-0.125142658511639,-0.182117932674133,-0.331024015113154,0.0518963837011909
1.17211024893537,-0.169025239990164,-0.121777044194878,-0.180527506118209,0.0825748254108237
0.900987111767871,0.013014582873958,0.302312403083042,-0.0536119459317663,0.0217833165969938
1.24064095471999,0.620269900838409,0.00284318451524284,0.0901837016906617,0.0347075037163125
0.841008266939449,0.600282973632378,-0.134459820306,-0.0246819713197024,0.0326083715108186
1.57156421835786,0.0282093610062569,0.172728070447957,-0.253179269984026,0.0435236274098895
1.57921055882961,0.515071385902625,-0.121231557009212,0.0390025011906478,0.0536238264296161
2.19964089403654,0.473570346773956,-0.0931387277903048,-0.273621070754818,0.0399923735607079
1.97550497224153,0.23016348272133,0.257193719051048,-0.198518846391012,0.0113247632260813
0.750236348716662,0.542618255919157,-0.0689807618061808,0.00619147969363316,0.0571665824660589
0.108678202226125,0.628850408079331,-0.0542965611524861,0.043281969061249,0.035647759524151
3.666547343416,0.0483091679608873,0.0678410973307636,-0.362981700688361,0.0342338070528892
1.3035030605242,0.103708974730184,0.248070482855108,-0.136140985586545,-0.0619374008037165
4.22916646182854,-0.0034822032870582,0.113437217854325,-0.142329904485459,0.0701237183815565
1.29714059903021,0.136319850294838,0.178196252107951,-0.251475377357937,0.0408960990516083
0.552125441136535,0.386332326482469,-0.184407106005779,-0.215328464735471,0.0543617433957112
1.34261966495017,0.499326059506031,0.140402663238278,-0.0939736947500359,-0.05534388634362
1.80747966940602,-0.151508064681762,0.196729488247035,-0.216129772321254,0.0368354078601003
2.86620201121914,0.215826500573698,-0.0521932881240535,-0.35271303107415,0.0506683019088075
3.67912820490617,0.311777501316569,0.116115738641043,-0.328802369189929,-0.00759769825534252
4.0735682077492,-0.011178990851548,0.0371865725167123,-0.182871923158044,0.0774002811686675
3.83633799937443,0.144601132767137,0.167371451923668,-0.313368177332361,0.0113147994925763
0.994949562121688,-0.31278973790726,0.282025963935922,0.0155496744973985,0.0109288399970731
2.76020434717,0.525723612591384,0.078107887223737,-0.194772678975465,0.0371545302207371
0.757423651487078,0.263050778052327,0.168127031849796,-0.252925844577301,0.0367633827460785
2.28243694781165,0.589621065615813,0.0230745035333799,-0.196773963487691,-0.0246276055194181
2.0832706268976,0.259618392080974,0.0417701018472923,0.114852703948332,0.0786138692942789
1.04305623763006,-0.217605309259889,0.00337179156941788,0.0784486468730102,0.0861008429957943
3.24980660265288,0.020814041965829,0.156633134929429,-0.102181883020731,0.0677380937059393
1.55626290699887,0.226057949691169,0.108520871771701,-0.314425798396477,-0.0494808352591947
0.840672319996282,0.2343155895705,0.168306730771172,-0.244899764048874,-0.0588590206925832
1.28996768602209,0.0849857612257154,0.321494594260071,0.192178726025968,-0.0236959108974924
3.70959471757073,0.256140031030668,0.0344813008913609,-0.13411109881513,0.0766895975546711
2.65683116833668,-0.0581182603722529,-0.0790377786105686,-0.242239481023743,0.0789966940305089
0.37191487563353,0.264438741964818,0.310100958094298,0.0997408709518535,-0.0418170220246415
3.13453367223677,0.159310305589532,0.0762910239056153,-0.239097889183228,0.0654477563381817
0.384930727359239,-0.24622464206219,0.138375424625112,-0.0861018920184837,0.0633011221095986
1.68587061875661,0.243075871552421,0.313104385714979,0.149223170877738,-0.0203717920807767
1.79597851828703,0.446051669927665,-0.0152095292945033,-0.348081911183398,-0.0100522899642866
1.48128397078646,-0.187816909353623,0.0836138349510108,-0.1506307280776,0.0725281980819268
0.507695350102696,0.193822896316839,-0.0409688382505875,-0.146473890547867,0.0839015406736887
1.86537304807796,-0.332236051899245,0.136793124651191,-0.291545260998006,-0.0142271916116409
3.84880455249968,0.322538842600821,-0.0865419464393798,-0.228249325218576,0.0651614597179651
1.00253186589841,0.154893745182139,0.2682309750358,-0.225462645996392,-0.0123574272949063
0.433257827980734,-0.0606418710736552,0.0545336180759459,0.105186383696208,0.0842755071727753
0.74991074460669,-0.00632071572387009,-0.205288279534196,-0.351431819547714,0.0434645232968794
2.06968340206368,0.409704094205596,0.234073467290023,-0.165079748716829,0.00820657351303144
1.26170696055127,0.425181379031757,0.220359133260648,-0.203787749154186,-0.0211408330930504
3.16108865146257,0.324389231731902,0.1285466442922,-0.260337392107112,0.0398269628972249
0.783621602158195,-0.0439224398793123,0.063333184546266,0.0950306588094733,0.0845031520808972
0.105629875807996,-0.312930552399977,0.198180603491395,-0.0848224056778653,0.0411790291232717
3.73296020310135,0.263432254208069,0.234953384776889,-0.208717708766599,0.00291717806795831
3.78306284282189,0.417053642666435,0.0745006888446993,-0.207445317608052,0.0491658181034579
2.22844793580564,0.0799537369620528,0.0889917534311755,-0.38095839023118,-0.028586801120016
1.46177051046532,0.100567670527152,-0.0323717163404778,-0.0461770766499603,0.0919100782123037
2.22128287129099,0.243174442649026,0.300312246500229,0.177116625851729,-0.00944970393084629
0.0320964466907971,0.230407553955972,0.10928549058287,-0.375109358888625,0.00598331245463081
0.208726562979594,0.322654231394258,-0.182678486812853,-0.00422622415659066,0.0725121515626512
0.653135491735441,0.466335632591319,-0.0796244792021614,0.121600438690551,0.0594984666154774
0.896433676071375,0.27176402688816,-0.0130786866742959,-0.325994413882786,0.0535216891388103
2.30075695564543,0.33999292919016,-0.0941359668024954,-0.0915372803261348,0.0792550447709535
2.19768669224514,0.289001568335085,0.0229061399921186,-0.378382458367179,0.0286306060597385
2.36857051525663,0.0484434799695106,0.22634399754098,-0.187063979718033,0.038110172746076
2.23271307728222,0.0471926123750025,-0.0905743808781883,0.0145286005731614,0.0930575498310972
1.2749137344687,0.331772922765849,-0.00481340632676434,-0.380258130502532,-0.0236494453485556
0.46079154294464,-0.295627809150117,0.0245383895113315,-0.0932944932399766,0.0770396062813203
2.25606035053246,0.19457175434689,0.0912774094629224,-0.214552824689326,0.0664514254107981
2.50428862570019,0.151059984474646,0.075486683067525,-0.201857315367045,0.0718109155472031
2.77662112166392,-0.0680102993264513,0.315683524228517,-0.0195826368040281,0.00692074154410502
0.425065334952295,-0.0639398555857678,0.237420185972101,-0.160965209628268,0.0346407237030612
0.544902205264858,0.274340211945767,-0.169407249766391,-0.343708575945478,0.0389705266569466
1.86183299271665,-0.18597084941756,0.119363395661931,-0.0657288124713124,0.0734520335312964
0.339893558292989,0.124000080795008,-0.249637662104795,-0.321755205785454,0.0321584960080613
4.11060106658667,0.0636608142820875,0.201824591222915,-0.280165431146261,-0.00121781693569213
0.640786200880107,0.365942021216796,0.289376754369518,0.149633728968638,-0.022699573178636
1.19231015809336,0.384139692520676,0.0219619304993574,-0.338770297841457,-0.0344997541874342
0.567527568350401,-0.522056032242992,0.153510789229172,0.0610152021766222,0.0343401176029941
1.06871106978181,0.423588626130561,0.0457546944582283,-0.145648021829813,0.064377681889223
1.43867689991834,0.0356961061078997,-0.171347462374884,-0.082824059473381,0.0883295482279614
0.829763735982699,0.617442749493662,0.128100299477445,-0.163921285334542,0.000216697652705468
0.169415472568893,0.638082769909678,-0.00588169907752112,0.117157555849673,0.023783935150282
2.95714424954064,0.235470441008275,0.215773496880014,-0.253550863395203,-0.0263002995955732
1.38629913560515,0.478171106716802,0.171379424605441,-0.153813392679155,-0.046496372517103
1.24269462050336,0.179396416342171,-0.117971595708104,-0.194712307420642,0.0811703703854677
0.943958439279612,-0.0794672746636828,0.23180749546609,-0.272910234193862,-0.0132819655212789
1.01966187397222,0.603241070672212,0.172199716243295,-0.0686236487612989,0.0100140725381521
0.150565387546319,0.686244891337687,0.0102910255412822,0.000963850021572382,0.0202986110072297
0.030906628943378,0.116087257624812,0.11911631125716,-0.367527268100057,0.0168961448006588
2.50127020446367,-0.292762527942395,0.0875574316921388,-0.245357056595458,0.0499184475533121
1.45625590306694,0.0960722527267487,0.0130833945195787,0.0916299062137594,0.0881979893940927
1.04260806943131,0.0943019875097504,0.343450567507109,0.0418469933151064,-0.022605337380816
1.66341521466831,0.0915393122382468,0.111482069209928,0.239825113044114,0.0660906990847413
0.71020626613945,0.457920278986051,0.0389973297207858,-0.314062839834949,0.0268009173837068
2.3521743290767,0.0120292094478241,0.243130247160494,0.115583270487212,0.0494540297704106
0.576231881310518,0.47090694671922,-0.0326836859695259,0.244511739483017,0.036803519053256
1.62464489545533,0.288712006412776,0.273622622650917,-0.151367573355124,0.00736920919951794
1.50158469634713,0.341642146209165,0.0395239373928788,-0.0282754343442765,0.0776861580445043
0.399310962266657,-0.55182856484016,0.135810387014395,-0.0475192139645125,0.0275237286548656
0.369498718120945,-0.0160728858734218,0.0395456020637844,-0.379336429578991,0.0365623072959341
2.37200660147223,0.103891698495589,0.33061584875697,0.0668453211409833,-0.0265990896624953
0.571752746061359,0.694175606921983,-0.0339400697066104,-0.0419976949204535,0.0104243049875539
0.167646767726485,-0.123240358260478,0.261157235489767,-0.033732503963352,0.037510155731801
2.42900347174054,0.0934346685200086,0.324474236039528,-0.0400565583150933,-0.0266443425888114
2.52619477859662,-0.0920021804714033,-0.0332871764364469,-0.16775799469545,0.0856903460010596
2.5803115180539,0.254989857119652,0.201257505471593,-0.0610485102401217,0.0544135168838218
0.25393613533212,0.629793050929492,-0.118039487077249,0.0311327171401422,-0.0022457022057322
2.85875443367745,0.0693241795704867,-0.0697871537563406,-0.282223286703271,0.0727495213760861
3.3361740193272,0.224352148384436,0.00774389235276478,-0.292535007650863,0.0609275098894904
3.22386741888139,-0.246140455402106,0.155401333643841,-0.161970100130147,0.0513235241286307
0.540570048821769,0.170540703769337,0.184127556656158,-0.296184911492624,-0.0437363988725001
0.445788634347727,0.597978331677389,-0.0867166087856272,-0.227041311987225,0.0161492020962377
3.73310915709186,0.202624309944811,0.0411782164811475,-0.0257240553347889,0.0827732743681223
2.59330464951918,0.0109337394964099,0.290413386136587,-0.142375644560318,0.00897067804680127
0.552589131933252,0.277990254478895,0.0109899924278573,0.0448818680622699,0.0822177721791497
1.26991173741404,0.0358322581592933,-0.162632418976607,-0.276322391117524,0.0708880219779509
3.41858624246035,0.368398043820503,0.0258210533626323,0.0582784072459844,0.072171932780681
2.49028301144378,0.399381489778901,0.0515302290300629,-0.232247155912355,0.0550051968448412
0.916003713659175,0.634762136326732,0.101575890774515,-0.0859667606892378,-0.033084140010291
0.00238619356972366,0.613931511640286,0.0407726883704643,0.128816883808052,0.0296605940070773
0.499188008388302,-0.0128726014675917,-0.21202285480834,-0.247039216483083,0.0684580326439867
0.920999661322279,0.323697169740022,0.0705091402284815,-0.338358195665911,-0.0403962842428369
0.86524396632778,0.277330343532189,-0.0941202396012801,-0.197188777762816,0.0763163350607674
2.13751771390714,0.302674726450117,0.244629512195424,-0.198550213671898,-0.0308135472871491
4.261637679958,0.172632293577969,0.262848340956204,-0.10621695513502,0.0212873011578318
1.04151331391879,0.316413653612231,-0.0265451480842369,-0.274862712204223,0.062259041381874
0.710252856654152,0.425276918873341,0.287514119453045,0.0394171705719536,-0.0202372547471541
0.198009241175394,-0.355687776511641,0.130503825685213,-0.290523852853335,-0.00288197579348345
3.47280984497743,0.328554913156471,-0.101755303729001,-0.239831514366233,0.063617632193028
1.56145508664908,0.411057875168867,0.223572509765943,-0.0952312253456168,-0.0501941295447107
1.75552509419161,-0.307145935398538,-0.0724822872401784,-0.102317471910722,0.0824766405854228
3.43850451840184,0.137432770706038,0.286737776424708,-0.142442850170287,-0.00126578115238836
0.0757143712912965,-0.122749647119119,0.327325622103303,-0.00417693086381349,-0.00453155435983172
1.71422460653363,0.206143931424618,0.166295224502637,0.0443729218347131,0.0675744287239619
2.26383530523847,-0.180078367087079,-0.0271754870696283,-0.405697421507608,0.0189524578570612
4.46142072393638,0.113716961773869,0.247809819664615,-0.164851534155771,0.0180554511751393
4.25649017873096,0.31983854803221,0.114762993758167,-0.0490991162116721,0.0644670787711803
0.502918145598085,0.142265404420758,0.288026214937173,-0.153055354729725,0.0091639014866403
1.25729846312928,0.573082284193332,0.175736094388365,-0.0810722389972874,-0.0337152976102103
0.00598255006831108,-0.137145410239195,0.26665320805952,0.226989732440318,0.0245547733008788
0.250888225123237,0.282275469408259,-0.08387485656804,-0.150900666964608,0.0792005581314291
0.609256536861975,0.555269642583116,0.213330691241191,0.0982311173660558,-0.0220928917724134
3.18943465718776,-0.145406905056695,0.102135824208918,-0.0734137202818371,0.0765882196057081
1.45334333163394,0.560594431710454,-0.0896882447579518,-0.028063667308412,0.0524478927531545
2.97591372434048,0.570938680427608,-0.0177154365529237,-0.245930920027958,0.00515460547611325
3.06877822795007,0.391499711641752,0.0510259014292958,-0.343752910400304,0.0142858859381863
1.49280763777958,-0.319570921700551,-0.0328144032486152,-0.0483551385728144,0.0830302512401019
0.113986273146578,0.619020993881914,-0.0123351867627348,0.0115779916170107,0.0426586979572656
0.254177189425853,-0.351566519289838,0.246870061193251,0.158393250557145,0.0213544268283097
2.59930037562663,0.319055685400784,0.0639360314937902,-0.257627677865292,0.0562240050684791
0.233472936057455,0.0362164467017935,0.302838726345843,-0.158444917255582,-0.0163050564212127
2.06892973394495,0.0312164713390804,0.336973490466423,0.00257960537696217,-0.0109911695662838
2.23310934910033,0.317854608332884,0.0744740421816346,-0.374415441110752,0.00595562452251131
2.94048528077951,0.344370118616322,0.0935935084215501,-0.286811415016837,0.0403261243604818
1.48198558600724,-0.326729540026606,0.275246638677311,-0.071938281625808,-0.0131199178863896
1.32277735637113,0.27670492814951,0.16593501456206,-0.233717138503486,0.041821625995745
1.15486140906114,-0.0505598833527595,0.243293861009842,-0.13047304876765,0.0392723305923234
3.29762181148142,0.474974001110975,0.0834470848250383,-0.273391847961745,-0.0158514035950034
0.475300387686356,-0.140710104186164,0.262229446039971,-0.0926250538583362,0.0307031178153578
1.65275676387325,0.219199197751826,-0.0414563572928557,-0.423049541263592,0.0131418674934636
2.35137642447026,0.389869385349423,0.22865888170647,0.0950265165773684,0.0330783033226713
3.61209199718941,0.00893575534553398,0.150063932412045,-0.311558303384754,0.0283105881318041
3.00803606210967,-0.12302264196559,0.118806111303599,-0.206686808864681,0.0615989478755273
0.221649271950986,0.0969030156670747,0.297517645335648,-0.00671324451276039,-0.0607190473088106
0.997254803918393,-0.22273250614846,-0.152247786352209,-0.245456285570175,0.0698072268321698
1.42896485724222,0.610005833142066,-0.118906860172646,-0.163082828474657,0.00320657042069396
1.36719308793842,0.0525338788435975,0.293662695181245,-0.147108906143439,-0.0387167510411718
0.706272798755923,0.652862111055928,-0.0360414061124466,-0.00855905368782613,-0.0260204989530312
0.489113582491012,0.328100822069484,0.184524141984031,0.0912258053080751,0.0540171443156462
0.976126891331355,0.0447017867227938,0.206787431349329,0.259209301552596,0.0450675741182359
2.00232014460649,-0.180847582979031,0.238238140723101,-0.208172785508317,-0.0334456917526717
1.68309512807788,0.0756743653802099,0.100453798227589,-0.0195184675287018,0.0817929001033988
1.5455733272112,0.3815788008584,-0.0344570178870086,-0.00244622462023129,0.0780580020018899
3.48011946522483,-0.0312562597356922,0.3056512604408,-0.0727884360436886,0.000282818524953177
3.56036334674645,0.232602664706621,0.0939395039262453,-0.186171561297661,0.0659550919097072
2.71123401578599,0.336794072810641,0.273374626686341,-0.113311915718397,-0.0223863146891317
0.381528709064961,-0.349002007733534,0.159110521382534,0.112731788066082,0.0550452308098813
2.27503475799876,0.48410507252977,0.0805315989420206,-0.29185832740184,0.016245163789059
1.70883909849048,0.475983307822279,0.164006770292602,0.199747410628689,0.0253347096632776
0.962736276486548,0.121367028346041,0.140031219385785,-0.370163589090005,0.005098996468943
0.196494177910761,0.387821335323662,0.23438316357159,-0.206119849095974,-0.0212930981080538
2.0028234218978,0.191099551010535,0.151818588752684,-0.262444311189637,0.0448652481117168
1.42919313339054,0.623512625975749,0.137931752555373,0.0883219762834233,0.0105311885345247
0.769384372008551,0.286607520369527,-0.192140271432415,-0.310699360930172,0.0438197383520161
0.311699943532543,0.461419826010527,0.0215513670571015,0.265757778525445,0.0344480960068558
3.92875236781203,0.360071698007949,-0.00474492816678377,-0.293995942481995,0.0463379830599695
0.435157875942542,-0.319415549421461,0.102374824632452,0.0468075945118459,0.0698417025134355
0.973520846771948,0.100286343967009,0.169026736065648,-0.351344743079326,-0.0162144775924694
3.36616811224864,0.525311875642024,0.14117499483692,0.0988069962139478,0.029150214410411
4.14884094280123,0.267731070012758,0.113901652004984,-0.145946038825293,0.0627748676186851
1.2666793109696,0.588613369424163,0.010512394304961,-0.197338600997703,-0.0322559266848543
0.490198494854807,0.265587447756658,-0.0406296052874139,-0.23080678395324,0.0721143005940919
3.76326402434639,-0.0571798822693558,0.0098341476254094,-0.352200544890377,0.0471053663644825
1.28810952973226,0.59341690835534,-0.0231239819193414,-0.230587470057517,0.025538370561973
1.36662435916252,-0.168881840521901,0.316771234665482,-0.00427815943005505,-0.0334123668885768
1.99783452181343,0.532518719567964,0.139702471472106,-0.16895411415243,-0.0358073010401709
2.64066104523778,0.0416715966870946,-0.111700127968483,-0.303661954465449,0.0686245866266509
3.19878038341659,0.315210674676959,0.148231785990342,-0.223084851585145,0.0436725182092686
1.45755933388035,-0.100354819234321,0.16721405749733,0.193279894961268,0.062430100470416
4.12561141774077,0.231928545858544,0.0625916576448232,-0.0647820406025448,0.077370141137994
0.65208671820746,0.0958936174712739,-0.186840806139657,-0.0208102526886216,0.0856959662849032
2.17759342365869,0.0102902666110987,0.127560408385329,-0.361533039209775,0.0199249194531259
1.24621036147023,-0.21523534424903,-0.124946875591179,-0.368057707298788,0.0394552208432534
1.21605525318876,-0.223189038743086,0.107410139450091,-0.345176708706516,0.0160170185563081
0.198540264227499,0.545210300228637,0.0673416740856477,-0.22424001046747,0.0301974413647135
3.7038929239978,0.237122207883345,0.0739815478420379,-0.0193919740461151,0.0780413774885396
2.62431651653208,0.178430759103681,-0.0168643458871628,-0.228501326026835,0.0766713763416265
0.117164271347759,-0.545077047501082,0.105214657825377,-0.186537321895852,-0.0100592231701489
1.38198796601865,0.183673656337811,0.303262583112654,0.0693152198176377,0.0228129321256394
1.54250909692957,0.393694157683269,0.0198740275572666,-0.344709444118036,-0.0286508381205622
0.86134623265135,-0.305655671337523,0.0380566398568777,-0.343947804774066,0.0261153828008503
1.37556852927492,0.150929487033644,0.255834052718381,0.260338705182625,0.0221904407531883
2.21606374630483,-0.0278551898037752,0.211157117266982,-0.279109514624122,-0.0319257895328855
1.80277601249743,-0.130422767651028,-0.00443080751637878,-0.374248228859055,0.0425121703758211
0.680538501987636,0.0677365155479547,0.271667175375628,-0.201834569554428,-0.0378795689921394
1.43920032592716,0.543215222967337,-0.116936062295759,-0.227460172985396,0.0322974013410748
1.1359211490596,0.252983208655594,0.20745337613026,-0.093021067633291,-0.0706588457540075
1.58247027056729,0.642799811896365,-0.0103365136573522,-0.192548036486912,-0.00449624165958995
1.76091591478146,-0.0615915639503108,0.305834522003901,-0.0705765224402508,-0.0418223343230844
2.38899778693364,0.411653255988043,0.126876017269133,-0.0500825029163325,0.0596353696711014
2.0746376606338,-0.32806808346167,0.077762980679566,-0.335387853520945,0.00515431474723294
0.320635811062839,0.403261131029611,-0.210865316417161,0.0560543416621166,0.0518088551455137
0.360070024255433,0.185597544140199,0.250210444780203,0.262928745845606,0.0225383887953329
4.5886046431618,-0.0196796894614369,0.175226167519855,-0.167395293743597,0.0505997573818275
0.247322995614383,0.214141204977534,0.0638255834898985,-0.294986244027176,-0.0626562678677862
1.88182259989845,0.502761081582148,-0.18097686926425,-0.19955402634934,0.0259271493039843
1.12983312704994,0.447228094845242,0.267684137542421,0.113069391523578,-0.00678787577918076
1.34613819377357,0.447316071219586,0.135032925353631,0.224213654758858,0.0344529609333234
0.950312861204708,0.247448569578147,0.131484020949514,-0.357338890269043,0.00948142707780492
1.54195574330784,0.362409076247481,-0.178058906999061,-0.318764934253474,0.0287923870115395
0.428927923757907,0.266363422494501,0.29268845809059,-0.114278471566535,0.00453663375490901
2.85245964667829,0.307968287274307,0.0581658583674324,-0.294502067888637,0.0494525966959307
1.61002274797247,-0.212930958078547,0.292241401521223,-0.106728554232057,-0.00869085492492293
3.32229472231851,0.160361271474019,-0.109750887881482,-0.368226878556591,0.0440192624395015
2.8503886349113,0.482349514669637,0.130142392247402,0.1651059174374,0.0349064630857482
0.116156191228168,-0.313164291192377,-0.0630765740813067,-0.0426478200582227,0.0825198040777056
3.11514768598369,0.328094785000634,0.25487924270527,0.0151915564105739,0.0297599704993857
0.650001109641428,-0.0281268645863754,-0.178812446465348,-0.0584675521426196,0.0879112912219709
1.21176469689952,0.193842031327515,0.336165144040349,0.0485474606677058,-0.0185211732665066
0.301250213584802,-0.281544573399189,0.226936913269395,-0.213564938291649,-0.0174446062299555
2.16205629063407,-0.431990292588539,0.161544414331831,-0.119450580591252,0.0344796934117268
3.04483746617434,0.512420884667249,0.0357396400848288,-0.215985179838176,0.0410285924031077
3.92132374242419,0.101990304960354,0.0963123819111489,-0.0764935860954954,0.0777393226346473
3.18503406831744,-0.00189266676588745,0.298772229666234,0.0303538200600678,0.0242193834343098
0.386474382578738,0.419676690519657,0.0903002053811058,-0.264066878545302,-0.0498577086800401
3.60985762251297,-0.252590302718426,0.140983008759018,-0.222467467117223,0.0418008068567829
2.01827352597973,-0.167690436272576,0.252526126801901,-0.0833806573052498,0.0357979954451993
0.330122713578903,0.281010130534346,-0.259810357052088,-0.10180200361558,0.05801974755444
1.04728446132522,0.249793334295424,0.171972804112255,-0.302925504130686,0.020102949622927
0.0994874190709254,-0.0965429848119867,-0.0672430491809871,0.1001284682889,0.0890507947101768
2.21278612391661,0.282302202808976,0.253376077756194,0.0764706656608323,0.0374501302113271
1.24414386532151,-0.260805131477812,-0.0734392561434327,-0.392151392614416,0.018326566982641
1.0902676743992,0.230646231803783,0.135167459911745,-0.0167430227089294,0.0717591393105057
2.80447217646877,0.392934582236259,0.221055140549519,-0.127948022260029,0.0263419865478336
1.56376664069907,-0.204394763707518,-0.168029585593378,-0.195902843043085,0.0767450075335682
0.569432262710093,-0.0465690800452115,0.202699724882007,0.126418022279407,0.0597162983849035
0.630939709744058,0.464084235842982,-0.184143694149112,0.0362038473058413,0.0508034621293034
3.80581911315665,0.475645528788326,0.0984429776997268,-0.245015430120486,0.0204914334376885
2.70750977914817,0.417255088754929,0.0773932371471549,0.149500316953761,0.057243549594107
0.705877481690703,0.214777168011981,-0.255349912392264,-0.286844593947248,0.0345130302134113
3.75442863409851,0.439833434644394,-0.0372537535326228,-0.210195733310616,0.0552544541648947
0.768504868690089,-0.505871593505881,-0.0039919313468904,-0.0727948408761135,0.0611735764563388
2.04006987088546,0.421975673597144,0.111874224624911,-0.312444603305295,0.0110528591487697
0.843276852923942,0.326723456521363,0.0554535380737326,-0.177718654643228,0.0679389800586928
1.31060129922847,0.135714778356792,-0.0541686698779747,-0.414898622467613,-0.0231983303622453
1.40355492100953,0.286029811481989,-0.213682548324392,-0.0873753195800215,0.0707988262241754
2.68899844129983,0.362182725958761,0.124410743657714,-0.245729001291937,0.0419764623119565
0.45126190899169,0.469968407239423,-0.105350229277943,-0.329350069711971,0.00323274256963435
1.94653786569852,0.326835990219037,0.028068428078014,0.0772093145931631,0.0774723888382303
2.2336948437055,0.0111184975585512,-0.0289498601695311,-0.105240378260747,0.0908788364124555
2.77275831589431,0.117326198190153,0.234009617457029,-0.257287484674181,-0.0229180546778564
3.40222829519027,-0.115941068744529,0.170168375675585,-0.294900086462762,0.0192118811826837
1.65120420202802,0.0832271392115168,0.184094887864257,-0.310762681976418,0.0197799784446168
0.916517055107057,0.195818404198955,0.281769127995999,-0.016479036937252,0.0317924572211798
0.842718407343632,0.675678803842187,0.0345555937161219,-0.0482897327141662,0.0241582653641123
0.615900597434486,-0.282489519179172,0.243303382036299,-0.181562479647091,-0.00293464055670343
4.0246342019334,0.504069723617372,0.0811144825216699,-0.0869325359777346,0.0470727484320071
2.27664968123938,-0.226254986727205,0.110712538919632,-0.331557517586584,0.0212303688329216
2.45735602691682,0.40749283681558,0.0356575862277059,-0.163691783841763,0.0651664690453537
2.22374748823817,0.483430160889684,-0.0936838772843125,-0.0155469508228525,0.0639627278552946
1.20292910745431,-0.183383369172457,0.159971770938731,-0.227727005751886,0.0443349545178362
2.86175451194154,0.290958573120545,0.00390451251466943,-0.0536420886424071,0.0822455941147071
0.688659741038894,0.402530752264932,-0.120125288044089,-0.0295609630087934,0.0730693503994295
3.36523886309781,0.385372010804969,0.00740016792225396,-0.345335904578004,0.0226163968567585
0.182519684678771,-0.212996037223244,0.302402918368727,0.00649333848671635,-0.0445014560004319
2.09480899094101,0.197594983608951,0.30000897272357,-0.0340669925224353,-0.0450524669489163
1.18361722870145,0.248566870290424,-0.101228037024678,-0.41305072167142,0.00624185475675799
1.54074887692664,0.434278802165595,0.0902288300366864,-0.209775957980196,0.0493295762188149
0.621023956839164,0.230097467113738,0.313785338407511,-0.00458452509610836,-0.0442072478722475
2.02448258343827,-0.0169717971534702,0.0469870287447675,-0.30772675705909,0.0594676847040495
1.15532275901863,0.515109887062471,-0.00168115546690499,0.169964695173855,0.0470941703954389
0.522854932792255,-0.318214204695303,0.0984764670668708,-0.0686960155875386,0.0673887859131557
4.49843511236218,0.286933243551283,0.221263729231659,-0.191023839767177,0.00616784633592297
1.08589430224846,-0.512298153905411,-0.00294161155953631,-0.129282288984212,0.0550851567101043
2.22662110647014,0.463494528786432,0.0421659260618032,-0.302712635040049,-0.0256520339124025
0.933431511443882,-0.158773327643501,0.026269629676329,-0.388730468851345,0.0270556602562008
2.58369442668747,0.412262708260437,0.0233517014591385,0.0361462761246962,0.0712966626591856
2.24177653561677,-0.118712711786085,0.21135721852257,-0.0989450058486288,0.0521318394965292
1.92362084896819,0.356516376887938,0.207835989454171,0.246023246604584,0.0200531394322171
1.69320183908999,-0.0775573192977747,-0.0790541132303053,-0.174809973911828,0.0865409184098578
0.763202627263344,-0.049887313012423,0.312202523176942,-0.122381995053558,-0.0131371137035308
2.19356749117962,0.681315381604202,0.0311373577210306,-0.0645892525074048,0.00677037419407403
0.88923817038718,0.511737065859757,0.235279421932977,0.0628487233895742,0.0092085776841873
1.4585231398057,0.0538383228701538,-0.0030548610014026,-0.425142894529946,0.0223483713834272
2.52878967239152,0.22041656294858,0.299828009504483,0.160347774609658,0.0041036591340893
1.69355474675543,-0.118176070021778,0.00125046706959958,-0.372318643564624,0.0433910910177043
1.86561329918409,0.306616311027759,-0.0573626774241322,-0.165853161019117,0.0782848693907008
1.95680982444866,0.125557769359599,0.223791668555808,-0.00107852437197922,0.0562538981347576
1.37899872637454,0.387311338163528,-0.158558617554704,-0.155798063681204,0.0662188815228736
3.35877449814898,-0.215936304579299,0.201910352305354,-0.148148880263825,0.0402166746807427
3.87566001873402,-0.017318981101181,0.115338346697309,-0.166144043089988,0.0683604834348878
0.655957904066333,-0.217180023660952,0.208691304316377,-0.0993769818848089,0.0461008113979584
2.51478066156189,0.127597329014848,-0.0523629836761035,-0.373615198824445,0.049289056393548
0.781918038075502,-0.237074433600114,-0.113543778983895,-0.381058531520611,0.0296898292683813
1.64367678660853,0.0573213966037209,-0.00386656729061176,-0.189386817732044,0.0829624968149501
0.415822130673166,0.602186758488829,0.144666098449941,-0.16245694304896,-0.01656779769263
2.41987261458362,0.122639616147352,-0.147477268995599,-0.133174409677056,0.0859836165794435
2.05461450226507,0.519347933126896,-0.0845213397691075,-0.131239842701869,0.0564083469757634
0.609481443714953,-0.249583467336242,-0.0684416868187283,-0.401159925789597,0.00652243023493508
0.0927103938979101,0.269753218173652,-0.215268351692417,-0.336933411203897,0.00535149752670002
4.64244376086383,0.259657490282869,0.218069337518076,-0.162825672003773,0.0239141361201639
0.129676614108135,-0.298630309208556,-0.0921269460984791,-0.0428610137276242,0.0835458511491794
3.04014198081864,0.568566420684798,-0.032894982443089,-0.207500996008951,0.0313980904763249
1.53457376374259,-0.236831459779335,0.162244955357044,-0.310380079551255,-0.00931038465254288
0.317647156520369,0.453090613346469,0.143376447352343,0.293145747088446,-0.0023988311768322
1.995527719825,0.330074227561501,-0.189174627319644,-0.134159474454567,0.0685473240918685
1.98250712193791,0.264131193262798,-0.11620169903275,-0.352906665896636,0.0459756383272284
1.39165970253148,0.559238413913694,0.162080130598492,-0.172789845509703,-0.0216627390551997
0.804417460706927,-0.219415847039054,0.267344277809677,0.0684604364885063,0.033386130838421
3.59972117103609,0.160410802470444,-0.0417355308355706,-0.286308691833586,0.0673207298315269
0.512903963527657,0.126268056924036,0.332516297309907,0.0994038998983957,0.00232341138654804
0.161482553743628,-0.058026375546184,-0.149571917253631,-0.387778804057227,0.0371461468972432
3.48994703651039,0.562363386147961,0.100921278192278,-0.194388029592452,0.00397043822084355
1.57298888916967,0.0419426732706237,0.085371086626746,0.226433961494106,0.0721526004641543
0.967621520930667,0.681337116505428,0.0335832901858582,-0.107372814137655,-0.0152163198014371
0.884688667297908,-0.00780874950070373,-0.011952606894483,-0.433022510199556,0.0140797898068737
2.64677804647597,0.000542515586259967,0.264845108917801,0.0729473227733812,0.0428012247764693
2.60818964647908,0.147213620154694,0.204138872339532,-0.040283043874151,0.0593234090947354
0.604953565893388,0.152898499525059,0.0758983003954845,-0.195516290254057,0.0709165967470469
2.81196693930446,0.121542540352094,0.143656490069831,-0.3570655738321,-0.0134824533871842
2.13126637682194,0.354744188544274,0.291743559617979,-0.0204127475346205,0.00336604223154782
1.68584672085617,0.42543958435202,0.0902371462512612,-0.267525691000223,0.0382045040860693
1.00491940741483,-0.0469178116635781,0.300719053827776,-0.0318580232850065,-0.0542199674252346
0.78505437588411,0.0307806291160716,0.16408353209012,0.164116140588127,0.0663013060393163
1.25085907034271,-0.065263303685248,0.00625387054666813,-0.40134516857133,-0.0310614320000737
0.756471088176854,0.577546193994792,0.0838638268896293,-0.123498421572757,0.0390598227134943
1.3440690025938,-0.00917022929144525,0.306178616843146,-0.0896606660793474,-0.0431480803659629
0.842818779528452,0.527197103519854,-0.146516816456672,-0.171530162198812,0.0429409721096328
3.51504838425008,0.528618669183384,0.164269123006697,0.0603605624113947,0.0236007399272328
0.0577603940162596,-0.240686717083089,0.25338480897697,-0.180991949027371,-0.00451232775917491
2.4054407790422,0.231695970332495,0.0624221189053246,-0.213262049983889,0.069223282642897
0.542515406985545,0.405928245612686,0.257436176794533,0.180993134326794,-0.0300471375153973
2.07689142504868,-0.239451054850098,0.161499753710836,-0.22033980259688,0.0410646377497785
2.22064389094297,-0.0372630028616608,0.219983737347883,0.00369876854784649,0.0579413112824976
0.86651684870524,0.545764165280982,0.190972480162553,0.116313932796511,0.0161899239050734
3.01503356035768,0.624744734303258,0.0350352578704205,-0.158155382110749,0.0165164617382984
0.489586728001219,0.502825219027775,0.0992454139806966,-0.10873774535056,0.0500080134008869
2.32630838849827,-0.0619051693653254,0.181602652109785,0.148575452921358,0.0633341651944276
3.4216215239464,0.429460464250865,0.107997775822716,-0.197667270667409,0.0443581030892359
0.180895017035266,0.445346009339024,-0.106930397809911,-0.228772924976417,0.0541403813552513
3.38974807445247,0.193513191878834,0.304802829145216,0.0342646677731224,0.010403397653035
0.469721763924708,0.353491777124,0.163524344912441,-0.253882419955061,-0.0481213584832258
3.4572151162937,0.319419698934877,0.191069497930603,-0.231142525033952,0.0226356328879864
3.21036723981778,0.42950859632711,0.19346166110168,-0.181356252954086,-0.0271205932656632
0.171705222107066,0.517015643283653,-0.109232830285323,-0.292774544214519,-0.00302566492446316
2.80106754326657,-0.0253313058154106,0.290416538895168,0.0836675012867634,0.0298738301269537
2.11358313068976,0.248733543604985,-0.104463285446196,-0.291206525198206,0.0644745164733417
0.0513920721717955,0.621607668839081,0.112120168424283,0.120519634172763,0.0171285979367375
2.66024068325869,0.116019765578514,0.298194107746653,-0.103996187195388,-0.0352388426484487
0.11724671280865,0.307928657565394,0.223458337224985,-0.132023755240509,0.0352247121002583
1.98312910196534,-0.199525113487748,0.0453896993348088,-0.392546089104007,-0.00301891887585864
0.257541102717049,-0.463296518446916,-0.0391889655114824,-0.0315743169281366,0.0697182006264522
1.32622343628308,0.059681735112308,0.0177417411152729,-0.0977401600487076,0.0878814725535261
1.16558576387479,0.325319089694094,-0.120505985454858,-0.372872949641153,-0.0111442547150157
1.68193811225948,0.0100976616134915,0.22223162966822,-0.265718926052232,-0.0375175064693479
0.0973557777774109,0.153227994460516,0.219094189127696,-0.28192912664934,0.00516851731757964
2.74344813127191,-0.112908595042606,0.307880442503539,0.000965290875783974,0.0132366757091027
4.9486117211034,0.255560043302534,0.0816472632904811,-0.187236706212025,0.0601339035496496
2.21213148702776,0.206434149388772,0.186080930441457,0.00831051586099465,0.0632571818415074
2.14646858297706,0.219790943238725,0.181156302929516,0.103307279878651,0.061640100966031
0.0335027812385142,0.349490517658605,-0.181965859331962,-0.301422897334603,0.0386303497124835
2.31669034971975,0.263229764937141,0.268660478852563,-0.162750673902617,0.00908865166758574
1.79405306903029,-0.12097012940826,-0.092842500222957,-0.149445096042374,0.0877226304380392
0.505678603250407,0.276068907998894,-0.267241335990776,-0.229585658011184,0.0370164868669974
1.56683175819822,-0.0158972828698987,-0.218524390590222,-0.307107266575386,0.0550081863194306
2.69635532305867,0.474434056584101,-0.0927371439961836,-0.0279977886888408,0.0642304015726542
0.616111346904587,0.443867564687934,0.179479185443248,0.22422654133458,0.0237174193915121
3.01187623173431,0.059378591746318,0.167103768588673,-0.324370309601812,0.0172536889067317
0.707389064335613,-0.256060500034323,0.0938201620067786,-0.127690368167209,0.068229316032727
0.770730585633253,0.251988844525155,0.14750614210353,-0.317469985971659,0.0242262114426353
1.05989578398486,0.558825618709536,0.137271645895037,-0.215539585320833,0.00299729839973529
0.852903026044174,-0.143640283579339,0.311785413004802,0.0865657679216924,0.0145815318119967
0.872743664405146,0.550081243364864,0.080720795973001,-0.272074003271031,0.00123267986542197
3.26923602788215,-0.143399153877076,0.0296393184321225,-0.373216864462294,0.0314050011624415
0.709430047205388,0.31783698572219,0.239701135990155,0.108714209681089,0.0383899652257488
1.17850612437512,-0.0169363320170674,0.130087311917127,-0.354098719399351,-0.0358292312214708
1.79579683621131,0.340771528260574,0.25863182262937,0.0913758349283766,0.0289612958884006
0.806078851945481,0.0190304630441253,-0.142822557168059,-0.232029397421395,0.0786423111881978
1.30289714913871,0.091868907297166,0.0791524834898874,-0.41063679413002,-0.0100485098263032
1.46546268022821,0.496475015176044,-0.0599523176126758,-0.153100683687807,0.0600991496078377
2.76894037626231,0.000552355039564067,0.305157639578259,-0.118737667109318,-0.00507157639542425
0.0693025146806172,-0.00270930615338488,0.258535731780639,-0.239667627289215,-0.0226300226708456
2.44637080055239,0.419402557965875,0.240057874123933,0.0269800161338576,0.0263135460664012
1.4295469573351,0.244484454206549,0.0849618003372855,0.136914399136855,0.0741811772325723
0.245925329479767,0.592841702954968,0.138618945246879,-0.0983472658032664,-0.0403960067216374
2.43412352825264,-0.0892357158112326,0.0206181224085116,-0.391986225608526,0.0320613211029785
0.945071641305979,0.000522362321758908,0.238791664283086,-0.21425625331364,0.0251157323660262
0.440782416615901,0.275384705622248,0.19921375374018,0.301677412072749,0.0223337499797251
2.73965549759191,0.241381157916141,0.0184540497562758,-0.239211586126151,0.0697204771968601
1.31042122387643,0.412167433375605,0.267507772440835,0.0545704144399957,-0.0399532318766813
1.15243191834532,-0.259399255042428,0.101696884173101,-0.0129513329045983,0.0742337520231564
0.0794687230579527,0.598039760508841,-0.0461313580204871,0.0621687887287423,0.0430936174322537
1.98565535736464,0.224535260989532,0.0821257371889858,-0.39379286360537,-0.00783089481774596
0.931989258484744,0.153933981365136,0.312687412505739,0.186772743421159,-0.0341933835338565
1.92021652710379,0.141715397865519,0.328782222161227,0.120176140237436,-0.00409344062227941
2.92233644486401,0.372112991898015,0.139485183766134,0.147483175318871,0.0528211710215936
1.88414068075914,0.296493279182443,0.31039676698194,0.0950959388728086,-0.0215555258787301
0.242527115439105,0.555810612812069,0.178086548813018,-0.129005930351382,-0.0344333079271089
2.57440735215406,-0.129324045320253,0.226294604815115,-0.234091619818812,0.0157759409974981
2.76951032468296,-0.100340602999772,0.180840699914064,-0.27379133643076,0.0285559939653178
0.099772125811211,-0.178856719043089,0.319651455291391,-0.017706425692595,-0.0288907493163415
0.395606557397239,0.0146034503065085,-0.254503336050003,-0.331946289999777,0.027818330023044
1.42056534138366,-0.023502819709873,0.265474605554277,0.0360450434257294,0.0439582060701076
3.2551481344854,0.525915302476,0.00285424862867958,-0.0706146093623673,0.0559709262879501
3.62982818021369,0.116188801126922,0.0679538960780491,-0.018804752925291,0.0833096351250249
1.51592274745292,0.589401380055465,0.108010664084285,-0.16685125028562,-0.0303725496189233
0.521336634908814,0.513254049551665,0.208371450878922,0.180883877515015,-0.0178306519125909
3.68880676943943,-0.172937676857805,0.23054014592469,-0.190662341576209,0.0163339002151992
1.78165727301947,0.553796188304077,0.15881128526124,-0.102058194434311,0.0270322454207107
4.59757154809068,0.363689612958944,0.0735707134617543,-0.113239846607024,0.0619510619072049
0.335067944764264,0.192037772276865,0.297245221127371,0.202693484885153,0.00955998260191255
3.61856760353471,-0.0531333693756105,0.0516376217561911,-0.317067511564508,0.0526082151485928
1.19909982203815,0.507485100841438,-0.0669873355678536,-0.318116198175357,0.00840233699559061
2.59088484649326,0.2972264192768,0.0671767647470894,-0.369367255671678,-0.0180417307295692
2.69859236299406,0.357142454744749,0.0550844564513817,0.0678783361971524,0.0725321208742348
1.85222796138069,0.0357081849581424,0.00428050596193546,-0.014099055841572,0.0916626488292897
0.194501688076593,0.603516720603693,0.0260624594326125,-0.249843816876546,-0.0073885771256666
1.15016752712197,0.192231019992457,-0.045212875274734,0.15142590715992,0.0823999262899626
0.925501178150501,0.0868759622481952,-0.0249952354144969,0.111243909674136,0.0885620137769624
3.44395354163182,0.111565995753618,0.28512293102537,-0.145841759650071,0.00240618723174173
3.21827756976456,0.431007749972778,-0.0571488944660844,-0.273723068048003,0.0463692485051243
1.19478260045186,0.286829354981113,0.213129772533126,-0.0635766690232909,-0.0692154563429212
1.75842391256828,0.205892288465452,0.317294456417753,0.0410975098061073,-0.0390244239038024
2.50178461857926,0.601840595940883,0.12261711075118,0.033195535260078,0.0260267098558284
0.0837690635876604,0.361783800438637,0.0625129517685904,0.0128465376874008,0.0723385313263915
2.03277713675717,0.322810548918402,0.0806193872904366,-0.373541713934557,-0.000435689954847461
1.736995251391,-0.430218044441215,0.176631469376513,-0.0178960724958604,0.0413851033372512
0.167653687953585,0.48095188232301,0.178216713930564,-0.133782453285621,-0.0515538705830836
0.923626391674296,0.226949071614511,0.250833498705352,0.190520280082752,0.0337313534507941
0.0276891530676056,-0.482152724122447,-0.0440998796039805,-0.109140294668765,0.0622720262827951
3.07718668864706,-0.164577710452303,0.289631958355878,-0.0821996555124108,0.00665634253034339
1.36815955297699,-0.240769201738065,0.239425533754628,-0.206072521580039,-0.0237127505441211
1.71591168230066,0.528742139034695,0.032060605565601,-0.218575445801854,0.0417963761148585
0.0676652721662856,-0.392911278459194,-0.0994802128528919,-0.0703959675596699,0.0752961762456124
2.21605366555178,0.222238943355683,0.304889791256224,0.175072633950739,-0.00932221075967891
2.30502642315069,0.352656383900313,0.0662023790881651,-0.365667111086047,0.00865738503598667
1.73027809530428,0.181749779879925,-0.00733406513945078,-0.289078373287826,0.0668103634625976
1.55269227792809,0.505905923114545,0.193131248239573,0.191039181640843,0.0023563860717537
3.27493125104408,0.14109603263555,0.120043412942276,-0.116572453818654,0.0723154349095885
0.23754827673451,0.404650164924448,0.0511354684624659,0.0584318774978201,0.0691994697459157
0.662326827599003,-0.275544355461622,-0.131692035536268,-0.235086104132441,0.068693573227491
0.250362000103763,0.180485902750341,-0.102523997053199,-0.187487808793324,0.0807425499371105
1.0666076403843,-0.329829984338176,0.289998306313995,0.102532712693593,-0.00321029918683743
0.765055680958245,-0.52195179281809,0.110533447006558,-0.0765627264574222,0.0396244809205862
3.58088493929861,0.390726295539925,0.0359910880826707,-0.0245986661702391,0.0709294926813605
0.158778436195946,0.0464036938940701,0.296838717555841,-0.0355204121944288,-0.0597154187465163
3.7525295255005,0.346508777697792,0.0926754840089844,-0.172735371810378,0.0591621262519135
1.41906016508772,0.432485364734535,0.0758373758316284,-0.334714329387216,-0.0160519406423969
1.12924745654251,-0.229436279846106,-0.0498823526559116,-0.192450981215058,0.0783869260606044
3.69380847501558,0.329374064608859,0.271308970664294,-0.0854707075113824,-0.00835125199865886
2.36856286702045,0.273166595191632,0.215883985205313,-0.0358520834998383,0.0505483752732831
0.301723662392277,0.643745483391558,-0.0850014280086128,-0.0347976150060635,-0.0197160123120671
0.261996225395906,0.485404602031949,0.111505299365197,-0.257781626007087,0.0223694672359622
2.83757800343235,0.574926875183517,-0.0393825550431745,-0.103125705062565,0.0467430833968003
0.520171952693078,0.231284952772406,0.239259689077193,-0.158367935982114,0.0315102752657749
0.504301543170548,0.0418780260020366,0.00645475424710741,-0.22407637629503,0.0766221895857593
0.484817851666122,0.153007219211264,0.331566784665368,0.145029543139645,-0.00886265191843902
0.235247606675024,-0.0057288058840371,-0.132366100243255,-0.420644648399004,0.0190674700488313
1.44254884958454,0.189232756961997,0.0955618702641747,-0.0595397755364167,0.0786208469676931
3.74648665674924,0.475739896180365,0.0459862242742153,-0.290369419605355,0.00789376562165998
1.60514673962695,0.648891208158276,-0.0234606632263538,-0.183228606716773,0.00156567505480016
0.697376146095204,0.111144401636429,0.33410417492318,0.103580714574786,-0.0359103085577435
0.235718919779264,0.0737325275093408,-0.23262389368007,-0.340079054554433,0.0356926958023963
4.04419744408766,0.506806597666526,0.167818602988066,-0.109890269574593,0.0168880901889126
2.72947249977483,0.323578432892379,0.204866365957985,-0.0388404476523434,0.0491841486069815
3.02540500044002,0.235257594133585,0.210398529293004,-0.0829775280521604,0.0505077859872073
0.00878392442842599,0.372830728366247,0.0956698697887923,-0.283074614367391,-0.0509117564275504
0.935757632885854,-0.263817004446219,-0.0494872418087294,-0.397900412413271,0.00211948553627313
0.856544383642262,0.177943939561493,-0.165784253471027,-0.390871323923062,0.0261362957470695
0.414786201439204,-0.084906872055388,-0.212356628544887,-0.372460788324607,0.0215985192220714
0.276799798904044,0.394790657634044,-0.127477101798192,-0.0580769348669071,0.0725660245887696
0.942854082108761,-0.0589453625320354,-0.0383944319956251,-0.435827741438349,-0.00214144263553876
1.36658986787458,-0.412623170731204,0.160767796298048,-0.162624770075396,0.0303099550929487
1.58619013187379,0.523506385808567,0.094814617791808,0.097524615205583,0.0478236530476375
0.694103473549252,0.140517518914065,-0.0646868935931725,-0.424724608681283,0.0237116914108283
0.595726273540542,0.288999295438277,-0.151225549318012,0.0389583839677348,0.0783854824481616
3.17565444040906,0.354609980892821,-0.0399956352707038,-0.34301798157909,0.0364594397223267
4.34914398596018,0.33323315407505,0.171206506799113,-0.146861461934993,0.041898031429799
2.20572180406472,-0.264595104940013,-0.0194930990138578,-0.124777619597592,0.0818339384768998
0.190993392699512,0.173170556163881,0.243812427865638,-0.0053790018403832,0.0466021089356409
0.403841728644585,0.471095167810336,0.201758723840554,-0.1069801490656,-0.0502079780164647
0.819570906473044,0.229708609912439,0.0262861967371882,-0.360862758594843,0.0416892212496004
1.90470093152639,0.170501368459841,0.230429328587065,0.11495924725509,0.0508036151299039
2.06755677060415,-0.0835425813578478,0.174295077816481,-0.311375677819067,-0.0317987354329868
0.155515465641032,0.116839192506405,0.0612208011063356,0.0377922557011705,0.0838709699296259
2.22271626581657,0.494250666374136,0.233040049645764,0.0935598361006132,-0.0204042891729152
0.0222085725685996,0.332676707100233,-0.05773337950918,-0.314371861193601,0.0509346639524424
2.75827875708696,0.522938343705449,0.155615909926163,-0.191568167647006,0.00997712588099748
0.0546774527755799,0.0424132732489614,0.11615266007459,0.307119361502338,0.0546229031548354
2.10189571690129,0.680494522901497,0.046510633956966,-0.0590514333175238,0.00895896658169174
1.82648972351168,0.435039396576531,0.0647523366266947,-0.34078322542335,0.00444649871444443
2.5521987648576,0.13999135043775,0.186267099961417,-0.300755973869654,0.01961286622694
1.05015259388041,0.409906882833192,0.0141442655765832,0.181766184643058,0.0612167439823923
0.278133613575208,0.386476176321777,0.0764812678299816,-0.0656217881345742,0.0679258289814758
0.428127859601755,0.603131839253634,-0.156110053678141,-0.0245005496143342,0.0177041962714444
1.27249305489283,0.351804907199172,0.275944096620061,-0.0979346878764331,-0.0368378746055061
0.959096714252251,0.00679852803532221,0.0421969959398354,-0.179667965221833,0.0791166915728919
2.66081617763303,-0.269242887331082,0.154973601014519,-0.266668849146004,0.0237346344553151
0.575318576182962,0.589899700816733,-0.0380181168085128,-0.206156628697915,0.0338308743576544
0.944939651360045,0.181774940544714,0.232756064049881,-0.0939017114405143,-0.0696265761892477
1.34555054406898,0.449079840236141,0.171525349566061,-0.233508085539418,-0.032138984346683
4.1519573484333,0.378560547200715,0.0341531124216371,-0.125486623379624,0.0663891036851205
0.753753692195031,-0.0144290048737571,0.315047300208112,-0.0785525054160126,0.00687566852136546
2.40901835740219,0.360146126292611,0.136944734524853,-0.322496199257113,-0.00634645483406806
1.15002581637133,0.549163357260237,0.198212900318844,-0.0717075166372123,0.0156870256017257
2.52960871413945,-0.182622770907565,0.179823677590604,-0.171620602142739,0.0488549499262309
0.042992383186832,0.0928266835275976,-0.0515071994451903,-0.384971738481944,0.0439989099956018
0.160939437502206,0.0150083363512003,-0.209276027664675,-0.383230428620314,0.00757745885694484
0.736756586932585,0.358725787280489,0.248818163524338,-0.198532477498116,-0.00994168377759703
0.715077064468131,0.594408117098326,0.0160589007103866,-0.126550736236066,0.0436083810904619
2.08726090469627,-0.175925798464382,0.157379863054072,-0.329040558473826,-0.00438465493320628
0.985905264295589,0.111882768541927,0.323608977825277,-0.0587872129215473,0.00310280463370259
3.7254446420236,0.516232578194304,-0.0286989901800218,-0.203193954115047,0.0419474456014068
2.16948973750846,-0.1305375475132,0.0224347441918398,-0.0899172581006854,0.086619208464311
1.75620900991266,0.304890494200817,0.253266508886629,0.250046432247579,-0.00073367677576996
0.64777174934439,0.359668106987157,0.28370684261702,0.165953333629959,-0.0267537989629305
1.87895618228624,0.382245474563062,0.0457671684418004,-0.0359660884733169,0.0739165190128489
2.09990563348279,0.33779955285888,0.0362256035351368,-0.0462680012414957,0.0779090497197769
1.7845783003779,0.435857129589921,-0.161492420505776,-0.300954980734718,0.0111819751502326
2.54005455189073,-0.100481103040726,0.112947588929271,-0.369593747227559,0.00955848597006056
0.0266068135696401,-0.518781439813149,0.200122768049477,-0.0562313458263309,-0.0131932414879387
0.451547742378086,-0.477759465831583,0.0716664173429405,-0.261766626026729,-0.0170157501430661
4.13101942812086,0.303545280695508,0.0476960932753276,-0.242314417584718,0.0575773207036535
0.441601331046112,0.548464548458771,0.0145011920239107,-0.195336263780113,-0.0451412090817277
4.42953847446939,0.114044751110408,0.0710181424239666,-0.218280441773207,0.0665068670283619
2.0666610866867,-0.0496216303459816,0.0662500605251844,0.134799947488419,0.0826754032716581
1.56688952490991,0.540100156077812,0.0444914888495353,-0.171363087632502,-0.0459499131719096
2.65439923627597,0.0427113573855731,0.281545541025334,-0.0624657807244899,0.0310952707143698
1.88259058325011,-0.0448865712532844,-0.174249763269793,-0.356928931535622,0.0480212284451246
1.19763232752638,0.537189834072449,0.0574807077639658,-0.115989407064304,0.051332913235007
2.9849695853688,0.59057579898762,0.0672358202144025,-0.142793747759282,0.0305400543575414
1.36905976734422,-0.177074284173187,0.092855916678836,-0.352969189777872,-0.0329775916666787
3.82453484898642,0.265998289297507,0.109040712869748,-0.0834324263233071,0.0695314658398122
2.97501675511552,0.173585843887958,0.112997600396867,-0.0904127613324017,0.074711923857725
1.88119729446394,0.12034113041122,0.199023389702562,-0.309218866485566,-0.025780652060851
1.27970328782994,-0.289457438865793,0.303221500340428,0.0890317313502281,-0.00968198040126395
0.558104850625691,0.456599945816612,0.0901417233390586,0.20379695563955,0.0455366454172497
2.42822895807594,0.375980358845543,0.169748803422962,-0.239569218405004,0.0272239699242076
1.23073583533434,0.16188447056632,-0.0746773723008398,-0.124998741576476,0.0879496330213054
0.46668257258591,0.425213008566991,-0.15509104470709,-0.258729049402049,-0.0277631660955824
1.40727388746654,0.394270495837975,0.225221209665176,-0.215740638937941,-0.00361755329098759
1.44123190786822,0.454238641875163,0.173923862494447,-0.2512970548975,-0.0161519362460183
0.621599633583237,0.154849877850244,0.146339834998839,0.0470818498506766,0.0721333786332991
1.10064763529255,0.695462763268818,-0.0115679515011042,-0.00447613940778203,0.00240096165368913
1.61503481533775,0.547576856191546,0.167446350869445,0.173814730253346,0.00514121857878815
0.654236744445975,-0.372457130180905,0.22845930240397,0.0990614383759857,0.0318276247573384
1.81773084662908,0.109183667972217,0.16445499804064,-0.318910287844552,-0.0391532567491184
0.0327339320673191,0.210387760568013,0.273015262938144,0.170175956201058,0.0273252651121641
0.0943000229368652,-0.134938244308684,0.00734831374157364,-0.338330593564297,0.0496672717750513
0.224974655593724,0.15703647555841,-0.000398427261713308,0.120771028462306,0.0843542207783254
2.6790102240609,0.159341278152654,-0.0380985329453527,-0.363725537023035,0.0504786280195145
0.167537276525982,-0.278577062120498,0.242931226671966,0.0712030982729022,0.0369238155935772
0.269888029838017,0.579883627295307,0.187635878436176,-0.120740348308901,-0.0151812183934473
1.48755391551563,-0.0630059732620603,-0.110112400802422,-0.387507088230433,0.0441429831209902
0.141401697951976,0.30546724587337,0.16786932081039,0.156178320536581,0.0544609675714791
3.17298947583951,0.343229817971837,0.117329231020568,-0.322305845942218,-0.01597359676885
3.08759295735139,0.223304208227302,0.124925836243115,-0.0696668636218053,0.0716324308114647
0.125715370267477,0.444259627860598,-0.0489846631651773,-0.329697923002921,-0.0265860187973929
0.389021059536472,0.251676840489816,0.217455555402165,0.0199727994116615,0.0519220448025894
1.48050696670547,0.0243626832563163,0.167746603726635,-0.297969591531632,-0.047927605758238
0.95009221764819,0.179878380596409,-0.100119331604354,-0.397055341089132,0.0368645099939732
1.72572306733002,-0.174198993270435,-0.0418026443651296,-0.182708484391202,0.0822102053804998
1.39827928688884,0.541963588609979,0.161625151086204,-0.204495175821231,-0.00548094293492685
0.851005132060811,-0.236182697654787,0.299866155622946,0.182275968969808,-0.00265203797165134
0.318393101595503,0.660100632211214,0.0951234588215916,0.10878989650119,-0.0048606230037237
0.0389929924109474,-0.0482544142967866,0.228760355607609,-0.166227741776236,-0.0646782000510608
1.69738799663806,0.11501306254294,0.251252862476729,0.275291918262471,0.0211920634263896
2.04249581843815,0.658844406670966,-0.00470336526414719,-0.155520514266551,0.005728395394119
0.899476199724695,-0.437674179878529,0.236833838665954,-0.0409217356764172,0.00548614597314545
0.604536357502985,0.274086181855793,0.258175884476864,0.266056226380136,0.00330548154438724
0.877915830000769,-0.280168826459599,0.197976132023637,-0.000944447982254217,0.0521286702459934
2.82575933684487,0.132752704018618,-0.116384684110587,-0.347549334447535,0.0549064477314805
2.89669239285475,0.118156456445867,0.310763318221829,-0.0933909387669406,-0.0177868043091103
0.135124460193596,-0.370480446062912,-0.161825454784415,-0.180055680984166,0.0647550532450498
0.743804022824975,-0.11238791506442,-0.0982847882107802,-0.425663647609946,0.00298206067529441
4.01174872930315,0.197896262237103,0.136052404026641,-0.0630790146447211,0.0685613449985456
4.13075724212001,0.347022013206138,0.166103172033981,-0.132904940868121,0.0453216310660771
0.102383247395722,-0.20402516864777,-0.0657540676893131,-0.0734686256459868,0.0870052801993877
1.02329502937481,-0.451532625411857,0.236818676763028,-0.0336215740773897,-0.0000728037080564049
1.23878766609635,0.422321156392485,0.276760447680012,0.101385715351484,-0.00194992444643023
0.160195747012149,-0.0321492208505732,0.339076175088746,0.0251611323529849,-0.0324697731808994
0.760024209780811,0.00256858281497732,-0.164523239965297,-0.265897499383549,0.07200336072223
1.28960902498883,0.605117409982405,0.140981334215404,-0.0156491772082738,-0.0368715794379354
0.358691760638786,0.293072609957535,0.287155420034615,0.153677091859392,0.0139492673351006
0.594595327961916,-0.47472929320401,0.217595895110862,-0.0743923054881302,-0.00514498885670909
0.248709455509389,0.493922835901635,0.247766548490117,-0.0481389909034159,0.00227645678944442
0.636849503300783,0.491362828509803,-0.0406364677747924,-0.332496384999559,-0.0074543622527776
1.31018315032788,0.127907730872811,0.147725984408822,-0.00130735646363507,0.0734284606441855
2.28786609261092,0.212926364593298,0.233568340860295,-0.044889862988823,0.0481647933287017
1.44760103483192,0.35319260655095,0.248837176875416,-0.17284088084891,-0.033364363296272
1.8923323147187,0.0618033084335361,-0.138500748814786,-0.134581001716289,0.0882055039811924
3.04688953229727,-0.0575785575457562,0.301624014429273,-0.0470462678068983,0.0152947852653187
1.14511379646902,-0.197828365828047,-0.0896009730698976,-0.408829558485694,-0.00341614102307625
0.0306606409277032,0.203886619894933,-0.23193397252599,-0.0414354807935558,0.0729245781355167
0.485150729304108,0.198220935156502,-0.17576590530841,-0.388027530918282,0.0178049364166103
0.0290453940527287,0.254785960971843,0.273966713811217,0.251537237327875,0.00122285203945034
3.94083664679898,0.492468784366527,0.107603125762297,-0.110240592713478,0.0429946361549973
1.23149232505826,0.36836485483317,0.0615244845941036,-0.238216288112097,0.0561187317645539
0.619463803495087,-0.157303790798553,0.280591183987221,-0.116964041974799,-0.045333626759531
2.52769466271504,-0.142475499137375,0.297396193053469,0.0881446581371128,0.0208119571130358
3.18998558863608,0.0457091830308147,-0.0523542148604105,-0.388649512091397,0.0424783410096668
1.35326869946668,0.359927321089286,0.221571408990642,-0.239391385913866,-0.00448411338444021
0.0325584536139196,0.150440746338744,0.0423098187184534,-0.283943917369723,-0.0681475842848792
1.31226723412125,0.278721259311536,0.251955485772916,-0.0828463759268173,-0.0586791362326686
2.67829544180841,0.39472411337963,0.0820069394547256,-0.025599703762623,0.0682573464008231
1.28587898286571,0.065340387532081,0.327286431533745,0.131262095792049,-0.0368989075383022
0.293117762580025,0.0730518447285129,0.100754961353684,-0.0330418063727287,0.0795515258000436
2.3447602286243,0.560176733772879,0.197573337550781,-0.0760762502067501,0.00107326441479678
3.80556981510396,-0.00873647948145982,0.14412929735977,-0.134653973280661,0.0661311035824462
4.26322908897204,0.25132078090209,-0.00302467636266926,-0.268476373589004,0.0610885150867599
1.9623083474607,0.348321744481384,0.000418185217204747,-0.257475370076842,0.0615009560723529
3.88971031737094,0.372425742140569,0.142843827038196,-0.260437526924837,0.0214708589123461
0.681874497301172,0.437187362444882,-0.110753807517872,-0.304130812089819,0.0377561251937782
2.44576025006826,-0.0729655826207548,0.26708650700661,-0.0615668088538322,0.0363230390534725
0.70831926873265,0.540329472902969,0.15867945982004,0.151568861811064,-0.0380739072484188
1.69987025878373,0.659055770932364,0.12626014894598,-0.0307363294372878,-0.00046223800021327
2.76211144957591,-0.203496341051552,0.208556264672017,-0.25732879583861,-0.00758812233176702
0.0630814220384102,0.363643713846686,0.181546128276879,-0.0324978133281395,-0.0728919665909414
0.292241706789858,0.0818740615901556,0.0976831128982989,-0.394476220104977,-0.0231868241035076
0.0540296477904551,0.296510410645403,-0.186775960453363,-0.353759811933296,0.00220161765995329
0.205095595836633,0.51029220007065,0.198690734642816,-0.142079213980306,-0.0365248335578839
1.49134408151454,0.077456087973815,0.185480768260123,0.255225105437075,0.050449785533626
2.06098743127626,0.350029214595686,0.252594618627513,-0.161768447296437,0.0088253755627618
1.56157835932041,0.420945458169087,0.226248750926776,-0.0933387667007423,0.0279292322166771
1.26360374244974,0.494587797318438,0.159791828285831,0.237440549253974,0.00639270739079812
1.31455518763731,0.369909995823868,0.0550047333648342,-0.313390657263226,-0.0431109861526404
0.323767897992697,-0.375720915037516,0.129222957068388,0.166774171761838,0.0554048008138671
3.29717516551092,0.534531019191374,0.169766079513745,-0.0991869792523659,0.0186725775610122
1.61485025520312,-0.0894082932740715,-0.181722620621039,-0.320356709267129,0.0574805823373396
1.96151514043041,0.442786030544646,-0.109594194160219,-0.320377564564349,-0.00737702130557745
0.151598331986066,0.405109971684909,0.244932875321841,-0.0437926754456865,0.0252265511099532
3.79850622567505,0.0329982108850899,0.221797411438434,-0.098592372956916,0.0485518908017184
3.31071994085687,0.360268146334348,0.181106723313133,0.0514930114216856,0.0506558240170464
0.539950465540891,-0.235433673268569,0.0610474569384828,0.0781996498678766,0.0798835485726141
0.340344592623651,0.441948911342022,0.272097399826403,-0.0603581603814231,-0.00701509626243131
0.213583256946614,-0.247892050307922,0.106607313521314,-0.270077193028091,0.0414633530686751
1.96709908189989,0.49387549346505,-0.0636781615545002,-0.308010734273114,-0.00999866018862629
1.51233199675496,0.345878608417088,0.0276547614403797,0.144580649082971,0.0713146004640979
0.68855292717652,0.253866710763769,0.183628575832564,0.0270960963679115,0.0609147490649565
2.89143383169305,0.133751017974429,-0.0288550267972075,-0.424073176174959,0.00428975723135245
2.36438384588626,0.527312377298605,-0.0711773449607542,-0.0236429473248146,0.0582987436282016
0.143755567301556,0.118319467613288,0.302601915455705,-0.0467107266449931,0.0198707617217127
0.294616594678196,0.66237412757542,-0.08923986664547,0.0145981815531227,0.00374544502232239
0.0869420571824148,0.126753308467686,0.227611625627807,0.192500273396987,0.0456362897346451
2.23025123737384,0.147208396632816,0.332576434340029,0.00862113047598925,-0.0110512777560403
1.89551449033217,0.631945445506997,0.0617013395206249,-0.184623184122117,0.00868589796168013
2.28931993229114,-0.131565841817493,0.132747376852461,0.044668818252865,0.0754465177829811
1.1641894162669,0.100818043054879,0.223193882321087,-0.280861797924568,0.00859374600619504
0.267363865102167,0.534643363059656,-0.0540271944328253,-0.305546390196279,-0.00151989181293185
0.911273659531646,0.353050753165975,-0.0154364589584745,0.236333203111555,0.0589899580674054
0.639040112343239,0.662650938215267,-0.0504550021593815,0.074896143579285,0.00497842030102883
0.422261903108584,-0.147207034920048,-0.00272464573223067,-0.00334866199334338,0.0888371131233167
0.685519446052994,-0.298690672169163,0.033728230277397,-0.353451714059027,-0.0265853725583544
3.7285301144166,0.062311954881276,0.12433376794641,-0.353727972694037,0.0151314395746444
1.5574743202916,0.621812237857322,0.121898683298242,0.125993479226878,0.00229850109851315
2.11293578867473,0.519479603066609,0.199368726763371,-0.0641218535890468,0.0220427137380872
1.99955462331621,0.512193450859995,0.134314682641936,-0.22706025742512,0.0175473808514759
4.20308584824111,0.184335142193758,0.158881274945019,-0.313470469540792,-0.00079733454581906
1.04066521599031,0.416231375612993,0.179030365553802,0.258411147928109,0.0180702629079801
3.82857146383576,-0.031845658787294,0.253904301403391,-0.0963113872967839,0.0344914989356029
3.40516719204099,0.0709597320673466,0.104145791792649,-0.352157190673473,0.0297478877583015
3.52782946526315,0.235897528715945,-0.116675851455951,-0.316557958210312,0.0542111801348552
1.70395925013658,0.411522789179508,0.105705621435387,-0.294826188268615,-0.0346688049460596
3.80986196616234,-0.10120065802436,0.0295046876590621,-0.302680294934997,0.0572361741927686
0.402485579814109,0.0760640595956561,0.227419206985949,-0.290595175536508,-0.0143258899943529
3.48762396694229,0.504392934406513,-0.0473202366841945,-0.0710468745227751,0.058576169453515
2.97343520290394,0.0919623905732334,0.254686551631872,-0.10964894031315,0.0370546691570137
3.61909293316439,-0.0567275206682107,0.087565273137545,-0.320888917406241,0.0437718371080322
3.51273917158255,0.0102519499634191,0.0569366820250184,-0.370269466561258,0.0342541270809187
2.4807578177491,0.518555243327807,0.118753482206037,-0.0273611751794515,0.0475476660701107
1.15802640667775,0.620438554417859,0.0669553981414434,-0.158919619906321,-0.0299089953326328
2.85821692497929,-0.0160675028708818,0.149379234032009,-0.181105899881617,0.0616397339465826
3.12744421948512,0.343961481326735,0.284880470756224,-0.0133604494507634,0.00261760383322268
0.364975818534637,0.0880324081101784,0.125099318694353,-0.301173177270469,-0.0589005347405637
1.54700364772418,0.431803397424581,-0.0693215585723494,-0.23638025691101,0.0581013716927548
2.06959519453773,0.0680507790584571,0.141700149508178,-0.237962499798546,0.055516097601296
0.665162494695956,0.355844321220673,0.118440956661081,0.316882486061007,0.0268172919718402
1.27503262531768,0.553801484324027,0.0429116975925009,-0.257208419458233,0.0234426140668414
1.03892189611306,0.170969665083473,0.280435764334079,0.271014720804765,-0.0041264506740666
0.323434481692929,-0.330255781107048,0.194452546640071,-0.232888369682111,-0.021142359803399
1.8150230903966,-0.0121892155920127,-0.0456646162717801,-0.122927734721692,0.0904621666861337
3.44835689564633,-0.194826449011883,0.0754477248969681,-0.213792267972794,0.0641730080048571
2.24501516575903,0.416871667209741,0.263230077290675,-0.0697873659998688,-0.0267898717722225
1.70157688422868,-0.229859548035103,0.0499465139785767,-0.288736867940184,0.0533486905030286
0.340700330153086,0.0557864352814335,-0.0305549965897658,-0.440273995303248,-0.00165844069290053
1.38806751296016,0.38501918967446,0.0494145312636205,-0.370793374246399,-0.00106125981631723
2.50647367368975,0.358719975990132,0.00550144133530408,0.143643138490319,0.06973435361439
4.43590225302446,0.208256844709373,0.184337551190854,-0.254695659158328,0.0205293374070223
1.22908243607582,0.479715120836811,-0.115398392740967,0.103581547746838,0.0548263585160964
0.115262992954763,-0.109523623403196,0.107006887160906,-0.0187893169140378,0.0773644095920912
2.54958186781975,0.0723704485955545,0.20066958661081,-0.293606133235928,-0.030002965439188
0.129903017526643,0.589259508662918,-0.0481297207660856,-0.124508562490446,0.045328070890237
2.88416403039459,-0.311605686306997,0.201845853755096,-0.15995732320098,0.027598287649354
2.05858733660745,0.426634126679274,0.268731775005982,-0.0718937650134067,-0.0142042327561407
2.39655060387914,0.636594032638423,-0.032120159147868,-0.165268438673186,0.0166436083725714
0.207873664206072,0.147174002664387,0.265675189112177,-0.209639014763463,0.00488222390380871
0.246925574258564,0.347733021132925,0.296179816486809,0.151927447329579,-0.0110645074521807
0.818156186223006,0.494586652845942,0.100687508700739,0.0740694365115932,0.0534292450182205
0.53898080473655,0.178773479300964,0.155633316927609,-0.342234808200572,-0.0316816318099621
0.474401963479157,-0.532146240809304,0.187336574552723,0.053182239907501,0.0171963491519645
1.08655632528215,0.221960409842838,0.138292557700201,-0.089370275652938,0.0687060537934862
3.14902184344924,0.119068742394942,0.0658556781164461,-0.018339195024548,0.0844519772338335
0.451371207812616,0.546586369915897,0.186486947797854,-0.0534707468710036,-0.0440165326695302
2.18256464111478,-0.10322281421461,0.00103214645777996,-0.291448200153968,0.0662401301790896
0.848839206002507,0.492721148230077,-0.140423342209205,0.0941737530337221,0.0490908578042747
2.82315642890528,0.240194666424453,-0.112524259074347,-0.296975460915992,0.0620600486593088
0.232141817436029,0.603187288317409,-0.127825229470312,-0.0324610872759801,0.034743473228195
2.07709424476719,0.0551377240675641,0.215143435001345,-0.128177266605435,0.051359996821104
1.75126860972549,0.407332644730056,-0.0119435306103438,0.0794333123691731,0.0721228439952891
2.27935757747053,0.0541345077394678,0.224630981702382,-0.230507500004786,0.0284285809543773
0.00950538661873058,0.467147384998646,-0.178484385234474,-0.133146989512632,0.0517660013756431
3.71619475433268,0.138665085343725,0.255773074258708,-0.104313775036378,0.0324944471265676
1.0573213123235,0.669813200399152,0.0648501267832283,-0.135377422000646,-0.0102818915972185
0.150567984546791,-0.14041952534234,-0.118053201786673,-0.414718839314736,0.0119756284430642
0.546738734867053,-0.327398259172586,0.273109518078866,0.088418020928584,0.0157397572192923
1.4143508690957,0.156680843138988,-0.0285724833406481,-0.02016389893123,0.0906753189764432
2.10627995497575,-0.247598191118446,0.114838200770132,-0.239948482001134,0.0494968783233562
0.970667755715413,0.264105844853243,0.0534551483749171,0.244543375335186,0.0633898335880737
1.66448391867326,0.638579496833119,0.117231083902161,-0.0906752621840635,-0.0219323039703573
3.03657819982385,-0.176498446972004,0.226987295519511,-0.170442665961553,0.0294499307405286
0.336104153376937,0.102197798826708,0.20191727185063,-0.310826384658063,-0.0286288887382075
0.326983863837311,0.328435860901543,0.240288262091777,-0.0682147133934694,-0.0622217882122191
0.014246827216619,0.57691538996922,-0.174907327710612,-0.120435899335926,0.0158599409292819
1.94143778521845,0.497062715686591,0.236580970906812,0.0596676837207818,-0.02722057183934
0.00329525172690469,0.431750618950695,0.175077248675508,0.0786106689247473,-0.0655413724657215
3.85697101063526,0.2762452293389,0.0985377251854599,-0.296797592623521,0.0387132349763822
1.26156191717372,-0.0816083952065519,0.2407726994477,-0.181794760264714,0.0297080746277439
1.45782336075147,-0.0848403002267889,0.206093734062089,-0.190094956782541,0.042504050408122
3.05860142065565,-0.114779337351059,0.14474015482126,-0.0247708707486926,0.0722654331619911
2.97991143899275,0.577947922994122,-0.0232139369700847,-0.237150998914325,0.00980417316280781
0.0979848178078183,0.16584460011606,0.308378555188029,0.114847079875864,-0.0519353132599825
1.61054143096691,-0.172809894446103,-0.0335414923687,-0.415590190964366,-0.00476598620736929
0.742876652597357,0.505441383579363,0.0000172413427249433,-0.160918538213172,0.0565526026358851
0.66627140568748,-0.309902609992446,-0.103642016629729,-0.149078420490016,0.0776890531654767
1.64942467362798,0.0618690404041912,0.320336111802528,-0.0549908149807166,0.00783816980251953
1.46626194348632,0.508735075454973,-0.00125079930165223,-0.294946044513162,0.0277504026037901
2.13018859704245,-0.179721887398731,-0.0792069553751184,-0.386956294863707,0.0361363911858567
0.0548314457623705,-0.413086277075266,0.261138025110097,0.0792670383221427,0.00103368159295561
0.915832389294482,-0.0739314152846127,0.186894421503394,-0.326212240860685,-0.0122042269172483
1.58685152011765,0.231267826879121,0.325278266397459,-0.01673199998044,-0.0223323082629381
2.84343566824554,0.166538524281868,-0.00913496418167117,0.0339887239758994,0.0885313005653723
2.19627293392054,0.450749528671586,0.144119789038722,-0.277969487692378,-0.00858560754502967
0.0844846944748192,0.425690954467374,-0.202318395414032,0.038686382625251,0.0522948460380709
0.565069908244434,0.067357891104017,0.215961175260252,-0.245075343343371,0.0272535923706928
0.729887379299492,0.66255873435296,0.121608806354285,-0.0373164733202463,0.00932821661659816
3.16389226358739,0.193554283218831,0.0770518054830788,-0.285278660630522,0.0552415217490528
0.183490186262241,0.481546081616173,0.0660167533435083,-0.148147993135148,0.053578800649331
2.24740950134719,0.369927327258407,-0.131090554391027,-0.324900714763873,0.0375350476244949
2.88413336184048,0.378864463765656,0.282567112155727,0.0342010571333784,-0.0153216668878987
2.34972180118483,0.111585456412884,-0.0992979502976172,-0.137557911676456,0.0884796215237371
0.61238778203946,-0.458590492429522,0.0586152434688719,-0.287874321491734,-0.00570906159314595
0.587028550918482,0.409929698883856,0.29179368102853,-0.000455568862479806,-0.0214054393114206
1.68060680455,0.330229699810925,0.275462839315184,-0.112272874965411,0.00996368797851764
1.68361435107411,-0.041688218522637,-0.108069544039472,-0.211574186263544,0.0831104046584971
0.36848741130967,0.222149576931804,0.137643352076752,-0.340117398535065,-0.0369207990243717
0.260123113742091,0.325182299653789,-0.0565332516568672,-0.286566892627911,0.0586502318914014
1.85223288685249,0.574391070779251,-0.00864030894969753,-0.232408946541019,0.0299524029365782
3.52904244968946,0.31476998483165,-0.0934696569602791,-0.238383073068516,0.0654703631492518
1.01267119026633,0.385099037168039,0.0261170411809989,0.106893530681362,0.0710903980039014
1.99383301820698,-0.0372676729066622,-0.0572116908347712,-0.420715630353928,0.0276762624108053
0.355920910220534,-0.0699586615844977,0.0956788663255211,-0.35030966974039,-0.0452323854681083
0.0652344372626067,0.621800635686374,-0.117912131245529,-0.0979887371821807,-0.0154589706701762
1.07417302963511,0.324327193240289,0.300392739755765,0.0774504876144157,0.00794377714737429
2.22570205042763,0.466926887618198,0.118900682207138,-0.261386419042876,-0.0284592550141812
2.69773766106762,0.118985097723854,-0.101302403661255,-0.143523965384151,0.0875285970532735
2.82131833754138,0.636810424808139,0.0836049752245877,-0.0197310923924788,0.0217724255223465
1.2141976131533,-0.086248446663166,0.300778738327024,-0.110393748992035,-0.0378429745535169
1.18463746999382,0.459217792648599,0.159487173819778,-0.265087081810976,0.00120608339449858
3.45308743259451,0.295248829368948,0.285107134602782,0.0723657975119666,0.00925124182834516
2.97737001597517,-0.137536277719977,-0.0613138484990073,-0.235494195410824,0.0771821914702445
0.419463704044902,0.478561703141611,-0.227834538325378,-0.14479091563533,0.0230055033908095
0.974829952620976,-0.206798489044549,-0.00108539769400535,-0.375085525132874,0.0339715469936111
0.692274894758485,0.280172783995505,-0.0859377531500624,-0.367141002182226,-0.0315654920608673
1.26673933608976,-0.210420562760457,-0.0799159080053682,-0.216044199085336,0.0773708656327496
0.194591076811519,0.225906501895887,0.313350884121454,-0.0683996680221932,0.000265709686918723
2.30390569756615,0.225108394359607,0.139457626607931,-0.34727932316094,-0.021812411875341
2.85673490332688,0.631408183377684,0.0205182216923787,-0.168088292179399,0.0111041523642589
2.09274682921902,0.583933477316723,-0.0271859969052589,0.0428898737739141,0.0467734648802
2.49938387100027,0.0662299080231119,-0.00435800584181587,-0.428744646175784,0.0111585162738033
0.0228531073200954,0.156771197198054,-0.0628285635288533,0.0250053538542646,0.0890300004350571
1.60208915867063,0.144820291073451,0.241899540594593,-0.264307744271498,-0.00486383721281417
1.13499175753487,0.511196809952778,-0.0633540271578449,-0.00166057774990279,0.0628218366609563
1.70578929185275,0.24259614911527,0.0926503106890532,-0.125391424751043,0.0734460504312331
0.0504584205465339,0.394489382374253,0.24880012518998,0.179550654490239,-0.0411413830712352
0.218356003958343,0.492552593564991,0.209196331759579,0.0827530247793932,-0.0488536987017418
3.78279944229619,0.137617565554943,0.122959357382005,-0.255417528837427,0.0520820035387493
2.04556874150319,0.649244850833713,0.130701994856977,-0.0336679160860812,-0.00638327383309544
0.284442139844283,-0.214868255833508,0.306964633075691,0.189955284266128,-0.0143541461891187
3.24694204392046,0.430716482023099,0.247526119196733,-0.059190723344401,-0.0204657752471395
0.997931432321884,0.373928739629541,0.277276876040771,0.0577633511953485,-0.044149501414568
0.0788369804800539,-0.00106100742706439,0.131691153145357,-0.213365555977952,0.0584162449241319
1.2597028122617,0.347546698493908,0.227933387871107,-0.237716179516355,-0.0105719706667227
0.454544171248745,0.491477365885332,0.222129985276278,-0.0581540523685588,-0.044513212118558
2.42876473218769,-0.157591106752124,-0.0508399870267627,-0.368564441175027,0.0457392008141712
2.55640882740649,0.200618980328486,0.223985821775405,-0.0837043108349474,0.0489129134681154
0.73936241539881,0.527070190201617,-0.153320509508479,-0.245573521455314,0.00449580645335587
0.618885602024256,-0.265997555952566,0.162443148698938,-0.149227424011739,0.0498908492474268
2.46151999566343,0.318166433246778,0.0179252097783893,-0.391060551416352,-0.000817447489780423
1.52110074999773,0.267065204100722,0.320251431200093,0.0538174524080345,-0.027555654992666
0.431698441798685,0.395177469949814,-0.0448692886869257,-0.157612147661797,0.0705039617588393
0.429151045083305,-0.154574737902233,0.190492025108167,-0.261735787427062,-0.0462996081342822
1.14465631311706,0.368519500206909,0.0902104498106274,-0.234294170182329,-0.0595191583850212
0.265600259946835,0.365743288862295,0.146722913314555,-0.0904737730146481,-0.0736223496678602
0.405665590628582,0.254669937724326,0.234329751868374,0.233994326419246,0.0299257844103133
0.891745479455176,0.279775513726248,-0.00148319953290985,-0.347580540769635,0.0457866935868548
1.4502051350532,0.151722744138418,-0.0474636605902492,0.122985874898713,0.0864520191487316
2.86283353713256,0.108494641848733,0.230808713045441,-0.248507490501984,0.0146727814412191
0.933005778894686,0.588885335763195,0.0184073318886943,0.179818151218267,0.0245095423773924
0.598536656848992,0.126342745109824,0.0925799566049765,-0.403625077304318,-0.00277438882209053
0.923934558471046,0.364035593218118,0.260053543059242,0.0740509694125506,-0.05249994239097
0.84366675763482,-0.310980280301876,0.230908857393906,-0.131993413853065,0.0215236055433918
0.482317746335044,0.335869723392023,0.256421333366705,0.211730690267891,-0.0392964291351984
0.35361116073141,-0.196563030541243,-0.138073226840576,-0.391263484897789,0.0231996741944943
4.38239147172879,0.540410291908195,0.0669150764202201,-0.128956207568244,0.0334736303108244
0.253632222722202,0.521886407069064,0.13670951704668,0.248923512372355,-0.00265591914618933
3.60626594468115,-0.106193526386684,0.28069693222707,-0.0581455762589016,0.0217930980419578
0.590712172540152,0.443156300734344,-0.012786886343074,-0.326919888488218,-0.0301956872644313
3.61253855729175,-0.167337967141318,0.0772864548293353,-0.224604362633102,0.0632076516880854
4.15973635603105,0.345154354419173,0.135231966765544,-0.0169912631813882,0.0595816433438097
3.98910312179476,0.315114385233572,-0.00150230854122377,-0.306521863070839,0.0477402450388751
3.79032349742521,-0.103316202152252,0.109391817454711,-0.240901276170629,0.0564168681097485
0.163889838549693,0.627422686656298,0.0567665130586374,-0.00666839828136531,-0.0433683791700893
1.21162461792417,0.224588682066398,0.143742612966389,-0.204547873280533,0.0558768061640883
1.82815259560151,0.598599815101258,-0.0866349401235508,-0.212063630102347,0.0152612560143623
0.977064183176065,-0.184395112370154,0.320599820885878,0.0385541169938943,0.000183726624352159
0.922191819188994,0.0714070628808946,-0.045051544008781,-0.321405931987343,0.064397057106089
3.08319228359457,0.35515832829731,0.280425593951052,-0.040511319127382,0.00138767247619083
1.31529411835616,-0.0449945950452043,0.30191048675304,-0.137950088455458,-0.000816832650195966
0.708888518765464,0.145339811073831,0.248139321592196,0.0184338151945925,0.0478057860077232
1.56385965803695,0.163548051150369,0.205380595306553,0.0722844043299049,0.0598779906570403
2.79440782345095,0.299188919184113,0.219551484968225,-0.236701883825531,0.00923001576525899
2.61930147279268,-0.0499008417613242,0.111587612446399,-0.0334291032714727,0.0796705629255048
3.67356425910916,-0.172979472645211,0.203911180439674,-0.229859187945514,0.0195513131123771
2.85550846338114,0.442528693704705,0.0169183939494331,-0.0946153566021886,0.0672926985062981
2.0096037369702,0.574625445301978,0.0459461138954182,-0.255223274937709,0.00861853047337949
3.30554106708134,0.472072718058273,0.0996371257887514,-0.248406838097656,-0.0243592974823819
1.94629521437349,-0.296595945734178,0.246873371684538,-0.0678354501622509,0.026844012603611
0.988971586301472,0.181614840612789,0.128418938839129,0.0706431002441054,0.0742723432606984
1.01932567778152,-0.117473207318134,0.289141264245721,-0.139008070637847,-0.0359621903574601
0.514422143888113,0.481508401509172,-0.0662838603890823,-0.33711933524533,0.00317787570420114
0.0209087522355849,-0.342043249111693,0.227847075169204,-0.168472762695521,-0.00104824587511183
0.0615787459240041,0.424882497016849,-0.0956204002044975,-0.299856189215263,0.0417623647442446
1.89368269433161,0.513844119499584,0.192130666839301,0.176312422906629,-0.0136695202275284
2.72913523893235,0.26099667019193,0.0132512620864196,-0.351367491115036,0.0435554669785412
1.78421621526935,0.0286425270444598,0.0570110834106109,-0.414225336781979,0.0125212253843126
1.47037744703744,-0.308457110141703,-0.0771940143460728,-0.323817276093473,0.0475231008759416
1.34787751022578,0.108449520001767,0.0760483004998334,-0.322715376297575,-0.0560206495502937
0.884849353522987,0.109781842807055,0.147974748660412,-0.17648731606427,0.061770646856892
0.00277764583452815,-0.298066584630103,-0.104511419958113,-0.0480471685615197,0.0829482061043416
1.03416063752961,-0.00851868811066454,0.247619010105165,0.136587706380828,0.0473269610970539
4.24589235179274,0.145058772628187,0.167260723593345,-0.109970801245185,0.0599194512036951
2.07847319258293,-0.0371338812577909,-0.058774710812906,-0.109224775182475,0.0914199575355086
0.943725868618096,0.559741584503777,0.0517236222516653,0.226393524485646,0.0145911588391126
1.38326210841132,-0.310737655973041,0.279143031693653,0.0625274507204876,0.0151114795358333
1.6798715489795,-0.236447145037114,-0.09791531792697,-0.389424278602442,0.0247725503709832
0.00551724998666394,0.00514208493068323,0.33997992093559,0.128106279387578,-0.0266314808878163
1.85370108697602,0.200770163387765,-0.0381751100889732,-0.257431476712922,0.0730954332352792
1.20451616590304,0.149469250626516,0.328346738995031,-0.0659739638914605,-0.0157283411010627
0.677286417505559,-0.00366257508018763,0.0198134458022564,0.119244080408671,0.0869135543606889
0.106420123639707,0.597614517864202,-0.095726927737205,-0.136237429353165,-0.0278959960870425
1.24697266314172,0.384637031741607,0.113447520033705,-0.200256793049697,-0.0611039936305335
1.13663022621659,0.56787563947045,0.130818526425543,0.194054746847482,0.00667469933445693
2.14824237124639,0.439894339142953,-0.0969648461015337,-0.0715144218224608,0.069806920956941
1.34760140682651,0.164805498253617,0.131554669560891,0.130626738614006,0.0719051938124232
0.998632959047143,-0.336979053527148,0.182294119286172,-0.226317235680222,-0.0328597455350524
0.41971809045614,0.693570897470409,0.0731759254259761,-0.0105676317859236,0.00718214553698617
0.962371952355313,-0.405624318710085,-0.0200797745739193,-0.309165324271978,0.0328602896511278
2.1141907700281,-0.133466858995031,0.284940788152672,-0.143649929708334,-0.0277196741356977
0.600107682358543,0.321193867429911,-0.048522923745665,-0.325871298500006,0.0505238382501217
2.0578533169589,0.345412326369002,0.0874394698239293,-0.363198773386922,-0.000161233183345788
1.46977330074151,0.661334986437405,0.0651427562007537,0.0908300181313429,-0.00774739602051449
0.489153333956682,0.21040099956884,-0.0974046651446832,-0.368072514971538,0.0461256188092855
1.20720812416907,0.171391135510036,0.0282251377146768,-0.191213716039753,0.0775553522521078
0.884763832516402,0.460659482505929,-0.0903572429317427,-0.323456700917222,0.0262256673278567
1.26788402312275,0.671742242278193,0.0348383059355497,0.0727897525620012,0.0128423662370163
1.86499748292256,0.0638023486297456,0.131665592219209,-0.329726424797035,0.0347236316455501
2.19006482827785,0.149055967011906,0.0378397460336208,-0.0746354908763501,0.0859887645546513
2.50057366003805,0.610602040008576,0.12642694617224,-0.0349900870827265,0.0232643759736909
2.82415580435998,0.237376574893571,0.0563548124482681,-0.232583972384403,0.0665910673275565
1.63328751498761,0.0527952032738505,0.142287054521211,-0.337293615156276,-0.0397857660198574
0.830725061816954,-0.246304565044221,0.122778687310682,-0.0620852523899836,0.0689209165444453
1.30446345048561,-0.142138276747879,0.272608190859245,-0.175850573910186,-0.0305860690400649
0.161756098362967,-0.0246622281374985,0.108871820712915,0.0914698450083024,0.0781927829222466
0.99116187149673,0.667478736432414,0.00675135466461184,-0.141059105795932,-0.0156350579791753
1.49496941391278,0.0512602962184313,0.301303166194564,-0.092323535158718,-0.0461403039882614
0.735963319229946,0.437425558660847,0.0764036530643782,-0.0768819008418087,0.0636217135643769
1.44651244077795,-0.285413980642105,-0.0850956346333235,-0.377752296911688,0.0242713280136762
2.71493243660084,0.149383021891103,-0.128276664026343,-0.230596150188825,0.0771757907625774
2.51807642027633,0.451331648399919,0.0511682682143198,-0.330724465594741,0.0038234891599038
1.99803958033335,-0.151195044262732,0.197030435850921,0.0370033029022859,0.0613862327900128
0.102744940374771,-0.410939353693694,0.132893833486987,0.0217125805314845,0.05509071394099
1.70211684834595,-0.0954426715304306,-0.0976418501235425,-0.358037100760747,0.0541968193848963
1.80544688330696,-0.443192464599681,0.0900359872512254,-0.208392975616939,0.0369243857867451
1.43845136783748,0.374210578221274,0.248427042044212,0.0947769578125128,0.0293833870168143
1.69560419194575,0.021407019008734,-0.0394256436245322,-0.397853766716372,0.0419750020447896
1.23628818386087,-0.214293516792568,0.125395836906879,-0.320033370721598,0.0240335085032415
1.42599212804138,0.466124399302034,0.249890938134819,0.0973004917819573,0.00828299442841261
2.25364277803901,0.328915911801055,0.182283479208927,-0.292975626621448,-0.011360861810231
3.07483926924053,0.54615947878677,0.165436464058733,-0.0325399024970105,0.0257097720816194
1.30103403932954,-0.18260720959267,0.0452495251609441,-0.269306397403495,0.0612370164771878
0.906203779640757,0.654845832814788,0.104417424520611,-0.0166817950249442,0.0202198835546874
0.410974331735455,0.390063932692583,-0.099593867847345,0.0378787801144404,0.0738793480523921
0.704681388516708,-0.330337095191087,0.113535691622881,-0.313634214225695,-0.0176038512054149
3.55105675404689,0.534548171178829,0.147123810029265,-0.136537644511115,0.0192953141752026
3.24285571483506,0.229751644064146,0.0744594187776974,-0.382545204749077,0.00110995500993292
2.3640552016629,0.363529074713966,-0.0948236984845004,-0.162517454365351,0.0729643469045202
2.69860106762159,0.318890003264482,0.171905504085572,-0.229423596702941,-0.0453513337646376
2.15314037017282,0.344828830043674,-0.127627405569467,-0.343235146557114,0.0354770668764897
3.47495249645304,0.0868342441445605,0.0144861353437866,-0.321173491658407,0.0582529910959764
0.0160626494174397,-0.0620862290527983,0.182418986656665,0.291920426383404,0.0445564164084402
3.50738036697596,0.467365425451571,0.100554397674004,-0.234644192570936,0.0299352452966635
0.940956417348756,0.517484543170761,0.201618260870417,-0.0159237676947993,0.0266377658467953
0.0949384428462933,0.442806652715679,0.127292881225705,-0.179669251032224,-0.0594131664686484
4.02996266613751,0.40110901078127,0.0553952636785765,-0.256186143753558,0.0426920847133298
0.0692956342635064,0.127794993252502,0.127503982876602,0.285121664896219,0.0546930795338853
3.81637892942565,0.467547698719277,0.222184719618086,-0.0521824059063126,0.00533501409127352
0.694618267082173,-0.494138454066064,0.0801937827223511,-0.195054078076203,0.0314453022938611
2.04230059276394,0.136356860476584,0.326570057975961,0.106430873930308,-0.0294331467108409
0.296197093029935,0.531410354962525,-0.0556506252694769,0.210920314018501,0.0279875125333683
2.5710880053392,-0.0488205536129515,0.147053942285468,-0.279183185120889,0.0430609776149852
1.41253373947631,0.644829489336969,0.138952464750959,0.0232129240809567,-0.0173896961524918
2.62508275553899,0.00917955075308375,0.203905540799402,-0.294544556019766,-0.0251398678344089
3.40844595044459,0.554324193961403,0.15783362767651,-0.104891718441002,-0.0175414909076836
1.67111825648675,0.0624112142928075,0.0787456723636031,0.15697436831226,0.0795476017680624
0.761784538886219,0.00344222574950741,0.255171502021779,-0.0483254387595833,0.0440067084561818
2.39764390511086,0.403411451416744,-0.0527515016164223,-0.267095315041092,0.0553149995426561
2.15483153244294,0.45899653535212,0.181403662792469,0.0523318052923992,0.041813642106472
1.20625332393206,0.518763526355952,0.052249164356676,-0.209336308695885,0.0430195689814007
2.97623074004216,-0.0837569293302615,0.219080645674214,-0.21879761683213,0.0282725057702869
2.05543925853505,0.566940090925456,-0.0511455492989943,-0.00668166230739883,0.05244525983754
2.39994898197069,0.294042457193385,0.00709848960762329,-0.381239026604258,-0.0210972099211294
0.774410857980373,0.383192760764063,0.198647147475372,-0.0489020319624549,-0.0659677237686818
1.45074569081753,0.3994945887686,-0.0658220254192908,-0.308092137533731,0.0469482763082336
0.876097420213314,-0.110616787383473,0.256284173827125,-0.208985127948591,-0.0356729031028869
3.55062654384752,0.00658523538069418,0.271007066840033,0.00301748352325454,0.0366937660903948
1.07486687653223,-0.146247892782848,0.0781398607064613,-0.391689904878917,-0.0120548084506219
2.61819537917005,-0.225811847241005,0.290789674884319,-0.0168391244274188,0.0119750019243518
2.61102426318796,0.509180847707191,0.010669186233558,-0.0433254018922305,0.0611916876059869
3.9783291818842,0.536024403802208,0.130433214887179,-0.165704151672904,0.0070906448652855
1.87306325864959,0.394561389582068,0.0155803986321597,-0.343455113028018,0.0307390601071824
0.742621690525719,0.492615340922403,0.0819590279068354,0.0164002833749482,0.05823671426944
1.26631177435543,-0.38287612855245,0.266328838854226,-0.0367394079185045,-0.0118563025895639
3.35754128080848,0.319266390259738,0.0234565172126987,-0.356339604433336,0.0288768218678621
1.23073895828527,-0.144043160273733,-0.0596696381655627,-0.0928254849509458,0.0899753886795584
1.72597312130304,0.501883193268527,0.163133688798557,0.00470611207999031,0.0418713086207719
0.697899819202019,-0.310511903451509,0.0648751411820332,-0.333789508615099,-0.0294590374731871
4.66449169899018,0.486190800448836,0.117994344093365,-0.168002560278353,0.0233614102457184
3.31052560741943,0.342740413627722,0.128694947889799,0.0627567995569786,0.0630084290841822
2.28763861966364,-0.0668424832388409,0.283494218125688,-0.176802871803094,-0.0089852825266048
4.72406289425398,0.32199064002672,0.0579796362631717,-0.197360707362898,0.0584006031536709
0.237998314028335,-0.29530503918771,0.267156233390423,-0.107849239678557,0.00167886052295737
3.79950906622203,0.269804404527267,0.19175792270989,-0.269049531108596,0.00347850049045114
0.927955186963402,-0.245519086245509,0.200590382812717,0.226910754570283,0.0433398685930337
0.345175490363871,0.658822996886839,-0.0856894406078866,-0.113045011344537,-0.00578432638834151
3.42487796886575,0.166321349060089,0.30881479601815,-0.0586710061511464,-0.00836523493079331
4.0772604899835,0.126527604141774,0.276532142937027,-0.0813967491750073,0.0209285836396672
3.46691578302346,0.108373746149343,0.2790269297773,-0.0466394969532021,0.0293883234317791
1.81018855161136,-0.0559042902232064,0.211838735224037,-0.289676765918098,-0.0253230524350264
1.28698896355515,0.437392507927019,-0.0418925080130063,0.0979103146719126,0.0676861263378974
0.376012486239168,-0.236089046161266,-0.00446828054579616,-0.303294738854463,0.0544629634702817
0.525988141516434,-0.0619098898378741,0.211126754408098,-0.297613295780477,-0.00235039528486091
1.72850876236499,0.423712624570656,0.0235618073725938,0.00986198269303528,0.0718373100267637
1.92370570145418,-0.317459383725414,0.100230063794259,-0.316825331575769,0.0159102579775458
0.0161259481263115,-0.387741490890431,0.212455999240075,-0.122135300442676,0.0167662079490574
1.67172941684644,0.261367338870668,-0.109736328588982,-0.371147386940061,0.040153878649047
1.3342849804042,0.394026855214458,0.270492610617511,0.139785230598083,0.00633824255645668
2.73290846147041,-0.0994468663627812,0.0343029177727001,-0.139278336463168,0.0828942870610229
2.25414494081444,0.58686169008719,0.0625255617256231,-0.0790758790001929,0.0427283234035001
0.825935708311016,0.0226067590771713,0.303926538224574,-0.0605339913735697,-0.0520859215615811
2.95730717837081,0.609485005485795,0.0596655632131869,-0.164378969629852,0.0195619473169244
1.06432070596529,0.176091625814337,0.106286616466658,-0.363407493455162,-0.0363452355796621
2.56498317223921,0.405531535813556,0.225927367388392,0.122513710772455,0.0276536046156487
1.22348832874158,0.694881272932179,-0.00694164877884661,-0.0729190836938097,-0.000281908413285459
1.84216432604278,-0.166111999900206,-0.0776973799927222,-0.312069114576566,0.0632687393041344
1.81037228265718,0.632303233417619,0.0615223639531433,-0.18643410726309,-0.0090062511261196
3.19852236427113,0.343520071062997,0.28783131348211,0.00874774487254221,-0.00330294457008261
0.528816313420946,-0.112870865498936,-0.00458975793167533,0.0682959243291005,0.08923511747462
1.37158274499897,-0.290837728892458,0.286112604314095,-0.036079758262205,0.00477276764242514
3.97127067511656,0.305671355324328,0.0935598921501243,-0.133419508913756,0.0655148709793257
0.633155602468172,-0.0682051020052763,-0.211963819298276,-0.272770270421957,0.0633708337819687
1.41938816966248,-0.391714409670409,0.222211580117267,-0.128978667904213,0.00913439976540453
0.88130497067839,0.498214431021853,0.158667559531765,0.241405351293694,0.00537729456126119
1.2065958359593,0.266538460047372,0.0984660775876856,-0.342327013894731,0.0306562367917216
2.98449806022424,0.629522236952712,0.101148224451334,-0.107822682418115,-0.00266660037910363
0.177361517480553,0.050241470460004,-0.154433696451181,-0.171663928492929,0.0828491740789494
1.17508836267896,-0.117078016811574,0.243859000130593,-0.199496650113652,0.0207293169288907
1.60674046038682,0.48720544134026,-0.0669040458849719,-0.266343898635804,0.0429141037676078
0.927682805246266,-0.314501389067459,0.295791740671183,0.0218408347154333,-0.0231545636754204
1.91944401192216,0.15564378978973,0.312296735563181,0.00537191746702082,-0.04454230951976
0.804391991962518,0.534332344828814,-0.0486072254977025,0.124349036571797,0.0495777075479831
0.459422651440738,0.429775167675193,0.121314706623157,-0.284070805587382,-0.0365869862562828
2.14578268410672,0.196739706790441,0.109896947916108,0.162702872745671,0.0709847295008504
0.409718374486729,-0.387504473523524,0.218543794757017,0.145182997147128,0.0304675526830833
1.58074616017795,0.0197369602223535,-0.1072614572935,-0.266301949826876,0.0760995703656885
0.46641899539648,0.0720481065464776,0.0186332491071266,-0.131249141949032,0.0843187859186234
2.45209312303169,0.322165687627912,0.123872386244198,0.026197793006316,0.0684510788986632
1.63602836386187,0.612315431713016,0.0694315604110207,-0.199741624696141,-0.0172025667767561
0.254268630148062,0.00114081054176501,0.0938501565782795,-0.35151555245952,-0.0478315381275178
1.63512677574438,0.294577650984384,0.0703569695277612,-0.169386632604047,0.0698811043015091
1.26331717909287,0.329519647951407,0.249170625489265,-0.0327412443414879,0.0350832585067478
2.37930613484112,0.626836323155522,0.144508292675102,-0.026302703252767,0.0069964053407493
0.136603463469812,-0.0217913599200835,-0.129575153730823,-0.235276657446754,0.0773981854442516
1.40324045713271,0.549031138556336,0.0505466226819495,-0.258395841515799,-0.0247526495731327
0.503432020657873,0.0851571703106539,-0.278387201610888,-0.231529272753206,0.0514759099815815
1.98164963819247,0.478599612706587,0.147489533474083,-0.260457665201058,-0.0108344972902429
1.70167784241093,0.165639393166471,0.290133834810878,0.237897037977342,0.00120034700444123
1.54330076744087,0.153834217343389,-0.111672016808688,-0.421315989085273,-0.00122682744824455
1.13193255006126,-0.142063068942803,-0.144328980978912,-0.0108191294241982,0.0900399113148571
0.653420450957306,-0.246545715057543,0.26528843278587,-0.121987490324745,0.01184014005764
1.77009441635197,0.182444727119049,0.111289980928571,0.183566405210668,0.0697327518320224
1.77701086224977,-0.121202254154338,-0.105367874128714,-0.217123773521685,0.0809795480882485
0.241515805686438,0.52043022286489,0.0177859015664092,0.200851013539908,0.0398820101381606
3.21703914706025,-0.0774876300726896,0.210457563425964,-0.275492400670661,0.00355173125951713
2.08730527428039,0.339512454578242,-0.0997982518429508,-0.253431535407841,0.0641619131022901
2.41578013930695,-0.344605814788232,0.204604754048449,0.015374062281373,0.0440596969680409
1.67050804658389,0.203801582023162,0.0846131124022799,-0.393735211136422,-0.015814903105117
1.55491976696707,0.147583704039372,-0.236451742870892,-0.307310758588877,0.0436648333548448
3.56745063112282,-0.00192942836958343,0.214243271278236,-0.100053380865696,0.0516210934932087
1.67751296467123,0.36773730290489,0.154342026851747,-0.182647812515994,0.0467212192063236
1.26131520920093,-0.0492101762197123,0.186395002919775,-0.230005828648192,0.042372829404584
1.82854126972383,0.325122043791958,0.0278696942916054,-0.385158664065554,0.0169481105218863
3.64997392914526,0.0559794918933159,0.220726930505325,-0.261998560849156,-0.0176776113294396
1.71067967082755,-0.143053954046967,-0.0529263704650135,-0.113323793634321,0.0891212548725932
1.71921166136343,0.0891092778168175,0.337965162215692,0.00845573997226018,-0.00704794113010229
0.209192353104007,0.234352221064675,0.0359243026614311,-0.317741996670356,0.0510725799657549
2.48409422653911,0.588203174067097,0.163172965623832,-0.105190347415326,-0.0129816778437282
2.17364047008938,0.480799538839002,-0.0457945090829102,0.0648053694319909,0.0633114774980871
0.645294943270713,0.349217354447818,0.16170189695487,-0.309118883147268,-0.0232381437330695
1.0024775816793,0.0298817038309145,0.131405325247425,0.0401496317070806,0.0772733802240703
3.73545174608701,0.477204520268323,0.129223045709194,-0.222892446477698,-0.0164851720581993
2.0433213712569,-0.212876476001059,0.14020930925009,0.123433553910398,0.0686955893809534
1.99265326585916,0.584929840737326,-0.0707224452262974,-0.105173464823801,0.0457981538506042
1.60411481342767,0.583883714079212,0.19705091596846,-0.0315933968817939,-0.0192975037010923
1.26606328203357,-0.184879342561054,0.125580775251938,-0.18275806263511,0.0609609694987476
2.55620551741043,0.469534603877214,-0.0814935746167776,-0.139650638397159,0.0627051539696498
0.0410722022402204,0.132426699167291,0.0655747726912513,-0.369783051648606,-0.0443471240404189
0.188270476969939,-0.377694067814568,0.122524777043438,-0.119390467530852,0.0517954111991213
2.09626056379747,0.270186629834808,0.303622093230012,0.152415326922063,-0.0156413872209854
0.337182465738007,-0.115043412769528,0.120611758122169,-0.240453365360475,0.0540661100956529
0.724124826926367,0.43211499327716,-0.222730670499104,-0.203734627668447,0.0326218460621145
0.844098161569684,0.140923214119976,-0.0380009525337391,-0.037533538893932,0.0906705392277944
3.51306020939007,-0.0388069966484771,0.259778958860221,-0.00733787144339028,0.0407457478950627
1.52446121782623,0.158315834984852,-0.139442663105914,-0.380529835700207,0.0414824330791835
2.74456878573822,0.3040125297824,-0.153747248611897,-0.334077895064836,0.0371895435509817
1.48196526636533,0.129461438634093,0.177464322797512,-0.294089405808894,-0.0456606516644714
0.678484891984589,-0.220345747401004,-0.174018775236817,-0.313627630126054,0.0519967612973286
2.18402382053642,0.123953619408236,-0.16116105911755,-0.373834982158029,0.0407121878768468
1.51914515630176,0.667145406916932,0.087462164927607,0.0109655248071838,-0.0189016931952094
1.82564204838131,0.417371688758097,0.196041809760072,0.177837165020541,0.0314743989910201
0.581159371650582,0.074352817255351,0.292382047716195,0.130307576671153,0.029316867996979
1.80871593094418,0.293104711046532,-0.101458724609845,-0.264909157222729,0.0664116364758431
0.90249561003189,0.160351056104856,0.289876603854321,-0.0432586240841623,0.0276140624572916
2.20584238717638,0.533382848698773,-0.134863941984448,-0.223225588722387,0.0257008157069794
0.553065064371144,-0.104260916551,-0.0245581454157273,-0.0312484713977995,0.0908111674536023
0.168648482749523,-0.00310116086851651,-0.19544558250233,-0.346291076808662,0.0468552697936353
0.221891609031577,-0.0734517099356651,0.0421138215064846,0.144614281571933,0.0827679018398088
3.58602908810839,0.565809024021063,0.0789655018244059,-0.186414035769854,0.0186282039669592
2.74989429570139,0.251182212889339,0.240586997384622,0.160041140050027,0.0359886906903429
1.21515445974044,0.483032410231005,0.243898319344604,-0.0834742514434365,-0.0270189849045181
2.18617471743878,0.0986149894226421,-0.0581995388397709,-0.0297926447049873,0.0927300083112281
0.755567177641503,0.290457050851491,0.0498174164210358,-0.02540348233454,0.0793810284836004
0.0544694864744281,0.552966299069174,0.200955942181506,0.115487896664171,0.0080373540471003
0.175651068875023,0.485239772508649,0.127817228988118,-0.243345237750811,-0.0381841977871387
1.36391462191027,-0.315901417655595,0.140909170517655,-0.221203118347375,0.0388763934060561
3.93701812399822,0.158997945199032,0.10823459989257,-0.295246930894661,0.0443499990586647
0.385979943842048,0.410608188740911,-0.190540060329399,-0.130235766847842,0.059111191644118
0.894891285108786,0.0472671146384176,0.062462049387252,-0.418305592468568,0.00397433386440454
0.469476855353726,0.47122968758732,0.148814839312341,-0.252561030823485,0.0128252109251982
0.22602095383938,0.556829621698695,0.0838822525405102,-0.125621257134455,0.0419003462582931
3.15553047250737,0.363829097813678,0.145852216692794,-0.297664586837125,-0.0120940116624961
1.08492152632114,0.0810628193512249,0.0465878523789239,0.276428644194321,0.0676303907276451
2.45646191268915,0.500457125966451,0.0338801083934992,-0.273213188611729,0.0310195562476457
1.69701971329199,-0.143667607566843,0.265856942277983,-0.158782552685231,0.01603262600226
0.0950270680681819,-0.270690606840068,0.177881405165414,-0.270188204061229,0.00633800600262582
0.534975416025104,0.324012074596425,-0.115116862986611,-0.31881966460194,-0.0372975875194052
2.56235227048715,0.612552117789844,0.100111911114394,0.105300716541086,0.0138844461306211
4.26505128546633,0.104211259700343,0.0944928873904658,-0.0878646608581921,0.0763101435702137
0.138921932109334,-0.0917721658504201,0.332328553605408,0.123156214673032,-0.00494422083679925
1.5091288874544,0.213878650989964,-0.0232709384670348,-0.0950421558687488,0.0867319165894625
2.433074449652,-0.0637813871103452,-0.0452997655461923,-0.0666655107397785,0.0924754555529627
0.43792676197181,0.430157892415545,-0.238880652487659,-0.195424701509091,0.00955579217088946
0.217908287252453,0.587148613461609,0.102759774393656,0.11946108499556,0.031027944219717
3.34112096563742,0.399713693455585,0.211734430361612,-0.130873059468611,0.0259614935799065
0.168441662139109,0.258956695930811,-0.199114964330982,0.0893016991422927,0.0694423445697719
0.109414210876434,0.275253669615758,0.318539249359209,0.123468579240973,-0.00973225976982956
1.66083138391701,-0.0450619578245854,0.0492223589463238,-0.352295043737588,0.0462635697159553
2.91045073356694,-0.0238268150018088,-0.0227210494415873,-0.365672679190796,0.050404930353862
2.30823264486657,0.307776119987528,0.0729315264480038,0.201125705269218,0.0633933465918788
0.10662281383009,0.291938739345027,-0.255761231453769,-0.273567864794535,0.0132730385213021
1.92527947732276,-0.307472455321628,0.0163894611360514,-0.315089892681767,0.0430753206707583
3.33021391563104,0.427937147852166,0.239132728566586,-0.103107749670993,-0.0165326097585847
2.96258130942789,-0.00863050822183717,0.0374549507460419,-0.0717800149955958,0.0874680164677316
1.05075978725988,0.57862968038456,0.0866376617977641,-0.237809107410862,-0.0161796610823124
2.0937406947719,-0.00403024335078949,0.134933898542485,0.196342504203167,0.0687607897888417
0.705028806903779,-0.221180850857716,-0.0910495560722891,-0.339820114148952,0.0508550983377362
2.40598440851156,0.504262082437062,0.186783315781827,-0.16857555417616,0.00962542983445819
1.67027952505695,0.370811009846781,0.0576743859951784,0.194821464357642,0.0607678342524635
3.55828879806899,0.246784186512705,0.186027569325101,-0.290161126360548,-0.00362251263571812
2.55067750695591,0.0605704531620771,0.33146747412774,0.0596605470888669,-0.00148412892737841
0.365048596375799,0.60799864723667,-0.018388042618686,-0.224359067322366,0.0218511621466603
2.55419845633222,-0.218912869483422,-0.000782644792621319,-0.387291411708143,0.021252014458238
1.19595276122119,-0.212640218084809,0.125223740580023,-0.318592174729956,0.0250044031310025
2.60619092232327,0.390325804350554,-0.0804613841011525,-0.0350809035118914,0.0756747486674205
2.06173672973202,0.396690343409259,0.116647972122866,-0.327323187663549,-0.000495846987461409
1.14007654865624,-0.0131172463024439,0.254317245637504,-0.16267420849473,0.0298147345061065
0.698643572664146,0.552720161677502,0.162162955952148,0.12233893548667,-0.0395136906877322
3.46424537300456,0.527805518552029,-0.0300939336659356,-0.131086437634147,0.0514967641863922
1.1183892398578,0.289923464744395,0.258153967967659,-0.177348444619771,0.0118424641339788
0.799449277325893,-0.402320082393018,-0.0766909804145963,-0.141299321073794,0.0708764265722966
0.342444885383664,-0.106222512950886,-0.12273201032374,-0.149626256599078,0.0857347023734682
3.05461489312235,-0.189551765888976,0.215118207524803,-0.244647223159016,0.00233644898946829
2.80297000839481,0.439499323075259,-0.00746747098486142,-0.150213656643441,0.0653711196743865
0.520780209319666,0.00588001445138,0.108961323923375,-0.0104059029142028,0.0796835352072795
0.605468919916932,-0.114143569431075,0.31917669283633,0.0381544184204674,-0.0451819867600242
0.960340460064651,-0.0388890697245564,-0.0636048007287199,-0.405697836388763,0.0374877398926333
0.587339232265838,-0.208599936217188,0.219083615951343,-0.20409388160867,0.0228435523856658
0.89560851052926,-0.0321814153053442,-0.165241428384895,-0.17444831956171,0.0833317497401227
3.31922925196109,0.0797910942560535,0.290492481459639,-0.0461261986966041,0.0241835575930659
0.412702168002862,0.643303247347778,-0.0227158950864717,0.126614460019495,0.0137229919821219
2.90461518773163,0.335933671576868,0.0174777079321622,-0.206335954154092,0.0677230595000566
1.03053709263786,-0.311656221430836,0.284788122490742,-0.0568048022148021,-0.0181325314526159
1.26115808020203,0.487484270040068,-0.0265343846523666,0.204947372285234,0.0439712415282518
1.19694139518833,0.0116303527320738,0.139780285967067,-0.363534574083197,0.0125826099687719
0.395234567177938,-0.470643102649455,0.0968302527703236,-0.156519411020037,0.0399036467552773
0.113350958843899,-0.176859823036717,0.248764470446781,-0.212102328190275,-0.0294181802653506
1.75585234589811,0.447476287815731,0.222276934390008,0.197966504415644,0.00301703319015448
2.13241626307447,-0.365825324860718,0.205953412461113,-0.103459117818769,0.0305451696920943
0.796072026096111,0.516444911709787,0.0100897024322951,-0.218986300259412,0.0459898593888894
0.834120585998077,-0.179697469357718,0.13960832151245,-0.289204519523932,0.0341171506077775
0.680832979558104,0.529345852927653,0.1841465143371,0.115536439023805,-0.0416482222081122
0.248759137106796,-0.0978099127976073,0.103125134966369,-0.384206044397759,0.00243358533517866
2.14197335825394,0.405760913948099,0.156699125048063,0.1092932743431,0.0514758581746887
1.46467662452164,0.00547695332780571,0.292795966964685,0.19511725784804,0.0215514253142903
4.18348675284483,0.0968798197598316,0.112349169597117,-0.17974848610518,0.0660200558257948
3.90679996097518,0.327825143938033,-0.0115417035583816,-0.32223559924157,0.0423314116594502
2.34134651747125,0.543380000984486,-0.0515534724467656,-0.272326726857059,0.0203056282336577
1.73387598947512,0.154524031031551,0.334212923453023,0.0248075281152972,-0.0260812524078977
0.114278141314689,0.0417345367220059,-0.023202547515676,-0.133226570604213,0.086378106177572
1.03436083009645,0.307423256975136,0.306786729928781,-0.067038152629648,-0.0231013601031029
1.65944864235678,0.214093182052757,0.249249750089272,-0.0535083420837519,0.0424693666981458
0.499652241838046,-0.178958268762506,0.235469567758457,0.0813024302141294,0.0476214365972486
0.535722783555294,0.670743672689933,0.0557028193478043,-0.0503620115388937,-0.0283928199637308
0.261148373094392,-0.154806874934438,0.298169301580472,-0.0642861188866337,-0.045786654378085
3.38761952201037,0.154639489765383,-0.0657398233172139,-0.212115119441659,0.0796342548486038
1.84278902107117,0.0298224509487309,0.336403247769491,0.0527307730077472,-0.000608052821348119
2.07372326393932,-0.108722898143378,0.135529979748649,-0.288523957727538,0.0418637677141597
3.28504520986457,0.1570518772281,-0.113986322913587,-0.339502918579169,0.0545349320315564
1.98412999892521,0.592578500552582,0.151281604161125,0.116491861724931,0.0078397277921248
1.50090721070844,0.0429385262532986,0.184300365416381,-0.336282446964931,-0.0158945413417279
1.2084002187533,0.231631722417706,0.160176460807918,-0.197931910366662,-0.0675172396275892
2.22601630553601,-0.119001764996217,0.157491443678475,-0.339671830888921,-0.010166694013119
1.80481978834812,-0.165416043883435,0.196116577046459,0.199936870143424,0.0525609279202696
3.32636722264555,0.192474326180007,0.283410810645064,-0.13869217291697,0.00156432076045641
0.0339168329651501,-0.260555115704388,-0.115730178712027,-0.362022645422657,0.0342212282953364
0.978323666562197,-0.0967435415072612,-0.120291617100616,-0.0672805045231011,0.091280594322559
3.07727584697165,0.244009228928167,0.169699040507983,-0.281406780686638,-0.0345010901992213
0.67672493315155,-0.497749359630769,0.199524373523943,0.0232287368557393,0.0202919086926606
3.94883116568864,0.220416438292082,0.218092103215653,-0.245128070147078,-0.00493057923336044
0.815838230954246,0.642225085942866,0.0762113670205554,0.0293191810673039,-0.0346019895722456
1.15951808851838,-0.331461913445824,-0.0448247096691603,-0.347263114259345,0.0331744251501822
3.22140773365909,0.350370298894276,0.00211965793281183,-0.216808239284424,0.0655052277725638
1.06081825071106,0.0430889212341375,-0.182791846398894,-0.306536199238763,0.0621273346923903
0.990585393354928,-0.175784072551992,0.13592673116108,0.187400006828477,0.0664370668004298
3.82297736947608,0.394831778896633,0.166056197725457,-0.23613098141503,-0.0178789352158925
0.827183886071044,0.287424201295725,-0.116740622759102,-0.0683832914333586,0.0827066385061673
0.897963220120659,-0.0329317860819197,0.260615664442268,0.269145222537975,0.023019856987756
0.304657045297306,-0.295711131372398,0.0790793110974397,0.179003936986028,0.0686641179052107
2.1098406087747,0.593592219045368,0.152553558039202,-0.0740668394723274,0.0192989679426945
1.22695858586824,0.421900710733688,-0.150272759966578,-0.293905761572876,-0.0162719610041304
0.507347950354937,0.411682638838342,0.210365011094511,-0.0480658714103402,0.0385309432095065
3.60509911359133,0.165529296249657,0.265580142745724,0.0799191010280377,0.0346144901907118
1.35381608588487,0.57487189313571,0.164425191241715,-0.0545523972029236,0.0249396282466401
0.651564707140608,0.683438794664805,0.101398282294651,-0.0530001993929357,-0.00167602055135451
0.481285818840023,0.258715398673158,0.225660231884886,-0.209129049956103,-0.0506057944543527
1.90136063335533,0.182195432937435,0.027045801891946,-0.418243545556714,0.0109806963070337
0.570277126927215,0.229877921319155,-0.183193438080563,-0.375192472705744,0.0195796755616073
0.386232232170467,0.647304035688568,0.141279641342381,0.0610803734099319,0.00332994135742149
2.32050633586058,-0.157949874630045,0.245311057209109,-0.203728576599243,0.011645556403523
1.47162950983981,0.211417469747655,0.0930696265222173,-0.101732164672305,0.0761506541821352
0.186750984723415,-0.0273123357938398,0.293932730536252,0.0275725715635234,0.029732073965143
0.0789251485220267,0.339212609655008,0.239714041386991,-0.0180228705420671,-0.0646258542050616
3.01022578063583,0.402415231310155,-0.0245443925907167,-0.302544248125681,0.044043569921244
0.4091579570052,0.520965712040008,0.115301451815817,-0.0350204869480035,-0.0605807250459975
1.9498791093294,-0.281626242064164,0.22421679327648,-0.210920379774789,-0.0169143618463306
3.39046690412291,-0.0437112274898517,0.127195604880132,-0.209466449407796,0.061069600603894
0.397201399792225,0.16157482767954,0.0257156913587582,-0.0364627803986297,0.0860685526896357
3.37335976156247,0.31607391322597,0.256540549662521,-0.141840371279381,-0.0229791933543408
0.463205128734668,-0.273727910976376,0.0552484783980069,0.129619719339321,0.0763745852341286
2.81503832393442,-0.289694619411365,0.0749944025883341,-0.0812322896490182,0.0733208370580755
1.14210573120474,-0.120948223046802,0.00607497585425656,-0.422874887174531,-0.00167051115613127
2.13035070778744,0.0890528431306915,-0.202767393426003,-0.264958352833227,0.0660422076541619
4.06969820812673,0.501902408509048,0.188153900615101,-0.0283923337012424,0.0162882556432132
0.628550813849328,-0.434368541411166,0.122108042084123,0.065368200866887,0.055936419911836
3.02066172472583,0.139009543770044,0.137405107842598,-0.36084336217036,-0.00212958694085615
2.73188643832813,0.261591001649067,0.25450822344131,0.060538401470491,0.0378730061569736
3.6162839849264,0.277933033780653,0.00974218549506338,-0.332138225607688,0.0449900068643732
1.429760413039,-0.416455249903085,0.233482174129562,0.0607762336602005,0.022530102883188
0.094165951728501,0.0164351038160309,0.0842568843999788,0.191149607311011,0.0751513896492904
0.892538647472063,0.495762173594072,0.0477105115120261,-0.312848148441196,-0.0184683988501968
1.06365061077102,0.00661999868562872,0.150905453307662,-0.0766559280465697,0.0709348402668507
1.66410031864662,0.582726567895487,0.0999751355634206,-0.13165019531517,0.0334052782167473
1.1418678568429,0.262740412787877,0.297971386756807,0.201411805976586,-0.0102601414063566
0.738338318450227,-0.121657948295717,-0.185259413491275,-0.285889903846031,0.0635248295992979
1.96544901665415,0.252460364185252,0.142174186118298,0.147924968264065,0.0645428710627857
1.81358690287575,-0.227515978922443,0.269049043655031,0.0561351222474533,0.0319065823825457
2.7198604289757,0.386350728001742,0.212934291151841,-0.213520285948382,0.00574094735140993
2.28750567719555,-0.249861955106705,-0.0371251857785465,-0.207164396009028,0.0753573114312101
1.07576119258937,-0.0413056478244122,-0.18086788533019,-0.0414518101653519,0.088312018290084
0.102684322229773,0.667038570581448,-0.0772876749131021,0.0144374759506771,-0.00543291170433052
0.000602362971864374,0.604225368350433,-0.0942699698825799,-0.20800779717391,-0.00982951532554778
0.0823096515035489,0.441981790918413,0.0230113316705814,-0.294405708972869,-0.0429537510386477
0.429743349296279,-0.274894650267264,-0.152036097214707,-0.319785985085459,0.0469879623312113
2.14061437356025,0.315421644822044,-0.0120642337540294,-0.374777137456231,-0.0237285339302631
1.47142024460254,0.540992381788186,0.179980903718263,0.166614650026898,0.00611702500368494
0.935427545590651,0.106018348957968,-0.131114888045871,-0.114387222940919,0.088363362142529
1.39190091555473,-0.253343619453993,-0.0547767181954329,-0.398394901927396,0.0115912201792669
0.400061394952338,0.512507511655544,0.0455653847800504,-0.23456738839169,0.0388085972220367
1.12529601316357,-0.453505197299693,-0.0133101748908324,-0.094848830006265,0.0673683297486972
0.846330733462417,-0.201169458287929,0.0467468774727015,-0.38974319633352,0.0117286573209967
1.36258709288234,-0.135190670533587,0.232335067693427,0.167464281596548,0.046919636296858
0.247731243915663,0.506174913810369,0.191231370872909,-0.198217860767823,-0.00959346141459564
0.628174476836993,-0.15603208306156,0.258002793188048,-0.028440236760941,0.0385262141620426
1.78624176300071,0.470124502984275,-0.0802814122105102,-0.258550023187232,0.0471515315158415
0.943740790954594,0.538164871039695,-0.00427704035190522,-0.294071992783958,-0.0163984405175414
0.260820870204789,0.385767212173326,0.228132759396581,-0.102702434691235,0.0295292264064894
0.0143904858747869,-0.557474605642266,0.0370259976535373,-0.0869695421570082,0.045026280032278
3.09111033206121,-0.284574924205632,0.159126540691099,-0.260762401501329,0.0180517638359109
0.420475828372501,-0.175401386783114,0.158500782661126,-0.33079314970633,-0.0161053233029414
3.75115309123406,0.195670054763405,0.29609726145898,-0.0773963394848308,-0.00359233393183441
0.440425028012122,0.141300240191393,-0.0320867217625285,0.0659869969063822,0.0888666303381719
0.910706264279056,0.0431355699857902,0.332429489515785,-0.0094874132101963,-0.0378848928059933
0.678127583192664,0.417355794374688,0.155394748300425,-0.19599358988477,0.0374933165296086
3.59916644000137,0.414855601446591,-0.0854891556225575,-0.154379445667609,0.0647946475006728
1.38074952442852,0.373801384542534,0.282544494661235,0.139083821999206,-0.0253641761982506
4.3720054009807,0.38464184347084,0.0190024317471751,-0.248383734921229,0.0492012777895944
4.34521792152245,0.194047040165712,0.127756920559654,-0.330324841477767,0.0110902871515196
0.743774132533026,-0.150786622257953,0.28887302703206,0.191851736610281,0.0184816434186943
4.28395923882893,0.299157462105952,0.213543663076813,-0.105964278627519,0.0359013471647818
0.486990621020841,-0.128710300330979,-0.114034996088059,-0.41976599992504,0.00612985455938148
0.0749722475730057,-0.25773824772843,0.235608450441489,0.028032212407857,0.0409484737831621
3.68472088780777,0.587033873574291,0.0744350450439543,-0.03175219587191,0.0333392372950109
0.50487696638574,-0.00989908817424996,-0.0353544954976976,-0.439501901622315,0.0023639293231402
0.652646598047877,0.515309856303202,0.0615985817217737,-0.231619481590018,0.036932252131019
2.44484368981013,0.283876889407929,0.0820674666257948,0.109630465032554,0.0733611539853116
1.3912550608546,0.541421886836614,0.0212886840753818,0.188146054597513,0.0362150684367202
1.726154152627,-0.432878538253481,0.131239195099965,-0.130157741785707,0.0430792571153971
1.0255881123827,0.259928485649345,0.0838520282136047,-0.37890431959413,-0.0248317045490706
0.51982401195994,0.573667212721369,-0.0130565531561741,0.122892315962807,0.0429405012220725
1.41577441359841,-0.0340439496631111,0.326644960322824,0.152941449201417,0.000695433259776522
2.51199563058563,0.152030132970698,0.326659722106974,0.0982823954903657,-0.00792473752064136
0.460604233807758,0.419980105579995,-0.0738765683083636,0.139275035862407,0.0640613914010333
0.724998133845741,-0.299967358028856,0.119657975753932,0.110849887209828,0.06739709949363
1.22002324492635,0.627171637497292,0.127353150647008,-0.017818027179769,0.023375361086362
0.0394593326033798,-0.0582154930267525,0.19599657401021,-0.288879951358249,-0.0410080528330168
3.44507197615818,0.257985782517138,0.101320999856851,-0.0860815806423821,0.0721592206150551
1.81824483086443,0.490195798073881,0.189851967258914,-0.137375477959494,-0.0390264695289828
1.02227523603788,-0.0893161638965959,0.000847106617282471,-0.350811133188139,0.0515466024283092
3.97843013977616,0.1301909711367,0.186535154888205,-0.0304304651924792,0.0611670590622845
3.80937173320875,0.494191866490662,0.0459081811400308,-0.273521669584308,-0.0023200058610429
0.314726579937434,0.209471494471225,-0.0964427062576763,-0.422246800289958,0.00596532474124821
0.326803168292969,0.373752393181524,0.289843791562659,-0.00468314065610039,0.00628915025340876
0.0120803916618796,-0.00430109367280371,-0.0974791929165205,0.0307610093932034,0.0913722263323414
0.797404466517328,0.108000212049109,0.297011411704152,-0.0136278715108126,-0.0588212243813563
1.34291980914074,0.593622452153413,-0.0535732174243619,-0.249183167236642,0.00960697170033795
1.31716623941731,0.37619999458958,-0.219908594876348,-0.0877950903293299,0.0587818738130599
0.916481051003969,0.374352289634011,0.212596622953441,-0.234953121542986,-0.0292954999787856
1.85902366982861,0.210725764306656,0.0407886287855289,0.0260233015935807,0.0848156571156006
2.32386732334657,0.420097696903502,0.265098190726368,0.111568706433072,-0.00181624674484692
0.412344986435072,-0.439048604852454,0.209035629575806,-0.125845800254101,-0.0260920046096803
0.00857234004465016,0.307390962761109,-0.117140683478825,-0.392859801082639,0.00614460347180116
1.05805380936177,0.471909863980842,0.219592764743865,0.0477991401286698,-0.0487793950486424
2.49998827962721,0.644961714929672,-0.0394199393244387,-0.145970284753265,0.00971787627807616
1.10843236198642,-0.145080365881578,0.0958574536089095,-0.363465653332784,0.0218426372165194
1.59618994470613,-0.289848780924138,0.210531472897907,0.140900435499602,0.045800220717519
0.394024447044538,0.0162547673719585,-0.027743676126909,-0.408382771030819,0.0340397793510955
1.49233966679651,0.52957711089701,0.231660537243649,-0.0566053360986638,-0.00429392740672334
0.297116023954372,-0.26358496122553,0.218882031026627,-0.203079692630398,0.0138852612674871
0.931339613310991,0.575359235665477,0.127376413905654,0.0268260283101256,0.036959525186992
1.68793669936493,0.261232761532665,0.189130320819551,-0.163550193071098,0.0483160859875141
0.320051561706609,0.310465799725215,-0.129089509653104,-0.357840101003696,0.0357286674503677
1.97818308663592,-0.364942198783913,0.17774418423357,-0.118377518715591,0.0400049104062006
2.48529456437082,0.375668320877524,0.142333630044733,-0.223527045123661,0.0408908762635471
0.183222800451689,0.011283684842915,0.119870326574062,0.126277919645354,0.0752857661376301
2.23555885768925,0.0401577035511275,0.203919445712609,-0.255149273179375,0.030942986218924
1.99776782971792,-0.187022356079859,0.240804996414501,-0.22607039176243,-0.00723727799850968
2.72303484468579,0.471365903522695,-0.0684413765663007,-0.235224644205554,0.04998805160283
2.15380771964036,0.65546908232843,-0.0358976988831997,-0.118645958281043,-0.00663836465291008
0.709606795788576,0.136244495423492,0.310617022835618,0.219335201306204,-0.026115149283485
0.271088559862316,-0.161851381233195,-0.0335135175127382,0.0944614273437018,0.0878794884206571
0.824076073102318,0.554765823957654,-0.168913138161484,-0.154444375020902,0.0278135200822997
0.121842809587756,0.0442480695695629,-0.217376166927222,-0.0162932600503989,0.0818402354785761
1.2649766859087,0.358478226810272,-0.0276357985838622,-0.377904449024971,0.0244964565927416
1.77411870576839,-0.202444530368298,0.202555235648393,0.0319359090753204,0.0574724962403287
0.511200253469203,-0.0619578376302172,-0.189209102587413,-0.0340927480195707,0.0867674869148166
0.631161184819302,0.336732484155737,-0.151857535105863,0.0978107102017939,0.0699185482943434
4.20261910843574,0.0441846332047154,0.0913861770964204,-0.28768172390215,0.0513432398260259
0.153465485697234,-0.586988872376766,0.10109294474601,-0.132640238579986,0.00871597999598109
0.921945843248177,0.211687413095785,0.114944115256705,0.0135052567885684,0.0758682456385393
1.87689850781602,0.429180346837598,0.113390692521807,-0.283481953280421,-0.0327457263307971
1.84347037818147,0.0875993175323504,0.214868586687395,0.0584356841094828,0.0596512327277995
2.07292029860325,0.461414666564137,0.00274391957304205,-0.273912114652014,0.0437778570419163
0.560070596264683,-0.340733287204205,0.245007146510526,-0.0721916367903604,0.0194347600921274
0.765196833438679,-0.0397330613085759,0.270447490715472,0.202313741452057,0.0316176954277632
1.29145039202084,0.542636555432173,-0.183595164803492,-0.137498149724364,0.0249269814767418
2.83054780264512,0.400712726983228,-0.0991552209105625,-0.293763417370219,0.0452403521382499
1.76884214632434,-0.153538551166504,0.20697668772715,0.0524162954672637,0.0587059725247934
0.586268687820176,0.014597320399233,-0.0257755244795747,-0.421865397199547,-0.0247687020812369
3.88023520040735,0.365382866029627,0.0651616741371831,-0.101594798855276,0.0671337625096757
0.111728687324662,-0.500035002109988,0.186552567154429,-0.0180064983805259,0.0218550034805065
2.98954864667932,0.328340745552821,0.18761268449721,0.0819811063612663,0.0519057183246797
0.644749387512486,0.017111745947561,0.176344954219711,0.0291432642396898,0.0684186534952968
0.219708512947899,0.581424558331249,-0.0854225602526089,-0.0218018186270312,0.0484939286215637
1.68826602465019,0.0579822034658386,0.253479609467433,-0.207393270537679,0.0199911334083349
2.21992544592586,0.370602927446112,-0.0691208923132197,-0.177242451622788,0.0719273549402001
0.304009508604963,0.0742103970050904,0.0716679916545122,0.0790935967746477,0.0829963154906517
2.88971688089906,0.464824100544397,0.166810253240004,-0.22950010079478,-0.0117151568394663
1.11924090707667,0.231402461334644,0.311815028977125,-0.0839461721493871,-0.0301272202062241
0.0296957388598723,-0.210348961992597,0.14516940530087,-0.305199754996124,-0.0385233179117153
1.34618192108546,0.196589936472568,-0.0484042373561519,-0.24780034121022,0.0747408980163531
0.00406267880788668,-0.0984715730790538,-0.0561099656755662,-0.0381827896040972,0.0906317260717267
1.4086973882073,0.288788311073503,0.276395251704354,0.193297182822588,0.0122326190759541
4.38023806247842,0.308762337586192,0.124062497859981,-0.0110421402094566,0.0637012307089864
1.24319078464159,-0.182902513898887,0.0822816568009247,-0.383193984625991,-0.00748770171151022
2.95805408310836,0.398655078317136,-0.0952511430606925,-0.149825099967471,0.0690381214841446
1.82848979719709,0.00673436428208215,0.263718493870787,-0.231413142088116,-0.00846336940709964
2.36842027437447,-0.0564902068733579,0.160127891091402,-0.276228291334765,0.0395868796231826
1.24945269299106,0.444608194951096,0.00665397251134296,0.16031500049269,0.0599221749499191
0.0312550283544813,-0.475943552963639,-0.0168629448840557,-0.16969494621484,0.0541032212880076
4.40423673795006,0.320308384367544,0.223812425055652,-0.115379870780626,0.0254978949509047
2.55594073405974,0.601723583522951,0.149034428766173,-0.109787599740979,-0.00914861002989004
0.0783613334807419,0.0779182297500332,-0.218515721556695,-0.351756144969477,0.0355598697969793
3.35037192575007,0.322433341618649,0.211054363195127,-0.239511185465614,-0.00728608846140712
1.47853335234481,0.463496477436862,-0.11348800466872,-0.296645604276463,-0.0159745489477538
1.27845779200418,-0.264879458873239,0.0547729778850487,-0.198820603678673,0.0663610230249602
0.736425731563565,-0.117617626201048,0.321594538980106,0.166272406625709,-0.0302535333641482
2.20991370846643,0.528247449353601,-0.0804376262144945,-0.242060179198406,0.0366016823594072
1.27449054119736,0.173691355958464,0.237612571753813,-0.12474125966441,-0.0644745058362123
4.66830683035186,0.188778430141474,0.160785880982923,-0.0793685198767757,0.0599386008029865
2.90397064467424,0.239594559784713,0.0465703736810086,-0.356448382024607,0.0375704144823475
0.892765326344298,0.353595591326835,-0.183012947048641,-0.257210801109103,0.0516760690286556
0.685391526019216,0.320946784187834,0.15987653830988,-0.226871401437361,-0.0582911100048327
3.76227007261438,0.0461010256451914,0.229445000343537,0.017271693346377,0.0521212880736786
0.163481268290482,-0.19546601205968,-0.171350910026351,-0.235505481454079,0.0696636241102231
2.74592324183842,0.360184546580335,0.127196522536369,-0.116764365799534,0.060096687980104
0.843668320803511,0.675691080068626,0.0907730579497968,0.0524764217144496,0.00604166185556874
1.16788428432119,-0.214478789308197,0.113324763697722,0.0879390371226602,0.0745198904828525
1.21041538007886,0.524187360456509,0.153034620813854,-0.22020765567423,0.00767743195914678
1.72071437494792,-0.143680847889637,0.12174119669622,-0.280972728048259,0.0458606537289935
1.23851520199341,0.656333093367443,-0.0440067148726631,-0.0960280863353285,0.028259849003774
0.238697126148177,-0.299777413443451,0.251829382853838,-0.0619349755433326,-0.0518002813919714
0.436101136492632,0.268434829587062,0.206853151978989,0.325444372042378,0.00778288855064115
1.73880584177748,0.535225280415135,0.113843831536303,-0.176273959892994,0.0335220851881041
3.72687740394408,0.334041747598193,0.0991594236822542,-0.327886703077396,-0.0108712568935319
1.51088508554991,-0.381828467812233,0.030315563822165,-0.338566941294655,0.00393965130787173
3.89124057291328,0.405564491970335,0.243179444598764,-0.0807945786010632,-0.0119854122416274
3.56328200654922,0.319495762891511,0.264374403042613,-0.122071653947745,-0.0150496951120786
0.282356879907284,0.26333474714237,-0.239303434672246,-0.0360462083206627,0.0669688768988806
0.829897208883009,-0.0893667503272067,0.0541078958639358,-0.388695425660603,-0.0324354988552529
1.14813059442027,-0.284349783781581,0.121378452889863,-0.324780306941096,0.00658839628365
3.52781832376117,-0.0561801330008436,0.0690862498747103,-0.0986238983328314,0.0814607824977839
0.553716133283955,-0.0775307429522326,-0.0255274524580269,-0.417393351330165,-0.0232092505004996
2.52562246811169,0.0974827072777218,0.276279899800558,-0.176923891807886,-0.032175723276353
3.24815744423526,0.34554171229984,0.14501832827756,-0.185847141134981,0.0482025112321016
0.358038294535534,0.136110530557284,-0.215666064949749,-0.283638578123806,0.0575087805990303
0.494321333204423,0.187140707933996,0.178637530278007,0.126981901076374,0.061839736009837
3.530908704084,0.398200021745016,-0.0355499834378389,-0.30613106081854,0.0405183520221864
1.59285130830929,0.327997849578844,0.191252044477491,-0.165790181990745,-0.0587412638204061
0.216267815355074,-0.385558100505404,0.274334775696295,0.00855109750976785,-0.0135387293324611
0.87065014222065,-0.0947435355294431,0.324954194177023,-0.0424223895786318,-0.00312543880459423
0.105786547547743,0.0110873704486302,0.158379646873723,0.253299706831582,0.0569014989427953
2.15149277996213,0.674898976489634,0.0212709515113645,-0.0967359179330839,0.0113663887588934
2.71878595208151,-0.142491008771317,0.197017879757473,-0.257283100101805,0.0228791488112552
1.32110642215186,-0.345048433375748,0.227055371742267,0.119418461664267,0.0354965635837972
0.630599867974562,0.179463740769882,0.0668412725152802,0.172346194012335,0.0757181541831165
3.01265006815778,0.529479765655533,0.138950002424536,-0.156372876251897,-0.0292334078914834
0.245816675109248,0.226905205703057,0.076834551386054,0.0532738552351029,0.0785983443771181
1.16241739355655,0.302733107498631,0.0608915488962756,0.0469059210435251,0.0776387458927754
2.66019026664804,0.34648787759116,0.276144214070727,-0.11078563917404,-0.0133434638805993
1.06958528673026,0.262736419510167,0.275357171770748,0.049173242719826,-0.0584556665385724
0.394033608258253,0.51651456256913,-0.108299719726891,-0.296183192641669,0.00148635164240891
1.41570139702236,-0.231707848303011,0.122935213373927,-0.344152814291603,-0.0114579811021916
2.16615852131541,0.504063470321601,0.0245890613116993,0.134166545420005,0.0521392461479422
2.50700289500399,0.497368693879434,-0.116828826207719,-0.0579940794281787,0.0585888812994385
2.48517323600208,-0.144725342379562,-0.0104464194475738,-0.413956284001302,0.00746687850011432
0.157425486686171,-0.229063510496736,-0.174440054893415,-0.339995620851829,0.0401442745409433
0.229363284687628,-0.0749669123928492,0.0761285540005258,-0.130318174037773,0.0768875020206679
1.53741492717543,0.0658834975800013,0.037053071977497,-0.410684483041211,-0.0249888195817346
1.26456871832615,0.267874985617804,0.166485738773468,-0.0401787367398689,0.0634473743903639
0.858831130257456,-0.149238500501066,0.274286453161166,-0.163599144768637,-0.0355528009858373
1.23628251081167,0.472747907878362,0.190314761462151,0.234795214171219,-0.0059921931304054
3.18780112708858,0.279780755001953,-0.0244221890631398,-0.299689845136851,0.0582787139278291
0.540882517792876,0.401040136427022,0.0535973953763561,0.188247929510157,0.0590403234153328
0.216650464842676,-0.0443367939614448,0.110920713275938,-0.317785747942814,0.0401165457606578
0.507210372303717,0.251034209243699,0.290085787258038,0.0398565534232175,-0.0562185344033374
0.0260161281937508,0.276194626915435,-0.148179293827555,0.0152211579979381,0.0797069611223208
0.842622195748007,0.389583086780342,0.0384873672384933,-0.310436181070882,0.0403010758359837
0.95997659404649,-0.116389163820699,0.16814302088161,0.221139465974305,0.0586724795115786
2.31199783676198,0.380410189842805,0.259253493503639,-0.0462998425448701,-0.0407005480346787
1.59546327413164,-0.250988711671901,0.182367658396889,0.062254688687137,0.0597070173267253
4.25722926546641,0.203575022932819,0.16229043914449,-0.1602343864226,0.0534520905766276
1.88657210996717,0.0527116108136241,0.110745798607678,0.155473329609302,0.0758464907142221
1.4569291953777,-0.27885562915738,0.0919413503826449,-0.346748784829856,-0.0144988259934868
1.61341894703598,-0.054189848936552,0.160165827895264,0.182758528809228,0.0656339956931827
0.0941015204084273,0.553180063850994,0.132803219826499,-0.225288643487535,0.00155975850461288
0.895448500753582,0.0512809979508079,0.175601725647507,-0.322598235805047,0.0178859025978284
0.0512267404390329,0.327583749385042,0.0910316785883171,0.202889901920912,0.0600063263877695
0.675344926093093,0.185193839586239,0.154006513071543,0.0581729016857976,0.069684206351781
1.42308687014468,0.568960597940737,0.210575143313001,-0.0559854365206504,-0.00943214545423724
1.02107729980709,0.184676306508232,0.247615727332993,0.263426590825044,0.0234513646057143
4.57166915690407,0.311144409106243,0.0227988507497971,-0.30318390856349,0.0417822027612266
0.894887766807975,0.16208408215781,0.261725627601514,-0.0453526956332072,0.0400475959655158
1.04302136785789,-0.00250133837176939,-0.115026234888672,-0.428230367270178,0.0172424918017736
1.86401426496839,0.275833907925069,0.281865085663446,-0.111565181617999,0.0132980831813227
2.42707813394282,-0.075409141951756,0.312423633925,-0.0896270731658403,-0.0164414090822318
0.306571467676751,0.57020456869728,0.108438296286185,0.218638798759804,-0.0117185482043246
0.515353838779491,0.463977468681229,-0.0275507407307579,-0.341384671324636,-0.0156897624535697
2.14669970056785,-0.0797699838791866,-0.0581227900790734,-0.1417313928574,0.0889256010708757
2.70793826583744,0.106383794044156,0.0860587796104989,-0.393597895004627,0.0122079090607397
0.444188089990025,-0.382802083095606,-0.137192183812283,-0.24077229272964,0.0560452546890119
1.26444093216578,-0.326308921163929,0.292801622252849,0.051142586740307,-0.00535543550835304
2.43844938145937,0.283316670153046,0.171865655744421,-0.255332035941156,0.0332396416522013
1.76818981093884,0.507450176564948,0.230850690011956,0.0134495599698843,-0.0318695602295765
0.517796062975154,-0.0468826138812938,0.124103111134845,-0.371824380533775,0.0100062607800725
2.47503818660783,0.147036311674379,0.132565945753483,0.144215826303062,0.0707671240789888
0.313055853724245,0.00248804250615151,0.162290198466722,-0.330108699009863,0.0181497143457143
0.872941836407099,-0.439857288271763,0.177555952175558,-0.125972955146422,0.0251392668453183
3.42031134557566,0.456828424554456,0.0488830883205382,-0.123040935003683,0.0593380726375901
0.696715837876603,-0.059149846222741,0.231390852246969,0.0915114318172688,0.0533753772404923
2.12772166507745,0.590757604319973,0.0718521586637694,-0.178306096151768,0.0276067286456636
0.444788574261332,0.622885258996505,0.153484577802853,-0.0931681034739493,0.00694855336679398
1.77397130944958,0.594764590803787,0.128461840177912,0.146021091229952,0.00908001322660383
0.160817855264835,0.235528307038405,0.163538405754185,-0.137583132673026,0.0570080099235743
1.67858862054835,-0.306476080580233,0.167589438447841,0.0143236796143287,0.0590864592235392
2.2069492829234,0.628384799013533,-0.0627832432735406,-0.102257661978566,0.0319147837604026
0.422457721095529,0.144699827378826,0.291824913352556,-0.167523017772741,-0.0322512896479707
1.40325420526267,0.38672862407381,0.128109818339075,-0.11039479004177,0.0588613307983474
0.118910298774097,0.0756159264389593,0.297543423451432,0.0242749742911889,-0.0622679673455068
2.93644854696056,0.216984911127316,-0.103045123109661,-0.259659738574424,0.070786980419531
1.16472463562014,0.445579046877033,0.273774089051566,0.0738179343316267,-0.00383294023053968
0.646123906099432,0.013866093803514,0.302620685955049,-0.15737779197633,-0.0114376438576006
0.242148865256322,-0.00877811112964246,-0.0842679142581135,-0.402463341787991,-0.0308452491575817
3.90402779997421,0.436515527476389,0.0382932959177642,-0.146825274688992,0.0588284392485383
1.44456020363583,0.209054481367186,-0.000279996823574035,-0.135804604624835,0.0834768645299424
1.63495378787394,-0.0612817760230738,-0.00132990669709459,-0.326569773701534,0.0599696330281198
2.5485094152218,0.573270676560749,0.0494424247752692,-0.246925206148177,0.00386159255770972
1.8217544784471,0.472284660597948,-0.147678248379639,-0.283161398824153,0.0210165348169458
4.08187100921736,0.380288562826739,0.0477160078595818,-0.20437987031922,0.056550267505929
1.96497713165053,0.307415407882119,0.305493592473783,0.105088381592806,-0.00407315550222925
2.91393092674507,0.545171558398956,-0.0309372830468906,-0.265105470863931,-0.00262672102541708
0.69225758981484,0.34137484923739,0.232936699017243,0.263085927047332,0.00752570705463266
0.589699436072394,-0.0792147543142298,-0.0241083271439981,-0.428098340008089,-0.0128244364386776
1.92585152599918,-0.0331781407205896,0.152633793974544,-0.308811932908885,0.0331332705637385
3.68737961310006,0.00336858607689844,0.210340457353491,-0.278811385816869,-0.00492323323135131
0.998871089256612,0.171748689960441,-0.134289920547065,-0.412610527074147,-0.00207035780421515
4.0876854975084,0.288018260568321,0.270929064214112,-0.0775954214805629,0.00552540416990858
0.305805268672754,0.1211825729044,-0.0598510215256562,-0.251727952524631,0.0750417912105453
0.627950254893257,0.659370936377182,0.126850149506388,-0.0363555811863028,-0.0215070461591679
0.0618810458804635,0.12435123052422,0.322283336126378,0.0456978688736113,0.0122706474369165
3.2362782841851,0.543096815607681,-0.0465382836270747,-0.25219883253355,0.0191897862378137
4.22270617786009,0.452330144369747,0.0102372497791499,-0.288329156112546,0.022111927518876
1.66421031093037,0.108237872465221,0.0987947093098488,-0.123522276156029,0.0768709424217831
1.75326649589364,0.470205375617914,0.235212395403216,0.0872076502104637,-0.0356082492638673
3.77479883143174,-0.0295086348892149,0.0150193852758136,-0.359781197647501,0.0444113063063092
0.51416062568867,-0.153783831590607,0.1407016388951,0.228616695997294,0.0615933488157124
2.45022952025683,0.6506846400513,0.0143547849894474,0.0174463259625444,0.025612142704139
1.68406465208909,0.0432315286016772,-0.0276749332376515,-0.281656833842571,0.0722941011666219
4.33584837316559,0.296671694622186,0.203214971598704,-0.227119654651594,0.00263078900597746
0.349467106250044,0.494351587589993,0.182351575662075,-0.20746431237802,0.00480811850667988
0.244292441427235,0.308719062382127,-0.268325776251849,-0.0756330119017863,0.0516180077446243
0.618783895182054,0.459500868482617,0.120013059622088,-0.294210308635695,0.00866919482388469
1.04717994259339,0.121875901391439,-0.122077968391698,-0.0719468422144298,0.0900741013559573
0.11048925869211,0.193521277290868,0.106538086635189,-0.357590372567296,0.0240114568818701
0.17413588926529,-0.280088887064843,-0.0763152594229907,-0.374215535227206,-0.0201281036208623
1.68617447677869,0.185723864027991,-0.0535896894251412,-0.147606647077126,0.0858244535735193
0.963224409614412,0.436242493728507,0.177199186488475,-0.232839680103663,-0.0349489426286701
1.03150822571881,0.374845318984033,0.00389084868667563,-0.274905660320127,0.0550159650529307
0.930791147135871,-0.122137582856539,0.199501545069674,0.0446641774627678,0.0613198747929012
1.12036058127039,-0.123060164193699,0.264153482482021,0.0606289173572668,0.0413119231996409
0.821228534786537,0.153049894094801,0.176897948944287,-0.247519178795362,-0.0602033355890828
0.639872714466708,0.379004353799788,-0.0922160692009943,-0.277538252215148,0.055432639352602
0.327302197543766,0.282036692173248,0.2901367152432,0.207656916394946,-0.001737365396134
0.130041338269077,0.544667050448223,-0.000786382057323596,-0.273001263780911,-0.0269005034108676
0.160411903212508,0.200976592424305,-0.226325399377,-0.329964651810597,0.0323874872293971
0.687288688736521,-0.0552239294825936,0.118389774957216,-0.00731253632576402,0.0781463021851868
1.94423316381619,-0.0316427717167109,-0.122771414830669,-0.320041065801367,0.0650442711625349
0.182176582836724,0.357068329909671,0.0937069136933421,-0.225231329765543,-0.0644267497705326
3.37906067125888,0.0170799369747358,0.0604399335296567,-0.378014509091374,0.0301990669423175
0.884562647762389,0.195476017578488,-0.151480937101783,-0.262704232120944,0.0691862552148211
3.29771547615705,0.241612907879654,0.287049996476373,-0.109103924992092,0.000781721315903252
3.11141394556689,0.547622248313573,0.195977112607136,-0.0490115224831811,-0.0103804759156674
1.32404509749236,-0.389585813117335,0.207312367111034,-0.180415968337916,-0.0133296236481965
0.0143243461968179,0.553940512144188,0.184109540996167,-0.0713660522660127,0.0198502453290182
1.45924127899863,-0.322298683603665,0.182627306854437,-0.251862730930727,-0.0169651762200654
3.68122501160014,0.277959975276985,0.254968063246236,-0.157763617480722,-0.0201553385704347
2.29885647085878,-0.272584980154495,0.113373238235909,-0.112724908158047,0.0662555472741346
3.42337468557954,0.579544880758223,0.048372395012258,-0.140539229861526,0.033782877464458
1.2974328648484,-0.229688738017182,0.232945876907892,-0.228050955342533,-0.0102714135673211
3.10498733608561,0.422355373828333,0.0258476267987592,-0.290669638617507,0.0397174703297062
1.16719704721471,-0.0973499062026672,-0.0473562895379941,-0.282071062541991,0.0709121113619172
3.03654856883741,0.282890857299586,0.296629962784066,-0.0659613851128618,-0.0119694582276233
1.91200287135441,-0.290289727855532,0.160127619873988,-0.234096223933909,0.0319041530926243
0.904163293434697,0.0380491257608711,0.22649240442009,0.220205625441429,0.0454819166058034
2.88078372863606,0.105172578534234,0.0854593048651568,-0.376108527556417,0.0259605145059705
0.976294670096326,0.449637116189962,0.207518968721447,-0.0454403846666197,-0.0554768833971659
1.85280813048646,0.318324184283073,-0.00908975338243817,-0.256097780061521,0.0649053383018258
1.0270217361505,0.175243281287131,0.158421298015388,-0.278247510050242,-0.0552913856390534
0.222070307737735,0.201950905332018,0.263113901171171,0.095116722895899,0.0383887674964679
0.114690338914989,-0.15457999559507,0.325186021446473,0.151168743184454,-0.0154867058197928
0.640364612788039,0.423911567750987,0.221704403713843,-0.155694514779875,0.0181387374306939
1.98886269512943,0.644445107780314,-0.0728538498827675,-0.0406935946510463,0.0261169676544863
3.22825786819225,0.128828092635091,0.256540028060192,-0.202969402816552,-0.0266646315510753
1.37164264820484,0.185367786702063,0.324767791995214,0.0588586715745918,-0.0377665145651336
0.66118598715512,0.264619840640697,0.0523922196246226,-0.1418320440334,0.0749875439335715
3.14580085540976,0.494060361017507,0.148297159648587,-0.223861339110425,0.00268979192736008
1.02472582318596,0.66021529869194,0.0405656107138545,-0.0742211635994786,-0.0289140219502332
1.03383959622968,0.0587810468511751,0.307892431304218,0.168366653169365,0.0168224040608973
0.717145510124484,-0.251605597099195,-0.203187256081224,-0.205635163000111,0.0676763089910626
1.53954064418188,0.459733161030374,0.238358353942394,0.0696953543683524,0.0204224907559948
0.602533026017007,0.07471331248306,-0.0965233000182238,-0.346239738661847,0.0584221380746362
0.403710247994533,0.402345656681148,0.229768812066972,-0.0692360875234431,0.0307385968841402
2.752210599041,-0.160535462187515,0.274157736239267,-0.159568869474083,-0.00956211048533192
2.20889943459437,0.206277730400334,0.186404588758052,0.144491884834101,0.0582382116339763
0.116537635353568,0.103417747873153,-0.103477134864,-0.0317195438093576,0.0904233935161586
0.488411496778569,-0.0136990358560654,0.0748789556300083,-0.153518520830883,0.076553988393334
0.830682856917093,0.41515499247371,-0.0196920287435514,-0.146449848302296,0.0695346478558637
0.740796961155961,0.210512710234419,-0.0475845361851237,0.108086122250933,0.0846904013369756
0.183255438449745,-0.192185030364865,-0.169389185171134,-0.381609636653795,-0.00283819391673969
1.27203414057165,0.218500091831537,0.188389706616261,-0.196333037279705,-0.063532819005675
1.03423810342367,0.626028821320323,0.0477789078781277,0.131611343289403,0.0228840484482936
1.21813405582466,0.286974943384388,0.219973724016161,-0.115421233422991,0.0425341849604917
3.11031677753456,0.0366658527357046,0.00639523194519051,-0.18170597282498,0.0825627068684696
2.01927995592293,-0.0429970037978954,0.128473103431798,-0.374347800761822,0.00180736758514221
1.79478494768125,0.502873479106091,0.102640654582017,-0.285072713989501,0.000389091435230927
0.00781016872271235,0.627989217851091,-0.0424931992038112,0.10190139319648,-0.0223435591948727
0.272120907300327,0.274586470954699,-0.0562433106559679,-0.268457473662984,0.0658082606847976
0.745353782391492,0.0103873086572698,-0.0884745899839953,0.111340774788355,0.0893741842322412
1.46658011455412,-0.29824331953244,0.223345544754641,-0.066134113709118,0.0380358910712648
1.60861060691727,0.59156332726664,0.0101570361804623,-0.252448160786655,-0.00761448968591231
0.810615849045233,-0.0370158001176882,0.00796788984403241,-0.111813989009248,0.0871402684911663
2.10339815105887,0.351284493717205,0.0134941141390772,-0.383714273001114,-0.00653899830009458
3.22391449954999,0.27790024895031,0.182869541756013,0.121197577159191,0.053803267665497
4.61827624471894,0.302374409458383,0.231411529124812,-0.135098857978104,0.0153565166859638
4.29445893176034,0.215296738730977,0.205221701590337,-0.102496216813277,0.0462488327302474
0.0905184260599106,0.14236707694586,0.285953287788482,-0.0493363050685938,0.0278577035331109
1.86861012833709,-0.124460010414286,0.330012330518432,0.0821013954914421,-0.0101056596610531
2.23924229429765,0.517553241387926,0.0319967314096766,0.0286617287211122,0.0585760571898932
0.515261894552673,0.223457833917606,-0.182057623729394,-0.380616340407268,0.00851980312171751
2.82420624267079,-0.0682362074200374,0.152146632650928,-0.130593488080073,0.0658366583007988
0.393079590556498,-0.507382163632117,0.175393000367608,-0.055977643320259,0.0213793424971824
2.04975183576186,0.450446557293469,0.263047730042577,-0.034619770099395,0.000535009827355461
0.275028191373581,-0.333423816717969,0.290075499657603,0.103940265589518,-0.00434112953853858
0.764361843283634,0.135921046126805,0.107968764525303,-0.143755311689005,0.0721048948244525
3.16132787250826,0.527919485421699,0.128649057219481,0.0884767907100699,0.0351970557391212
2.35783518244078,0.275439886054646,0.17672186620566,-0.30754758423804,0.00705816021227197
1.47581694032811,0.0997684790205613,0.0604828692056408,-0.390737659678215,-0.0331247174751763
1.02949724668294,-0.164970635984128,0.0696702085515363,-0.216814493502325,0.0670183265801858
1.00955326416721,0.347043273747649,0.193147274316627,-0.246558332923801,0.019886390341707
1.0884519603435,0.315446164153001,0.116185667452862,-0.343714366207446,-0.0286291243810793
0.508471510297019,-0.306634545995908,0.233273960600877,-0.00733168792873336,0.0366976474620299
3.17127073350554,0.220058298406149,0.189144165511865,0.126786524914735,0.0559439028761109
2.25432645673654,-0.373047103519156,0.0600200935255961,-0.143771537841147,0.0636207292032698
0.500823605326139,0.373778829434362,-0.192270093757962,-0.293982097414023,0.0334456188180623
3.18092838262458,0.376400935360351,0.125974685465905,-0.242717945330296,0.0386897114334093
1.01920293987726,-0.10187161742785,0.226672103905544,0.292316390283499,0.0300407596540658
3.35034489446514,-0.227010638787086,0.158963813259254,-0.266356143846404,0.0249422707824756
1.18778028267604,0.364125634316606,-0.224375930557747,-0.0674156154399883,0.0597434547840473
2.01968614445769,-0.0621596014795138,0.172840909009311,-0.164016233023425,0.0577423343763708
1.01736465639464,0.255681909487845,0.27759391624321,0.19233524804358,0.0177189469838244
1.04361154842626,0.187368266871301,0.315712700125835,-0.104336704615579,-0.0210762323190661
1.28406030445352,0.563798730747971,0.219720896997027,0.00854440643960589,-0.00380342797450006
0.647194281184398,-0.363053235377998,0.223194124051945,-0.16884470220014,-0.00207874285548707
1.36722417725463,0.488864365060346,0.219713873380238,0.154423905361614,0.00919277121877785
2.91862191359914,0.148332323827858,0.208816349142653,-0.191380254408692,0.0413800515804604
1.2500151190344,-0.0799647493944239,0.314821351690438,-0.102944517009046,-0.0114203614197328
0.898777024932226,0.495423098438717,0.10847162238294,-0.0947592178835643,0.0510866683173304
2.99002967129225,0.313918937925646,0.0417453035625695,-0.00861747834567825,0.0783628721983297
3.34234239830571,0.0743891396304379,0.296856030937201,0.0464635848976711,0.0242841035198038
0.568557198593922,0.511334615177619,0.0327705833404619,-0.31899015695672,-0.00317566227962623
1.7861694365242,-0.0675972479585175,0.175797889067114,-0.289150855734462,0.0292307075171668
0.209359037066106,0.537982838892295,0.196595421823131,0.138548155529081,0.011654087085512
0.362889274793476,-0.0974807631911268,-0.0632573331910878,0.0845979046768033,0.0902244445186241
1.31337572605469,-0.456446607685675,0.048217395608115,-0.29078354985944,0.00768199292839888
1.48476319369629,-0.180782568910903,0.197091225541123,-0.290302922277202,-0.00355108675132992
1.02891199484372,0.237425527669866,-0.230739954731202,-0.3226199411389,0.0267430626525126
0.60705793587158,-0.189336952188623,-0.0599874573738191,-0.415007996581724,-0.00425113997606844
1.16002538515453,0.152190113367867,0.304158955816366,0.0061793438354615,-0.0536411188389585
1.887937569458,0.237410794183816,-0.0170160946873307,-0.405542702223259,0.0254683323184067
0.198535048232416,-0.582536970446418,0.107743509357541,-0.0587974882596503,0.0268247972616102
0.464500348645517,0.292669456318524,-0.273414850663895,-0.116263044980949,0.0499944351505504
0.746795117638837,0.442914279664618,0.179676255460442,0.17821126066205,0.0338843538590017
2.82997987619317,0.206063165617358,0.213393799124423,-0.258521138068981,-0.0305072839405937
0.612528851053325,0.568835475346589,0.0254496527878556,-0.269111593059352,-0.017696550980753
0.739075300914532,-0.338253497931646,0.0367938602136061,-0.321868438954427,0.0307638325370947
2.57860330182572,0.229221935819481,0.0198118154835566,-0.396355356226604,0.0240654093135872
2.85873673736396,0.473550350326156,0.0695624119480421,0.0918340990752739,0.0560602668238453
2.46620390471783,-0.0700801468601238,0.22322109786837,-0.261402359685949,0.0109000943773437
1.40105216181362,0.642901902199759,0.112979802325645,0.0853430266668685,0.0101988244694189
2.40159486402172,0.588116324193798,0.16298341510137,-0.0677387206740584,0.0148235716070311
0.112251534601699,-0.508297090473744,0.129953288528842,0.0601715657089627,0.042780852190669
1.47660017816911,0.0731149206299184,-0.0955620472374162,-0.395556266953007,0.0430640375359561
1.61409414177505,0.321447017551703,-0.0654752569826347,-0.205667384455659,0.073327072427974
0.788088746647764,0.0524648306839368,0.32199039154109,0.142053499190655,-0.0428967572726937
3.28441822409878,-0.149083102966527,0.283046954224082,-0.0300422855837103,0.0222700925383695
0.143156133889113,0.224490657540594,0.246875673557354,-0.192845130180102,0.0190930236734725
4.040633293522,0.549192815132589,0.0407846542425765,-0.210242957753307,0.0181516630877671
0.237830453878483,0.43690329854058,0.154352447713576,0.159079864436518,0.043546279730315
0.442860032305159,0.0498984610232727,0.239559797789205,0.0718955091195164,0.0516896423454205
2.21123804185475,0.478446994531501,0.0804924482183058,-0.291638420324295,-0.0208768437951517
1.0926593179475,0.454369982304208,0.241665436501897,0.154885230627519,-0.0289351357842668
1.5881573150262,-0.230108719712568,0.0544555976657934,-0.00506420537498644,0.0824812924530806
3.81434251971502,0.467794887573669,0.0172958167742876,-0.295296601061674,0.0176778988096738
1.58300295660695,0.115197821163628,0.314161352800305,-0.106079899211564,-0.000778323482679874
1.91199438090709,-0.24395035101494,0.268485909967052,-0.104838726991198,0.0142818088094729
0.283900725174291,0.139555604677365,-0.0755952045116646,0.0133523679423579,0.0902122504416206
0.558751359812955,0.498022811518314,-0.172916161598108,-0.251241468689349,0.0133214652349344
3.03217150421511,0.324616970183057,0.190703504139589,0.0914228393806645,0.0507289594817778
2.83011729388223,-0.276465860966779,0.0680017952227653,-0.272306103845088,0.0486567052405991
1.50807667476068,0.523761730762806,0.105863317687322,-0.209195517171764,0.031312038049193
0.4320744063227,0.108982130420772,-0.0349275996328779,-0.421843700672858,-0.0238962365813068
0.264010338594161,0.524607578666617,-0.19803387216242,-0.0257642557657992,0.0333918557253039
0.338469840581985,0.145699113150452,0.143449246602108,-0.261034588598434,0.0467206044441256
3.25598249054979,-0.178265210320019,0.14303626485971,-0.32139969062956,0.00954002397378749
2.09455980538997,0.337836394847881,0.125435733206778,0.107340748993845,0.0641870159990909
0.0800671839982595,0.108460612703199,0.132159052145805,-0.344655315254252,0.0241500632786341
0.506388558418482,-0.0293728607625751,0.267295645884007,0.298751304512804,0.00878377192580661
0.428324961955726,0.411882270680768,0.000850438008737133,0.239661664886606,0.0508400363663751
2.21420817815627,0.467024264082065,0.199206960778137,-0.133392985701878,-0.0385373019088474
1.18463650784061,0.422343373393202,-0.152186190023103,0.0576041373832944,0.0630724407833926
1.85674253603201,0.527272740674919,0.155045023684985,-0.160210963496918,-0.0360961243244167
3.25908131481353,0.526929547226472,0.0392883733134716,0.0552992173026088,0.0510377406448348
0.876674642360384,0.483524424868904,0.19617739654175,-0.134651593312826,0.0236401739962702
1.3631280698275,-0.349926739235568,0.102541224932282,-0.200504419248429,0.0496600717777989
3.69460710654566,0.269119182607034,0.077792888710517,-0.294250012780255,0.0460375180662893
0.359084290333546,-0.173036129247091,0.315209814956779,0.171192552534402,-0.00464791670930217
3.55882869889887,0.254898704645678,0.189498778344578,-0.0180840205235169,0.0567283004028942
0.496852052086536,0.541569668357516,-0.0707175827949606,-0.143852864805762,0.0527526920031309
0.936944137088695,-0.105469444494124,0.282264407045799,-0.0442433843286467,0.0296807312259719
3.12095018525696,0.037081759721212,0.18806851302333,-0.051341882964326,0.0637967420153024
0.147878218298616,0.0336017123343583,0.206086056956167,-0.220258797434679,-0.0619533398308411
2.81088769083508,0.622457990573818,0.109699061029587,-0.108543898367024,0.0114283141850437
0.800292487687385,-0.254283529428272,0.125229538331626,-0.204996649484395,0.0520730939685368
0.0239277208425614,0.329300398568159,0.155077002629706,-0.159018810066926,-0.0701477650568531
2.67707540682739,0.143373367405984,-0.00305835369796697,-0.289033054037317,0.0673736679805366
0.475393197210173,0.350077040080086,0.0271815913032539,0.294278060702558,0.0453883239137092
1.10286239396018,-0.0107890047684928,0.316244992941313,-0.0615993947581853,0.00987631163902415
1.58556425853395,0.471085871898075,0.0903501828087369,0.238218947647598,0.0330751738069624
2.67923867122995,-0.131811897907296,0.313770965766465,-0.0456570847864844,-0.0121118904510043
2.77066404176065,-0.0263920887267247,0.310298695202306,-0.0987907907109255,-0.0162404672253889
1.48138996605527,0.0909695877686796,0.0588004503507273,0.156769259563933,0.0809951370325993
2.88105344285576,-0.231623874569854,0.0769373399677715,-0.341840674991311,0.0254577494157752
2.9657534106061,0.0465153193201463,0.133212763394611,-0.366827082000333,-0.00782543570295686
2.49685073664109,0.189351766215241,0.0924786511388598,-0.388846163259885,0.0054021356497683
0.842576450407773,0.633553598747241,-0.0290299672765661,0.0868542042616452,0.0298656027208074
0.669687771617235,-0.18974157514797,0.185914999570289,0.00725289966498206,0.0610355087433824
1.42437610347582,0.456377309741199,0.204558338151555,0.191415755996247,0.0176365614977339
1.06852828591435,-0.466585448207224,0.13539330593985,0.0406409444474774,0.0494573368781866
1.23327598644559,0.653997207708339,0.0869097637055754,-0.0134327499254999,0.0243288073906463
0.498650787818866,-0.244785124995255,0.178873739480577,0.191502105801791,0.0531725294345709
0.707784816332436,0.361358075454468,0.0825338602129672,-0.362172083816544,0.00658399992925163
2.0393660134885,-0.118110817320708,0.239216781495977,0.121753131439587,0.0482815358032911
1.68829217473723,-0.170783726190861,0.232073022786159,0.133576348940093,0.0478218714389314
2.89836970538843,0.235077993510631,-0.0867798502928665,-0.315262705035144,0.0593494375237253
1.29426284815607,0.370956890906829,0.292165401060695,0.0566213772599854,0.00535182175937711
0.910542828215892,0.460454904285181,0.197208943709749,-0.120875525581002,-0.0499619658741668
0.77030562663587,-0.224141281196482,0.0829665847968478,-0.331077726984698,0.0321287141110985
2.21563108324134,-0.00528424651390433,0.213908174268154,-0.259654453131159,0.0234425804913518
1.33959938122791,0.20427176400447,0.244552038608454,0.15907707182495,0.0413843992940966
0.936101253476152,0.588228419501049,0.0851768473981362,-0.0514437599420976,0.0420687038127966
1.12549735006838,0.176223349565401,0.274453032141058,-0.193595577930044,-0.0329855464377865
1.33192816793142,0.559604978674089,0.0284063893669046,-0.284242725451851,0.00214912244619816
0.282803382042354,-0.26053514990531,0.253439980413288,-0.133666235606834,0.0137698299533778
1.51316858311993,-0.0625069929648946,0.304551922574072,-0.0227969689471261,0.0214882793757021
1.05740708509536,0.148650783125024,0.167981841019205,-0.296741842753079,-0.0485000627307472
0.822103383672362,0.0988500662967179,-0.131905069967581,-0.424557255856908,0.00947914268387435
2.02305194645605,0.271870212107304,-0.0551720713334413,0.0489906288961059,0.0845956221086278
2.04781739590441,-0.148602835228665,-0.0710943371696196,-0.300816332601631,0.0665309647143986
0.737768367690907,0.660758259554366,-0.0236601415948174,-0.00218200258309691,0.0308014754594908
1.9762481265088,-0.0742247613101305,0.16094576579467,-0.253786591244172,0.0447652987871044
0.517002369506777,0.363101642273171,0.188459293601614,-0.154016477664834,-0.0614575496099038
1.00571634692331,0.224998221013457,-0.110708166133048,-0.351415949386761,0.0507786671117568
0.439547613732821,0.628447125733622,0.177226098417294,-0.00359177304643102,-0.00752416051583946
2.11332848402864,0.0486443746119189,0.195677113726879,-0.231225724722253,0.0408309493127419
3.090386847745,0.381888285212526,0.202406159600163,-0.186606064564756,0.0229412888841082
0.0898297259319352,0.560504346445044,0.00501290169195427,-0.023844739689059,0.0543431129556661
4.61600459490914,0.346678124925741,0.228922082774407,-0.098646659490826,0.0168152201897896
0.880400273913125,0.290348000529675,0.218224259494423,-0.201410714385619,0.0279180081469111
2.75448408254033,0.250538614415486,0.300051925168945,-0.0665627254609938,0.0040719527369848
1.46312517141157,-0.138550912320264,-0.0968313661706918,-0.393969687195218,0.0370153995578628
1.66824654180059,0.239192054001552,0.207621876858389,-0.292235908773819,-0.0189804579274503
0.819253256707288,-0.0456648848974094,0.323899291029214,0.0487032622238959,0.0125029239005791
1.91071145669749,0.663145408447399,0.0543132480126632,-0.11828193434484,-0.0127495236329085
0.763057166612148,-0.0114284696572883,-0.0927344539220486,-0.295030416892794,0.0703557583270099
0.576935355048274,0.0581987628552302,-0.00672371523644518,-0.396976472770465,-0.03831501018305
0.567127668063718,-0.528882845815509,0.16690853044327,-0.0495744019765116,0.0206857981304989
3.69866993875775,0.401563572529955,0.118232865545789,-0.107856298931386,0.0555696466983605
1.83549668919712,-0.057974637580191,0.0306014110174705,-0.0773496100181781,0.0879009203721397
2.97699604530815,0.229370917392205,0.308253222867497,-0.0267786462391835,-0.024369947470117
2.58958467389869,-0.0419514866983824,0.104851954588687,-0.248510779047235,0.0606051672948234
2.45159704528256,0.588802683689241,0.171692690265065,0.0225076693839307,-0.0200349136713802
3.7255952327172,0.0103906583369262,0.0569574190046145,-0.0785192023206173,0.0839431974096497
1.14067182406202,0.460401367675062,0.259494573213232,-0.0310242325814187,-0.0321113379259828
0.407431029605426,0.404812353188152,0.226071502512567,-0.0633335539909051,0.0324206848160397
2.88394399398519,0.0366195136269622,0.234873239076556,-0.263481667353261,-0.00330086247876618
1.61713434064309,-0.222097943785614,0.0607708670162415,-0.38152044836723,-0.00864448048214623
0.536568240314971,0.0522905364058387,0.0192420488451804,-0.0941411519341106,0.0868111270267896
3.36903758048896,-0.145330287124953,0.169776402827582,-0.244381761757474,0.0370600481441007
2.73923779038099,0.098576215738132,0.00135009889386009,-0.237723612372639,0.076256982750813
2.07226845802868,0.358961160452446,0.183621260263593,-0.0617865337688054,0.0519566593636644
0.497175164015279,0.154779144600873,-0.0402539122524132,-0.155628478962335,0.0844480104306824
1.15570910719725,0.374483670092032,0.167921758558975,-0.284490320722988,0.0116742619084111
1.7462161237174,0.288906644032932,0.195020664154631,-0.175141361806933,0.0428180692316608
0.566504070541486,-0.228500288655045,0.0200931341475695,-0.237583027609422,0.0660618455017429
1.4645958817754,0.456438703662881,0.106084721178099,-0.290875713813026,-0.0275000894833135
1.66092890501577,0.518588377255282,-0.139706011953414,-0.236036702192783,0.0301862044180076
3.05997661720353,-0.22443512349485,0.18820156450944,-0.0637133614125319,0.0549065928845223
3.2456562502686,0.263603999094515,0.0801252411043263,-0.196708964585344,0.0659280905592527
1.40727705443719,-0.0731512507966843,-0.132570011777717,-0.156330210949895,0.0869336043706435
0.311897239177557,0.524618655847207,-0.0146505522308911,-0.076010859547342,0.059870388870741
2.65569231495083,-0.00253590469491626,0.151435265552184,-0.35342410053391,-0.0128900195329866
1.34379105009897,0.386199778917865,0.269964956012688,-0.000968576500077624,0.018894563667317
2.1974574773853,0.223808390743977,-0.138722685880435,-0.387295936016453,0.027616385967515
3.82075118675894,0.187156078585216,0.299116112775788,-0.0552194840618928,-0.000246816949836585
0.14380645481984,0.380447365565335,0.217327530452205,-0.211305716118939,-0.0374188993131815
0.131961531273817,-0.566769168768411,0.0643554751488546,-0.201593160516384,-0.00283601764771886
2.32830939723731,0.293520679776662,-0.0499392927987627,-0.120722777689336,0.0819633398671017
2.74323480457526,0.321910255339595,0.213614419321641,-0.238274424252665,-0.0233231362631209
0.791713938531322,-0.181874477503349,0.0632515519218738,-0.0905701900579496,0.0794394514393872
0.851271365984937,-0.000239805227457064,0.110783866457276,-0.191121204356874,0.0677028572736814
3.14974347669599,0.392869947920299,-0.0383801376677077,-0.0906167460643661,0.0738959857822224
1.46363475319536,0.479861558070176,0.160465375227571,-0.0843748319016171,-0.0555961313093235
0.798810185502006,-0.124539944072506,-0.133319996994339,-0.281849360726428,0.0692002327088555
1.79452726095312,-0.121359265960252,0.226846938933739,-0.243628246421623,-0.0346913007332963
0.731471463577943,0.349411144854704,0.23872758432435,0.16322739679632,0.0297890811969756
2.87614272961245,0.246681170640946,0.0972128071961666,0.105767446323717,0.0733093485189755
3.21845380367667,-0.118519228480775,-0.0349808847169867,-0.359170621884316,0.0485739416802242
0.84172622891361,0.284012794468515,0.198518106222053,0.137177173559311,0.0515568247907157
0.985857268150903,-0.20051309316276,0.100996934492516,-0.369187801148295,-0.00463392679157637
0.834946027591471,0.0814580213578335,0.250102741199227,-0.184356179988538,-0.0545224958832754
1.45702294631487,0.11673736011587,-0.00148070182480662,-0.308735666380267,0.0642429502236083
0.738139098404312,0.0506126371393975,0.32687586846361,-0.0504348230003702,0.00234555008396415
2.82257201782788,0.644322124475675,0.0363927618175019,-0.0156264580366491,0.0259101878160222
2.48515939292945,-0.106999168183361,0.123779712464893,-0.126126595964215,0.0712861270934006
0.729268693670917,0.666735803747148,-0.03192299376265,0.0112841585189973,0.0266247879766049
3.93861110707504,0.233814196724254,0.123818268723282,-0.337725062570244,-0.00688885080828059
0.559534516465721,0.557587724775859,-0.192794848736664,-0.0784773097511732,0.0152213734705288
0.982937247968589,0.383802359467857,-0.245963061931777,-0.168199659734622,0.0402771615619129
3.59605618243301,-0.00282793183212491,0.146077536915563,-0.320241115545027,0.0257592403435413
0.476643278443578,0.462630993757469,0.150336637646855,-0.270354593275558,0.00332099426715728
2.51215773327365,0.172120712550074,0.192551162679368,-0.293018709254331,-0.0312992342321407
1.24482129297425,-0.287604716745371,0.226027945034796,0.121762652043141,0.0421585917155858
0.110708940744626,0.375156608795796,0.0927996462705095,-0.32753236808066,0.021455230644816
1.43350031029281,-0.217577379409073,-0.126347816913988,-0.339261185943749,0.0506177843332018
1.14099223824129,0.333464083804361,0.111621238813167,-0.326991780923721,0.0248566220199665
1.95450369738664,0.297145091247468,-0.159514370354517,-0.16519953981581,0.073789077751268
0.787283272634403,-0.525857886936601,0.0671298746546639,-0.157783476134315,0.0367046301079081
1.28550985499545,0.414926794615858,0.260655174609174,-0.132921034618393,-0.0124061002284717
1.33888187041707,0.588481419058149,0.185006730400158,-0.0360561044747615,0.0117966188884612
1.7906692431925,0.622442584535884,0.0637916010945578,0.00662660309858272,0.0364252782596649
1.12469453968034,-0.321870236598187,0.0995340586449647,0.0581255579476926,0.0710060548515539
2.04280974509605,0.00880199318717515,0.21665962392702,-0.286047191556734,-0.0270983952441484
2.12744935154676,0.672915790765152,-0.0106832812423761,-0.0694292491589545,0.0177021238120476
0.165590905472473,0.507303585678869,0.139307330234895,0.258507083521665,-0.000835996278643481
0.00860214022342872,0.163645812035584,0.134351797122319,-0.325558784670438,0.0291776818799638
1.32417514516823,0.453062936100672,-0.124024016412602,-0.206034517167319,0.0561638592947496
2.37359974818146,0.311874982340306,0.133309659409228,0.153429095006062,0.0607069197796635
2.61579720275382,0.235949690435035,0.138562429190388,-0.319500710009128,-0.0342054301360351
1.52230702112545,0.148049095299018,0.171210682589517,-0.269962260920211,0.0384483715565149
2.93292727785114,0.2824316380373,-0.0820760140617522,-0.0977380207552668,0.0826505381889216
0.397252044463913,0.52787652911169,0.221568670054168,0.125300279355884,-0.0248682766697933
2.07498513916066,0.368149208683592,0.112804412776823,-0.339970476939666,0.00190525485618596
0.659570853493295,-0.0161805990959273,-0.0365064979403834,-0.439346539836516,-0.000656828064674396
1.77034262335615,0.175146279206679,0.0102426075372563,-0.0216828328379685,0.0884479717474849
2.38370659369882,0.134289361256565,-0.0959032666901318,0.00963100171548773,0.0909228391592548
0.0159186585593691,0.660605667810063,-0.0117868968697707,-0.156501077010147,-0.018202068945556
0.420272610510661,-0.230762085053411,-0.0161207493578492,-0.399926243547165,0.0120147840271627
2.88398706703158,0.111726113090697,0.285649379949909,0.0329451961162414,0.0322756799568616
1.9873787741139,0.232417274948016,0.306510087528127,0.168660483388169,-0.0050382778745553
0.931151760356323,0.622652107406346,0.0613105918002081,-0.0370275678731675,-0.0416430443117476
1.53038481565523,0.0063455621769306,0.233281524242352,-0.234961792760588,-0.0445988246650624
0.462173479963086,0.18527204268551,0.13289842747233,-0.286199378632423,-0.0588339498934592
3.80133502275276,0.554015096444169,0.142667780764802,-0.0391347707935599,0.0239850702758126
2.41321677586537,-0.183099658087596,0.00466418167834044,-0.401060942103233,0.0148290265214806
1.00732701734141,-0.428051179539934,0.227923827040199,-0.0796709465342114,0.00770423807259546
1.784660350962,0.271520013911696,0.198215547856357,-0.297584548956603,-0.0122534569505761
2.93849224539755,0.350882539177278,0.054920485795482,-0.302904426247738,0.0428488487808407
0.397788992072337,0.445239419925854,0.0197329660391124,-0.188519324930051,-0.0614105905683422
0.443368008795456,-0.0447407704414459,-0.0588824323404554,-0.390316353004206,0.0428260161655768
0.204024974831141,0.513064249047457,0.0246678261581133,0.0260106395796388,0.0599915524116342
3.83691704076417,0.435418682526073,0.071300284653991,-0.283235369720229,0.0240070243622364
1.19181973548007,0.579090830618652,-0.135161803695907,-0.191151711168891,-0.00119769310471942
2.48033495831995,0.432548560929333,-0.0745709256831825,-0.329682503515674,-0.010538071116358
0.583604274879939,0.280340066755451,-0.181693286872896,-0.20489450379469,0.067870499205022
2.61355173277648,-0.217275898457413,0.165400206475419,0.0696641308524862,0.0648424363081564
3.68979449493308,0.312398992035596,0.072553636757239,-0.261647556009805,0.0512613787107436
0.836044084605875,-0.354845957682109,0.24809770296464,-0.0599873758688903,0.0172439374771155
1.44233200721903,0.0681304256747321,0.285590019226608,-0.18363604629171,0.00198746280875175
2.84834234823469,0.049273100944959,0.169597944269649,-0.333142308050311,-0.0189144129576073
0.242056133702553,0.293516283653849,0.300956589528105,-0.0203823299276104,0.0103366366138572
3.92433866003087,0.192067644705237,0.0914724225019183,-0.0567487670254199,0.0765344774456075
1.1356206483303,0.0781866437068215,0.142306952325799,-0.372731142525894,-0.0156297717599871
0.9896697023317,0.464501138325882,0.253870962738399,0.120856391877467,-0.0259283088588109
1.11396636621885,-0.32823642283492,-0.0296698210153125,-0.154018151987783,0.0751116173941462
1.4597468015072,0.599116079043116,0.093565970803844,-0.0640069359617076,0.0374587055378803
1.66009428472412,0.612341455612124,0.179658884169255,0.00300785103498896,-0.0105657276860184
0.699246068946563,0.620200801595264,0.0802228680532554,-0.140909540705442,0.026505678408557
2.50001746897015,0.273118279400099,-0.0948012484464633,-0.0775246555982885,0.0842011907957972
1.45726743600288,0.224367570563044,0.053321505838814,-0.335791682096559,-0.0492371281921022
2.27507011551346,0.227611077449033,0.315624357808131,0.083135014317058,0.00387858027675057
1.88539736000073,-0.111507446446905,0.170200460918585,-0.0618611818025257,0.0662985689763431
1.70295483694374,0.262260421076731,0.268493434339369,-0.0489967926715026,-0.0553892771918412
1.69552775537085,-0.0148684588334991,-0.107866581893448,-0.427812649036808,-0.0000542259018842407
0.92522551536852,-0.33016394171351,0.101453267968244,-0.324633618774588,-0.0127164133570453
3.64931803497516,0.412859512711973,-0.0400946296370444,-0.254307700631281,0.0517238917647196
0.765971689576194,0.306666458529612,-0.0416304046218888,0.0375291915502833,0.0825820738419777
0.641559979365346,0.542758458680202,0.219933197928261,-0.0240054723430408,0.0095384254518918
0.0594778222270066,0.201295699880158,-0.198992645224827,0.0504272834923279,0.0764713079615416
2.12679107146022,0.209386064460822,0.186830162781458,-0.25877572719979,0.0326983557631325
4.66356969493726,0.221627959957676,0.116634230651165,-0.306806794321812,0.0259223995557904
0.822880163308876,0.464369929002032,0.240861441170596,-0.111447557641431,-0.0318632040788998
0.436305986686157,0.10097997142065,0.324649337978674,-0.0907963154906262,-0.0117490478652838
0.855292261767712,-0.330280114519114,-0.146916122181729,-0.329920670736128,0.035694008247396
3.23794585308058,0.590433408659614,0.13240779917843,-0.124135233852883,-0.00591168442976989
1.21012859212939,-0.40639887201826,0.109525223131382,-0.253176570209911,0.0235557010957345
3.72117172830572,0.497923276741257,-0.0184623274725924,-0.22345247119372,0.0418959700062661
2.30212702585985,0.623773053323585,0.133775490784343,0.0205787738644989,-0.0199868029574769
1.4301958380183,0.480610370718806,-0.171239694714938,-0.251198627168626,-0.000675265824476516
1.67763275611579,-0.0402876511620278,0.248185949869078,-0.24826967183711,-0.022480937532914
1.66549613089638,0.0500772459223127,0.19606397265021,0.260295584853025,0.0472186804291833
1.63969836628355,0.595002770842131,0.129679666796916,0.0183438878707414,-0.0385232511161035
0.375729733963317,0.196212450452666,0.196488500436861,-0.2818030501879,0.0192609036988176
0.237292349130466,0.0336244717547905,-0.069302695001092,-0.0030423098850811,0.0922361757664189
2.99598799133194,0.157137029297832,0.309377009162373,0.12259211926643,0.00642672643983068
0.179242842176225,-0.00597958425155617,0.295922840528102,0.276162305014875,-0.0163485381235249
1.21125988803805,0.410289086940237,0.129335905206787,0.223449535338066,0.04230879359384
0.304012796557771,-0.138585364031302,0.326979701026471,0.113508758938863,-0.0332831541411911
1.44792740490102,0.526447912185864,0.104781501135812,-0.00334935782669321,0.0505801598286975
0.655731428917004,-0.247000365824929,0.24494020614546,-0.197760077955215,-0.00421164946436159
2.49888305528693,0.318638842913215,-0.118584849399881,-0.332433173884212,0.044736711337748
1.35989203370232,0.017726609003554,0.340265728011583,-0.00635665953879643,-0.0158179680539069
0.539795835634889,-0.042103849765136,-0.0493185306677452,-0.427074697589355,-0.0176029742971068
0.192194213783026,0.623967511992812,0.0579898181139157,-0.0792964834701267,0.0357178068665014
1.68875549320854,-0.162981711479279,0.0533216657163713,-0.268754853078308,0.0615806552939006
0.717743035957625,-0.0905713825548335,0.290656537412847,0.260287549236171,0.0021555342614911
0.824851821918499,0.369023124011567,-0.0986211901930617,0.157195103801529,0.0658677399395522
2.97267952845162,0.542482009392033,0.0468790083949376,-0.263629912747269,0.00674915424604713
0.910932673172981,0.458991899362705,0.0507888125693866,-0.315042065033134,-0.0287557966823035
0.199459759563361,-0.169924572876641,-0.216906163742138,-0.285733415519452,0.0542000052987755
2.65125731597348,0.604169812136572,-0.0188438716414041,-0.168413667222635,0.0317729761991262
1.88652311101805,-0.141285754883834,0.257516228497481,-0.210908717687904,-0.00284642128235603
0.35939531712364,0.19430969585418,0.136799561580065,-0.336426957408968,-0.0411972457970764
0.450161594334493,0.607171657290059,0.0106399223295861,-0.00429926362315329,0.0457722681170317
0.880044513250222,-0.0144008757778848,0.0401971419594662,-0.0286124586075144,0.0880387421121867
2.7760051054899,-0.206393802953106,0.190638244716484,-0.160204341544765,0.0449828875080186
2.10327736423765,0.405205715747864,-0.00294098337321661,-0.171993893965822,0.0678610334443152
0.102703169826718,0.514155555804178,-0.00727812526514773,-0.0912748764491517,-0.0597720075469306
1.76110867525386,-0.16915161109272,0.209562117310985,-0.270903582907336,-0.023310013004129
2.786906678778,0.382851226717786,0.263895492912312,-0.112537574587097,-0.0111882546720008
4.02692145465015,0.488976072561629,0.099831889870979,-0.240661862655715,-0.00419660437506853
2.90236816331305,0.560057119594512,0.187611918502803,0.0573297208017918,0.00275287539518949
1.05092152279677,0.0661870913945722,0.273834634639308,0.0948604612220974,0.0399393102285459
0.0351153416318702,0.236866673356884,0.196898598029033,-0.0431195533348277,-0.0789704893999653
1.222257007659,-0.323697565178514,0.207350735773684,-0.216048787147935,0.00214196013322993
2.58971540932354,0.452090305196094,-0.0148732511038599,-0.0102436999398423,0.0695718348659697
0.496497795615772,-0.434885653229883,-0.0179519747787768,-0.232627069477028,0.0499840452731793
0.279526915545199,0.41145421440322,-0.148853418504498,-0.26595000918863,-0.0309434290676374
1.71880667300214,-0.133816080060689,0.111243430346877,-0.373666377985578,0.0037704360604169
1.66675021066988,0.148766329455376,0.0921575426476605,-0.400977028147118,-0.0017298242736512
0.869386409429753,0.065635933315503,-0.182517528526564,-0.0770937875768493,0.0865688102891594
0.565575363484689,0.00724040997839751,0.278792680323913,0.151200721340459,0.0341875914006484
0.283950075233718,-0.436096175504967,0.0402110589090852,-0.201681441433737,0.0482677472903069
0.536073138125504,0.195232550241465,0.296166326526514,-0.121163279711826,-0.0415616425023584
0.0907125128459684,0.515391711985694,-0.0204164164030043,-0.106249966350984,0.0593473721051771
3.66858802388212,0.257056139609513,0.0285681130399584,-0.311360994629851,0.0506532306451683
1.3575002962819,-0.408503670730682,0.162591098200446,-0.211606167735491,0.0136702178737139
1.00649581416061,0.289602480153331,0.172849692394588,-0.290910675031475,0.0204608978951919
3.16278128662056,0.486846172732914,-0.0847218856644372,-0.177239715560458,0.0534724013913148
0.789469389578251,-0.321248785787987,-0.0350232235857069,-0.268799054429418,0.0582939093003242
2.42339673835994,0.598571704598743,-0.0457983723371873,-0.133821980164014,0.0395769559536064
2.87405794770183,0.182062489973325,0.302674579352372,0.123431761506956,0.0119044935298372
3.80643294523766,0.0549731580012975,0.0393299644527914,-0.263584620077698,0.066762336703073
1.20385221954645,0.688216026303848,0.000303953657878515,-0.0235692802002644,-0.0124571742516412
4.87814086125346,0.201215889227059,0.14583026823724,-0.267179775668448,0.0302072907678402
1.8229592846358,0.350127272357384,0.247267805747849,0.0604625253784509,0.0343026354749817
0.436894406823355,0.202713548012221,-0.188620038659784,-0.271473478092191,0.0617857891033765
0.122665319487191,0.619212931133399,0.143717867756725,-0.137379553513738,-0.0176218314317823
1.60559026958972,-0.119823240901866,0.199976416567162,0.0215613470047362,0.0616982006538038
1.78736731308007,0.25999756010606,0.0938188664956196,-0.330869746464903,-0.0428295048033504
2.25074074591072,0.0723533491320491,0.261430654971178,-0.228993849026695,-0.0209766313858429
3.07931409358946,0.381020652540386,0.268212878070578,-0.0129462671478503,0.0109455862055977
0.245933743606798,0.123892411104019,-0.23015636785648,-0.285651906330574,0.0536816840352282
1.55798042626787,-0.0878484641709227,-0.0367612867280879,-0.301737854253709,0.0673459252715619
0.0111692580374853,-0.193252723033832,0.312347715207892,-0.0384544371915424,-0.0306531467245259
1.17950231779013,0.526135420047289,-0.133791104746447,-0.223286878061906,0.0354201705613465
4.16795528361247,-0.0179309237494723,0.244268249868852,-0.121306153612379,0.0335950833668067
1.06165716581516,-0.0562407356750299,0.133059218496247,-0.00711091672009399,0.0763027575197746
2.37069804670027,0.00403565899786808,0.138098992000639,-0.35240476803856,-0.027472724883567
0.318083268954557,-0.209917573827676,0.180394749338074,-0.257341202749314,-0.0455755121716402
0.815285862108731,0.53005308805317,-0.111969934814571,-0.239369814581136,-0.0207517490571284
1.07108869359799,-0.417872083939864,0.165077894237633,0.032921762268828,0.0482992194714511
1.70421150754472,-0.108437957040737,0.136213315334012,-0.350027417047092,0.0149008385980773
0.261857607712983,0.0940072389786959,0.250080568161287,0.235530961222985,0.0333744286852783
1.21394740110492,-0.0540812172356646,0.322170059710021,0.0061784965132683,0.011557356828935
1.45526864285036,0.507757099766906,-0.00589993917218895,0.171494507159701,0.0476280492122345
2.05685349623108,0.293002617868322,0.0462595866251932,-0.392996207759084,-0.00728554607483389
0.219743037899459,0.617989687650461,-0.0372597189448838,-0.0753678640879825,-0.038196265869469
2.03504791081022,-0.167845580026756,-0.113702271851147,-0.126366520244041,0.08752307331808
0.33322757798048,0.135203934211164,0.24133218522428,-0.265342543493842,-0.00480569760372573
3.09011769252764,0.146482403978909,-0.135396529450532,-0.231821336971439,0.0758166807245995
0.0714551183545432,-0.0172563096273042,0.0898950679435604,-0.162563631793756,0.0723604473619469
0.69644354195854,0.211707366167579,0.296467458670381,0.23519621395032,-0.0173266078278647
2.22062723511577,0.181558908285273,0.106025350047656,-0.334937887555338,-0.0423129573101253
3.06894833640996,0.41223149724023,-0.0413438620069937,-0.0555199611730149,0.0730453778922494
1.69184571265361,0.687893862868743,0.00176823889719139,-0.0426336938159052,0.0128911130357609
2.65124126536404,0.209755260327208,0.143754960433024,-0.207374756575372,0.0561227466541045
3.24687180199505,0.395647524227905,0.036117500083737,0.0411010024104449,0.0702509297401716
0.0100506141628808,-0.119388178481723,0.0343131343600421,-0.388855386978701,0.025684443821589
2.97437597222149,-0.221391300430173,0.160114369613452,-0.219172156192614,0.0419318372860917
0.904417846442847,0.0218675467405324,-0.0256376506786227,-0.440392204826499,0.00293062265392122
0.0886977092466189,0.282178867263878,0.0874838361770692,0.284307362864276,0.0506930340735466
0.815161512201676,0.082808220397103,0.0807747227074909,-0.311891563019508,0.0517212693244646
2.04305631002662,0.104360827855404,0.337337815480114,0.0170406781780375,-0.0146407101629054
2.15234041069082,0.506720372129407,-0.0533603645424582,-0.28111220643985,-0.0188969349647766
3.36212070708323,0.168261781215155,0.253734926638247,-0.138139553002817,0.0287566801321618
0.126854744063227,0.0150559898532448,-0.17231523552208,0.0912528634774992,0.0841034123404603
1.63415206547018,0.417778153140642,-0.0753697471819542,-0.360465342688182,0.0132876676189622
0.758647623856706,-0.451782836563063,0.0979996511536714,-0.209635967621963,0.0317812561187445
4.16363882109237,0.459995592186993,0.102963228356605,-0.238780912041053,0.0211854997073294
2.35884331021454,0.497663331042682,0.209014087716791,-0.143616825867028,-0.0176727491337971
2.07640408504319,0.438129251144915,0.0493162990287265,-0.0685610948523725,0.0674230928334316
3.6318468033482,0.556444392603312,0.0164468723156172,-0.0448696120188962,0.0477125744860795
0.253960153171841,-0.328440358221915,0.250383305723601,-0.0840569661479099,-0.0438837448080752
1.85575132883593,0.653626065076677,-0.0718757418399624,-0.0152006118898942,0.0196605904192082
0.498706146675068,-0.315825611137666,-0.114898380840699,-0.0366763452450942,0.0828520245543794
0.400584121554612,0.411780379387546,0.271984800511103,0.112759635141123,-0.0361621170989768
1.79241268750577,0.414186494266851,-0.0630521045851069,-0.0386408838113277,0.0749250186303914
1.61702797549059,0.627210305920977,0.10276248620251,-0.0774005518293701,-0.0316744819537934
1.08546840907448,0.286106393745044,-0.209669668288373,-0.282906822022433,0.0472362146255098
0.492092332367935,0.0244240913569096,0.0478446235920507,0.220112594822832,0.0762128287297964
3.12798330153753,-0.166715708228477,0.276691584435756,-0.0461953407177223,0.0239899573936723
0.790963807875553,0.66644052449507,0.101329629613426,0.0678429048155339,0.00610747564892165
2.75558912330995,0.247449264153915,0.288568304172434,-0.0346612700789729,0.0198576517405638
2.56036769055512,0.515298092704614,0.119563227973407,-0.252005572666699,-0.00362687479336579
1.50856754930375,0.441655317274094,0.225661251946694,-0.12972322754888,-0.039075042692797
0.974210099181484,-0.0399208608169455,0.143474575197059,-0.0206895555316178,0.074235605812317
0.318443461447866,0.50913688323215,-0.149813910112482,-0.249442753779846,0.0271477688040839
3.77443659927036,0.363998358876675,0.120483491417422,-0.208053961109062,0.0462866040582212
2.28502179512712,0.365479768619323,-0.0184716335812555,-0.257763642587406,0.0607315706456102
1.75306583195213,0.0730276590022233,-0.0829921493150858,-0.142733980935222,0.089229790150457
0.413071632718944,-0.051967486342371,0.338147111313466,0.125446657797286,-0.0113395520391277
1.82788477524155,0.284424268223797,0.0643041875797439,-0.352181368415976,0.0338940217244638
0.741892066771643,0.0457371716742551,0.0744768366511491,0.00227550642195207,0.0846382415582934
0.816348055007129,-0.0778944473182013,0.228681400401177,-0.270425296274767,-0.0263652153294383
0.522732524358155,0.0595408406581671,0.19148779214353,-0.265023315151198,-0.0544111908094898
3.38539171537162,0.176028524570528,0.290355730583664,-0.0675050080241098,0.0166033862258936
0.994882911872068,0.215763743893254,0.241373512164506,-0.242982811605855,-0.0323925796262505
1.67196602172524,0.397732837035729,-0.0382326882727077,-0.374661648250501,-0.00294084435072501
2.0380092865862,0.350472974520657,0.0085416403049681,-0.0953763136184741,0.0773815772412844
2.48851058353422,-0.342551305370443,-0.000479966157241222,-0.196140478011654,0.0669822714484421
0.329603029973473,0.694106602772159,0.0445615054202577,-0.0241706536142129,0.0139784411860281
1.44133887853676,-0.121420250239203,0.259282620034252,-0.15927822858683,-0.0474530160182806
0.283600789466385,-0.26874283498399,0.181246029114841,0.056479818340542,0.057239723832839
1.51000056679892,0.602964108638504,-0.00485588016991235,-0.0590948713547417,0.0468544388716825
2.45683870536248,-0.103152632838664,-0.0379246862207389,-0.423048149054729,0.0092028206972432
4.14825557803372,0.383155984713959,0.241250386580743,-0.0999417556278787,-0.001914611316194
2.18650260108385,0.504077632950801,0.0997920070784106,-0.249208104809737,-0.0281348092521914
0.66781995588212,0.346475562587243,-0.219005478767075,-0.0158152259542085,0.0631962028495774
3.03040957482658,0.0413875960033981,0.229120548156105,0.0980146571583492,0.0531322415059165
1.39189479685684,0.409638838556695,0.0259683211069218,-0.12298275132241,0.0695950855005486
4.11165433670224,0.110618356169148,0.0968992955918365,-0.0438918108070685,0.0780322612312141
0.0440841222302737,0.568663726098916,0.103077860507592,-0.164451071082223,-0.0431861068434137
1.53716693691028,-0.247658883659752,0.229840247345543,-0.116258808518427,0.0343063894925382
0.63735038354002,0.589804405337772,-0.0049659088089668,-0.117592842131113,0.0464607338654089
1.4262983338927,0.505881324563418,0.195742377818761,-0.041263737694219,0.0300780661008277
2.01262173877217,-0.350583946527911,0.0377391821604507,-0.0217535979987146,0.0765971346738902
2.39725502721786,0.373300389676336,-0.0733108823585285,-0.360150817660587,0.0269564941459154
3.361267663461,0.368223460041277,0.222260031240732,0.0501360639135225,0.0365274177112416
1.87494080124919,0.584234842497478,0.152689784743447,-0.0699876183992638,-0.0338591270844581
1.73839184526432,0.615783260827847,0.146019795375775,-0.0252375539413467,0.0190132331319957
0.550963939491067,0.0319625249345534,0.133376473766919,-0.380186110052952,-0.00611019658274419
1.88575268854907,0.405684223336674,-0.0549724120374365,0.09886509692604,0.0703385163993296
0.813547102826254,-0.376638549727502,0.193678258606729,0.0342806239220161,0.0447019946313939
1.79970473873516,0.0444379149350224,-0.00488962517782718,-0.425824018389265,-0.0163475434170639
0.604119186145754,0.657050649095235,-0.082690247050769,-0.0307163587115672,0.0241120769023265
2.02662451054167,0.343059638377449,0.23222268168192,0.054362144148692,0.0406444102995323
1.9295484087978,0.378082420956481,-0.122876440024265,-0.357854958999744,0.0126862276100678
0.361080516936378,0.347712792147872,0.176093062074921,0.0843518586623149,0.0544218473074443
0.375971759979347,0.399488171433694,0.135085464608107,-0.232247476002533,-0.0538542921861909
0.00503377624164934,-0.114407732699077,0.0653652976751938,-0.152678589501187,0.074764410419973
2.41474056894546,0.0959973639968517,0.325284392485468,0.00692834460324749,-0.0326196582188929
0.208174142193449,0.350273774330435,0.2335236435767,-0.166379106034858,-0.0482725671159644
2.01805602029749,0.425099569171086,0.0379280434348408,0.034377580666133,0.0699294439039352
0.478863793268449,-0.371328758732479,-0.0311079770708682,-0.357151021068218,-0.00562195028123985
1.20365327245105,0.623008433230296,0.163384154539339,0.0726727487142895,-0.00347201872164158
3.2507279445831,0.569646760501216,0.130275694753558,-0.164132362270655,-0.000637393718749426
0.92529777307391,0.0124294220711287,0.309872755722003,0.156107129389343,0.0176047897744934
0.378412181590903,0.290673900866484,0.0072358710985375,-0.402679315039128,0.013744354845306
1.83381699705198,-0.0274018607711479,-0.127985919378648,-0.327091470559915,0.0631647383878857
1.23666079353191,0.0188942540809888,-0.145818418801616,-0.419993245303513,0.0126595192444484
0.0131532771551383,-0.393752782452978,0.220976337792846,-0.0845940587364986,0.018805284287907
3.06570004575084,0.370935263341839,-0.0379654474923962,-0.0138868919832656,0.0771543172801934
3.10633206404173,0.632554204634794,0.0478655990071576,-0.146238750176043,0.0019254517357324
0.868504127601573,0.332178541276417,0.224775062577748,-0.0379349762075123,-0.0658485322564437
2.53042431012634,0.605794663115639,0.0867486167980903,-0.106739838227409,0.0300258194000239
1.26872530048942,0.289694219287789,0.234665511885967,-0.00543155254430935,0.0449562274963101
1.00776333926333,-0.354236198621459,0.0475644646703341,0.100660656911372,0.0739886622177611
0.678320132855491,0.180774650144908,0.338722906295348,0.0536816940540421,-0.022438695191657
0.670348012915374,0.410197997234044,-0.030453843887449,-0.297392691543157,0.0473064915651598
1.18313519340061,-0.0941692339177594,0.157379362698286,-0.31037784860707,0.0270301890286525
4.08103400132362,0.16414445766627,0.120039923887164,-0.139623337688774,0.0675342567863356
2.17039514862803,-0.0329751189892213,0.0904004082965805,-0.392838241052637,-0.0158123569609806
2.24880549110064,-0.25226303348003,0.166501293183303,-0.29567264891325,-0.00546924234006618
0.12279884504076,-0.230193939304267,0.172866931011875,0.259326628753306,0.0461670377298168
0.649568517097226,-0.186564317819859,0.0841958903756268,-0.195259377888665,0.0659199814770115
1.48033272206616,-0.195972794373905,0.0398443062280048,-0.349999331816857,0.0393394796962391
0.962935830108911,-0.0574870694150253,0.318359351130876,0.138236703832047,0.0117869536573145
0.822718941464324,-0.215269321544292,-0.154964237276898,-0.351704432620091,0.0422228564847443
0.273422976399928,0.0860152576349064,0.0911485774664162,-0.233938490074522,-0.0753803234173964
2.73159683667633,0.504642793569392,-0.0445775946253907,-0.256082460466978,0.0388236882172719
3.78416509075439,-0.0291628313177979,0.141610521031002,-0.00553833512375241,0.073293262075169
2.64607168351651,0.260846451990752,0.033034607556886,-0.174521639032154,0.0752436886554069
1.33127635582895,0.516197047585274,-0.191534497921967,-0.183089215043218,0.0169857589277249
4.58592845112676,0.0729044286084616,0.198112733909791,-0.250828994592167,0.0192033518169035
2.40055614394213,0.231456095641871,0.261689435080023,-0.206062272860269,-0.00298715828657236
3.44490312562252,0.466445287577088,0.161052498813815,-0.219857727125831,-0.0083188506485244
1.08987321377894,-0.222365216320871,0.283335368998592,0.205416762067181,0.0109232119800569
1.37530978183204,0.0930018827408724,0.119168221038424,-0.287497393049722,0.0501085256743012
2.13759015616677,0.47157633040044,-0.102077163540717,-0.170704560701861,0.0590421960997026
1.53360522652435,0.198532344197543,0.295962721306402,-0.150092121155548,-0.0243342076262918
0.164621460024509,0.0417809448600928,0.342922672580395,0.0231216454151872,-0.0290341834934956
0.341032216075719,-0.162132030635134,0.0403700535382645,0.0951486839252413,0.0837788774480146
0.34675289259128,-0.0843783769401976,0.152296804475169,-0.324656266522171,0.0212888219369981
0.782374897120212,0.174722231062526,0.27115122808758,0.258070335638675,0.01309432597501
1.94121659932414,0.0533370918820338,0.0395515805338245,-0.382498679303125,-0.0374749772048424
1.42488194194709,-0.0705843517714375,0.334416265273578,0.0890607358600618,-0.00281432991613173
1.62029012621708,0.0872817078387113,0.0148758677953046,0.0996506542335978,0.0879230887292607
2.68325144551082,0.611012135813157,0.130423053379119,-0.107197437974677,-0.0135707633026405
0.967190714942444,0.0598682935830274,-0.243015469377575,-0.340483471676596,0.0297292809115264
2.55359369468803,0.228829391697036,0.0680505317201029,-0.0155180101102358,0.0812941729575844
1.82984421962334,-0.0433379528378243,0.103205428207554,-0.389713245820009,-0.0136174015286806
2.62069870175911,0.0790072345178542,0.0836088588129168,0.0458414459854398,0.0835819189341707
1.26030361997992,0.0778328950335066,0.304375251942117,-0.0276885302609594,-0.0533970564607222
1.20571540958685,0.0093679365007481,-0.0612430712121962,-0.103051577084328,0.0914687484833615
0.845410026938342,-0.280031123930728,-0.0221574841786738,-0.386962685529829,0.0137024706854202
4.16055454183485,0.495643265409515,0.034376211001118,-0.118310497154587,0.0512339428175977
1.03391913843792,0.628369984509702,0.0757942130343365,-0.14743389047123,0.0235162819163639
2.21232342444619,-0.295679559863069,-0.0410465154710165,-0.301243893093693,0.0542755792775549
1.70361431061893,0.247531331130124,-0.0492924609796946,-0.325727088076798,0.057788272247735
0.788142082452877,-0.235638704860644,0.314659137264711,0.0364757050678458,-0.00507426227544783
3.033515115233,-0.172929003639696,0.15758392675081,-0.224520253723548,0.0454571229839305
1.85296767358622,0.391791769057983,0.207552131431531,-0.0683922423931452,-0.0574793354105973
0.164340096523521,-0.0457654833299149,-0.0618630055558405,0.0566900620947027,0.0913311834711916
1.69870643152494,-0.0882484251765202,0.329515253027309,0.0206071723424105,0.000514731884674499
2.11333610046443,0.317480704667444,0.0426732248941169,0.122564342117197,0.0740876114394551
1.24915556642013,0.0507723405280697,0.131351447655002,-0.368925805690491,0.0146836545568437
0.054689534010459,0.292022581274613,-0.10306531579151,-0.14535531078258,0.078088970104833
2.42550904623875,0.100397442132473,0.297458681885085,-0.149569378294351,-0.0213375930661729
0.761766046355119,0.0211076181678606,0.0720187050501623,0.282014261528397,0.0656588596849454
0.456534915380557,-0.0111682773942997,-0.0987234535438986,-0.412228577113293,0.0327694747565681
1.41723765292238,0.668988298485757,0.0361410531463913,-0.0784412406975698,-0.0221276008476209
0.607748229973788,0.701407097282287,0.0416176048545748,-0.0620709583114082,0.00365899459501055
1.02618180386863,0.0752990662084531,0.332028435649634,0.128473120894305,0.00150410147895642
0.7722205358701,-0.535182397826907,0.020428887112363,-0.208843056910545,0.0310619949353704
0.696023204433632,0.501613844215607,-0.182206451083151,-0.199239284927525,0.0325979984175824
0.297948474678943,-0.00951604183205702,0.14236594331533,-0.362984986044038,-0.025537640567703
2.26270845537559,0.40845824534186,0.253624137310712,0.134205949894983,0.0108550305863129
3.10756775029088,0.442001759456276,0.0713332352616829,-0.0592040614228206,0.0630013680708636
0.378855824567825,0.229284417184591,-0.265410487409808,-0.106448807200724,0.0612768275167236
1.42059686911776,0.316410031025761,0.115227321473764,-0.360130636212176,-0.0057543210867568
0.183887539458958,-0.0138000125692613,0.272296624806483,-0.0288009636203072,0.0370209412985168
0.314387265025632,0.0901697410833552,0.171332555145695,-0.0543759156422283,0.0661308886260875
0.592489919904611,0.465525428368041,0.123584620387802,-0.12481622284864,-0.0621474421648247
1.57613923626621,0.310185606454563,0.239139705981322,0.165146195566773,0.0335473069975596
3.01878302764722,0.219544599557234,-0.152457171544216,-0.262025738270285,0.0658904543636727
4.04637158908583,0.00933809397706332,0.0494685241630878,-0.35669299092889,0.0384280315247299
0.36393443979326,-0.0356484268714447,-0.0824243315149368,-0.434631146912797,0.0102114235632681
0.763479721931093,0.595345042979279,0.120688951735966,-0.0442248960843917,0.0336511552476996
0.940398580787432,-0.277026000137657,0.30027913612205,-0.018536969755199,-0.00646779470439007
2.66739860229062,0.334865637622508,-0.0558775805316182,-0.166599492562774,0.0754548578759867
0.0773007745911481,-0.576984815422903,0.0372577203864983,-0.128560192638144,0.0347019439123532
2.74903127336094,0.162175349840188,0.283338587645075,-0.148287739420923,-0.0306654277245501
1.47488392591901,0.19227778834179,0.291325761488618,0.241567732891449,-0.0118362118067066
2.08243583514087,-0.159173030896633,0.0457342360946525,-0.0837269227749639,0.0838366406242627
2.8347811285165,0.433544573968691,0.211727497091915,-0.0391870993240565,0.0332774938182465
3.14089931295805,0.573380132053606,0.163596957424934,0.00284252668699283,0.0158846016479579
1.57915191105859,-0.183784240314376,0.122177460421113,0.0473525687531219,0.0754502013347354
3.64262359693891,0.29540616824633,0.141631869434207,-0.316374285753146,-0.00725285667989018
3.01872417650589,0.0679158915065215,0.0626190616507338,-0.324079102739536,0.0520730466130461
0.0144457878631143,-0.113993295752103,0.330522185481584,0.0728182100811976,-0.00151497503575753
0.441866511669455,0.571535392622889,0.153854446978635,-0.092998801396541,-0.0427882771955399
1.45581601488347,0.544849778273093,-0.0143683245861796,-0.298099248380674,0.00737353654549425
2.82325434728076,0.509339052424495,0.125860717264796,-0.244480753954615,-0.00515712342560782
0.59731224742241,0.436507371063809,-0.111823847744666,-0.256257334632828,0.0506911408793451
0.859351714195181,0.493773344492434,0.227041978072273,0.0513950170489074,-0.0424926171181438
2.84792872894665,-0.00758076840163697,-0.122190804245374,-0.285353943033656,0.071329167731279
3.25066481922869,0.134557059901163,0.272731187560031,0.122852238266997,0.031747988867292
0.246991177899936,0.483826371092945,0.0868635643477831,-0.258730985046034,-0.041320911945936
2.17020027971654,0.610325356319499,-0.0374567042977923,-0.0375641628023353,0.0430319172850833
1.58838349539207,0.260114990614026,-0.183540016683495,-0.0367061457693101,0.0785666237211192
0.302668426342446,-0.499919427642825,-0.0185789121940627,-0.188102119119575,0.047977751673019
1.1934272489841,0.45250526687189,-0.0166532272020976,-0.0842861867226165,0.0696636325848854
1.96205744018392,-0.416739043732671,-0.0115692837947719,-0.230232154177699,0.0539298528264283
1.29425697153734,0.443640806736292,-0.073847515685005,-0.349566638011474,-0.00355136341488373
0.287841632538495,0.18259892177496,0.0822485495556589,-0.266169009340737,-0.0685275218652727
2.54767836645535,0.439891382532809,0.263866920507456,0.0257178021486275,-0.0203344064491454
2.44548043087618,0.516970582548738,0.162845204334184,-0.115393296043532,0.0304674191063844
1.11767446434524,-0.148401890609666,0.320259351767743,0.0273905419353952,-0.0377909438757386
2.4768338111368,0.153262707595859,0.139518967017965,-0.217634658579862,0.0578046907300355
1.16862283708535,0.441294042617696,0.220506653205235,-0.0376862646257689,-0.0529389724705722
1.39917734405521,0.422460019168925,-0.0723893710082786,-0.219682564130322,0.0617867725486225
2.39910071717785,0.0175329804244638,-0.0718439664376333,-0.134961997493056,0.0901200547337368
2.46893493579124,0.502259241258536,-0.0613039300879706,-0.29302246581358,0.0253208420754617
3.0973791701095,0.12920797459304,0.281387659321267,-0.0395237701836646,0.030048980901363
1.5501413550229,0.287105059659013,-0.0399983353178352,-0.382065942836295,-0.0266206108792584
0.0519623303071539,-0.0644388394599013,-0.127676088866198,-0.175485449096351,0.0834579195934065
0.498782627586775,0.672968461065137,0.0464891301749456,-0.0428015088651839,0.0242880560333314
0.737004843676987,0.312085559633971,-0.0613951112825316,-0.406541894453674,0.00247834215072081
1.58719162169939,0.423243314478594,0.107887895745546,-0.21251715761375,0.0467187304105191
2.48379492093834,0.393154342960511,-0.0161853285028269,-0.0620006487814935,0.0756942527355678
0.161908499975333,0.200297857232625,0.305186653215971,0.22084750904888,-0.0229712832277184
3.81476501265767,0.10012849115532,-0.0474612565564258,-0.302175213209645,0.0653124009940575
1.64884079747649,-0.224544185509372,0.257727104670461,-0.0995231022310529,0.0257908512927113
0.402472100370204,0.613883151891352,-0.0563227936323373,-0.178634342533339,-0.0247002974151305
2.20446010225907,0.382869660364297,-0.055005184769381,-0.0887173256103038,0.076695395855796
1.6524295045972,0.0166237104995085,-0.106798721115377,-0.407956640720767,0.0362335044793962
0.127658142690799,0.320826873465447,0.075752012268462,-0.14950670961962,-0.0768601994937294
2.5293962357216,-0.097789324104567,0.0704872103994536,-0.264728565285972,0.0623743485561675
0.81650679140276,0.120272913024458,0.259838234590392,-0.0800737463747473,0.0389836837686846
2.90507406237998,0.0538834414029719,0.114445024510919,-0.131387293519066,0.0740712974278863
2.53787873310825,0.130886059607051,0.241318686667741,0.0602084021274209,0.0501825708752385
0.590056102437815,0.39638516115407,-0.0216470521151887,-0.346105774955159,0.032750624074159
1.77440737330128,0.49517928000088,0.176051413485374,-0.150342301480356,0.0264409066574987
0.0721328222155874,-0.300904768934097,0.0738967476411982,0.170414447406911,0.0692402579724669
1.47717127702995,0.322579069975914,0.0327722805202407,0.200662560550142,0.0664749205369484
1.65015615404691,-0.387412924892491,0.0841389555183736,-0.178519398900096,0.0531461440464757
3.32328133991163,0.12995899993183,0.319486545186648,-0.0135610001339474,-0.00952470850586431
0.839966152645294,0.218384100268014,0.15381281906243,-0.239392526334815,0.0469767252129003
0.151194589746881,0.361183552371259,0.175020859830494,-0.041455431375746,-0.0734738138827914
0.563814664755385,0.635776437424987,0.160121108101204,-0.0108947830075375,0.00557775688001906
0.692032886829387,-0.0724650586435684,-0.0425303420810306,0.150436031571375,0.0869439732547176
0.718350371207424,-0.199578624247011,-0.018728586456011,-0.097729537045016,0.0855697709306658
1.27244341003072,-0.00613520823010604,0.0783889119797935,-0.408101555484671,-0.0130851839611764
2.67551645126134,-0.149618869742086,0.315335468410775,-0.0055649916261346,-0.00284667328837727
0.877915275681242,0.337369972619169,0.00419325888424494,-0.0181648647123181,0.0799730341718391
2.92929734095298,0.0154703255329404,0.141610204121809,0.112927699006546,0.0729664335376709
0.373181362583033,-0.287156913681623,0.0810545620905687,0.24091074917063,0.0622723094239114
0.902996106608142,-0.223431180159879,0.248020881627519,-0.206386771359567,-0.0168560250933052
0.442668993351844,-0.168977100244231,0.254561527573845,-0.150754367831634,0.021465565630699
0.312466001972162,0.168787625975086,0.154857203348791,-0.220569894629286,-0.0697461381046939
1.82358763479115,0.647343040515027,0.0518441009573275,0.0979573876750202,0.0150370183007757
2.49330558418315,0.403868077122631,0.264990406395117,0.082200182034211,0.0104008844640266
2.62616350929859,-0.173262851874932,0.257816097884438,0.0571048307919065,0.0396550108507655
1.94257175307534,-0.152633014374341,-0.0240178964304396,-0.374404059682996,0.0428015178075126
3.76873361355993,-0.167089800221667,0.146352684525241,-0.114967547586508,0.0629132008374325
3.09387490320825,0.378859807770048,0.147740741993238,-0.174264141009465,0.0462594217026853
1.72703652069487,0.528481724728098,0.206724087010586,-0.0458326571119823,-0.0354677099858651
3.25661330412316,0.0895663036220583,0.309707049595223,-0.0855627747464311,-0.0152501344722797
0.668021488724697,0.528839153921363,-0.103312471964215,-0.289645067597102,0.00374185401936781
2.67610582698327,0.354064444286754,0.265562605708959,0.126118627034167,0.0141299804718705
0.61396414885576,0.496510599777847,-0.104001483973137,-0.128370373587159,0.0594689590114608
2.3304927789528,-0.114868712937065,0.206539783642191,0.0799285487392384,0.0594647545237746
1.98425560487629,0.374264993103657,0.277284864921346,0.147028042270434,-0.00451699668735097
1.09633433185022,0.346370737120891,0.0965988494486259,0.190851148566899,0.0600967796658714
0.268823811279613,0.209222719779895,0.144126093338644,-0.352595105892829,0.00781397325798546
0.113191316813708,-0.365636511901072,0.185561928023938,-0.154175215354809,0.0276780298945163
0.35265631517663,0.0330322229774255,0.0850097353384405,-0.335858850959006,0.0430440302248217
2.75035804876337,0.037922491583597,-0.0402939631487103,-0.275944865904338,0.0735309498705427
1.54639996974484,-0.0670591650507748,0.336806750957321,0.0969695601291835,-0.0193091055065948
2.81544963782928,-0.0710039515346809,0.220772723940441,-0.198575572616261,0.034211084079199
3.66867105251732,0.100453641815266,0.187079788507313,-0.28891159772695,0.018461977537466
3.31254979558073,0.0924678710667964,0.281344463634853,0.115922026988918,0.0292515748708512
1.70044721722177,0.313081356421477,0.0975430688907361,0.262956984121055,0.0503974122664964
0.235014452271897,0.537797013259396,0.115824500162609,-0.155283820520284,-0.0492453911646414
1.04593271420837,0.194887117125983,0.0536878403272493,-0.363658819028749,-0.0433942979161969
1.33861322209498,0.108048721808346,0.207272117056532,-0.244434185012157,-0.0526407766991439
0.607911794294764,0.489332578342288,-0.0956135408250312,-0.0446730443101819,0.0643132763786122
2.20224930312914,0.612513921242215,0.107384338117774,-0.170974211740948,0.0028248084685053
0.0464429590208005,-0.433640656973694,0.199442498210525,0.130297407853799,0.0309475896517768
1.05058757843754,0.376792164010816,-0.0286041231531149,0.168002822805386,0.0672241978162931
0.788416993314674,0.137671157271164,0.0456994701082823,-0.381192551360462,0.0352294976404792
1.20940035226172,0.069759075497866,0.147321600186741,0.309939895477533,0.0483934794407343
2.81159213591057,0.395011941096532,0.0767938490173914,-0.33223088841176,-0.0150409364182279
2.15793172117382,0.381630443252525,0.146880758792209,0.216669431610356,0.041997349432329
0.631381545696852,0.272809332515118,0.276117004066222,-0.151330169712135,0.00773045859158229
2.93708771811542,0.56528259911709,0.0528499093873998,-0.142519904602938,0.0402334454788013
1.42155434105825,-0.173637017553039,0.125642955337941,-0.353225277034393,-0.0189441601858412
0.299971250406912,0.575552071294741,-0.113226495683665,-0.225989440065731,0.0207770317473902
3.80939767883576,0.326993794270825,-0.0608333987186124,-0.345929747429051,0.0334553061879354
0.312783248106983,-0.353803185971215,-0.167716210688759,-0.24748844207471,0.054728731158915
4.32248282228907,0.163077008148847,0.0596601665377724,-0.239963705642206,0.063819305757393
2.55195328902661,0.472323161830627,0.135789862491168,-0.255154596378555,-0.0194921388509612
1.08494807952998,0.700048238628521,0.025024238605857,-0.00471857639725033,0.000545520994472514
1.56272716167572,-0.00768141361534154,0.233536191835198,-0.056338573786011,0.0516902268530611
0.721867960543828,0.00754625218049972,-0.253941575763462,-0.143612402858539,0.0725512298602862
1.66464330671274,0.185178248321763,0.308683939941191,0.108794948211177,0.0163213012305393
1.52558054032385,0.228693616021068,-0.0972865218068785,-0.220584992289665,0.0769978988969256
1.49125339901156,-0.264542568208226,-0.0410080507019963,-0.0956214019651704,0.0846031493540023
2.63531020091141,-0.246637457662217,0.20822185031936,-0.0623768259358841,0.0479773803048734
2.73709840556316,0.495449564626092,0.00537397642011243,0.014784235826479,0.0623854271768359
0.192045304241104,0.240815127783427,0.33185945285154,0.057467303458222,-0.0164530580856324
0.022677485031132,0.458598012735711,-0.0628634019843661,-0.339108307989454,0.0184537912820475
0.185504247971401,0.589313038737728,0.0196555340448699,-0.156637820230674,-0.0431814565071359
1.91453445732595,-0.058784456575927,0.333040767008325,-0.00982338155925811,-0.0177826267236492
0.290273834396292,0.386305550482641,0.0534735382925977,0.152611268350203,0.0645127046765886
1.04055455517951,-0.0319978822843628,-0.0488008220701876,-0.383425664612614,0.0468635810816188
3.21217052736865,0.337104750848279,0.248715084757408,-0.150174976879723,-0.0248831095217938
0.987785089001659,0.266665115914457,0.223067974403573,-0.0410324481372768,-0.0705178880024635
2.67396780281905,0.247827196094066,0.248165132295106,-0.158372029572827,-0.0430804782479741
0.447289837740267,0.56823899244878,-0.00714550182902753,0.204317824719232,0.0234277049561985
0.756670025006325,-0.145840094603227,-0.224141983349787,-0.233298311792531,0.0658952321974709
2.90175941457129,0.59118570184378,0.155908617133333,0.0451496521717939,0.010276669678287
2.07520214409882,-0.00802912592408725,0.320727676406609,-0.074923247220292,-0.0259238972913675
0.716877334140382,0.252449955718035,0.0396631108776444,-0.0436150412224188,0.0818837486775109
2.40740745817474,0.499155791835064,0.235413775354595,0.00636104058766662,-0.0237015055942763
2.41015197654042,0.341988724713744,0.155669166788898,-0.309300247012228,-0.0153227694263699
0.547200269989642,0.523520284456462,-0.0268390394489002,0.127351288293535,0.0522931441919805
1.50813367552803,-0.295459733010156,0.196237157722486,0.0466551609691033,0.0527868800857855
0.902506934588087,0.053369790655066,-0.0173347850500237,-0.0224574515653848,0.0918363851786353
1.11950312206244,0.29293020958004,0.12877177907033,-0.357485386858397,-0.0110264789481181
1.91277650061088,-0.20153755842408,0.0280250959652442,-0.0175089288497161,0.0861845361031402
1.96190471032354,0.488711374920844,-0.149306619714968,-0.248266480661263,0.0314223370341435
0.414397089281325,-0.227125473008783,0.161652177577196,-0.191584462069017,0.0459605418204924
1.5927463954424,-0.0638788572373539,-0.195989718452635,-0.245391251539489,0.0716237425713769
1.06800158478036,0.523720942389475,0.143597842256309,0.0721839802507965,0.0411740037342745
1.37561980249857,0.138665148987586,-0.146469689349154,-0.101610760433537,0.0874481315364803
0.166743524680368,0.136938504697237,0.295099376277995,-0.119886151488888,0.0118923614885971
4.38468033976329,0.256955489948218,0.123827782205118,-0.158213626457464,0.0590983301668774
3.96427500365914,0.347831404448709,-0.0271650314168417,-0.18703889044887,0.068121720015722
0.906615203720629,0.3967408916102,0.175406589825365,-0.0683345545181871,0.0498259302277191
2.03311327287955,0.0422288955132023,-0.175660989374376,-0.339634626703954,0.0540940977075138
2.04571601042146,0.157497474204617,0.103424928237716,0.183701478284342,0.0715499975594977
2.53786905683882,0.235992957694883,0.257799241657028,-0.202765169792741,-0.0237510264081028
0.632406198346779,0.131542453049227,0.230849195709582,-0.263195981968968,0.0103130506939651
0.724765084248931,0.268181963051971,0.187435917325237,0.33910944534418,0.00891498980643912
2.83881711740821,0.359434415657349,0.0555772402048281,-0.348479931649617,0.0221734706159083
1.61189248023162,0.491830870184445,0.134472851443056,-0.259926403839691,-0.0201520236298831
1.14480127296929,-0.210033574766565,0.0384086328551124,-0.192679698755916,0.0725095907447006
0.274195180856517,0.626350325242683,-0.106045743262705,0.0663432542450492,-0.00279562700064227
2.8140704293361,0.252820146470844,0.0941128130545435,-0.333440670006264,0.034574117460227
2.51354022070964,-0.377948596679482,0.199513513482074,-0.104399440133842,0.0302263310268661
3.51660038935977,0.553913234814254,0.164698194665616,0.0230811195667402,0.0172186043235012
0.941915988719552,0.242401805494156,0.286630265020467,0.131825540196087,0.0234740269391627
0.232039747353036,0.572871758639075,0.161386764903236,0.105836443508627,-0.0386232413613677
0.516513364891127,-0.191194372440897,0.166106784824454,-0.247432136908112,-0.0546094391723552
2.75179798069471,-0.0352273803035594,0.216301775954422,-0.0206162701666075,0.0576973218642417
0.273899080659713,0.519673443744395,0.125716265625859,-0.223719658591766,-0.0364605549374546
2.17953777847749,0.201057669454713,0.173563073139414,-0.246467677857677,0.0412484554484713
1.31703088084058,-0.0634596308927349,0.17924156085912,-0.115685938990149,0.0610569884199925
0.539798823779896,0.228371638190315,-0.025846615055649,-0.405346747295157,-0.0256802264267939
1.69634805211876,0.58307148068024,0.108525923116633,-0.00283732557913984,0.0391565697984754
1.67172018043676,0.472607397394233,0.216633064485934,0.181716808927239,0.00530100023202019
3.21014766427175,0.0806651857188107,0.00694672088552817,-0.324089641576961,0.0592328573067751
0.375543290500874,0.361782859004234,0.233412495803429,-0.0622118620457906,-0.0610458859052813
0.857604457348467,0.568839309683184,0.0614375697552531,-0.253373092216858,0.0148408919999098
0.722240861642294,-0.391537246981099,-0.0654459214156678,-0.347042574001303,0.0142291708987665
3.1880643786607,0.520416019548644,0.134696640223355,0.039123388557006,0.0395692634881507
4.17553798910475,0.291405062847953,0.20700689527796,-0.177647670772184,0.0278013236785749
2.17134007183999,-0.282241883023194,0.0968741105618655,-0.291293924604329,0.0363348226410158
1.01036938605734,0.212992990697462,0.230535349686253,-0.174832046699506,0.0342686328053983
1.08692773812562,-0.0179708914044924,0.0924543982795616,-0.247278268995049,0.0629975170672083
0.0339561682174209,0.112971341453117,0.326055008386888,0.186821605386752,-0.0252952312703523
0.853846258517028,0.0940031483119441,-0.115276987431222,-0.26544387918842,0.0744555445802309
0.293553533160251,-0.137204614811762,0.177455822523023,-0.236958918770857,0.0373728112399244
2.4023070180666,0.561936896882059,0.195606152764304,-0.0760415785957599,0.000870476625300136
0.590610252064402,-0.145047132675331,0.201348072558596,0.1032979866635,0.0585410300584226
0.519578951661598,0.539765800052889,-0.0754265568612334,-0.190648839003072,0.0470940679470982
1.35692591371214,0.315287219785556,0.268532338217242,-0.0471009421797594,-0.0522873555941082
2.82232508347473,0.295926481405009,0.102248916970928,-0.00122791956952184,0.0731437098773128
3.38811956476306,0.236467400131994,-0.100719349352489,-0.303879719916113,0.0595133229270168
2.23340831109425,-0.0303262299881745,0.167808487332052,-0.301455009293511,-0.0411793751589165
0.503077682923334,-0.0163387188836944,0.208320514171344,-0.23706971942299,-0.0559346820214825
1.928972007299,0.37994008224619,0.150151619387041,-0.070797522669547,0.0576204178417051
0.437874572696928,0.436445010040453,-0.199112382026703,-0.240921526406165,-0.0104692712065008
0.320012770806179,0.281421895308462,-0.0195284416838414,-0.197130552322854,0.0739790036792037
0.450397313524431,-0.293445252472645,0.125095061595231,-0.322746462675081,-0.00392042374434686
0.0533895393744086,0.603555638340755,0.0342095975042581,-0.191779243136267,0.0279600018360407
3.06851507396914,0.27377895302726,0.293034319852483,-0.0871417879145102,-0.0067454310336364
2.65172887233755,0.182683754095575,-0.0968433728941834,-0.229431636172436,0.0775363083821916
0.200807972586188,0.335503485710964,0.0867853616646254,0.337473097897426,0.0277245680340828
4.50679702075526,0.11719976751131,0.0337893063261321,-0.216541189363932,0.0710973569668609
1.05419273917155,-0.280193857686058,-0.0170019573436122,-0.390474152451465,0.00139635373487462
2.5962542334279,-0.146266751056966,0.283875481666202,0.0881134702750002,0.0284470042573654
3.77209408584739,0.529876963938286,0.137252476731307,-0.168903994503593,-0.0114164635304421
0.551299441215603,-0.471658666666052,-0.0217262964960253,-0.165744802616963,0.057084838288577
0.376435769922308,0.314962525946719,0.180841311796618,0.138797420513391,0.0527544983477244
1.42695833619451,0.0555455951587994,-0.00137340730448553,0.0569463753689021,0.090884205715855
3.71141169098528,0.0353390176116838,0.0600313349213711,-0.240420672486602,0.0682664338027489
3.35943576469163,-0.116472540279002,0.193968965900421,-0.283472008999158,0.006858666816836
0.0480266289798524,0.560496587434299,0.21385720342466,-0.0741401347978816,-0.00457129381719889
0.615537127800463,0.133188849112905,-0.0611595870650481,0.226056202444804,0.0756439543661435
1.82614785895562,0.437801363551409,0.101252145747665,-0.110698962422194,0.0585787286252768
1.11660356444739,0.301759014554722,0.044470401661142,0.0584164523699475,0.0787759486529434
3.16214702423404,-0.00210864883411503,0.296322410098407,-0.131256890698937,-0.0170772041929366
2.03601506767052,0.540210635543396,-0.0111191523509805,-0.175716040902821,0.0494927083897839
0.836768710271755,0.253545712650932,0.100992930665817,-0.232768150886399,0.0582517970430649
1.06251467178316,0.602134376003173,0.147039162824937,-0.148062091284594,0.00553235910032948
2.57810830262744,0.60123666273159,-0.0514961744433459,0.000640887400415423,0.0409910002529807
2.04404530211736,-0.401280972593112,0.0409966209149043,-0.105033596146707,0.067278491646931
1.0934773450874,0.529117537855477,0.00658648595902903,0.130812803425121,0.0508143497402781
2.75027095486991,0.167610967628214,0.255162616630356,-0.227490637962591,-0.00646722239507651
3.92283634443354,-0.0442006096367733,0.0906692650824781,-0.139946363352836,0.0746898823069696
5.03873848093535,0.273190738053627,0.0993372753831904,-0.21571640425506,0.0502274203103851
3.35504894562231,0.258476144012307,0.102427153803184,-0.312172708412342,0.0371617762069887
0.991094195141334,0.667199446221686,0.0147835369074656,-0.113911618052034,0.0232168921564274
1.29957719888495,0.488668999845567,-0.0639749844864638,-0.102010104090862,0.0647173554994882
1.95362063630754,-0.358605275929059,0.0712605289997562,-0.277000815978968,0.0368731293796332
2.59645147997456,0.325189717805482,-0.105736570447697,-0.285425770933665,0.0581356890246209
0.160420967214207,-0.55638747636415,0.0374828156497376,-0.061990048635544,0.048056524507473
0.243346237803419,-0.346681494330556,0.188288825329035,-0.020641783915885,0.046559288908493
0.262829429195035,0.261726219486744,0.177556932598182,-0.0556936318411019,0.0589739220981787
4.24684836023296,0.161355802557388,0.169953604903977,-0.22365527452083,0.0421181482176965
1.90159172817542,-0.400482284034879,0.0414169645525293,-0.152335755598174,0.0624753179445119
0.832231529662745,0.393826668537477,0.0913991859413337,-0.216202712209535,0.0519214577933613
0.907097886413115,-0.155856325489541,0.138842678686865,-0.280962400748019,-0.0535585401674611
1.70230989194945,0.58648637816086,0.158273983711926,0.137994359075966,-0.00746334175779354
1.92512333648294,0.631422331796158,0.0365008642329236,-0.192329495778489,-0.00980758589003782
3.73658377101015,-0.117719867067334,0.114405209234369,-0.146791709365407,0.0686657850487699
0.484818007105809,-0.384871258959153,0.264574989223404,-0.0462542885557237,-0.0108375062232679
2.12940114300981,-0.0846742592035021,-0.0142066593868976,-0.243795457997635,0.0761659264534795
0.101859774488559,-0.135012587819692,0.293655833082413,-0.113114850466943,-0.0401022706690327
2.4103827015148,0.13844828007679,0.167149535938198,-0.337453771629636,0.00900962360857272
1.85047705328534,0.395642911470014,-0.167249103372535,-0.0964407939348907,0.0670106178316793
2.23904635735748,0.600672584625268,0.0540446125991426,-0.216108599336135,0.012877312447449
0.288048657241248,0.0277466111662818,0.29406312931646,0.219927340488827,0.0162924397440553
0.00385801148521482,0.596151765603269,0.180263841127989,-0.0880737119367573,-0.0252174289991991
4.17387592123074,0.3412850066928,0.0760561436400137,-0.330794858944072,0.00901934162090386
1.10543299302893,0.598839946620292,0.0132683757118424,0.00640528794609494,0.0473771976323356
2.3577111599884,0.480932326877099,0.220706034477773,0.154784864077044,-0.0066790040108541
3.91822963611629,0.203751779943493,-0.0152524438400028,-0.376588524614562,0.033176855057211
0.232892675560199,-0.393267477095619,0.260604150582733,-0.0498891710697414,-0.0130581138664178
0.928206872743099,0.528966316055438,0.177935169395339,0.0514082331432689,-0.0482305484718281
1.03914613665304,0.109738355778331,0.0972695227690416,0.198981908307279,0.0725285538031863
0.716785024782649,0.461894645958155,-0.0612281518333061,0.023206393305373,0.0686575618643824
0.67361823823018,-0.068518794662257,0.131553786305098,0.0760132919903234,0.0756900123915289
1.60734257769538,0.457077986793541,-0.0495390181810526,-0.328202533011669,-0.0178733390781544
2.64793954496249,0.088787877108109,0.255795255932364,-0.182789479866539,0.0234956692086665
0.869598802654858,-0.474733140773496,0.12259128404651,0.00230877512297092,0.0503554254398268
1.61623334751157,0.246408180606722,0.235388458437017,-0.251106190801603,-0.0239091159537678
1.84951131519453,0.0695882181063196,0.300548022078965,-0.133843201208468,-0.033787266468253
2.67441954394842,0.0726196628871653,-0.122674539587669,-0.384953014178536,0.0426981668777641
0.967516505828262,0.293234734432499,-0.166886995867312,-0.350462240008903,-0.0131238128639321
0.0318933835097412,0.154395890139178,0.0652954640137167,-0.339006743409132,0.0433974307616245
0.0531313898463576,0.226938852080942,0.15193747241403,-0.135836189403663,-0.0788501729307743
1.45963279781351,0.209514632918966,0.162798632227325,-0.346009409751881,-0.0136522015723265
1.23803481505983,0.178437077020278,0.315997925606907,-0.0561800768857987,0.00710551254300929
0.0703758465086084,-0.171658948484776,-0.0592094029348032,0.0739078566758812,0.0884486245018017
3.87348274883316,0.190174423105522,0.267210922234795,-0.165446759614179,-0.00827839462061716
0.112576829146943,-0.241352422735956,-0.0842374179413645,-0.270081911081594,0.0647523505909551
0.202760534066341,-0.235061847206899,0.30560416165507,0.0188418459185757,-0.0390264261980041
0.381556624186322,-0.381188385093937,0.124496805367288,0.162628587363243,0.0562203379438621
2.40044621040606,0.230416320982369,-0.00628128697193989,-0.330774380550648,0.0548399568859365
3.62555866507021,0.57345848628589,0.112697863377034,-0.145760900319531,0.0139780864996299
0.662800969817106,0.0132352315048462,-0.0145487096797581,-0.427382197220969,-0.0202043732750561
2.54992853793841,0.674058293906226,0.0362230275575955,-0.0211917224445449,0.00435783093920575
0.436826106582594,-0.0183502625590432,0.127890478433297,-0.0769252899953696,0.0738572555710675
0.329882657249271,-0.361084993782369,0.055222127631279,-0.199102578144475,0.0559080664478251
1.95386024678926,0.247545853109504,0.248508462479928,-0.191590905757876,-0.0401550068132035
0.345943756639118,0.194971440891464,0.0925914119043493,-0.194752760354199,0.0665679007071683
0.641829126397371,0.11927647064716,0.318865237405558,0.0977117457366922,0.0150026808647908
0.835490510194643,0.0278345296558504,0.240241624607855,-0.271433048633337,-0.00592415647810564
1.81924811450205,0.306075702415474,-0.114110562375667,-0.136470083815726,0.0791317332397736
3.28217037012558,0.0368641217199907,0.180829863799948,-0.179358208059884,0.0532642321729666
1.68875254752827,0.330164395336665,0.101851035608707,0.232622820380115,0.0541218463000174
0.390331891068355,0.360508827736507,0.02212614015489,-0.18358312516421,0.0673558807060452
0.119754753045579,-0.0616327931016632,0.0404917095536246,-0.381984220226311,-0.0402719518055056
0.437408394772712,0.00408083044466051,0.342752391874501,0.114198172618513,-0.0168774969296244
0.0616535174409184,0.324148626841351,0.0864344370378771,0.20852077082757,0.0601145080921337
2.65856926319225,0.184487719189944,0.0361344110853928,-0.37825505726011,0.0352587107561876
1.60961144198858,0.404744317944507,-0.165802145636747,-0.312378731640638,0.000274192864750241
0.983377748515103,0.287614725242002,0.237596377804212,-0.219863800121711,0.0113703016376687
1.65279917744373,0.216737400175489,-0.231003168422839,-0.187827462141781,0.0654861772460413
2.09664201951453,-0.209782760892729,0.208723488948698,-0.263653613840357,-0.00588413672899791
2.09312026876805,0.140791420627652,0.296501133142992,-0.0521277152830256,0.0233697836224592
0.565279277180282,0.46950788144265,-0.0625735055510513,-0.326379933537181,-0.0182805782909485
0.767921705835387,0.223294005928996,0.307234023776147,-0.111513424521177,-0.0286700210667315
0.339673504489208,-0.374244657414779,0.219917916951854,-0.134519469578221,0.0129817436641673
1.84897808762059,0.34215272041228,-0.0466362213377704,-0.0729734493457162,0.0807742866101524
1.24492235989637,0.0413838685006773,0.335670659678471,0.123190062388918,-0.00267842571846072
1.44116193834471,0.278994584480595,-0.11878138419118,-0.248319071632794,0.0692426812279944
2.32571210588406,-0.0170871059882951,0.294996979932148,-0.154168061359055,-0.00347349987139494
2.23671441464748,0.0523697751680871,0.0510438187920899,-0.0122862469170782,0.0879223857185627
0.37144726416541,0.311383348132693,0.0646099253428868,-0.386461275064959,-0.0124648664470945
0.690037196174665,0.332327559035456,0.27702708722563,0.201460583752728,-0.0278733322180507
1.7525073682487,0.607025279942628,0.0366275329522686,-0.21071064852075,-0.0186920331429233
2.05935618889235,-0.1835424325029,0.00399641472509196,-0.389194870624975,0.0280178636995687
3.67555808393009,0.209975464741313,0.193983334704173,-0.027757507730233,0.0574084792976483
1.0998712454931,0.169222244631976,0.132795212398498,-0.347896390106282,0.0232572213026959
1.61297715802867,-0.0279206609689306,0.281125940438556,-0.135509758763684,0.0202566900943552
1.88533911607608,0.0690446679005522,0.0709349045712653,-0.104309593637257,0.0825433467928075
1.13868523887392,0.128934008065449,0.104895498447655,-0.336595704092004,0.0389335685461037
0.435195550246837,-0.318969541459354,-0.0799553148757202,-0.169792240479413,0.0746231510989694
2.9483792585461,0.420345064430104,0.118557197345649,-0.103397610423211,0.0563411567017238
2.65783547981676,0.373695993130664,0.223544118515281,-0.210192339215933,0.000019144093134537
0.619318996263086,0.421421916649256,-0.169293255091549,0.00614936936347487,0.0636010046698333
1.94407096019236,0.327028735669652,0.211384250297433,-0.125475763435711,0.0410568479884865
1.40786479676018,0.416322577775006,0.111755893200328,-0.315644313732898,0.0134037399448421
0.097909619097312,0.301211269760242,-0.144659392047886,-0.324581742133258,-0.0323145060397901
4.10466648645212,0.507991442955229,0.104991943447918,-0.0191447179946027,0.0435152810469852
1.14788022095958,0.188995501655239,-0.0621721986639375,-0.0776998201643871,0.0889566771294922
0.877919361080534,-0.287063046873819,0.188968909245259,-0.257189919496298,0.00404431666829652
3.75797733116076,0.0325823839808163,0.113542069339514,-0.254516636749396,0.0559384483048063
1.46992234405306,-0.388383834483578,0.242013628859133,-0.107186517734332,-0.0163450250602269
0.249717074059874,0.430208326040725,0.028657968830961,-0.360255318021162,-0.00449414004578019
1.94724125314825,0.632633306786483,0.0489348734812329,0.127104911074627,0.0111447786922663
2.48475389864532,-0.122294931427789,0.295878337624086,0.0271641333825731,0.0241531156306545
1.36326512562966,0.361039952202268,-0.00494089967753407,-0.246697196394324,0.0624580558975164
1.51500473122141,-0.482224634423429,0.145471384565023,-0.179554636531621,0.0125576080035908
0.558124382025888,0.14792257490454,-0.0107203314056806,-0.350143695754051,0.0527155353917044
0.25485121171272,0.148211729886361,0.121650892580454,-0.0253499832622311,0.0751960370810048
0.891249935743003,0.547488757230398,0.192574365902381,0.0228065142091928,-0.0418401089563636
2.66236588754425,0.0472280557332651,-0.0413586252922005,-0.308518062331621,0.0675561930239771
0.334561243608106,0.663720001941604,-0.0796302095558157,-0.0922029426144866,0.018686115912952
1.67149178730001,-0.0876809933617225,0.0519808440899531,-0.377633180569292,0.0338047119407657
0.753172078789377,0.18180159446919,0.314763261475045,0.152529511263674,0.00745566288482507
3.03125754300758,-0.0869311639113912,0.18536617872496,-0.307854562267502,-0.0118346476660802
2.71931692631743,0.19366973964066,0.307476621160294,0.0507687872284614,0.0146865756329436
0.680849886989779,0.639783310487705,0.138275089666794,-0.107055087572122,-0.0152768841387899
3.74810727408065,0.516680789370746,0.194646318938773,-0.068591485113809,0.00435984229092612
0.726297038393951,0.430473139195334,0.0576203961293267,-0.000788367748687254,0.0680823371902048
0.125729541615358,0.111668499190219,0.0582521326466122,-0.34776704775866,-0.0532470925417042
1.49047480670401,0.658810462691014,0.0748080185272259,-0.0128878929037903,0.0240554181181405
0.633956561328267,-0.0398932761041308,-0.0329049665789594,-0.424586379150658,-0.0203652232141353
2.2046157314321,0.215874600335422,0.0431168109436914,-0.113757516250959,0.0813676093324825
2.88505753717661,0.0379607419332031,0.182806610834671,-0.324306203480506,0.00281343937829566
4.74899545092058,0.363220698286179,0.139995510331004,-0.0882195858964261,0.0504442034823352
0.906226100705929,0.330782010292357,-0.160361682801909,0.0550370537439,0.0728946059166606
1.8904098885589,-0.106766955562531,-0.0795596796260034,-0.414156853256637,0.0270325240590948
0.701740941873762,0.337117849405966,0.286738501922483,-0.0485093127305182,0.0122524713633152
0.697883856369633,0.611893090018398,-0.126223038229815,0.0213436318829625,0.0259603893026396
3.60302620604918,-0.0624087035952923,0.15123442382432,-0.26824662588746,0.0409364746480796
1.21550910135019,-0.0938475198749223,0.121882255793902,-0.0273185580269053,0.0771725612794235
0.753518916846256,0.580173163066128,0.0867505336333045,0.21126024486247,0.00579519315653558
2.55473602943433,0.175135569877638,0.322191676063145,0.0510458390671433,-0.0280086685306228
1.7309046522893,0.0968186569643669,0.297028892840333,-0.0666942402055057,-0.0504318787681921
3.24917130759226,0.145248230273773,0.100095172664499,-0.329629684066979,0.0394969836761883
1.15521086123977,0.660182194302764,0.0705582546599059,-0.0604622412074349,0.0241598234223446
0.144380390923916,0.146954339061076,-0.170013571635023,-0.395375208340707,-0.00554526292979323
1.48563602653847,0.0109168961344876,0.267412940698691,-0.188080704689443,0.0163372654842638
1.88379517307358,0.364552876932834,0.16998067619756,0.0825414123721099,0.0550506797604369
3.90212695441265,0.0345762266229409,0.193399200423369,-0.0967586191148541,0.0572305649786236
2.80027099079759,0.490120019294711,0.19744068164808,0.150202700677214,0.0100301161061361
4.48920159308046,0.341560118169984,0.147056465125793,-0.130309349790487,0.0491679180762126
2.71243206257353,0.135589933183944,-0.00933905574878817,-0.223219864088248,0.0781288712292856
0.933999842187731,0.0713430470732574,0.141597785742045,-0.315096404648073,-0.0508188591418532
0.385528865454719,0.684607811276131,0.021521549478565,0.0629694814577804,-0.0115877743541565
3.12598252539631,-0.219087129115564,0.0686896665338585,-0.104295112911863,0.0765079374324795
1.18407315459689,0.614695045947341,0.169704920535322,0.023098259607473,0.00964736561874941
1.44434618829439,-0.436537103933321,-0.0230662977560812,-0.219806853535162,0.0542197091534316
1.5854234262386,-0.31134565580818,0.0825220738884701,0.072517777564572,0.0741672247303831
0.899111784069876,0.485068954888258,0.209267507484082,0.0456692735136777,0.0300459375495071
0.293477369862634,0.209800843262651,0.0632883185731595,-0.266133007180483,0.0596105641549824
0.0482570000543672,0.424086801758161,-0.0101133821435031,-0.129063279617362,0.0680354220789112
2.26548150721035,0.141732657847255,0.139888437052596,-0.209223773300374,0.0594871033907736
0.708258206167541,0.395947340489794,0.0244294808463011,-0.286668706373062,-0.0499792582780962
3.15026682587808,0.188793493153834,0.135178675314004,-0.242361986281693,0.0520060225486525
0.427631957108204,0.498773038818609,0.189295956177917,-0.129046704477693,-0.0452946564603134
1.65057537551033,0.47130315862091,-0.12824382208588,0.0190433346888174,0.0616775793651969
0.357608449676381,0.521202681716691,-0.112588982123156,-0.282737009082394,0.0187418087662549
1.72289352448496,0.353994395504903,0.271336699463568,0.0276291593447155,0.0232292593764298
1.69752457039264,0.200978865755142,0.0209441491805379,-0.354506554100542,-0.045106452842769
0.754373012002431,-0.180084868864255,-0.0842906043923559,-0.257516642261822,0.0721226611482516
0.690738186795052,0.0973914169365975,0.251112323917564,-0.119092941404588,0.0381367166668585
2.69031071147197,-0.312199774832564,0.000327314359123535,-0.216539353920737,0.066381300278768
1.32407655905867,0.378592680932896,0.239691917181841,-0.142288216372457,0.019883809358179
2.13676175018029,0.42949794543276,-0.139809780426772,-0.317897877847647,0.0100006144256663
0.436056186937512,0.357551461867217,0.179810038730862,-0.275630866574791,0.0113226272985887
2.7436916445422,0.297044760099102,-0.0422538597061442,-0.376686565685964,0.0322890096346725
3.22336652775558,0.518498174426939,-0.0339826778263267,-0.216118455079612,0.0426118491606998
1.00879561831338,-0.119656124424741,-0.0110883606994666,0.0945485785664911,0.0890933875799135
1.6524873709154,0.208747643681377,0.221356490882022,0.136007279332907,0.0503632362097902
1.62119412709659,0.172675584860494,0.327233964279731,0.0797899259103814,0.00348928524287892
0.787788225416764,0.419333037560292,-0.0183363857486536,-0.371610670622295,-0.00233833445680809
4.38088560136288,0.511406819050126,0.119685071645632,-0.0697389880517453,0.0352392631474197
0.229876692939581,-0.0163307589275291,-0.131369719244409,-0.136469930201996,0.087172635741167
1.90518281719911,0.516930567608007,0.128194681363018,0.198428685293196,0.0238292527054438
0.547235354992198,0.403649340240077,0.211081765968774,0.0528580017641025,0.0409877550211557
1.87551392113608,0.435442983378605,0.22759438548989,0.203241819186285,-0.0121881052372292
1.79811886717135,0.194293476219393,0.321959825978003,0.00699142283741893,0.00607299127323978
0.139244273083018,-0.000477436023976872,-0.177172144156663,0.0692336583784852,0.08505382374393
0.799392976702221,0.169553670134336,0.120544755435236,0.193728768318477,0.0678172620116874
0.90143106420504,0.222245548336593,0.249430699648601,-0.24214950985981,-0.0223656980168336
1.38877271106063,0.135830837411622,0.156992974637926,0.21957443984596,0.0601741102181595
3.14702837536577,0.156606574894896,0.286678364049461,0.0865920641400552,0.026881442410456
1.71256892026708,0.305081216381018,-0.179419887760768,-0.0382739682769266,0.0755077469918032
1.2150382140358,-0.0725493979543731,0.192479888057678,0.100249147858149,0.0636068733636191
2.07571672543479,-0.168820883708362,0.145920751523915,-0.30526583030175,0.0274317227346872
1.22631640874545,0.131123988059211,0.152658524412413,0.245590005995583,0.0575430173518334
1.42200782474159,0.0866499707717025,-0.0521133110742711,0.0875964125143858,0.0904824031620163
2.0270394433608,0.676803045814574,0.0351712938384545,-0.0582851558934013,0.0163156900094957
0.201716467868825,-0.0358897189873909,0.22116598432538,-0.287724793755851,-0.0237821714208794
2.25412815979495,0.450769369476172,0.00998357344636487,0.0635422856203292,0.0669919637049891
2.72510501448986,0.422446390673418,0.110929169998003,-0.075820114282563,0.0596844203104979
0.0702343281746261,-0.454633319492659,-0.125457928496779,-0.109378251724027,0.0653140417287574
2.94517764621795,0.054367284643334,0.131523688815271,-0.0576928427338547,0.0755648697857617
2.4363986567679,0.128773531017455,-0.00694367576821051,-0.303948675872938,0.0654110697003959
3.30614224722278,0.55085104932633,0.0222318710346268,-0.24246267392066,0.019401272246538
0.649337319058452,0.509468819761696,0.186747894879974,0.113358086332627,0.0282228811611621
1.92080168812105,0.0800337806471065,0.309369824837662,0.155096821861855,0.0150785436631116
1.96599251488502,0.106877196778415,0.0729530545601237,0.21450708425815,0.0732690179401838
2.71056579927591,0.579675758283579,0.156937353177817,-0.0961345929169952,-0.020877836435691
3.56457462476971,-0.208550814726064,0.171772719546497,-0.0826835231314775,0.0576826302969883
0.308231743308933,0.0509180652954845,-0.18290344856066,-0.398807728774094,0.0191552818952383
1.82441286180901,0.109981742605136,-0.00627802272656106,0.147227850454179,0.0851627468861727
0.0489476721639753,0.547995552364158,0.0443210501231485,-0.269164733903732,-0.0258758469685272
0.902036207803402,0.216324179122954,-0.180850567639729,-0.0433915863048378,0.0817287406058585
3.03381847120018,0.482740502874787,0.0807435956471835,0.108281076959588,0.0509480729473123
0.770149722102522,-0.00611319514832419,-0.207740728106314,-0.307115939075364,0.0574102835607931
0.10892321871765,-0.0994903916110852,0.0273812234164226,-0.366680356814739,0.0393288723600993
0.301431812911257,0.666083704341045,0.105136359645993,-0.0985083584687381,-0.0171441994766311
0.174483411281123,0.0603924215892694,0.148040864359516,0.220446179991312,0.0626876271874404
1.8688973693704,0.393707758745324,0.0261204681153832,-0.370049672324792,-0.00437350196113197
2.18603586069741,0.174199750063596,0.271032021708788,-0.145782776402941,0.0217024755459029
0.506550549117203,-0.303666615597585,-0.161237410805546,-0.251363090053547,0.0607595688603108
2.82500366720168,0.455354517994299,0.221525639923447,-0.0921689498409436,-0.0324185579278316
0.299320386337158,0.443146598240182,0.0335801658963952,-0.33224851133557,0.0214095809127747
0.794545838055986,-0.33095924033566,0.00965015388501791,-0.0153968988488483,0.0799176099194931
0.273753169186181,-0.338494447562994,-0.113916528809481,0.00506278462474028,0.0813669677423784
1.46934225914487,0.109742722763638,0.0927236034001814,-0.229406513097013,0.0661358785401571
4.40591991220199,0.249410555445124,0.0387961993648473,-0.22950385994784,0.0634643043656954
0.945825600362631,0.34817036892788,0.285674018626239,0.176968905591828,-0.0187359449356925
1.4151293386751,-0.0834066147891008,-0.0599749378346625,-0.412972420967065,0.0312169278363538
3.23202786789629,0.466293390627749,0.160008627410895,0.106934766355712,0.037548643376642
0.168386915637198,0.148060239735606,-0.131146419704768,-0.403661076629953,0.0290946416689572
0.263170052082902,0.500148842338583,0.0993243806407123,-0.244773010198298,0.0271523566071902
0.581834284119188,0.373298565738384,-0.0981388240594832,-0.307930960036818,-0.0373451672744195
1.00364710399577,0.47343462348808,-0.0538054043864653,0.0309235387882176,0.0672744343037268
4.42927702811705,0.173580961750303,0.254415045253499,-0.158828005739125,0.0097211284869369
0.268474319057122,-0.326172908061528,-0.110080571368961,-0.211475012583586,0.0681529457561858
1.88099111567496,-0.312612971247125,0.0643091118685794,-0.197527267172756,0.0616920279195532
1.3310610824039,-0.244525677091975,0.126103069124243,-0.338089022503435,0.000496804708810669
3.3130094181811,0.176405034362757,0.193324900600083,-0.297512192725502,0.00463649692923135
1.34332306548137,0.0405642531674637,0.332572968539634,0.151056147653261,-0.00618866726995882
1.25235390768096,0.642669935881491,0.0205967994703601,-0.100033844550977,-0.03107092828835
0.441301658400258,0.576481852637946,0.11220108226526,-0.146496584293978,-0.0421916288921693
1.28839704565102,0.0841290109883938,0.121985141129967,-0.31163281073148,-0.0542523682534681
1.8146477315879,0.574097251525692,-0.153741451180534,-0.130816621039187,0.0244607176344684
1.77753105030366,0.304408537358354,0.283401208455255,0.134034200795982,0.0158583128442132
0.881411360952059,-0.278695626564687,0.0196261020814437,-0.351116367141026,0.0316308848492945
1.51259831383463,-0.00609000138520345,0.278977202043993,-0.20562704938485,-0.0140893160146554
0.273474930338825,-0.281576110994157,-0.0228664833763036,-0.00758064659630679,0.0841589306840387
2.04828837861462,-0.0524984409939596,0.313739869621198,-0.103550475173792,-0.014856443975843
3.01606341046979,0.588508506458697,0.0455579108435738,0.0607939139424814,0.0372105425571231
2.31720101302567,0.157905208077903,0.0649278442342816,-0.34880253694503,0.0434215961252538
2.71534436057021,0.120413859568666,0.268909607645957,0.190293313944844,0.0280530303776263
1.55710600761402,0.259007885250881,-0.0965584990644483,-0.149356751117106,0.0820632118787314
0.845456232347039,0.16945899531333,-0.271527258907562,-0.210946396144284,0.0532659626444852
0.486904816103474,0.492882775522165,0.175210249971696,-0.230835553808516,-0.00782912851583186
0.850767860471598,-0.282213264561744,0.198428154425554,-0.233226271960043,-0.0340083507389841
0.0197976977918271,-0.329489074543185,0.212388472470356,-0.0177866918887967,0.0400440529041295
0.895253691192932,0.547663399817815,0.120300862185434,-0.239294778944879,0.00640344626417648
4.14236809205201,0.376329257100303,-0.00104819961956254,-0.327408407263695,0.0265626084981511
2.71848310350316,-0.126673200360804,0.294602781589486,-0.0428862307953635,0.018231824129412
0.262766205587923,0.0825138970026557,-0.130066332885598,-0.315392216523183,0.0634790013932667
0.676822822518693,-0.312399241394472,0.127314598508839,0.105902263827364,0.0653149680378359
3.43275169934047,0.363398500641294,0.231875820222072,-0.00724577126278021,0.0334421721287617
0.180925169685488,0.553117285681314,0.112130025313411,0.168945283749306,0.0292078617388745
0.597597483261974,-0.53250143367368,0.13651097435744,-0.0338314413719585,0.0338680714983951
2.58510035291879,0.142099117830499,0.11955926085716,-0.346923487010391,-0.0338467194762495
3.87908510413894,0.0773658328881902,0.254370094595264,-0.0904155420814383,0.0355645143044643
0.204020582517045,-0.0825294573628476,-0.0853584800305156,-0.42513569456753,-0.0106927925570989
1.09816266796113,0.126584498302223,-0.202809076198811,-0.0448324010242901,0.0829848110780342
2.03871306227167,0.658196008717334,0.0493332753897446,0.0412538282234132,0.0205529510552521
2.38065974153567,-0.0549231228567952,0.254675748148817,-0.176717245989996,0.0240520961042704
0.720032341736308,-0.0661324525896163,0.333472027748385,-0.0235630448556281,-0.0269117677872315
1.23087704938073,-0.437719316485725,-0.0311127977276076,-0.123888866636283,0.0679008344263698
0.568651218173289,-0.059185479495207,0.151307267690658,0.204795298659462,0.0645755071017652
1.51540585049627,0.332476355132873,0.0989708284680028,-0.00559804876324284,0.0720011434254521
1.41644765821912,0.479420293473092,-0.173486988392767,-0.157239620744834,0.0485108900888125
1.20218988615077,-0.244508832548599,0.183993169520835,-0.250367470973406,0.0218981367661206
3.03901318042554,0.402691960138027,-0.00860962182101601,0.0104079034374435,0.0733237927684233
0.236718776305781,-0.129465344427024,0.0930141073334521,-0.367680714071483,0.0193441745315144
0.660994829745759,-0.288251364310878,0.163337640195591,-0.181825204589458,0.0422645544815566
1.17903764913107,0.463386929285177,0.0605992354306288,-0.314375140125842,0.0206016916659129
1.62807595212062,0.0169313039662824,0.0014377645249385,0.163201198508342,0.0852427946740881
0.0581215548032327,-0.373154350995533,-0.0587971129055048,-0.054652905844553,0.0775700212471509
0.303648582483615,-0.153174431758877,0.0124574703332894,-0.41502537014694,0.00100209566234209
0.65725328485211,-0.195022225612801,0.187931946363274,-0.268398381639651,-0.0395463175811395
3.85396948105155,0.0919058758890774,0.0629923572830394,-0.28790219058423,0.0579406038840272
1.32257584051215,-0.25146948220364,-0.0110999301787448,-0.397023115125636,0.00606464973341585
1.05244027551546,0.3638960010972,-0.155367106155994,-0.109176799805071,0.0721377137282641
2.16666347545356,-0.0263047854494344,0.274627710123575,0.0692626590091106,0.039615633598179
0.671432518670258,0.24270638051433,0.00412395568395663,-0.391254625384728,0.0306546422005774
3.20979639225164,0.168878852095728,-0.109819036479999,-0.250022521301082,0.0736491986975012
1.34535331519818,-0.333349001941662,0.224189332284058,0.0809992984465653,0.0396164078766836
4.25349240706404,0.334965166175333,0.0916947828936473,-0.188719933535085,0.0559400327719905
2.20111395093763,0.425835949138991,0.239658463004475,-0.00535395990020306,-0.0438604390491736
1.68333515511505,0.0679843611037398,-0.115644760029833,-0.238084140702237,0.0795410869326411
1.38746334717464,0.58434869756711,0.186057112159842,0.102349674860594,-0.0120954050357604
2.64438189449121,0.516340465409107,-0.0865954855772359,-0.139930630188601,0.0542428024566109
2.64240803512667,0.331082196701079,0.243635458645671,0.0939989534166869,0.033841784968859
1.97476657905114,0.624459466949181,0.13396892896255,0.0544426623032457,0.0141430572256555
0.812807238314327,-0.0698475186031558,-0.179954156700476,-0.258840246683785,0.0709020252845042
2.64628605867755,-0.0752856161456038,0.172399642428323,-0.00647853833873962,0.0685734223165025
1.17355305613599,0.494192683415601,-0.110933089772755,-0.143978017591858,0.0582726892675832
1.26490814761976,-0.163546715983593,0.234303612694395,-0.0137760160988397,0.0486035683631252
2.14824386044132,-0.366387929678834,0.0584508249608311,-0.113048373662911,0.0676761825846106
0.357860548442177,-0.278130409712324,-0.143703764267931,-0.374919205217997,0.0098361701981494
1.0681209410846,0.699837190092602,0.0429526854126297,-0.0438013067892692,0.00301389973427295
1.51434347904259,-0.0224709307976936,-0.180830736546554,-0.205299379895554,0.0792976175059831
2.7607652423507,-0.0735818646945946,0.268619023798226,0.0848527239555704,0.0390445484332528
0.476410235524601,0.0118138345920548,-0.176837897664607,-0.278494371166849,0.0679849117477368
1.944946890324,0.418211519622688,0.211991298459264,0.21391138315453,0.0137963202528823
2.65723800274074,0.245377022722797,-0.103383550923048,-0.259687318701734,0.0696422341790538
0.703532286537075,0.322548839623064,0.0918318337812718,-0.259875292346722,-0.0602000956763541
1.44510269908956,0.323230184306995,0.15007100743279,-0.299344831397632,0.0233814611069456
0.718274684291551,-0.039383301055535,0.235933099672718,0.292987460709607,0.0279892755266958
1.70392013660084,0.217961944340744,-0.208285494271996,-0.326135996738042,0.0403061620692848
0.553306961150751,-0.0373590464997711,0.0111292804288997,0.202806096357823,0.0807119246138555
2.81154793635974,0.293295656491736,0.126386541884534,-0.196724999001522,0.0565150638590784
2.46661588562413,0.292387805561149,0.0482857046269437,-0.219169311605767,0.0667262316544395
2.11673141431094,0.199766790561593,-0.143879544585172,-0.385356159670901,0.0319323153616989
3.22388255633157,-0.161511469733191,0.118857846689955,-0.00431339887495264,0.0755133058553343
0.427101783007765,0.181450730566094,0.334521946734087,0.120543072167307,-0.0192632506277389
2.10812039096746,0.547607466795731,-0.0544217300497643,-0.0408670087607917,0.0564758583832208
1.85689029623493,-0.0144259994978716,0.0578910738893378,-0.416640655785807,0.000561234740562934
0.0110346005835706,0.531569500288456,0.206904573083418,0.135190889415336,0.00856721083674912
0.891716046290564,0.26987551254707,0.314480354119047,0.0701298273070812,0.00574297461818855
0.897528945495294,-0.176128780068824,0.221072357483071,-0.210786200932255,0.0241737388007413
1.24967904473236,0.346977802978781,0.220179645206006,-0.0142595258392429,0.0446173481027859
2.97004223508011,0.13941830629455,-0.0764490841986377,-0.386899540410534,0.0415912738832776
3.18358754708857,0.362076416051665,0.0656780725211866,-0.0677075696703735,0.0710961926062371
1.71016902247292,0.593727741010592,0.127393092099455,-0.186928393405166,-0.00208189995893958
0.971993298702094,0.217181779181043,-0.137243294409793,0.115623402918959,0.079616156947512
2.83442534658177,0.152023570331609,0.171039753889068,-0.326352277981418,-0.0202102231795976
2.86133619879214,0.251644832684267,-0.00925021082716574,0.0687605279124431,0.0832868327741687
0.154145310132334,0.205096596998121,0.27814194454613,-0.138763825988896,-0.048650489665464
3.06846629143539,0.533645275614877,0.0362470390336601,0.0452138206361134,0.0517502032412769
3.73083223761027,0.508801335542134,-0.0228456654017898,-0.20666166171629,0.0430011279567591
0.527584876157139,-0.0493279299278775,0.153739762860315,0.252533442138303,0.0583708821337049
0.127221439793186,-0.39004799922166,0.0393714560573567,-0.291854697699411,0.0305927888761051
3.41241136593084,0.0663405589363524,0.206769409370864,-0.27727151429895,-0.0243147939630532
1.67719336376742,0.631343616352204,-0.00752139784480787,-0.0207092529360451,0.0395837435917993
2.49515549849211,0.57364235926,0.166383104073557,-0.130573323492643,-0.00986171276563562
0.960632975414933,0.607104831502523,0.0172682744358424,-0.0600185954790722,-0.0436513693002535
0.303326277309966,0.286209348003496,-0.0817305385829345,-0.368433215691666,-0.0319278440929325
3.17231888406163,0.209674553313966,0.294503478610646,-0.112966888512789,-0.0140431882480152
0.414263689498207,0.46708954636243,0.0253319803824952,0.290178423771714,0.0213295305898513
2.34063162193723,0.471454700386534,-0.0404249532261236,-0.0760564420499381,0.0674080172559371
1.93977639889458,0.157122565332514,0.281130059455572,-0.181315344542468,-0.0281233587032925
0.778667632506497,0.29578328659159,0.157307255004683,0.269097857461669,0.0414193254853407
0.664452720408554,0.603160754935654,0.093694533829999,0.063056738672578,-0.0427020498053804
3.29937472104363,0.112189443479517,0.169218673853511,0.131097356440981,0.0642471384303908
1.51117739979553,0.261083166627342,-0.0707837183864921,-0.392983501981478,0.0325291684002241
1.70642001734183,-0.0928627410033026,0.181307407667233,-0.303198321969992,-0.0342402511374981
3.00709989196171,-0.171959282964253,0.0944335261468109,-0.0971854396370697,0.0756532628362041
0.689636895349035,0.455680619290556,-0.123992292461833,-0.324297925044936,0.0158984643928046
0.402487728375838,0.0898196469875102,0.177277749000486,-0.240399730808514,0.0426590413691661
1.64663611289098,0.370377803780032,0.0829440797760436,-0.359160624566948,0.00379928222405407
0.667834901083946,0.375187029776743,-0.152658401297776,-0.330421511379929,-0.0135251614930798
0.116945181212537,-0.348957068415089,0.157571655445697,-0.263772689540342,-0.0219241624905435
3.71990564499849,0.0543671061363247,0.193595903232463,-0.0462733595376561,0.060970415245777
2.80386432220674,-0.0558937286709871,0.317905886993789,-0.0584739234730951,-0.0103015641301043
0.26087888979972,-0.360075853723725,0.0453961451076387,-0.343237015740098,-0.00436537805647124
3.04628191067436,0.325301040141788,0.031660395998338,-0.139747623320991,0.0737058082282106
0.712993720895828,0.569235232253967,-0.0650745685716252,-0.0816176187172391,0.0523472025423467
1.73228939518197,-0.203433828547233,0.267442366275832,-0.164486420548267,0.00113084440853137
0.788671586428956,-0.151632378351579,0.291609703855315,0.236221193056994,0.00472381051156927
0.424939638185238,0.354805225121754,0.064391980409829,-0.36906623257132,0.0104089621361481
0.930167829072242,-0.199161346344303,0.314432579313071,-0.0407110279447753,-0.0131713869706633
1.63588047820411,0.106430020660905,-0.0266842638181251,-0.162876812895602,0.0859916792141283
0.297562121872817,-0.0978189553710701,0.155878324133976,0.253326762060104,0.0567705224731314
1.68231113560029,0.13839583186072,-0.092964537553453,-0.424413876532322,-0.00592410336203501
3.77190190358492,0.0811083550813455,0.0529477770898231,-0.0424698639276998,0.0848421450086731
1.92360752810638,0.630994826945411,0.141711683373556,0.0334944035721455,-0.0169003909718612
0.0751747193303379,-0.206638331000123,0.210132742983517,0.264475571835415,0.0359937302028393
3.17857726227126,0.200163688960508,0.0213176107524369,-0.406060972595947,0.00371529775584948
0.388593040186904,-0.24756632578107,0.133236599120114,-0.00470685142668439,0.0684292540536306
4.67500615063168,0.178458049167714,0.163169938677956,-0.283674141625801,0.0176579469500634
1.7760686829634,0.17113803789739,0.217801868916542,-0.285631447802045,0.00503146516070415
1.07798825492122,-0.360416307511675,-0.0032987978710397,0.0434241728832565,0.0792588352830138
0.895130052714402,0.39672445710372,-0.222507255816901,-0.18444889572815,0.0463813991034507
0.94006639442411,0.494096545255468,0.22694179871283,0.161668587824498,-0.0197335674492308
0.473132156124143,-0.171197410821799,0.228724410301719,-0.242990841559331,0.0039236948267089
0.165047345568448,-0.00999945298644821,0.0610165024138415,-0.307071095934709,0.0543555808566416
0.0711970738103417,0.54134899183076,0.039881634193909,-0.204175932953402,-0.0461353620785619
2.69877656891643,-0.0747753716297786,0.0881711797455114,-0.382842907310958,0.0151247835023003
0.881788299622195,-0.0445529156352349,0.0646730025559888,-0.0133375479074109,0.085646367110974
0.919503914373585,0.432136775110837,0.0273134567598985,0.0791345211758379,0.0681171727309273
4.1115506747133,0.294396349052365,0.213379057028369,-0.220981267578965,0.00231980387854382
0.350411840177817,0.158431732350843,-0.210023429436704,-0.215699474561973,0.0693284004722758
0.18534694400151,0.194342511380859,-0.21754899797276,-0.351974669400179,-0.000556394352676638
3.25314939036885,0.364716801447798,0.110265538749338,-0.0878423668866513,0.06356578041077
4.77634187323366,0.150596973264016,0.143971039066301,-0.162459344378976,0.0571986814548845
2.18208286252305,0.562820466346547,0.0287789523184926,-0.219835720481261,-0.028008769483221
1.66623284908555,0.228598901658747,0.0688253832365995,-0.0206263894359767,0.081444004817104
0.511564556069667,0.423268057682794,0.275130734626661,-0.0824448395389888,-0.0123830087169316
0.00791496841527629,-0.365974903280984,0.0781894228444247,-0.121603936572463,0.0609964942096301
0.0850368177861398,0.415974769158466,-0.188726202946921,-0.181270573063247,0.0530812287449663
1.37608115032907,-0.0729873487970589,-0.0576422987152582,-0.0500728833651707,0.0929680493485739
1.23624856077761,-0.354243593072666,0.0258400836130882,-0.0995323183756881,0.0734657788529635
1.43041025980402,0.20181419224511,0.30833116086519,0.173410780616468,0.00419290838647818
0.710640858586545,0.472147146196431,-0.162142086794185,-0.0839071018473973,0.0579957030129814
0.990886700839626,0.128638136265369,0.0978160484523707,-0.398704076375089,-0.0148137050365366
2.72566369073158,0.418584596576198,-0.131219092351935,-0.263549479391239,0.0461631303106179
0.0531686620609004,0.361433582158221,0.205824206792672,0.226279214136812,0.028660928838021
1.25039747160813,-0.0663094427246693,0.338978066926182,0.0357162783129389,-0.0107639916704832
0.480217318953176,-0.117974637333447,-0.0222219946352079,0.205588598515056,0.0806678088652434
2.29944644889693,0.301566241474073,0.0275709365479311,-0.375994775853833,0.0267528998486666
3.64238132708619,0.456185384902365,0.23804985323764,-0.0132879531166526,0.000258819976505918
1.4106355403324,0.00250398818763076,-0.0694137451371444,-0.387695482579083,0.0469103864010684
0.395614628499652,-0.180282882987791,0.244471677591557,0.046432300727672,0.0444837303540476
2.04244597898363,0.457518058032997,0.0672098164105819,-0.309429982781073,-0.0223600100885762
1.41745388769218,-0.132522429844376,0.286031729612701,0.0926878359651206,0.030652742892058
2.45490983936739,-0.0762679021915172,-0.0154686352742177,-0.420619246747439,0.0173078916363598
1.54469684156748,0.294166719467146,0.314550978713244,0.100688776467196,-0.0167779800399536
3.72874433811907,0.0317414209739242,0.0234516709346818,-0.389609936704803,0.0297295615644864
1.37832990742564,0.572093399881468,-0.132367918205443,0.0261907650517699,0.0377180280565368
1.16430871115719,0.120218517274914,0.227726571610444,-0.192886538521531,0.0356870986599687
0.493784366166753,-0.0223605455225493,-0.154699839196388,-0.396829618929346,-0.0167502862379866
0.157751547225312,0.444801299636481,-0.0310328162125518,-0.070037398571313,0.0699482198783228
0.500878811381131,-0.118706309873758,-0.068641020521006,-0.421347926899543,0.0192148930417155
3.65473085060325,0.546557275352488,0.105123738036026,-0.0984888037560038,0.0351504605082786
1.16298201779245,-0.314289033083735,0.155785576352757,0.0227873300825801,0.0610819642675813
2.74589412849678,0.611798324094418,0.0889894822931814,-0.0298804785932371,0.0311763887221054
4.00994435281925,0.125618195611298,0.0280388319603512,-0.266747629591139,0.0656518079324689
2.82687379687349,-0.203123663499552,0.0414653752989551,-0.309602772456768,0.0504771340479505
1.372093096105,-0.106140525204038,0.321371251809949,-0.0638902499339553,-0.0222259415149173
0.0785711112756603,0.400822598743736,0.289152142388084,0.0861821864581436,-0.029310363223104
2.45513048501463,0.250301768850975,0.0956696514386376,-0.126481371625067,0.0724485809975492
0.191314396537777,-0.157929055613573,0.149510834870609,-0.316802899663896,-0.0382299092372381
0.983311633161422,0.191791592429005,0.333394878608881,0.0781522000089165,-0.00540843391179838
1.12054371958475,-0.0524310156681947,0.0249684138489033,-0.425508616432266,0.00662272112343385
3.54149686056685,0.149455779745997,0.0731240682199754,-0.386339045885654,-0.00704241029708145
1.46820756318625,0.625925314158689,-0.116663723447636,-0.113144027869344,0.0190661968460112
3.06847209525032,0.0684262045180746,0.191486182256871,-0.297095383725538,-0.0275162681536433
1.21792563412426,0.054808837538411,0.153330839488686,0.0610762647567145,0.073318703742206
1.08426059610937,-0.106193590544409,0.320757027345444,-0.0643039081782968,-0.0062660459998685
2.47808928588494,0.457362887834167,0.258170419797689,-0.0392484329322649,-0.00987512048199017
1.07355877250274,0.23436810984471,-0.0956404030729014,-0.36704487923723,-0.0331034804957106
2.45909576813737,0.240065775320416,0.312349772257784,0.0180203528189309,-0.0307182654517179
0.689409633665055,-0.294012966149825,0.299974793331067,0.101311707609299,-0.0027015187501149
2.84871489750763,0.579959946903725,0.00874559648351044,-0.229111740670873,0.0195447361246534
1.56102384884114,-0.030203757425892,0.0330919077956721,0.16568384592079,0.0834483381530828
2.37021215364641,0.288591566433866,-0.146863912361483,-0.359006311731756,0.0312861229113672
0.388572495794482,0.532605935699326,-0.0120173692894023,-0.228382979415134,-0.0411200135085793
0.146398520159917,0.146236380713899,-0.0557100532235623,-0.065653034590359,0.0890261399779527
2.8306835353474,0.571459221521897,-0.0209908456055683,-0.24910734706895,0.0100098966445243
1.80061744612448,0.104599111495884,-0.185064794861697,-0.349306052211308,0.0474973063758578
3.43968034690904,0.626792308579878,0.00649925395032459,-0.127675030153761,0.0181672079245723
0.310776294675985,-0.106767152364792,-0.0559179380684739,0.0129022529350292,0.0915663780915223
1.05513840383045,-0.163117604113403,0.127173752967652,0.0417177467310809,0.0750195899821203
1.17616516377483,0.19286414758082,0.0419588206523793,-0.0433338120613473,0.0847642030229173
3.32156344411276,-0.131367538655636,0.250503236681764,-0.0180820099009539,0.0412898155549019
0.0711508894224859,-0.245839025005912,0.0176373598384939,-0.297883830211658,0.0513583211944209
0.556689215237805,0.0822824330359486,0.263934634638231,0.224225969337603,0.0303857477172959
0.558147567443844,0.0484018415452186,-0.0820954718072342,-0.3351213201123,0.0615342825375598
1.31835315618601,0.00926667917661848,0.198627820040137,-0.242992082364573,-0.0555998099420796
0.582803139333138,0.261753356525576,0.258301562031769,0.141504020708477,0.0336794510505509
0.243887134282095,0.481604103303659,0.0410096472504537,-0.0143999136122993,0.0633197765256586
0.250416126600934,0.141034866591564,-0.0528595758489005,-0.157398536918695,0.0845054865111723
1.66443018982518,-0.0009155972543375,0.057837904425459,-0.356968363223693,0.0441404579753071
1.71840693988817,0.480938994968497,-0.106551477212158,0.0792648579990493,0.0580037026165619
1.55863080062692,-0.0758240386108237,-0.0461093272973647,-0.431383226042597,0.0126762659288709
2.27313411907776,0.0969261327444349,0.206253928534749,0.0038831549038844,0.0615337434828966
0.875483485626376,-0.244620396080178,-0.0202181229757354,-0.395764141146237,0.0153823554808947
0.0435464874053781,-0.256581398424076,0.188627066394511,0.145435894235708,0.0528017994794912
1.92640353220704,0.354738571233491,0.27893098383599,-0.0622309155399394,0.0115795456209054
0.87336444374409,-0.299112985747352,-0.0299613466679521,-0.215661273959311,0.069509919246471
1.0122297392337,0.280617787851464,0.259799640419449,-0.167253801094404,0.0150691377016122
0.104599128415914,0.0603744630265671,0.133856291949128,-0.378157752858335,-0.00474129717690312
0.824362983127513,0.0241267256170403,0.219159052951112,-0.153104354451646,0.0457452908502506
2.03436403838803,0.497429519633668,-0.0852904140853431,-0.0925183836292982,0.0622624087692339
0.472223608484555,-0.319337600806852,0.164058517078227,0.205744331828062,0.0494412832009232
0.0368755669568413,0.439316892560754,0.263672493387994,-0.0194364700833983,0.00943960107736874
2.42656439631901,0.546115940592676,-0.0978638427767447,-0.178123302214542,0.0423965805218564
2.51733095929122,-0.25239089388747,-0.00914263790174562,-0.159897203340708,0.0787320432249837
0.519234545409644,0.0409699854776582,-0.0171869467844644,-0.328887992161924,0.0603258817289132
1.04997968414589,0.478830530252445,-0.0419341684539246,-0.315648407383473,0.028935448839501
0.712136222259225,-0.0619145639038189,0.185136181151174,-0.0643861566579289,0.0626941671391553
1.64174205587637,0.528623928654666,-0.0456096788779975,-0.0745847220064618,0.0602316045577935
1.2455899586971,0.292077534673059,0.204438906887778,0.017178034275244,0.0540986149961242
2.70403957065848,-0.120310223587786,-0.00217709465323137,-0.34646800716406,0.051532817323487
0.563175807252797,0.248778281513107,-0.120899088451236,-0.405011725286449,0.0155585468593046
1.01930497355274,0.0124433159780121,0.0861367269993331,0.0205869262853831,0.0838437468830873
0.0469591495328288,-0.0495619827621907,0.330011931511701,0.174924439761117,-0.0121144925538068
3.07768420685291,-0.185640909377818,0.0621092305718448,-0.353645909842396,0.0297595042413246
2.84456070028465,-0.174515483060009,0.28322924557227,-0.123899388173326,-0.00282125958268525
2.65530742189406,0.339019940879256,-0.0600579854488379,-0.00760920518298486,0.0805607255357554
0.0301612215323701,0.603809212188702,0.0966928366053525,-0.0767672764418111,-0.0460555959526889
4.11154477475078,0.35476897724582,0.101528239913314,-0.0698243650328499,0.0636190341796557
0.376960332896604,-0.168264433216759,0.278784413318654,-0.0851332169880001,0.0203888573771028
0.154999408607627,-0.244856528638994,-0.201115437099028,-0.284251742379021,0.0518579833202009
2.40189916211573,-0.37019164801897,0.0630230924623616,-0.261979178355389,0.0410244454994392
0.391082732084174,0.630585844997565,0.0096046867799502,-0.147339892329241,-0.0328445853094616
0.0551569229220253,0.118257731609518,0.188068070251953,-0.107284625102014,0.0574500139249068
0.393970253588482,0.210284161577827,-0.245609279480982,-0.32154008099525,0.0131405417777416
1.32993788290989,-0.154194681118568,0.190071879608412,-0.295123761938101,-0.0276154094612769
1.7592969101342,0.366258713344146,0.116555558140068,-0.0467909423076935,0.0661360745514713
0.813497135312892,0.655568452080711,0.146291986520901,0.00382271339799188,-0.00794425275572176
2.48779139017004,0.425960719364961,0.0471185022793353,-0.151024459698419,0.0632542119894712
0.190315016934875,-0.534483132416678,0.0054706998270665,-0.179215628241181,0.0399814228793732
1.95967686900215,-0.349280013641508,0.216802059569028,-0.186004839595546,-0.0126566835625244
1.28680306783249,0.562488716319505,-0.138574325046463,-0.171569401271936,0.0335146689327491
0.298792360686934,0.225828022214582,0.18092207490759,-0.298601271734827,0.0175596899135801
0.973648932486403,0.449398880275057,0.0830365640768182,-0.331172637425029,-0.000855309868859753
0.437411284722562,0.10366334658778,0.273558925336743,-0.220326000061148,-0.01557009233377
2.47230544511648,0.542561942486284,-0.0441108710869769,-0.0577267977553835,0.0566129401497041
0.748307945987512,-0.492797757395144,0.188320238308226,0.0741786321652438,0.027649065897939
2.13162024880934,0.255182849594359,-0.0221569567327602,-0.227787984332381,0.0738631542793917
0.401760853513985,0.327028644934519,-0.172900584658841,-0.350066378287867,-0.00317977393940193
1.52487679488378,-0.252032243735257,-0.00215168965132661,-0.0338264358441674,0.0857343902063423
1.37908771538907,-0.0650515864670432,0.125196892899731,-0.292990365553169,0.045408841473009
1.89467577156001,0.313919216958998,0.279717053063697,0.197220675241671,-0.00950806279487722
0.130021984054202,-0.161404729017055,0.250889912766901,-0.0322435568696307,0.0394891554488298
0.882111573688251,0.457642934899173,-0.0646456356115655,-0.317239655235958,0.0329406102757049
3.02362582024621,0.129949503887441,0.166786024825657,-0.212033982035058,0.0515624153366938
0.872619807800081,0.0480217445161386,-0.0273301056513281,-0.440814081753756,-0.000325225510267751
1.79032180604817,0.602539904722235,0.0116219649310622,-0.00375751402754577,0.0459363156913277
1.2225573208165,-0.214800606554015,-0.0719608348349576,-0.406752247427521,-0.00446572505121494
0.734825637611127,-0.261042437815161,0.143068309725418,-0.226517295091461,0.0421924208365319
1.20715794890556,0.23146232879304,0.310111789895302,0.125606655042696,-0.038803765913383
1.48389096484853,0.320988031727216,0.225422259286606,-0.180551830870397,-0.0479370276902639
1.91105718219494,0.246020922662217,-0.0858373319576225,-0.277603922180616,0.0679684900002045
3.19668034311393,0.231201210011575,0.142323290716286,-0.341776614396152,-0.00253306583251284
0.387616212943341,0.422182289060245,-0.0255622795026487,-0.343283685199082,0.028528428477355
4.0885701924964,0.321089360111162,0.00766882459457275,-0.0697264968429736,0.0762462902984635
1.49659531717429,0.459337563411323,0.0463292976167456,-0.258582467399054,0.0434850383666014
1.37445766330581,-0.0523430677283816,0.17907722665326,-0.0760195047194864,0.0645672069804343
0.382253172311714,0.32303156943866,0.266033249367479,-0.0188495199555188,-0.0576680954443409
0.0355932751744035,0.161443886457038,0.0399864176041075,-0.274415830830949,0.0622798339211263
0.800075241751863,-0.289674761008714,0.247967859959242,-0.174171265733459,-0.0109919317377066
3.42259532175688,-0.0233214352918505,0.188001166481507,-0.299933713464349,0.0109087491099959
0.167309752874877,0.541304930422261,-0.0877651674082345,-0.0905693283046139,0.0549583788662056
0.536772896202809,-0.152325578081001,0.160565259090782,0.267171167395555,0.052317412921118
3.27278286140667,0.469476059940166,0.0854512791351894,-0.28080356055739,-0.0131137767137565
0.764731196163947,0.57479729466139,0.189143379288247,0.129540283096472,-0.0138684221045437
3.77056895279769,0.320522797339129,0.100173992609837,-0.257215173646344,0.0454645790026537
0.863397859686256,0.170109763822561,0.095979427741668,-0.322486895673651,-0.0539971738165007
0.664069965271578,0.672403662577276,0.0325398915007679,0.0273185870809525,0.0238754308358088
2.19519580649112,0.590988107403653,0.173179640942222,-0.0160760486156013,-0.0235807150424467
0.437423324823522,0.347568273941796,-0.170167719043099,-0.252566016353456,0.0554633328210721
3.86287777687605,0.0506615557071535,0.266750956870535,-0.103292680219575,0.027498978485473
0.0269805448388923,0.612201429683394,0.0900645516620665,0.11209735948943,-0.0367537464122372
0.895056314002791,0.619951229685313,-0.0116405609889462,-0.142114059250094,-0.0330571729326303
1.61376361262141,0.103329416612158,-0.0501843389289107,-0.267619930954253,0.0748515079815298
0.797934917818789,0.353197205287753,-0.0153855739743048,0.139465739853166,0.0726015595637689
3.53964795345939,0.236553222619199,0.0760219342674098,-0.369457656216119,0.0155281638726366
0.859063924177557,-0.101651699725079,0.3289169435043,0.154125530941331,-0.00980072809455713
0.942714382660298,0.449375594488119,0.256869054061733,0.139712037479044,-0.000053408625287403
2.57984886790465,0.384354485291786,-0.0584510776410824,-0.354816811194818,-0.0117927357402176
2.25670320680103,0.447436351416875,0.0931548270720856,0.020454035802466,0.0618159390132469
0.959725566060797,0.0747413582990275,0.248940795682027,0.27443083279135,0.0262668282153697
0.810403836680388,0.247168225123709,0.171310913274474,0.222719755260906,0.0509986814556557
3.41983389152667,-0.201045605221815,0.0772665878916871,-0.302997751553142,0.0433520501969154
2.47293621449888,0.00316821470895264,0.00402117516138219,-0.00769837465588721,0.0916900148011664
1.11980667401603,-0.0918534427527503,0.0182226348503086,-0.424194386905607,-0.00284938829272046
3.44878849123344,0.0637513541927662,0.146002959577649,-0.348386793089316,0.00605894330980752
1.84723328001642,0.00742037111628456,0.183874449904819,-0.327913556344424,0.00672046747757442
1.18618488056232,0.506958919009082,-0.104919614333252,-0.290320170567359,0.0234786913852163
0.703844074937793,0.164892786547485,0.317001909156124,-0.0184001509502648,0.0122371206528939
0.379927318534588,0.16218886141199,0.0131493903519099,-0.239826475127706,0.0716974918001251
1.5034752014708,0.24896986403167,0.207999782832511,0.300677823288221,0.0202238331335521
1.96468707331273,0.240717198977209,-0.177187162164654,-0.299568758549861,0.0550836823966511
3.72290939156844,0.447049297740013,-0.0121711738174413,-0.17502286811765,0.0587378886851939
0.842903431395416,0.195406307460223,0.244935896303706,-0.154087182691334,-0.0587720951555569
0.235532609645321,0.32150611083441,0.205915951890953,0.180616545534186,0.0412728875694126
1.93026989633627,-0.181371292817023,-0.113402861498901,-0.349727507567155,0.050890888542754
0.958469575633659,-0.0353313383753114,0.292098904035401,0.0520563960068173,0.0322636620030061
1.80559040049954,0.244157805609814,0.0193095773531963,0.134138815362455,0.079652661103582
3.11920964758469,0.452732011014949,-0.0111782050949353,-0.321683255745143,-0.0082984516569476
0.230023789229185,-0.334607214949432,0.119002888412028,-0.23627527880034,0.0368315646026009
2.11575253992428,0.48522620149246,0.15966527010415,-0.190578793645861,-0.0360181562914848
2.54129457198509,-0.0409119822486054,0.0439959789871298,-0.206276864418108,0.0764488878570205
2.88330700422578,0.426684234550064,0.240931388731985,0.0746358506279905,0.018838294569737
3.76462210327408,-0.0269046021706011,0.262938743225523,-0.141884624464688,0.0212655913791243
1.2929626372332,-0.203180537249916,0.276409418715426,-0.158331967329698,-0.0130615853667149
1.428038655635,0.0811385563515283,0.193605991690149,0.270975211687209,0.0454543055933697
1.00992940051037,0.473355543976796,0.206429186892356,-0.00140940782535185,0.0335408139128866
0.19731214208073,-0.0632841998774979,-0.025663748230821,-0.429306020962939,0.012951247776136
2.67530053793939,-0.0258932414659986,0.329539182569532,0.0635174856600217,-0.00285384880381267
2.77799948922298,0.28371586453446,0.256793236144833,-0.164959121531653,0.0124400317545206
0.167467811047937,-0.545351748153075,0.000179503136220113,-0.118857598537034,0.0486682224904236
1.43537058778674,0.228509027499127,-0.225225966775541,-0.328991930623499,0.0269891520972374
1.99545368647126,-0.311032001976492,0.114578272024347,-0.231361095075779,0.0449516841183954
2.25520385854559,0.444665704189038,0.110297923368032,-0.305603317887296,0.00492393147302578
0.891119756083757,-0.112389137168652,0.106337301404159,0.0772206566117841,0.0789860166759867
2.1041122981146,0.47597357560731,0.0352295348866994,-0.321318799851743,-0.0125071955424262
1.11088989344071,0.222203390177558,0.304231499196803,0.00396590722774328,0.0189367625391035
1.3238582203296,0.419915172539707,0.172725071310957,-0.262054404229031,0.00901570042709729
0.149858558094701,-0.533530402539592,0.0988328812450152,-0.102642423047757,0.0353702552897178
1.49725461906174,0.0920500043456117,0.326067013940115,0.0440670521191818,0.0115502384560987
3.72180676938738,-0.0248759001978054,0.179242606870283,-0.295286930989883,0.0177170811005006
0.977075168038857,0.575588933530087,0.174506697793086,0.150726702980364,-0.00514391496949497
0.922970380403992,0.0984712097741685,-0.157125453925588,0.0433150059639005,0.0874666009720241
1.74351426930154,0.0794283403089387,0.0273400520452857,0.121851425621049,0.0860731243606714
2.72763658265214,0.50225381460232,-0.131710214579912,-0.2447494195956,0.0265449860058824
2.15952567453304,0.306509333175429,-0.0727353926513884,0.0611038859731287,0.0811618601015613
1.87342713092823,-0.405169619678783,0.19488690024937,-0.0439337663669473,0.0367028345328748
2.22743772299017,0.446167802753772,0.265455325306825,0.047587306556251,-0.0198396119711209
0.111458162388468,-0.10233399800952,0.0655592408543875,0.230443504351457,0.0724164844775463
4.38298196486928,-0.0307320031499806,0.132450924071203,-0.168148375673986,0.0625493146352124
1.46034902347479,0.160376688166205,0.293619850979599,0.178420592493999,0.0191476920137689
0.353463545510733,-0.147749827500109,0.138117470941484,-0.354495232207654,-0.0124420628568851
0.426984246969139,-0.160768324460172,0.243073832377412,0.283226456516659,0.0221062020096851
2.21260035046676,-0.000878240741737527,0.197434570139199,-0.285665970821851,-0.0374044215107281
2.37787071412474,0.632372561325574,-0.0482798847034859,-0.124119709886956,0.0281581656835825
0.255859833231338,0.225531007999482,0.0911792037560532,-0.393012659357215,-0.00802165366843917
1.46282627265058,-0.435935744596333,0.0210140007997677,-0.0682802061701128,0.0684567592248518
1.06780666800314,0.448243051523063,0.242718381250411,0.0261286933704619,-0.046186930043103
0.805466632559917,0.53591759137182,0.215532838553142,-0.0555767315531841,-0.0341013344425607
3.05954181222961,0.455237296748952,-0.0850715510117207,-0.311140133099314,0.0206954209712631
0.913263986849114,-0.0153766479138654,0.130911700006314,-0.0559300592471571,0.0753486963690161
0.202676262758059,0.385703303582683,0.0654520702796839,0.1621618549471,0.0624055712956534
2.60366805172825,0.488961467902054,-0.111068545019678,-0.288877880517993,0.012104260057987
2.56090968457536,-0.248842981176378,0.180873012623156,-0.121898368435954,0.0505505944808859
2.42682630547693,0.640270551906301,0.117568851334033,-0.0572309258135186,-0.013731553049281
2.19126862116136,0.6349233419903,0.100367772650451,-0.00474942340211543,0.0239858794676016
2.2648102597261,-0.279909176122769,0.183162946789103,-0.0812872165920635,0.051878817831015
0.02656949667546,0.143492011725633,0.113182384359225,-0.377692325562164,0.011193559977196
4.0479461065502,0.259970291288335,0.0129491688141358,-0.095089139870629,0.0792888095046162
0.0471395082868844,-0.272286641384708,0.167694714887117,-0.249121587056557,0.0228082720100276
2.0421000173413,-0.238950320756381,0.0011659035402202,-0.382734681542197,0.023239204334879
0.757003698644499,0.657865912456569,0.138029386009304,-0.0292824328664282,0.00282489478480294
0.930697073558785,0.562955910789713,0.174416471616626,0.0375054628732903,-0.0419334858894498
3.10733770604198,0.185491378020519,0.0436462619666444,-0.290879265298433,0.0597842701716659
1.5745104291488,0.0417625348975922,0.104741442374107,-0.0049005915158412,0.081657213652244
0.159510898128709,0.111008300116311,0.12732999858605,-0.37682646794188,-0.0229502968474111
2.45687754657926,0.627173135558445,-0.000140125343581682,-0.167552508022788,-0.0136193567903722
1.26887168515792,-0.119136271855845,0.194124135130663,-0.282067132944907,0.0186542581735272
1.09239040986862,0.141072225397199,-0.0937713299353643,0.0362882053524293,0.0903707172326183
0.841607128495967,-0.177977571420693,-0.0355700449922774,-0.41832230776155,0.00560290348334897
3.40470962724954,0.192188159666212,0.30838502874321,-0.0180109828536719,0.00260039432402132
1.66101419984668,-0.0810367349944706,0.0280236885803668,0.0406492802583048,0.0893694278972339
0.89430099077772,0.337338009563007,-0.208716851624674,-0.232273536740814,0.0525116131615201
2.75411705023733,0.496953571173788,0.223695614868189,-0.097712800716449,-0.00668313768815683
1.81808954268703,-0.227015104117005,0.168434733362511,-0.301926125810382,0.00407701677794494
3.01960785607581,0.221915345828291,-0.0245262911912037,-0.408489734406144,0.015125429503761
0.541564911090727,0.125847045640955,-0.0625616123657073,-0.0336996062500209,0.091065351704404
0.889722178104321,0.0547057122413311,0.188625785401245,0.251159911254664,0.0509996570322329
1.20789090996239,0.419481646630083,0.00793143115347773,0.0744523978131061,0.0707842523368617
3.34617209961916,-0.000952709330439072,0.228036740426867,-0.0895057114183066,0.0487163235670156
1.91481099827623,0.386178149911189,0.168908513637404,-0.240997719464606,-0.0399012455521638
0.230078666767135,-0.109898365609365,0.262884498215353,0.079134260819586,0.0407453365137932
3.50460153086139,-0.122717845016441,0.199320470748132,-0.240010717564051,0.0258050442097603
3.97698210461286,-0.0553647301202921,0.215841300490707,-0.200816055432337,0.0307844230397911
0.846629550000257,0.0746094374796624,0.153833180143355,-0.234412160108567,0.0518566832344991
0.475114071529236,0.0417679397704696,0.259716592844293,-0.088375706186653,-0.0672329217431715
4.45604294047463,0.064848517860317,0.171724301013003,-0.0563543242114186,0.0629992443835374
0.865242549066961,0.22314037620776,0.236508786996297,0.00789261865596784,0.0484486147185204
0.929097935717207,0.494860934624246,0.250920301452871,-0.00542044930529998,-0.0293707262984941
4.17748369742485,0.388623665844538,-0.0385497772914016,-0.235782674839143,0.055506399736609
0.601961722125628,0.351545052671646,-0.031182413075165,-0.0312534651449528,0.0798058539213377
0.288188816779586,-0.351992470110712,-0.132685246854873,-0.116662218075362,0.0753773028992697
2.02775415422325,0.399164508290513,0.207027238956808,-0.0148901439536064,0.0429261719259084
1.1849117408159,-0.350508414315315,0.179198070077226,-0.237471892836169,-0.0228560052610279
0.253410488721457,-0.328491809457895,-0.133459561937987,-0.0692989274182175,0.0797405768835941
1.41341569878662,0.0744653456121873,-0.0555733822528074,-0.406563549182888,-0.0291349319794609
1.70817728536282,-0.315356663020047,0.241170287011461,-0.0894978608506918,0.0239703748667861
2.91032386674783,-0.166195577607637,0.0905945727678745,-0.327377719009109,0.036448844525259
2.44386346211522,-0.17340437014681,0.234608438011224,-0.210608412651689,0.0145560237689
2.09571917493299,0.575790502883396,-0.0153175052533824,-0.0946031318908309,0.0502352293338396
2.92787499190452,0.307734874616399,0.0909063179117659,-0.159291365404134,0.0663314639101739
0.850297925074199,-0.299016370177676,0.229413156564693,-0.190674540433574,-0.0280839076844439
2.42342977752063,-0.098462303427223,0.144836428994152,-0.351718205170083,-0.00962423944220129
1.2010466145608,0.509767652444537,0.0769151355512071,0.111986563488028,0.0514145933273857
0.899399422500917,-0.197190621103155,0.322640145940501,0.0253637756598039,-0.00916619240379259
1.94678135895276,-0.11921494646759,-0.0662228046250601,-0.337695223175426,0.0590697400705295
0.480155203006967,0.515268237447856,0.121357570886063,0.230959535691225,0.0202973007431819
2.3167026719541,0.0461475103146683,-0.0670780055616013,-0.21355238964123,0.0831892831802016
0.134736247902541,0.111377388104501,0.0686712803108798,-0.0677225397311365,0.0815341074289612
1.2474362416498,0.404130492011641,0.199461809018048,-0.248874075676555,-0.0177396291372127
1.55941792849796,0.006313523930193,0.181229186410768,-0.331461267475556,-0.0236835440017397
0.998411358281923,0.566914247533905,0.13376085144949,-0.116737334497045,-0.0431355595110459
3.75320964564729,0.0438564923532723,0.214745888204603,0.0693753594401213,0.0559810191385609
0.820502723723982,-0.0629806571233262,0.210212433988326,-0.101541412168047,0.0532220951458641
0.107430787499696,-0.2374864553059,0.313673886120842,0.0953030140442907,-0.0302533756512656
0.379635883116059,-0.396279240899269,-0.0380336906501676,-0.262708157177012,0.0498776304904305
0.702016037460717,0.50231672474659,0.0877445012560204,-0.30066112133516,-0.000568605672098317
1.8815842221078,-0.171077185414308,-0.0491448959294857,-0.396193229257011,0.0320398138635805
0.255539657006851,-0.239239137222205,0.292462894741605,-0.0898720449015036,-0.00788115431907468
0.571711017619421,-0.124750375172908,0.20375925688539,-0.281108602443151,-0.0340348154165588
0.263191079985713,0.306541809457772,0.204687802672944,-0.282953974777807,-0.0088311939752227
0.826256942416104,-0.0757534329628155,-0.186104137431325,-0.36967604239649,0.0386962369779793
2.72977371800431,0.249480736648931,0.227984012518405,-0.00817504836244762,0.0485380370909697
1.25805155241489,0.323775701282021,0.162674499259627,-0.157121080594235,-0.0664348152423242
3.78631708977425,-0.0863036881347814,0.237031280324434,-0.0451983784244732,0.0451314048932761
2.79713179739982,0.441575951283775,0.257353553816787,0.0662199162792834,-0.000341036217604529
0.696025973371876,0.140373426174527,-0.111884028290865,-0.0094981810780565,0.0901784167888396
2.06043164569751,0.513856805665845,0.0994056908915442,0.192581767300098,0.0319899683564019
0.235749687231643,0.300979337036191,0.0429776453356509,-0.385533452894675,0.0164249847622359
0.0919464794770162,0.317224562169151,0.209884068692561,0.107024468827925,0.0468458293281804
0.792085435819803,0.11996583711903,0.242207417591646,-0.0677261094804965,-0.0718255843728921
0.942318801476011,-0.101154081696595,0.0103334793415343,-0.398609961456558,0.0303634704062502
0.699706164073872,0.137801347714559,-0.114720071228696,-0.426056984575309,-0.000199254970306342
0.677454108249039,0.451669211456823,-0.0474651291331229,0.0341021315440362,0.0697327527255901
1.76470622006302,0.259153857438433,-0.0201799984769613,-0.416622183757393,0.000464274363383343
2.82801656846596,0.386690299094718,0.273212886758044,-0.0151142969488474,-0.0259154160150973
3.31042665711427,0.279365916716275,0.299297907518908,-0.00396754507670133,-0.0183410887002294
1.54369293983911,0.304627695161387,0.209808720848555,-0.179102524739246,-0.0545334135683488
2.70469765607195,0.206530470991764,-0.0336600799305368,-0.37625897474358,0.0427244251511107
0.273126839273597,0.437687893715669,0.281075239539043,0.0834553228298458,-0.0135318563932928
0.519284751569364,0.618639934985991,0.0719073043015278,0.0221844793609545,0.0371117080677362
2.45271387678368,0.276066970442193,0.0409370529638874,-0.381949148414006,0.0230580334949014
3.42388601813474,0.0129376194000981,0.25954616088412,-0.042999375249338,0.0401710861381725
4.38124833066446,0.21716351140066,-0.00361641066707497,-0.280933928119542,0.0601529089208763
1.7868343440512,0.522357197496428,-0.0616766239886039,-0.0120335434875095,0.0608491509876588
1.58401076956259,0.0502234136950327,0.228518122982513,-0.276968229980303,0.00633329890693263
0.189720507985862,0.198503710936948,0.123945873859576,-0.0990365347354641,0.0697986265742484
0.46855465988086,-0.481185881467722,0.0858318327052738,-0.24663057713871,0.0105020803624209
0.213278879250339,-0.397527650015613,-0.131319662066517,-0.0511813169037447,0.0747933565644716
2.92282042983666,-0.0176434502209693,-0.0630172288383107,-0.0825490467129767,0.0921171910965653
1.78617427207707,0.177974011541108,0.122724978861994,-0.375351201883694,0.00730233075669642
0.650885002694199,0.42686318798528,0.223584631869283,0.17638062498006,-0.0426803688171643
1.4958996729391,0.255490251458572,-0.167935361908831,-0.115874220808204,0.0793008973438522
2.85904820417651,0.0498707907171951,0.287421590280734,-0.0706550449768474,0.0260663845513048
3.47692169169075,-0.0173696091302468,0.192592483431701,-0.291874419800296,0.012797054853427
1.23517241544347,0.665791682005854,-0.0682550732547075,-0.102544628787799,0.0151189834292551
1.18555147292684,-0.195444523242923,0.162020681137692,-0.291849208905249,0.0227324641906159
0.117861228156474,0.46089407965627,0.142986689220035,-0.208036945461064,-0.0492657886989317
0.460082092090233,-0.369227758746017,0.261459910883428,0.0807942268059621,0.0151589872761318
1.82009608415707,0.482142980172615,0.0245797359119467,0.105445575618569,0.0597793070002205
0.598149351267721,-0.188268302489928,0.314712908106625,0.16278437272155,-0.00507708480495159
2.81579443523992,0.192910924031468,0.18168593206684,-0.144890183896303,0.0554095913790249
0.689744307952387,0.564395694610873,-0.00512820522902786,-0.246741406514009,-0.0285350925171102
2.50693538574936,-0.088742962699801,0.022405214499964,-0.275939393678865,0.0673123624834421
0.513483038614994,-0.0866460388426034,-0.215461478326064,-0.240447380068016,0.0679624827405515
3.47806770461818,0.373353655762449,0.10514964139679,-0.30974235282518,-0.0164574505022496
3.413818584108,0.429450530747212,0.153875959686976,0.0928754052203371,0.0457106492917372
1.09903387351729,-0.435108055004485,0.222075978814104,-0.0731773887118112,0.0120116726404599
0.709965415500574,0.625940525872948,0.0816646650596963,0.123028165622733,0.0215429148040548
0.736165577865831,-0.0997016287029336,0.183573002284166,-0.177848935571352,0.0501597443795658
0.488838162387496,0.220594378657315,-0.233692909539835,-0.323613391632135,0.0282892454347072
4.19042929476923,0.130266816324658,0.242629556385917,-0.070687243806756,0.0396337158183432
1.69836925885797,-0.275462229535344,0.220510608018194,-0.220779055003911,-0.000352010673486084
0.813731709307615,0.637857136372776,0.0921580546804105,-0.138809538877492,0.0171622592752223
0.213589557541236,-0.369926319475866,0.272253033699335,0.0912405001050945,0.00525943247708721
2.99680551622211,0.0345055314552088,0.0139832628802859,-0.407560905702699,0.0259483409540418
2.35481212644733,-0.0155461724217256,0.171780704773253,-0.0375771682587391,0.0689439216438977
2.07094781996503,0.191088905097104,-0.0165328216026409,-0.167111704421153,0.0829316933204507
1.17108835332727,-0.248954501575061,0.309253787316685,0.0736085606341538,-0.00029078310820059
1.29175719665907,0.557746079396119,0.155405778921389,-0.198522307917323,-0.00585931443818543
0.921802802352658,-0.104565496468222,0.0362143437140159,-0.0354570875022581,0.0872041922577228
1.59066314773866,0.491861464924564,0.0841762345293945,-0.303150699960577,-0.0103226462337034
1.01955087664192,0.104646405658957,0.111270199266077,0.0616898126506271,0.0791683459472715
0.33046562001865,0.210368668391329,0.158802084071355,-0.348387153027218,-0.0184066609807942
1.36208968154856,0.176008871265959,0.297427779590217,0.0644450390978384,0.0267088174035886
3.11974099508269,0.383069637006827,-0.0166928402144581,-0.13423477516515,0.072146545623809
0.873383146199885,-0.191677399002555,0.267354308326243,0.221578457157792,0.0219030902026294
3.00434256040073,0.411099461936177,0.131526563610867,-0.101598166406115,0.0547674879762078
2.36624506513878,0.0524914793129296,-0.075460950958682,-0.28412201572267,0.0732387428474955
1.55793455229992,0.144867938835519,0.167119882038698,-0.237494851790427,0.0474318090040253
1.23929615457691,0.522567909371182,0.158123436918038,0.222416254126076,-0.0051791638892917
3.81599200451677,0.0213449445920193,0.187867192461673,-0.23906663526255,0.0365002276525522
2.41141805871388,-0.118918067132623,-0.0699366711281316,-0.29738291165787,0.068244610425326
2.33554213547297,0.292869926227961,0.132436549558894,-0.296143687854787,-0.041165736218983
0.68623995427553,0.252470655080322,-0.208061904205833,-0.0707667480457183,0.0748988463950301
4.7989230878911,0.100070577874999,0.211501253098754,-0.186683686463241,0.0310391125128222
0.425355578418919,0.610734873704055,0.00799168847661777,-0.0731251557504318,-0.0440522637414995
1.72665250969847,0.0940044494078718,0.323519070049363,0.178600909819012,-0.0155608905569544
3.5642661560117,0.47312726704873,0.227755561846589,0.0288909665552246,0.00633316032024329
0.111979831789756,-0.388588670281701,0.220366871696125,-0.0866245713073127,0.0202834949721794
0.185889769841547,0.484815097834658,0.0255631498731058,-0.270956582213968,0.0369111386508389
0.473452411564117,0.281811861766496,0.245153076915765,0.0495827455227668,-0.0675383981392603
0.217108445628658,-0.135773983494933,0.104828097803329,-0.30538784982814,0.0410605340060323
1.48475435875112,0.591733413141135,0.128992907519007,0.167100989300066,-0.00527896180218612
2.4139678231155,0.0174519222889807,0.17542548570325,-0.204101089373075,0.052307043512058
0.167095162362968,0.222419104910678,0.215256081827425,0.00872544996737633,-0.0778284583893826
1.66702538322762,0.101678739986715,0.114921181792607,-0.355829768769424,0.0293860563137726
2.19214422224007,0.103856333443771,-0.0895482395720207,-0.103200504405261,0.0907117811323073
0.685991118655076,-0.0711844090428459,0.284907072855538,-0.181229788778645,-0.0254072126087573
2.07582327718711,0.434920830042477,0.0893138229799035,0.17268362555023,0.0522102091553655
0.153622153807604,-0.43906831015066,0.234412351383717,0.159492137281172,0.00780203188441314
2.73998235620154,0.53305297685567,0.207116967867594,-0.0837272498422573,-0.00161622791109293
2.02265791283179,0.0763898177448012,-0.128563285678803,-0.0597792502439929,0.0913052430166863
1.68886238989625,0.406184964082936,0.18499783503642,0.254538272162046,0.0164377854048912
2.04953786247117,0.17412115876734,-0.0651698139783614,0.0590536057345471,0.0889754390170125
0.374393374601561,-0.338027455427066,-0.0431080157168352,-0.351331607003247,0.027650141349427
2.44686660722445,0.518491546677001,-0.0160074568771876,-0.294399242869855,-0.00917646608004403
3.29800293452509,0.588856598716595,0.102847287450227,-0.158835830645005,0.0108659569937749
1.69301318269522,-0.178881462256383,0.0182315351242728,-0.0224298192607205,0.0876843693553492
2.80988192603094,0.619360775262829,-0.0177150689319683,0.0144258490843661,0.0348333116653497
0.28560720853104,0.00560183227585917,-0.239866701943064,-0.355977206089887,0.012873557684005
0.88656437505912,0.299238011557041,0.0432028387100109,-0.204731906563899,0.0681224947914725
2.34469832816168,0.446016408382729,-0.133719196499994,-0.0763594831197417,0.0648063625240605
0.907188135497462,0.219006201158471,0.261676650795871,-0.208671245154676,-0.0333700893628303
0.555949813105587,0.453962086694777,-0.0531370645178261,-0.105960204473349,0.0683620168644134
1.05634622223966,0.208896563191135,-0.0186924657282858,-0.402964024570374,-0.027821576573484
2.10056618902108,0.503329518693103,0.126280205766443,0.00128558167302249,0.0495004944059998
1.99931042366911,0.564495616179324,0.0297776444103045,-0.159685933724596,0.0442376164356424
1.44966457643772,0.632159512379983,0.125318720531325,0.0517377157010967,0.0179880225835989
0.978060810881644,-0.210347660792794,0.319615673425917,0.0562323759487814,-0.0275235219329071
2.08447709399734,0.486031837749359,0.0784500033139218,-0.306405754686471,-0.00363342975934657
0.490903239259187,0.236895867362197,0.011952176103653,-0.0487361479731808,0.0841956179429974
1.17329276896909,0.528879190108895,0.116215979451364,-0.220891164864223,-0.0342441735608761
2.16143941134725,0.290344609732176,0.237927188709475,-0.0712867203878777,0.039918264422832
2.68269581232139,0.503343117980693,0.197947468558682,0.133749818303776,0.0114044570983655
1.58229797853991,-0.0812048374930348,-0.0642960997202763,-0.082277219251132,0.0921047629406777
4.18054433866724,0.435380967596077,0.14341014742645,-0.235668049789871,0.00410765022378836
0.404724101893647,-0.293748613200573,-0.163008682960943,-0.348278903997059,0.0278948179972427
2.56925950461475,-0.00827688083434864,0.125753446730073,-0.00322457984727916,0.0784304526510744
0.634620851535326,-0.263144639563212,0.23545194765076,-0.169296318626594,-0.0421175184197289
2.83285932494469,0.0437462477092715,0.236907896059741,-0.200570865517105,0.0289327671030363
0.218113830086623,0.560869125710918,-0.10437830176207,-0.249732619072994,-0.00959980153640638
1.96118599581573,-0.128984423573607,0.225118673226249,0.205349853178552,0.0447488370756606
0.493905298760821,0.678289190508701,0.0231134566528867,0.0838868800771184,0.00848714415269446
0.863593770814593,-0.47090709949704,0.167498135778713,-0.141002283675737,0.0181348666224578
0.412583604193617,0.251724242349012,0.212197597747274,-0.0953704796998718,-0.0718817610254401
0.670804820120666,0.695960438583119,0.0644233206884882,-0.0253248502165914,-0.0120458295673081
0.475540435281271,-0.288237239538027,0.252818166685247,-0.118144814422656,-0.0423611574701099
0.478702569867902,0.193361283976411,0.228664971008523,-0.068528721604203,-0.0732796234338407
0.464030456985247,0.174069096189025,0.174723991290347,-0.167424437056684,0.0540658873230075
0.463872394628619,0.271667270541013,0.262881906634628,-0.201355332021239,-0.0277643564253326
2.26779071403113,0.513142586773759,-0.155317342042718,-0.162034316461358,0.0414046943591711
0.687562389081492,-0.432042094020314,0.0514554116719723,-0.305113524328551,-0.0100179491966359
1.25186425683377,-0.20140153862883,0.00089901607288824,0.0661692215274966,0.0873989836928077
3.0577850945078,0.32717875322243,0.288166528368696,-0.0464231063672027,-0.000956123288265009
4.11232461372299,-0.00793785971060119,0.24116669979027,-0.134460112119006,0.0335471804378091
4.11051299968365,0.387815268691904,0.226282592288548,-0.0261500899989983,0.0256387304188113
0.700130073638957,0.461666171387721,0.156648472840812,-0.182686771530402,0.0332518385135349
1.28272753858278,0.228068179887836,-0.134405156513617,-0.342917845408823,0.0511849305860609
0.456979710227542,-0.330198163205744,0.214421719905438,-0.208799164881165,-0.0132301659189581
1.5170622154855,-0.0894799637444465,0.0774721636700367,-0.107381791720968,0.0803449478957911
1.50156141845553,0.221727009835881,0.242262673084288,-0.151069056614573,0.0334972969424638
0.999177784021555,0.26454320588826,-0.0533619221897746,-0.19032041377202,0.0780628009933125
2.42925347283977,0.0288278444112974,0.289625216243607,0.17398884576928,0.0236137270304173
0.0746895111630873,0.133945530287084,0.166706602632154,-0.296165758353302,-0.051273212741878
2.38291790554617,0.620556966171909,-0.0184839779105267,-0.109236335020426,0.0366820657420254
1.2844740326936,-0.231024909846192,0.194874157821499,-0.0495701768860556,0.0546817450166292
0.622310803119323,0.377618971783578,0.239742527050248,0.239028852158012,-0.0261959584220164
1.49463545738448,0.466972331206892,0.0200672636631943,-0.342318366163743,0.00502251393294883
1.95167197367699,-0.18133509093954,0.317115038677621,0.0630193319932837,0.00173680619270235
1.99233882552007,0.0613571176661346,0.228086219724465,-0.285252536419341,-0.0139583204538651
0.122980113130279,0.168793639305833,0.14246650892333,-0.348429542496831,-0.0345823936229198
1.1806734824086,0.308682614036269,-0.0323754123925239,-0.341014908005733,0.0477785463283895
0.815187996521134,0.166099151785743,0.294934948008677,0.165003343804001,0.020858790616103
2.08040402516948,0.405935533625875,0.0151730795731936,-0.130965082504672,0.0701680068513087
3.06902274904258,-0.0486872987659436,0.0294387759242129,-0.403756092663124,0.0203975937888693
4.42035497904165,0.50963384720554,0.0364914612282627,-0.203935105938819,0.031534592022401
0.590962911647484,-0.376380462094473,-0.0298721691010228,-0.0146534086134522,0.0786436391762834
0.813869781022339,-0.144230552782632,0.0633252935878093,-0.393075304897433,-0.0201610776633875
0.0934763134888294,0.338024886490254,0.0898788233411112,-0.17951036887306,-0.0724259167578029
0.065630928719699,0.192289546078891,0.296356524935279,0.0226515759900419,0.0245371010273716
0.343656450981868,-0.0134541932795746,-0.0626717196803859,-0.4255499641437,0.0243231907432737
1.98717332610003,-0.225345379125079,0.261774942209269,0.0487418899206944,0.0352621899022207
0.94969783689065,-0.153461776322968,-0.194952862210981,-0.224696388076273,0.0719387555890915
3.96534627840445,0.393203574541886,0.221548113156408,-0.157159846676502,-0.00506912265355712
3.24439545304891,0.298730589154653,0.0807595365916917,-0.360023362849389,-0.00977400576181011
2.25933786196915,-0.250234445301241,0.150475332628996,0.0518906286933752,0.0668129226981602
2.02589514403282,0.0205540413612859,0.142641707821344,-0.368904453039733,0.000445831102093525
2.5810217035376,0.547946859522228,-0.0505386219470821,-0.27040932664693,0.0130188037248758
2.07673168776688,-0.109673093080035,0.143630637428013,-0.0504498449664763,0.0725198310797262
1.35790954908204,-0.0905159129427717,0.093639695358056,-0.377390144751512,-0.0280630308423847
2.8078948398291,0.11547177226477,0.112241721725202,0.108032301927357,0.0766147760489247
0.927148553153651,0.381945981358152,0.278718355138196,-0.0785947834835483,0.00442213077672466
2.05451021475134,0.555150218522964,0.195950960228603,0.0195142861261475,0.0162646857416995
1.25200579474015,-0.403166288005734,0.254338308869644,-0.0405576954765631,-0.0000893214417016248
0.575960261573506,0.512129002229349,0.0911054571331355,-0.19610048533528,0.039113500994519
1.961512264173,0.528161179857276,0.149716072684379,0.148567812950609,0.0272610713976893
1.26375204373371,0.647124465946207,0.0444191295542832,0.0273685593883005,0.0314871192211967
0.923960417854144,0.506070387375741,0.156051714349662,-0.135026308098766,-0.0495571448072974
0.0929884865296424,0.597207117322691,0.0650946822374142,0.0741615728531768,0.0392372918391779
1.0466608572377,0.455917200946391,0.0332545043438271,0.167058721806072,0.0565540208365158
4.66689960403367,0.11159489675058,0.193970830293917,-0.195319136500149,0.0380343886270812
1.55940654212958,0.155890905857261,-0.17017060382574,-0.0675012653286133,0.0857699359032817
0.137698802264776,0.238587327186725,0.170178214789147,-0.328599074994575,0.00260276809037183
3.2205765555937,0.294222866305406,0.109419062384665,-0.33904744719576,-0.0180278886527612
1.84136329699622,-0.192482910187501,-0.0156131969567567,-0.132476273677994,0.0846012603821168
1.76558672003622,0.52285189871276,-0.170430409908255,-0.207124365040767,0.0169476597998391
2.3337309105209,-0.143394827617641,0.222367729443624,-0.0580563179975822,0.0508847358252191
2.18145405597521,0.255245576198074,-0.157872181668645,-0.357374809184107,0.0361963458118253
0.215373948489181,-0.0295501495602498,0.197307750746181,-0.317006127022244,-0.0210276344530445
0.400847677320364,0.286246725669337,-0.207862622021556,-0.0456976809147971,0.0721902275727249
1.76373803244918,-0.0112639288978462,0.0695140786220141,-0.190289851850029,0.0754217291929794
1.67496818838388,-0.257275730343667,0.3089159490824,0.0534132005035561,-0.00746690813879061
0.751026913640076,-0.0196265290373399,0.11082356481437,0.0397076631687975,0.0800274977112237
0.192868582604897,-0.388850725033971,0.0455064705436711,-0.329929601874214,-0.00624253543486294
0.051116828993609,0.315974122214035,0.251720412017674,-0.192832992480083,0.00339402064418292
1.74026534976167,0.0741597609866885,0.321186626935527,-0.0753540164483721,-0.0312578588722133
0.514500033002096,-0.0422824828597509,0.142542402144062,-0.344316206129118,-0.0368365038219893
1.09871645884174,0.0893056941069629,0.261297419214852,0.0937784235162248,0.0443623984024916
0.581511294706178,0.678555364360849,0.0355935402305797,-0.00422729932712788,-0.024792724804923
1.11568148685944,-0.182264905060938,0.0509655738485149,-0.357678293790435,0.0347448189880744
0.672348350559993,0.27407475852185,0.268855333258743,-0.00600497919771433,0.0324866652449818
0.451209257016227,0.139253928788426,0.0775582094405936,-0.310280362908144,0.0507768819128797
1.11998681308457,-0.35151908460186,-0.0309406924634211,-0.226093424613988,0.0636792951966364
1.49475800333398,0.0900636009972375,0.326278763330312,0.107943829801061,0.00859080465535079
2.40192178751862,0.427806652143203,0.0254467632056699,-0.341884998413719,-0.0133989267699353
1.12966345727468,0.357685715311694,0.220120411493326,0.278765770013847,-0.00438367799307761
0.319126984310009,0.275889429323609,0.168747354405638,-0.327052459012563,-0.0191075005055685
0.787006067059012,0.267025387544342,-0.09924638996301,-0.0756605832113391,0.0844814504896484
3.13020233139226,0.394454098099564,0.0867980215513462,-0.329967437988399,-0.00345155193938604
2.69385865210773,-0.117090092679819,0.156283202133823,0.064147542131121,0.0708387382386856
2.64338563032983,0.290909488632065,-0.00872005629773625,-0.145190119132355,0.0790089594288165
2.02237610621072,0.102487070849255,0.00270679212211292,0.0470940476043022,0.0902216187186104
1.68119205350174,0.615347833888083,0.119255042689302,0.10355022718668,-0.0222817588977049
1.33595967246429,0.610124690085797,0.182671927261437,0.0435363851954562,-0.00712338722830381
0.690100242452182,0.235701189307762,0.105937392022545,-0.0538044470710476,0.0745897559548976
0.211627940133911,-0.509441238513453,0.0110906534790924,-0.268316945176841,0.0114546997535919
0.0675114665615624,0.436775350944385,-0.226996245284684,-0.182149799707018,0.033954966864202
1.59026925264428,0.10821784454237,0.197575264557467,-0.264916218281533,0.0307352266635285
0.177587307683845,-0.175072716675665,0.168396478470243,0.216275337634543,0.0561739046904808
3.16432258825226,0.264898718809791,0.233362274782087,-0.23166344613495,-0.00748370969243047
2.48507709413065,0.239317463388706,0.270897015292292,-0.0825899034016922,-0.0479517758318902
3.38494976729809,-0.255516917350829,0.0998995573545768,-0.140504052096835,0.0656749178468156
1.24190179022193,0.578539141812856,0.210129122479017,0.0210471127297881,-0.014779209648292
2.48643178627456,-0.102533566932402,0.0890755187414681,-0.240348089562633,0.0634032736009631
0.262362913434714,0.361580885593609,-0.242273504526318,-0.255094071554472,0.013064742303668
3.3542088180968,0.165735737998228,0.238973310054379,-0.232828797064001,0.00651309108900389
1.40484205531805,0.685198638552031,0.0195794244407397,-0.0980410061155803,0.0121450156814482
2.49078050395822,-0.0815118822019471,0.264340321123126,-0.206374545490036,-0.0182091933346823
0.390482145155625,0.334164564345624,0.199117996875646,-0.0757483505254936,-0.0700191774219952
1.76480703528582,0.413858109268255,0.0564688220768904,-0.190688582170213,0.0596378208995585
1.02967762965682,0.249538398994945,0.105379971203096,-0.290878172304816,-0.0565862716844676
1.10404414202703,0.224934152553314,0.0739924572337825,-0.187659556701227,0.0705302623394559
3.91685240492289,-0.16434148587049,0.134791412700585,-0.220115117887125,0.0504641544808053
0.311977481464304,0.317450431489909,-0.0591889999282396,-0.27227882333423,-0.0565936362713005
2.37257193100351,0.0707972194812259,0.278348270342723,-0.17308069512844,0.0112707953820336
1.89086287330633,0.302452031918967,-0.129928189771663,-0.211589806758984,0.0715895477252732
2.60490934306337,0.146333335787128,0.169350457644393,-0.336691029672548,-0.0147628761176662
2.89105869382541,0.432830260877591,0.0210446972475696,-0.216616398894888,0.0560874838140445
0.119526749818689,0.565828904144964,0.170281406589061,-0.171970766033712,-0.0138151397873761
2.43672666887023,0.456174573761076,-0.161418556862773,-0.25889366633912,0.029307440409563
1.02863255682204,0.121900350259558,-0.00101696356281481,-0.0240249089531961,0.0900502593226462
1.27898530127814,0.218722700444528,-0.0307583333383578,0.212202569763274,0.0740261533133914
3.99307053011082,0.0880071294692461,0.0489795576293789,-0.34729971873292,0.0426422952969057
0.27315813285489,0.489711283451292,0.245757815859502,0.0611029471475948,-0.0364768778657559
1.30881315224639,-0.302591020841252,0.0791980779703847,-0.3087249564828,0.0322896056224344
1.86337115896373,0.12603914910237,0.140175112878518,0.0497633345742629,0.074931092235701
1.57576914463485,-0.216589819859772,0.294813913144642,-0.091626499533759,-0.00439778743423118
0.725417734867886,0.574572216016715,0.0455173331356267,-0.172308514291972,0.03901249355608
0.873830445840198,0.641566712351573,0.0212667192978802,-0.199564024095952,0.0110614763884065
0.702647405282558,0.548437150030902,-0.0531471780238438,-0.0913864336007955,0.0561689014256989
1.58953180501913,0.229752207064642,0.214447240965353,-0.288358726025772,-0.00404517803043408
0.387043855794266,0.363915949007694,0.140458387180707,0.269277681807946,0.0366811088329828
0.122838170271848,0.440948556550757,-0.217221432110633,-0.12256775727962,0.0463599504970098
1.4662814371395,0.629907547471083,-0.0402798473175358,-0.179641669728706,-0.0148308668728793
1.54668581351071,0.194526719049002,0.19185379367449,0.222522605497786,0.0493440846778595
0.798644139108129,-0.307667506728501,0.23487052847348,-0.17818387730961,-0.0269789146607596
0.661884531192041,0.310934744225787,0.216226253357953,-0.239577511535115,0.0139347671412837
2.15357956518196,0.488827281080235,0.124783443553846,-0.266883672711233,0.00847768973604688
0.526990146738936,0.347012207949621,0.285038513637348,0.125386549987629,0.0106518903165532
0.478053793855066,0.234749392760963,0.254168646944539,-0.201236057018392,-0.0414472175407649
1.09001717119998,0.408609426733765,-0.0192820456323518,-0.291116742161336,-0.0447219390004606
3.49019607049353,0.39329201253828,-0.00290756649154114,-0.0359950458379158,0.0731708859782602
3.03082274843698,0.321183144295899,-0.104657423432619,-0.279026114853817,0.0586173295334267
3.84430937225998,0.450589995191132,0.159085321340029,-0.218031392097266,0.00644711162541742
4.50198798690475,0.139464812757246,0.158956718607502,-0.306155560723011,0.0108713977330588
0.663024973363951,-0.191871962177753,0.293042132655454,0.0944488968174529,0.0219680787820414
1.22875292174953,0.188643288626976,0.178171900747872,-0.206026096517845,0.0482873812356729
2.52633274057733,0.541727888847464,0.0107016585712931,0.0130887222004795,0.0555318512672573
0.66362474641844,0.0773620692579591,0.183958992570377,-0.306170480802403,0.0207875852767017
2.22878993448004,-0.0932162566849056,0.149234000563956,-0.33259023969839,-0.0292963029072955
0.792732538145691,0.351887641194268,0.164683691061575,0.302585059667086,0.0207567466052903
1.44729825246132,0.538152763982277,0.0694223776156607,0.101162909106882,0.0483125630784292
0.153786286308546,-0.125678687146263,-0.208931441677986,-0.272417708052148,0.0611574092216149
2.48956638805294,0.517887628565745,0.150236423891768,-0.206124213610307,0.012241848394318
1.59343075000249,0.500471834587052,0.172535119451969,0.013214502320178,0.0396478927780334
1.93440106165239,0.0205495472351395,-0.155860101794844,-0.38223418224193,0.0416506530455887
0.0665088783650226,-0.0346459431588595,0.10330454982269,-0.385113997290141,-0.0248643010537204
0.866984647039361,0.347069119633819,0.281119506382549,-0.119939391933034,-0.0282737609668653
1.44690656344189,-0.0245491241282822,0.123890749682898,-0.310074769185806,-0.0528581717734537
2.28515643746075,0.594517291405982,0.167223540347868,0.0820652674455986,-0.00292061558942154
1.54598991276482,0.0146099237579461,0.141940831311449,-0.274263597464156,0.047606067534897
0.195935972448743,0.653826088375819,-0.0854619899024565,-0.0246399945302322,0.0252274100975995
3.71281434628966,0.0441079443597448,0.225671310652975,-0.0156978979430957,0.0529176641883976
1.8603749123148,0.318111051901199,-0.129357370997414,-0.374440321007821,0.0210508894310709
0.498055170809916,-0.0168126418319809,0.270689886207956,0.142729910542511,0.0379095975113151
2.17383757657516,0.288407747913358,-0.00911219583706871,-0.29257929600651,0.0602706209755627
3.28814876427502,-0.17569628797537,0.0492619031440627,-0.321080786207736,0.0463947630449657
1.60612979790248,0.579969595475773,-0.134269643406188,-0.0914492096791775,0.0374933148046334
2.46535857775942,0.25945064156319,0.180804624725083,-0.241486677891328,0.0356814782512703
2.74343836919534,0.558262376594098,0.104382150222113,-0.13553711872447,0.0341651180923715
4.00028004131997,0.266706840598952,0.253639838519287,-0.0237377681214264,0.030214412227104
1.27872428226259,-0.0741518324205395,0.214435167838189,0.264798579193721,0.0412093866528871
1.96891725009383,0.0666565103998839,0.0506973651062695,-0.282170754479441,0.0645685501056593
1.33719046479083,0.687101406535559,0.00140287752343784,0.0332903449116572,0.00141963485606173
1.0658950508818,0.0678742068079483,0.149544760209586,-0.240910211589079,-0.0669435547305963
1.13152964589393,0.195989118225284,0.222399457926812,-0.0539315622890479,0.0519583077967783
2.35760544502154,-0.222012866553795,0.220802429769605,-0.238247660136331,-0.00225648539365557
1.78612066594598,-0.0214198915410938,0.32014092459284,-0.0509618438233962,-0.035841916663078
3.28011002064605,0.5322408064076,0.103363251014495,-0.182385141148405,0.0287525425381379
0.91780604997106,0.581226149451362,-0.170789334373196,-0.104132380827451,0.00808375606896863
0.205843115011839,-0.196187273304301,0.0436242384325759,-0.374482809756587,0.023616207354643
0.83975160115469,-0.190997419957873,-0.194252744865401,-0.25432968567467,0.0652303278969606
2.16036722474412,0.415897259335269,0.19755233309324,-0.199043917152889,0.0200395658769745
3.58307270463139,0.440874426485949,0.139919802376259,-0.245578910848668,-0.0165795912802859
1.4000780733862,0.12541369810272,-0.0528511132106899,-0.0617169771547294,0.0914712751806309
2.37192560478858,-0.245219499052639,0.0844818333895794,0.0107400820444784,0.0781847519138425
1.36147191861388,0.246973324854326,0.0445938484001849,-0.207333780880545,0.0712069034565913
2.90352813311526,-0.255666169346225,0.145586833809321,-0.265930572642654,0.0296944170100326
0.725262623700992,0.17332480780576,0.132045288929475,0.243757758190295,0.0595666607133584
1.06255679228386,0.392162156151814,0.173676108964137,-0.279017054046325,-0.0237920996179161
1.28859497240386,-0.163964341919107,0.0781498881510945,-0.277591567215016,0.0550322103556409
1.96558971986806,0.530394198346724,0.185173483147394,0.106782233106378,0.0214510372559629
4.55294268191938,0.14239218461798,0.156161852578199,-0.245380146180053,0.0400980416619492
0.120986429629896,0.0389706828763642,0.146031470081651,0.331552962535346,0.0440149015073651
3.86052768072165,0.0200206736820328,0.0981898040779193,-0.276045719289856,0.0542282365359989
2.43444815509076,-0.014885207661612,0.27970231750923,-0.17542410917077,-0.0289128819172915
0.66409444184972,0.505477763120917,-0.100205066794873,-0.30126767381024,0.0189920668546846
0.626100455175793,0.0821920018674449,0.175238394058637,-0.21512590573038,0.0489555818754486
0.614418648406266,-0.432227859377239,0.116699450115842,0.08377186769332,0.056868780681375
0.829427437911853,0.384409162589513,0.0357268088056814,-0.242831383824724,0.0565942053345662
0.942187472524649,0.21896575372647,0.26050355115731,-0.222921464248431,-0.00365781920199965
3.3439632269925,0.227449540159071,0.225932902830641,0.0107378317904334,0.0489886791647174
0.711638726605648,0.156964294364999,0.286794652905159,-0.028385226529557,0.0301889656877145
0.74926660111329,-0.21972212344514,0.150404875620809,-0.286181707845843,-0.0431403420639829
0.519435331121575,0.433692128259744,0.106471636100943,0.169089343327356,0.0517609234528247
0.348491242569445,0.112902677065792,0.078984760357942,-0.386245860030926,0.0233548761638524
1.52882393777267,-0.178913623439274,0.319182583397851,0.128469362693418,-0.005672156556385
3.01052399144619,0.369340544137252,0.0640205252595984,-0.291779536864913,0.0418196210394423
2.1231637833598,0.350108431674486,0.0466653890680772,-0.352653302938131,0.0280552009423121
0.676843449353481,0.00264635173471718,0.318720066514468,0.164472804537884,0.00960420204609141
1.42043627222885,0.0842838103734764,0.124895663299076,-0.385397810394782,-0.010931720177155
1.07682779112234,-0.049410446487056,0.324986739741577,0.079617620049707,-0.0432339789056293
0.930516578473497,-0.120358859715513,-0.0578877304202024,0.0780864030686455,0.0908283808649692
2.25718929600814,-0.218270209251803,0.154896130754428,-0.310905801526191,0.00927088280025294
3.09098229546603,0.540683459407044,0.191900507474529,0.053441864677208,0.00996600013241471
1.70433844611562,0.28350274237574,0.307903747730464,0.0439061939809082,0.00850518423096055
0.807043242680792,-0.061436932627152,-0.0870209342292194,0.126706287737161,0.0885048944351334
2.15339327343035,0.479676625784366,0.167766141881202,0.0558097965387873,0.0421634052818853
2.47101908524253,0.374443804240315,0.010555484557587,-0.0978561840121194,0.0748895647408521
2.44073503927122,-0.146974496667796,0.220753637399514,-0.207665998368894,0.0276906911375338
1.82220479045241,0.448817659471325,-0.0254584546353383,0.0642586650118838,0.068544816362549
2.34242142233603,-0.145315541242381,0.18527602853685,-0.278036203178566,0.0217052723233977
1.7393730596368,-0.106427429704074,0.329818476176963,-0.00801346322754406,-0.0113514854103167
0.462623366521804,-0.405709727432079,-0.0689805039409129,-0.0879819223969988,0.0741141889031011
2.36863516114034,0.525010347100615,0.00975066860676572,-0.234696412944619,0.039729140267411
2.2523421186672,0.359704142133282,-0.0438298379369515,-0.291142799162817,0.0555432137145008
2.07491480769736,0.549435903923508,-0.0216845073676744,-0.273370073838884,-0.0119067340579066
1.87343222292095,-0.0256763004598508,0.250741410623619,-0.100765067886272,0.0412250318237683
0.353073884152012,-0.179459896268219,0.319371160693356,-0.0318566229496316,-0.0229691649464858
4.23196949453204,0.239352008944839,-0.00952380560361031,-0.224237731175985,0.0697800931385228
0.381930821766302,-0.354099112120296,0.0501394402585397,0.131730146428806,0.0713855733275481
0.0967656507982627,0.457227757361344,0.265045755751735,0.0470496831807185,0.00512486569245376
0.594813524379948,-0.308124350211523,-0.0927681127094407,-0.00868913917307882,0.0844153677097186
2.49460178302574,0.260108675134624,0.283134967203262,0.0784763774743121,0.0244624371461531
0.310417850930014,0.400976022091378,-0.0525337021847172,-0.23159102947665,-0.0559761078902337
0.880389632910887,0.461223736394145,0.241461259183643,0.165048925843832,0.00125466530702704
3.2722289611721,0.341460991947533,0.173433908112584,-0.265160056975668,-0.0226981871857723
2.168013465202,0.206450020389635,0.1165685222774,-0.330460275092908,-0.0408678502766722
2.08807739259926,0.337928811419725,0.0812819290255337,-0.249185330220442,0.0539465821584049
0.627043266284944,0.19228026803946,0.186231030491277,-0.133006819771116,-0.075050127623175
2.18001699012319,-0.32668431676637,0.19108961281541,-0.100888063273859,0.0424830452733287
0.379395577478128,0.367745747727598,-0.128451223839319,-0.270853833784408,0.0549769001641496
1.24883116539749,0.226908416690748,0.28956344663924,0.233769661982684,-0.00606312084521091
2.08575169620075,0.415445119111314,0.0685461287169636,-0.331299232041806,-0.0210031983310419
4.76642007469239,0.321428636989774,0.140059796042669,-0.238890624072149,0.029723547559855
0.0578927181072677,0.0592334747580168,0.340052063604541,0.111062087843232,-0.031350592782271
0.465937097301716,0.625584833667165,-0.00739564238699695,0.118425555699555,0.0285069157499946
0.879483479213618,-0.180005344950278,-0.101903014186698,-0.413473086624317,0.0052962516759842
1.91377672583242,0.125684932881532,-0.00517008419781219,-0.0482007111761997,0.0903613226429215
1.93295127474061,0.357271214977419,0.174328578708237,0.240128525443833,0.0340859336134628
0.490736587838764,0.323617710134679,-0.00546185455008108,0.298378743702835,0.0479103593641206
4.88504819069511,0.30440484071443,0.0937356938046697,-0.263671367019334,0.038123574889734
4.48192957406693,0.136048309535436,0.0779386206266727,-0.249777503064582,0.0593003396230748
2.62585417818235,0.344550689093738,-0.0343685384035563,-0.354964415504223,0.0360611347586235
0.740640434462583,0.550169320430286,0.0770338158128049,0.236971678001344,0.0108475692152769
1.04105319917922,-0.180864176316021,0.11977412327139,-0.197156221159181,0.0600037270996211
0.905845013914164,0.599965137505799,-0.0959260574014478,-0.197330221493403,0.025114326620636
3.32768102840522,0.155072608926013,0.0823263202348632,-0.36584656102472,0.0277464124543589
1.62801629024854,-0.0893530680114052,0.25041512748,0.221976926052871,0.0351941962421788
0.447093566677007,0.0460190698692413,0.208230602419084,-0.214819201276474,0.0378385262218516
0.239822674192178,0.0695336553779221,0.00782162297722231,-0.434087131940027,-0.00770074633772971
0.376809014854017,0.165705303260353,0.296203059478882,0.0464790825431914,0.0271987475400536
0.0365418907845407,0.575557975742992,-0.0848136567091129,-0.251663068002302,0.0160675875481779
1.29450284842915,-0.308666047969893,0.21738146303089,0.0223352971681702,0.0446001484072261
1.06430427122846,0.175195865057908,0.0894104449814029,0.139757141510658,0.0765067345311004
2.74824405931048,-0.213923172225037,-0.00321238255536107,-0.170419341366941,0.0791590756675956
0.119678557932583,0.313346106598648,0.0727915631939033,-0.369078641801575,-0.0272006231361385
0.568419694299004,-0.016377588323665,0.211475414487534,0.230027758968422,0.0483789543096712
1.3683676698613,0.0569515379514091,0.0261846836347777,-0.370387899973708,0.045333809061508
1.99007649682177,0.181595635184467,0.0099471309405764,0.054005628846895,0.0873459942546015
2.34199975907508,0.183228046964142,0.199549648383,0.103814701448369,0.0587863275309993
3.9888528020578,0.428095060734627,0.0267566613422837,-0.293017167105292,0.0297171215650512
2.92271799354551,0.0412916049616605,0.270700045825956,-0.197348870472613,-0.0214207844765836
0.375127787484101,-0.22156860983488,0.131338884006992,-0.259713615353493,-0.0563048805887686
1.45774145187955,0.004762365143665,-0.0340519941383613,-0.371803726681044,0.0512144007100591
1.55846786458969,-0.205811859137165,0.276499264257689,-0.0324031304426142,0.026407801557136
3.62983548175547,0.621456721577454,0.0852767681493363,-0.089460575889548,0.00577848975994649
1.27415636393064,-0.0310208824592164,-0.183137143245799,-0.195760168000881,0.0799433761003235
2.11660574366386,-0.272335996686322,0.198413252661203,-0.0524214193367394,0.0504026721243465
3.05920366886667,0.088728888119447,0.266963359936174,0.151057664039069,0.0341859732923794
0.0799552798355021,-0.174154869850371,0.302601139167181,0.200946133159915,0.00200825490557894
2.57971095225651,0.206182847464083,0.154846720789044,-0.279964900271851,0.0378178207686533
0.398194275511782,0.559403262017072,-0.159036274034585,-0.197327665380966,0.00191239916074279
1.03561596644658,0.209271607535405,0.22272176488388,-0.145002774771389,0.0423657199378786
0.40851651666486,-0.557842754745103,0.0818047351172862,-0.15551394639633,0.0234615424995506
1.39150542905169,0.183197373861431,0.335880207137629,0.0713973782244676,-0.0158955995130277
1.25155264974061,0.232036383398049,-0.118614802591668,0.0233375011722441,0.0858017086356088
0.124242481623155,0.396878781246038,0.1827524360956,0.297719664017705,-0.0193520598589227
2.41704252096789,0.644367562273305,0.0945268215222318,-0.10603782693212,0.00997651420222825
0.382055413122234,-0.197513400391823,0.0932942312791252,-0.369381874395708,0.00556400217709337
2.43551906712115,0.134848877658558,0.149597378611274,-0.172842467674828,0.0623230174396359
2.61318251180726,-0.276977043830943,0.177481139933255,0.0261039536793781,0.0584013344970824
1.25879136470929,0.568218717204437,0.210495057829356,-0.0637139159290513,-0.0128847417246852
0.873218763328245,0.276616894198899,-0.203039020920267,-0.149326941253435,0.0704863461411599
2.74297414354862,-0.218053222652178,0.136530247310229,-0.11774886294758,0.0642908392611956
2.02949663650449,0.41551838276683,0.281061196115771,-0.0136216493856571,-0.0163906439304783
2.10075354068434,0.599109995031267,0.158304932201524,-0.0338040969964006,0.0178867158433634
1.49327852117772,-0.0823554780289088,0.124582171050985,-0.31947303301794,0.0368979875089512
0.175170325164155,0.694956218944415,0.0811080787005393,-0.0503573816531927,-0.00657105658026639
1.94912417323342,0.0846231326148101,0.0549300702037786,-0.149175373932403,0.0811261055876668
2.3048694035817,-0.35239020580408,0.169263764547336,-0.215706520654865,0.0215656241309415
1.08455258219205,-0.41993646330479,0.130116556613431,-0.0172825235127595,0.0552767725017834
0.0137577120741357,0.0195562335867119,0.231405942500454,-0.219754314218628,-0.0539411429659629
2.20136948603131,0.142177093856676,0.138630873795353,-0.361355835038105,0.0112917437126009
0.666175869429352,0.672984671584179,-0.0445906759635627,0.0400631877548249,0.0155691142833614
0.335038705282137,-0.215270254573549,-0.119112158704652,-0.311989724211485,0.057436504161788
1.57585031860077,-0.00336024626955823,0.322170606845302,-0.0650965953899716,0.0024013853111169
2.54309165842719,0.224013109691574,0.0200411482192912,-0.217187357920349,0.0736478213505791
0.40339137797908,0.388308592730631,0.168023339563732,-0.191184058284829,-0.0572681530854008
0.784634520630856,0.137911310045908,0.0962518074863913,-0.230605144277338,0.0637363465359366
0.939435367431872,0.0946600518029926,0.315877038861269,0.0264578576965693,-0.0512900687645956
1.18282716050541,-0.398565872964631,0.254598797287712,-0.0620916183278206,-0.0099941677536769
0.106357070207676,-0.251500431662211,-0.157353484895253,-0.114046277748902,0.0804745512529882
1.57969578714599,0.210095775288475,0.209486952618147,0.218780657036093,0.0441550081479015
4.7732048703314,0.262076400122071,0.189539179670718,-0.205348336861348,0.0257354727581594
0.451158465232795,0.0259232378549428,-0.0538721190719868,0.188450165897296,0.0830763796010005
0.850029532179533,0.102737151485709,-0.106570704697939,-0.423098382622456,0.0238960655901062
1.73286608467868,0.50849053553162,-0.113035662664968,-0.289023973536943,0.00548075036410958
1.75466752710784,0.465892060072066,0.251042959957036,0.0484684699662213,-0.0319984427498944
1.2628599205144,-0.135027474988434,-0.152816534521527,-0.352042989082434,0.049775701407847
3.172496115813,0.155994929789438,0.137140559315371,-0.0497771676131682,0.07263946559173
3.19458765177353,0.158219776155337,0.109151895452009,-0.223279211730115,0.0621021798019713
2.2356108988927,0.00592722093300841,0.199256039099513,-0.250450291971303,0.0339474984707246
2.25240054260478,0.414117414472129,0.0189655591165485,-0.341927545831175,-0.0200754360028478
4.00765523277913,0.495361390267065,0.130028144759097,-0.203078484525901,0.0124537117298522
0.289268078329571,0.501679766987224,-0.103307337458867,-0.181557313884746,0.0529046681628644
3.54218177412669,-0.0879423212156554,0.2381832001106,0.0386099719031944,0.0483274671594155
1.12405094644086,0.462408760776055,0.0946254776231259,-0.0972108856457432,0.0576331633868677
0.956090896835779,0.4123904262855,0.281474462184054,0.0354135293550501,-0.0335546698834863
2.26234959788537,0.174838342762757,-0.063654239143955,-0.425374340826933,0.00371537122727635
1.15326431841521,0.271064376881185,-0.00995149347028687,0.031616715567762,0.0845440263860064
0.488872525162361,0.199747438842647,0.164888309216762,-0.152007921392787,-0.0760629499781086
3.04922640347694,0.180782973751556,0.241681753170688,-0.0162156390010149,0.0465572397444426
0.714436577088579,0.641940840903409,0.0989757746923911,0.0310488889077496,0.0251895092960468
0.660524884281769,-0.334509881260464,0.23816737709926,-0.162827930989138,-0.020287410726043
2.39354630348666,0.568953689713054,0.192927730500448,-0.0182137482630534,0.00875330929149553
0.694650071321017,0.0181452543877469,-0.0994687392669201,-0.213902658850595,0.0821598066828816
1.29433476886433,-0.112995691989787,-0.080738252117635,-0.0852056785184579,0.0913396205286892
0.244488116560864,-0.138583360428825,0.327401543700617,0.0309932588304464,-0.00172069102697128
1.66453451999626,-0.376514891490738,0.0804968215240054,-0.268129722724491,0.0344000587273228
3.34234890795092,-0.226285785538399,0.0980742672442187,-0.157698610232503,0.0661636573711095
2.86147265871593,0.0836705473046056,0.119932429334267,0.107512184684331,0.0761297783502822
3.06416318967838,0.296949315328943,0.125101526222228,0.130488712327155,0.0636638522069237
1.02231400119936,-0.0639604510071974,0.172786049793646,0.203456976871733,0.0608221762929425
1.06216741502452,0.363512060989647,0.151572144624056,0.146078514512483,0.0546765602944821
2.56980806935236,-0.386219970630015,0.088595764742106,-0.22467133379193,0.0421081546521223
0.3767683101081,0.19837099562467,0.187123017218849,-0.276301344974015,0.0258263777143492
0.713242808384915,0.179867093026285,0.161535956353997,0.330943573811441,0.0343779307549583
0.670256054898067,0.478534485203617,-0.212591445584248,-0.0783131886803674,0.0416450974293403
2.56317729928623,0.446194421976065,0.246419456676896,-0.0971470066764196,-0.0189527312339363
0.230099223529815,-0.211663928314414,-0.0192506344429557,-0.398440232741471,0.0186037273932869
1.26249666133785,0.661122399366148,-0.0238492043819843,-0.0840759429140338,-0.0210919056595192
4.17778392483979,0.0982101428137609,0.111888747764499,-0.168667810004848,0.0674040922706364
2.4034496140247,0.338559708206933,0.113329734309099,-0.308055890182793,-0.0349917804015852
0.56231557280438,0.235566300134564,-0.141759793105392,-0.180926769808542,0.0776212693721063
0.499314005854978,0.184507203168313,0.274918927926076,0.117369206458162,0.0339694830630848
2.6749926424881,0.433765266064217,0.206928895756911,-0.156989676357136,0.0203310217466115
0.158593590966421,0.421200335756561,0.20168200269704,0.186590031652821,-0.0499203114948581
2.66730529649326,0.503464288897527,-0.0764814288048478,-0.0879447453031794,0.0604107443226592
0.610301701631334,-0.238244259619515,0.082970110340422,-0.363644600117278,0.00835405929315833
1.93530872588985,-0.0819583601307499,0.159962469255422,-0.336195872303293,-0.0244849404421913
4.44204834490746,0.266913563139005,0.253455445476073,-0.108610267881556,0.0138774610532807
1.84842956506939,0.506877833185104,-0.00966652176863402,-0.086541523851754,0.0625254562501558
0.898465173570558,-0.222275418605921,0.272073320747806,-0.0977241140128592,0.017220759250163
0.144535416768922,0.24127754603259,0.325103490313481,-0.0354328755932019,-0.0223449319310349
3.27002593904227,0.120861708273217,-0.0578817833546306,-0.340656328732866,0.0576743883868385
0.191922705767717,0.40563760217109,0.224018608951355,0.110823888951395,0.0328444157640307
1.55025145800046,0.358095526911326,-0.0925818389602136,-0.308079126508431,0.0514303591120904
0.923985114070364,-0.193075726611127,-0.0367624543258766,0.118594701767126,0.0866703178726568
0.852367510640076,0.00663008214355167,-0.173830673710602,-0.404868286967458,0.0191716470356486
3.37484925846318,0.35481286906545,0.152065831601592,0.0433280347108245,0.0579953178611776
2.34377187524389,0.235175825659928,0.0313699279834233,-0.385426705202384,-0.0254973104017158
2.60298596035942,-0.0297070803037434,-0.136306542837306,-0.191496307816899,0.083799385872892
0.797844605942653,0.0859191072759657,0.196520113249675,0.297385355156941,0.0391909218889205
4.08914034825233,0.197000575554506,0.0916214555419923,-0.311303949807802,0.0406199441540816
0.380367588084917,0.0489229294109105,-0.101341218369155,-0.429509896784815,0.018830762778736
3.0187285946332,-0.16092556284288,0.106520188544532,-0.0905725421445728,0.0745741334122136
0.534151335591776,0.490061755172931,0.257662517460382,0.0892618687657751,-0.0127095779443536
2.19020956856786,-0.0351151374697743,0.0309715841464412,-0.135911888903236,0.0847990094586639
1.19338333434576,0.289731993913518,-0.0439212290363441,-0.386513932009564,-0.0254805771815194
0.395598191626076,0.454392814879856,-0.0226073910787129,-0.0049866737192518,0.0699350523883881
3.65287995179287,0.5580501764992,0.109988415819038,-0.175794777273057,0.0113021418756367
0.589323001257739,-0.347223281374237,0.245065737470943,0.14150440414922,0.0252799249537447
3.91515412734611,0.256981248634002,0.00257466671168784,-0.245466473205225,0.0660611277568685
0.546178156602033,0.223594045805682,-0.184561415488997,-0.223209778475182,0.0691174424958004
0.950971912413732,-0.347805590421393,0.0060995997071614,-0.352766735898458,0.0176983726354668
1.03042506920874,0.460226940558402,0.0838730051141002,-0.219578204272871,-0.0522554145842737
0.0171442107692609,-0.200753253403012,-0.026494378821731,0.0995268977422065,0.085725020532428
2.11472345883527,-0.112042062244928,0.323866441593088,-0.0271273723309076,-0.00903388078772173
3.86463206792894,-0.115636139219812,0.0843733345682837,-0.174646244900843,0.0705510470660731
2.82232211706443,0.225161982632356,0.141277498414804,-0.320079688123295,-0.0321717270283501
3.81246581453661,0.432952906489101,0.101802851388431,-0.246198319956908,0.0308665214271156
0.520428711223383,-0.363199998236392,-0.118663089796355,-0.34045954022914,0.0256296071476616
0.289996698792825,-0.0309340935017408,0.196207058656176,-0.137985450300519,-0.0757086708839044
3.21883738811537,0.50605015856893,0.0174300599837855,-0.292151237304903,0.00912225940027805
0.123021310129244,0.0295243016452328,0.107271393393051,-0.329696191147125,-0.0537626690543606
3.3143515491078,0.233549290698256,0.130140496117334,-0.140450111519928,0.0649162711274945
1.93379431906179,0.269776263025344,0.123668814975592,0.165729612797019,0.0648189563786398
0.897100370891132,0.116090174010137,0.0688169167803025,-0.398151417238537,0.0210830194762605
0.746258066778352,0.511046939175847,0.233980277839369,0.037808318954583,0.0121221226172165
0.307641538524189,0.387136045742078,-0.054500311806562,-0.378541314790902,0.0133606798897173
0.183388865950049,-0.224915416989675,-0.0477417731433607,-0.179815373578882,0.0780639206169568
0.680198241629219,0.120079042604426,0.15538196705841,-0.3393680419519,0.0183400632906717
0.334691097472481,-0.283202195087196,0.136835927327311,0.212192736873133,0.057249692244976
0.861796365950492,0.336985208130283,-0.0312811874404593,-0.121846499824878,0.0781980107783029
0.321741104641599,-0.393302868974278,0.246391163675731,0.0442090904700506,0.0191716020215127
2.53155466548911,-0.192913406371545,0.0569093139870109,-0.161463244736856,0.0751427591686531
0.847853897528102,0.437950893175723,-0.045944696599654,-0.35648712356498,-0.0102651444740384
3.39317068013659,0.416758650200329,0.239472309805444,0.0613084072000189,0.0182011448468785
1.49587312409183,0.280855100392646,0.160214451833189,0.259551713252946,0.0436960211207877
1.55573124460306,0.601043603181041,-0.0069096444625564,-0.243820352220103,-0.00708768636120145
3.45709494815695,0.196914015068127,0.162352163020033,-0.194706727024409,0.0521211478396181
0.0459643582482618,-0.0937659165400739,0.0435204068933708,-0.320866960319552,-0.0590397486287116
0.891173634041241,0.6208791591519,0.162792055450598,0.0753441139080921,0.00369141827132549
1.56932170577504,0.585046618787028,-0.0185101939861418,-0.263507874201973,-0.0000149097705512817
0.580301064328376,-0.326565987960913,0.269929591657859,-0.0925587294983595,-0.00802793993038666
1.65470709187019,0.425532810080345,0.0899530093589121,-0.0561207310063259,0.0645073883192992
0.576962912896841,0.0233207003355188,0.121924212341518,-0.371764944161163,-0.0309000604113038
0.753265780624247,-0.0693022057395501,0.185382992037688,-0.101662492997145,0.0597556924663488
1.10895556593149,0.236733959313501,0.143369473852572,0.0936241725750931,0.0687523226590164
1.6376072338777,-0.221108351503357,-0.124679158384955,-0.23101072159179,0.0742604385202399
0.45566372574925,0.179427642955613,0.329360967398176,-0.0386549962714508,-0.00710889661213039
0.295808046798662,0.284172490476901,-0.2776970979129,-0.18983440419366,0.0386990739168284
0.0292801501136582,0.175150742049574,0.0947368965444375,-0.263700384030686,0.0552282380653198
0.404479927810124,-0.134409967954511,-0.0585672503813757,0.121224514335839,0.0877482382866984
0.930035325905986,0.31029925838229,-0.0996754428606862,-0.377781492019369,0.0311831001350984
1.00782664721164,0.185414666077134,0.317210470481112,-0.0504626549684188,0.0063997240502098
0.611702927740107,0.2734245263979,-0.152401857699633,-0.118260042307542,0.0790129795261583
1.57571899208734,0.616232069480967,0.0363999725693694,0.145932080051873,0.0201556481509196
0.456373962420561,-0.223804925809972,0.263172044326722,-0.160311309116082,0.0034124816628668
1.13023418755789,0.152721078412931,0.333350152449719,0.0793587260002644,-0.0329814436586119
0.233260222828437,0.222288192452068,-0.274309011614664,-0.244116316153896,0.0369556444580304
1.82633807338048,-0.0628509396166884,0.126448428254343,-0.096063332426645,0.074218493367202
0.516355367352858,0.556852194506085,0.185458254645743,0.0186805166769708,-0.0432115509510271
1.13806029849595,-0.293128945315938,-0.0127426174572375,-0.373959606737239,0.02129690900476
3.43980946654053,0.0346613503633192,0.254949177587596,0.0950482654468088,0.0429086351799753
1.74825314342215,0.605464230896936,-0.122637551399603,-0.157798586719637,0.010994413582615
3.65626312373302,0.219026717495027,0.278034914187437,0.0870890782032849,0.0228759105782493
0.178564580805649,-0.434504912724573,0.027067579872176,-0.314639900431015,-0.00346206842588581
0.307680358824821,0.644855126320253,-0.0477861380224497,-0.152596174319639,0.0251759517461846
0.379639617937707,-0.111936449676684,0.108407378560814,-0.378030297468127,-0.0189886466209165
2.5360234340745,-0.354165779010718,0.0919976368529065,-0.231932376577256,0.0443860494083644
2.35957228262866,0.529718143512141,0.0557186778840183,0.125350429546443,0.0458752697280584
2.14422871763345,0.0431047142916367,0.0209325669204184,-0.391668540561422,0.0375615677289769
2.6494824867323,-0.222266340135087,0.251195705965484,0.0698199701977215,0.0384354594335011
0.939599164850779,-0.112953579605299,-0.116558190419182,-0.37871718631517,0.0444624590712277
1.39534746407075,0.649828962992183,0.037068671853291,0.123112333958384,0.0050251130508432
2.12248769905843,0.334995689548824,0.105268496904692,0.0382791618378977,0.0704339140342253
2.3909660124534,0.498037659287872,0.241896865981871,0.0423050621197157,-0.0134713509082606
1.62310281842954,0.284683851525686,0.28074879808501,0.0679255757283039,0.0263214051745363
1.20943935999683,-0.0653191969421145,0.159731919730627,-0.136701025311685,0.0634750262237208
0.866225642994055,0.441732488648637,0.110664120163312,-0.267817905797762,-0.041350191343695
1.06580720659953,0.482241291110519,0.0153447668189187,-0.289282555064193,-0.0346101080564444
1.48976371934912,0.631393876237367,0.0304834898985556,-0.175174156336209,0.0232834445578631
2.37126338437752,0.226329468396869,0.101012100916481,-0.375490848339818,-0.0158502513718501
0.569113239340846,0.450563375818486,-0.108757341041309,0.170754829778298,0.050377636888914
2.02077254061765,-0.0645274601433605,0.280015000294018,-0.184917297116033,-0.0216651481564998
1.3267032045006,-0.0910913446771218,-0.103160779850281,-0.246899120776955,0.0776325836765368
0.756756681482972,0.586305496901498,-0.134389403082592,-0.117159477753884,0.0355271203121497
1.82406112254712,-0.0453027331719288,-0.0323292050063213,-0.187329919861179,0.084677874633067
4.73821752699894,0.338932926232123,0.140204299562226,-0.083051648153709,0.0534373164223629
2.49613600320594,0.200765954850411,-0.0293035930448443,-0.280878417693658,0.0685788673249186
2.58678664567536,0.137173988741313,-0.0858255945757554,-0.377707352241024,0.0469461759232182
1.36843061115936,0.288099581468975,-0.080722949789,-0.377494207995082,-0.0244123268232608
2.44328712131041,0.202169856653953,0.195180327168162,-0.151318251195452,0.0509402733001998
2.30115381134341,-0.0571723429685607,0.0139250434488473,-0.42060993316509,-0.0074644919987926
0.161445562666889,-0.421490060224178,0.150740886306384,0.0434703248106845,0.0501534954134073
0.285940775576002,-0.0622217717333316,-0.0400379711715561,-0.427580227068921,0.0177171919340481
3.2792054347931,0.515271255866495,0.208947173822531,-0.0615168091215804,-0.0133222030884304
2.59741548990459,-0.0260789428094428,0.270743240357546,-0.150023999315592,0.0214614508026475
2.39696607237448,0.330311362082483,-0.0689787929666023,-0.246912185173574,0.0666240730163496
1.73365076417814,0.525868057867417,0.175988884767329,0.00368539366836591,-0.0462112342028999
1.02739428851397,-0.393657857173824,0.0414159656037806,-0.0557105091909196,0.070791339625454
1.57161202528939,0.27326204408365,-0.0831621108509373,-0.380226259612714,0.0369683795530463
1.25409098429062,0.586693994758766,0.164723990005144,0.0694963279219061,-0.0326542266187011
1.16391845007938,0.492304091781194,-0.0444033866595709,-0.0402485678146558,0.0662764691747052
0.857271308659187,0.592066515780472,0.141502264454923,0.025212722966568,0.0295052464902805
0.524494705854346,-0.0560407851701902,0.152376941892242,-0.192172704424495,0.0571962175038004
1.63604108479872,-0.27029848494012,0.135151960732659,-0.145986884604186,0.0583412159113065
3.14283573219093,0.310244714398267,-0.0202547389590481,-0.366395610092679,0.0320840575551166
0.779328075569995,-0.153793756339383,0.0268178872972158,-0.209394231714475,0.0736663163216662
0.0385841703101155,0.565310815362581,-0.0359588219679858,0.127734664495131,0.0428996789963603
0.396679716338425,0.382429670214081,0.0071722567692214,-0.354216258533756,-0.0308327740726333
0.314269341862541,-0.412943583328802,-0.0249777693927397,0.0506757723507734,0.074907473275402
2.41773405740437,0.218019548921726,0.208147918558022,-0.261393493213644,0.0198216722753822
2.23137567247082,-0.0777281387767568,-0.0584032790069281,-0.0468813185267904,0.093137590456766
0.746921095671816,0.646703977216181,-0.110461703439011,-0.00686974158018118,0.00973280733174904
1.49384589174565,0.256047721195836,0.281580076705343,-0.167572669848231,-0.00415108444544148
3.48762602016039,0.520335802655803,0.142897056179161,-0.194032066946761,0.00389485822648233
1.23496790207123,0.100323527511129,0.258796313671702,-0.163309081668337,0.0280629360459008
1.16605785209126,0.238336491624716,-0.125187594266748,-0.217738506150999,0.0754333187605699
3.69743510264095,0.0939008243220648,0.136990738402581,-0.329813940824983,0.0247841543940146
3.36930942021033,-0.0452521811197018,0.0786709469380428,-0.249900905022125,0.0638543232996397
0.0895515186308495,0.400710504538642,0.0900460542504787,0.266564767335247,0.0403599646478928
1.63041234654374,0.436037598323873,0.178636603638453,-0.147600580561099,-0.0513464143685502
0.423637845480575,-0.187545128056372,0.13026471344013,-0.341740674069134,0.00990072716823237
3.64007727993555,0.458544702679405,0.222525098311054,0.0594234094234483,0.013304529298775
3.08075759502002,0.368634888697562,-0.0316815963406786,-0.240110013883295,0.0622519468294884
1.35791739819218,0.667785891928898,-0.0702771795519692,-0.0831521521508354,0.0135306724378041
1.61854820715638,0.305641035814654,0.00295371898406457,-0.294726475494337,0.0576991107214268
2.29497437983833,-0.161716171602293,0.313137207950569,0.0906301800887594,0.00627248798426167
2.14045249751208,0.571539056095048,0.184372233323493,-0.107030575636746,-0.000440017284116159
0.932084378401898,-0.313802258222767,0.223913840363202,0.0946331358752653,0.0413267118405545
0.995243573414073,0.0281830486441462,0.0168012081706449,-0.375915781615542,-0.0450323127787508
0.388783184101414,0.161365805472611,0.253095895282422,-0.0899998271006555,0.038507572835447
0.0505036697094765,0.240008223869816,0.230920374642425,-0.264753918109394,-0.00870733297900845
0.342225782556461,-0.245942916483862,0.194024041152946,0.0755444702533536,0.0554766110409101
2.15786580694922,0.303839302901467,0.0480486488071497,-0.323816910689346,0.0448033743088251
4.09765220028599,0.517365334530947,-0.013253501337812,-0.19152588478959,0.0402679391601103
1.00707922547494,0.257431055709901,0.200814867874832,-0.281929037844434,0.0123298792788861
2.78686495476203,0.216082933493723,0.294731211291621,0.0202110640429073,0.0215387277315699
0.193078102373024,-0.199319545052802,0.19020172159423,-0.289456653549445,-0.00167990119604895
3.73743765442808,0.26946714133833,-0.0577085138157806,-0.114852422600487,0.0809922623464857
2.67329249159367,0.226516558873364,0.276898101491526,-0.158108917018628,0.00507227060308486
2.71969336943166,0.352726877613554,0.217128024900776,0.175204775206256,0.0307392175189996
0.981034802844107,0.572523578110794,-0.0771779410241946,-0.216070018601017,-0.0227391649163678
0.447604911254536,0.62716871356421,0.0522945467364961,-0.118399452738838,0.0324672687774081
2.6298379549776,0.0719712733892953,0.224318101417873,-0.235459582290324,0.0260538342205671
0.859326345756155,0.0543585364644116,-0.149182024438017,-0.0723520413462492,0.0897520630697973
2.31979563280237,0.0196088849843928,0.117587300153945,-0.345390793459746,0.0325014613060898
1.97418329829364,0.57340852341224,-0.0366714807295516,-0.246515432142352,0.0242053864014552
0.299819440796556,-0.368856341150378,-0.0156417677640055,-0.25789867082764,0.0526551962668261
1.81697633447771,0.0408790887294743,0.330495472308246,-0.0367099337037651,-0.0282270724442458
0.180995336769463,0.403535839081048,0.173562821829947,-0.116205788353983,0.0442018502990577
0.30984985601589,0.365334783045927,0.077943603190082,-0.366624016833788,-0.00378892531964247
2.02003390978737,-0.148970515839583,0.182822125292405,0.0126430921518632,0.0647486005958364
3.92328964492755,0.343465161633887,0.115750625508321,-0.310694960453716,-0.00878114444370041
2.27936463544998,-0.322696843421462,0.154197988066917,0.00937642071206111,0.0605307488424118
2.5763934202253,0.564866828804123,0.0804569156425171,-0.194164529472218,-0.0266122867140888
2.76394378319257,0.225828254877806,0.13001530170157,-0.350982126980667,0.0124810756496295
0.433233337083797,-0.118654873458571,0.180134913575032,0.182651065634694,0.0594005140837746
0.64666539854688,-0.508429663508971,0.0590719945858344,0.0102920532520062,0.0572629932500915
2.60965522636292,-0.0136832241723303,0.0572091594380819,-0.404201305210969,-0.014284126896078
2.14845051693854,0.435011826591387,0.0338669026718331,-0.329552183225427,-0.0214223865139238
0.187736252503429,0.204366989264887,0.16505810970016,-0.331249565309485,0.00993893649664657
1.75448699951913,0.267014890920421,0.258966479166176,-0.189000647094758,-0.0332406314927628
0.309254887941316,-0.438230059193269,0.131442366526196,-0.0280040165121549,0.0508250786898455
0.994851531857147,0.291704426128935,0.125607420698866,-0.330301895326046,0.0235050565729225
0.0610329773724598,0.147885109377765,0.290062346167389,0.147451558808036,-0.0578891327183165
2.70771287109013,0.0628751300269727,-0.0270812540141387,-0.152119457426681,0.087335057812627
1.13951014705443,0.486371835320459,0.0392905439365762,-0.296476023403661,-0.0300839345864353
0.814638533004122,0.560804755700436,0.157363834678299,0.135114823009895,-0.0351508891659853
1.85222542741687,0.0170622260882873,0.0701590376624586,0.204305306992678,0.0764468430511593
1.71079129951142,0.321751753024225,0.267490662729482,-0.165770173782168,-0.000976335375527776
1.27658585491273,-0.420830948704452,0.0705008859279049,0.0536478115675999,0.0669012201240023
0.218976479134504,-0.289428612281233,0.216524385078167,0.225307645203505,0.0336667009266974
1.06185896529293,0.454170577413622,0.222276468009923,0.0975993844087961,-0.0477016125982486
2.63719522178962,0.577135226162493,0.108213079017968,0.0438678129017924,0.0353338043074956
0.04727586655507,0.664483781320197,-0.00385298275413829,0.0335607126394506,-0.0267648785407196
2.02557178566247,0.112679397755623,0.133228786391952,-0.376313492001449,-0.00689631151451647
1.13523195446777,-0.0418734510956494,0.290704693944171,-0.178154450326132,-0.012550440204831
2.78686174728858,-0.150621910482496,-0.0279193759507595,-0.1990255865874,0.0803693233487346
0.616804565976856,0.0546491370639069,0.058695622466942,-0.338573918316937,-0.0556884933513918
1.45081624010172,0.409639484923645,0.196860029207758,0.161133790597002,0.0361063583710255
2.40778612343677,-0.107660382093183,0.257529065485488,-0.0973141854853984,0.035039010487729
0.727033529224937,0.312409164245778,-0.000182960569259922,0.280738235573412,0.0539581055652462
0.840179386880765,-0.253059785371369,0.183359859295231,-0.0142753823186073,0.0575695726565749
3.21285409706281,0.503424668301738,0.209443472261187,0.0806556823677451,0.00765774488579906
0.42646664736872,0.328346871843673,-0.140274908583556,-0.3620014252504,0.0275734523373109
2.00961415849058,-0.105568754753649,0.120112862274968,0.0233495164040598,0.0783997281204499
0.250722866626536,0.575757921163698,0.213699965378203,0.0411464985229885,-0.0209591066533472
0.933405702056111,0.366832659911502,-0.157901689551939,-0.272622233449048,0.0514577329629191
0.225111766674085,0.320393106598963,0.18306317975776,-0.0567616010956115,0.0538095712861019
2.77080747840135,-0.0323418221069495,0.302036968213342,-0.0258049613730747,0.0206273663944559
0.176777048930542,0.442125151335919,-0.0752468622416675,0.00721408200634704,0.0702642705827274
2.67859115416668,-0.256038007413857,0.204788426308374,-0.182758854162684,0.0296108176347504
0.152154009549644,0.234541690975318,0.136453386827001,0.344195773579142,0.0306932918785763
3.10401051571921,0.608085517497104,0.0627359381467959,-0.156404498007892,0.0198999816605719
1.73373437981703,0.194209246763746,0.189172613951706,-0.307179100214709,0.0128995694498345
4.97973946062854,0.36127574918526,0.0968512961819749,-0.182984677346342,0.047727793111784
1.99717331652102,0.00901981931791188,0.21290077499766,-0.14620431086915,0.0497094015887963
0.232855166401564,-0.0914802702794238,0.0500661866520763,-0.401190238053813,-0.0250452880120159
1.38803526637097,0.64183028414232,-0.0781047045478184,-0.0981020571048535,-0.0137312144149886
1.28733111580737,0.243176210288564,-0.00792892634825541,-0.406311512011904,0.0239743753757335
4.53176661016112,0.448781532626202,0.0663458915850965,-0.192438063832556,0.0426765905612015
0.223384381394927,-0.112308988889945,0.334034087663044,0.100682366266411,-0.0289622279415675
0.215919130441896,0.511551184589683,0.229895361310895,0.13209488448097,0.00062853536611069
1.71083995176941,0.49394159334423,-0.0876480818113885,-0.31248681150234,0.000195865527916304
1.92548221412972,0.36811597228625,0.281301665041388,0.141187261231899,-0.00358402041092072
3.15891636175345,-0.170122835586331,0.0907374354948104,-0.346161970721072,0.0254447211007354
2.68450988098965,0.0259019079766893,-0.0841245914600128,-0.392847861553845,0.0427413659363353
1.77893645353712,-0.333690922580291,0.0629713172556555,-0.338834118817989,0.0120387351279367
2.34573800362482,0.412873090734699,0.267023190282336,-0.0371170518722133,-0.0286412017531497
2.75193953503656,-0.16808032780112,0.224000946481379,-0.245673440750261,-0.0146050713932952
3.18847459647718,0.446068068085663,0.1712598368534,-0.231306602339176,-0.000614149886582464
2.39316274574646,0.425595895501216,-0.127393914452969,-0.324469700067626,0.0101902286270558
0.32825261375703,0.0369406387001653,-0.0142654575496767,-0.399635253817699,0.0368451405962396
1.9936963081452,0.683987192244298,0.0151354483722365,-0.00169810234231522,0.00770209069533619
1.37608932262731,0.306526747792425,-0.0108471396158749,-0.33288144238902,-0.0446979932978506
1.91246738992034,0.0259038674144327,0.315237560145481,0.0959901029023773,0.0181843472029677
0.20610320586524,-0.183267759498604,0.317861883505545,0.154189627923632,-0.0279563378202742
1.36279422207267,0.320419505903202,0.0789085113217959,0.0600119751511256,0.074331142136515
1.68626555134217,0.0474421247764943,-0.0993208181682365,-0.295365262188074,0.0712451591181215
4.35471321664966,0.0871352326769393,-0.00350246466210247,-0.292176975842613,0.0629112278547362
0.483439893211664,0.216671771983331,-0.253941734498387,-0.256480844295526,0.0459984398241645
3.99730450759168,0.389858644224363,0.00372919234372955,-0.0918636317617141,0.0699569772782971
2.03279049913613,0.593484711039353,-0.0630484299334046,0.00397370931074454,0.0448049191638329
0.950149039459174,0.0559937080437401,0.322420790419839,0.0213146652068726,0.0148861561843171
1.23545367042246,0.433801357678431,0.12497002826145,-0.162289927820183,-0.059745577341327
3.77791507550078,0.0745772849580215,0.268447557413965,-0.183117592188273,-0.0106747507254265
0.357453036204201,-0.0494935067962381,0.326157705693952,0.128767431344851,-0.0413192860523073
0.378914462437598,-0.425006316227195,-0.0742810332407248,-0.116168851506245,0.0700206649101563
4.35452896446138,0.307914435266438,0.193840290649368,-0.201838866677683,0.0234723852847666
3.88537369947253,0.340998752115975,0.11158723766275,-0.317779279010115,0.00752266945912709
1.7217340927587,0.0713065755922079,0.214581656263514,0.242214007205273,0.0446911305239563
0.235612284080322,0.130903871457306,0.306258020481359,-0.13967294240788,-0.00761630618227455
0.356217361173769,-0.279215350747934,-0.128980381488329,-0.372394287371861,0.0223656023000603
2.71399022506886,0.555119258523695,-0.0828449452914605,-0.116846902040275,0.047871420818387
0.856010885892877,0.0283074598501956,0.147066960794833,-0.214864507236807,0.0569808259139389
0.386928512670858,0.445517326636903,0.104779496417124,-0.206117595564732,0.0441010507357003
4.81430094375029,0.410877719651354,0.0837244407220975,-0.161501170910388,0.0482471791271451
2.67969848188361,-0.219333783181458,0.0128299961527836,-0.316529949529606,0.0517440130108634
0.614592939201069,0.649851927268665,-0.0630736211132076,-0.140420958548661,0.0231583163667618
0.411307474299518,0.0912970331588932,-0.103057567713022,-0.371118922971935,-0.0396776550928572
1.67603471794336,0.0322911289347956,-0.123843025282673,-0.120507332977473,0.090056462530693
1.25557098266454,0.55552112544956,0.217005842906893,-0.0416153565408525,0.00262335524024579
0.272412445854661,0.581992232570024,0.153043358513924,0.101348928868023,-0.0382686518068788
0.235442755975499,0.43385769302707,-0.166013619565986,-0.147711598787237,0.0588848595323271
1.33460210437878,0.439194845374314,0.15698427583006,0.103795973744072,0.0486808702892829
1.77338693037667,0.287862773509363,0.189771695051629,0.0251948909313234,0.058190984153705
0.151059074016333,-0.145087005626829,0.0985116855094754,0.0971187089986421,0.0773719704406947
1.04384969149724,0.591339843384176,0.168220285448608,0.135031431027345,-0.00804548693656996
1.94627209661582,0.552591115253718,-0.0617973779855901,-0.271752966461567,0.0172632879965982
0.0911756903724196,0.0515471890416829,-0.152685961870449,-0.172776849078819,0.0826509578245376
2.53359761162985,0.420871498516715,0.10891783009607,-0.290081445554979,0.0236928186125857
2.90548139872367,-0.080682488298506,0.191645177256795,-0.292661737510201,0.013437091768978
3.68961838151654,0.469930777364881,0.1945987813831,0.0703262657909777,0.0245062536706544
0.767542234723178,0.293219024408858,-0.241259426761599,-0.220405976386636,0.0501167395559102
0.246186393338139,-0.00255488156567682,-0.0293997080716258,-0.348568251968217,-0.0540160563007636
2.5919677101236,0.395132425458089,-0.0926360123875862,-0.0751158912527581,0.0742101152710498
1.28181018013823,-0.443551807057325,0.227525135102027,-0.0705918639025431,0.00362165421790427
0.311971829651608,0.391518556482131,0.097209567222045,-0.345937559073404,0.00049694973177989
1.15436815625507,0.407451651848683,0.141887946593024,0.247457588102759,0.034658795148644
0.100925830856072,0.628055893517554,0.0934581440794626,-0.176739366389203,0.00778120004474168
0.475165579479703,-0.28034396673323,-0.0273250521108827,-0.38674759075716,0.013572270155516
1.9279883340982,0.258680713368663,0.0380770505783456,-0.223651398368534,0.0695321389917757
3.71639832613926,-0.0226819403372755,0.0400345062850299,-0.350116588758461,0.0445202170336963
1.07943448192474,0.303637613482683,0.258014139592454,-0.130731851659746,0.0222386399401391
0.602481685244975,0.117747570523184,-0.00793012842272692,-0.400793406406757,0.0353763960710975
0.375206323463714,0.64258491271664,-0.0575169090753964,0.0773446464858718,0.0239125153017491
4.38784571652901,0.320999469252797,0.105902129005803,-0.270169838768859,0.035686618999667
3.1629794641867,0.514494747883289,0.1420368230919,-0.110035777131794,0.0349253923746084
0.419968812624518,-0.340422909891719,-0.107267632598706,-0.117603833747884,0.0774511175611561
0.480834402586486,0.336312045568912,0.300268277894568,0.104767745735412,0.0026510359872011
2.47090320890564,0.432328387131929,-0.116618700272805,-0.0342133873912677,0.0685881525571304
2.06914217203713,-0.0135850701104391,0.0593722928937672,0.0452086768896472,0.0871330147354939
0.792403922112193,0.6010556990405,-0.068353787018611,-0.220086330757056,-0.0135753408448052
4.19308394052868,0.115409246862632,0.199034408854674,-0.035877311116858,0.0571162566794931
2.00978162463081,0.00432061835871598,-0.151362831003914,-0.103774152904388,0.0894234757489561
2.08822774448666,-0.263588016375377,0.252843348365371,-0.139211935096292,0.0124931040279483
