"cenario_sigma","replicacao","beta_bets_L1","beta_bets_L2","soma_bets","efeito_nivel_H","estavel"
0.05,1,-0.00088327950139625,-0.000873566708881244,-0.00175684621027749,-0.00204068511046559,TRUE
0.05,2,-0.00148565443225688,-0.0000426471211818853,-0.00152830155343876,-0.00178802255200664,TRUE
0.05,3,-0.000485027830984143,0.000238856930159863,-0.00024617090082428,-0.000277053601316174,TRUE
0.05,4,-0.00165983461871773,0.000561994367752542,-0.00109784025096519,-0.00131401380449446,TRUE
0.05,5,-0.000311368318584654,-0.000557286805980598,-0.000868655124565252,-0.00097749310334166,TRUE
0.05,6,-0.00250247887022027,-0.000791428126804784,-0.00329390699702505,-0.00404857889867269,TRUE
0.05,7,0.000112326452337294,0.0013319832341268,0.0014443096864641,0.00157861689878221,TRUE
0.05,8,-0.000657110456736171,0.000465624752156375,-0.000191485704579795,-0.000217692523168467,TRUE
0.05,9,-0.000573974013307226,0.000451356447632589,-0.000122617565674637,-0.000138350115245292,TRUE
0.05,10,-0.00149569541245625,-0.000866002447164162,-0.00236169785962041,-0.00271878283128145,TRUE
0.05,11,-0.000873254903642016,-0.0000362038992884208,-0.000909458802930437,-0.00104016385854649,TRUE
0.05,12,-0.0012274743229634,-0.000000776276367553728,-0.00122825059933095,-0.00144758279946256,TRUE
0.05,13,-0.00086876112934273,0.000615572733777152,-0.000253188395565578,-0.000291518245219585,TRUE
0.05,14,-0.000905171224082257,0.000473171860147666,-0.000431999363934591,-0.000492116744504249,TRUE
0.05,15,-0.000705788060148303,0.000590767581606354,-0.000115020478541949,-0.000130424207354865,TRUE
0.05,16,-0.00080112668078935,0.0000661335764310971,-0.000734993104358253,-0.00084743261214513,TRUE
0.05,17,-0.00194669000635423,-0.000863586555543473,-0.00281027656189771,-0.00329339426745196,TRUE
0.05,18,-0.00135633876274704,-0.000596158712119567,-0.0019524974748666,-0.00231149092231925,TRUE
0.05,19,-0.000994933836021145,0.000284717612818829,-0.000710216223202316,-0.000815593559697515,TRUE
0.05,20,-0.00147994853728601,-0.00057436574232615,-0.00205431427961216,-0.00241345401591296,TRUE
0.05,21,0.00000934758327433863,0.000981205474994433,0.000990553058268771,0.00110864317057894,TRUE
0.05,22,-0.0000326896635633438,-0.000274778112521444,-0.000307467776084788,-0.000343375836415269,TRUE
0.05,23,-0.00087993649308732,0.000825426460588673,-0.0000545100324986464,-0.0000634694683983526,TRUE
0.05,24,-0.000233056625773277,0.000398272455235104,0.000165215829461827,0.000185214198562248,TRUE
0.05,25,-0.000931568755180142,-0.000975837907101172,-0.00190740666228131,-0.00221165227845873,TRUE
0.05,26,-0.000704577759825571,0.0000801534027945251,-0.000624424357031046,-0.000711139984682261,TRUE
0.05,27,-0.00150557034254952,-0.000782751023719489,-0.00228832136626901,-0.00265833427834403,TRUE
0.05,28,-0.000235608356760236,0.000258645076380428,0.0000230367196201916,0.0000257652470445728,TRUE
0.05,29,-0.000047382669856396,0.000517597528163748,0.000470214858307352,0.00052266248628635,TRUE
0.05,30,-0.000598421806748023,0.000233820504776633,-0.00036460130197139,-0.000415123181333208,TRUE
0.05,31,-0.000266681361997153,0.000712266791593694,0.000445585429596541,0.000499927116687014,TRUE
0.05,32,-0.000744462073690531,-0.000333458568713361,-0.00107792064240389,-0.00123259600911629,TRUE
0.05,33,-0.00223533833046846,0.000323550754356667,-0.00191178757611179,-0.00231606693503699,TRUE
0.05,34,-0.00115323323161592,-0.0000931466168860347,-0.00124637984850195,-0.00143799520316318,TRUE
0.05,35,0.00043718008624326,0.000412913099869131,0.000850093186112391,0.000935361642793256,TRUE
0.05,36,-0.00101062166481965,0.000720128963532538,-0.000290492701287113,-0.000330893075072086,TRUE
0.05,37,-0.000338942558419287,-0.0000868070879843508,-0.000425749646403637,-0.000476892238046711,TRUE
0.05,38,-0.000632044144979206,-0.000136043905166213,-0.000768088050145419,-0.000862311714178053,TRUE
0.05,39,-0.0000289058412822142,0.0003017212925242,0.000272815451241986,0.000303654778117332,TRUE
0.05,40,-0.00109112407093439,-0.000826769335382104,-0.0019178934063165,-0.00219694472724887,TRUE
0.05,41,-0.00180982389176824,0.0000488633413109341,-0.00176096055045731,-0.0021088691941849,TRUE
0.05,42,0.000671308171274472,0.000661561216055261,0.00133286938732973,0.00147631353926184,TRUE
0.05,43,-0.00122179418344544,-0.000348292549442231,-0.00157008673288767,-0.00179004530231731,TRUE
0.05,44,-0.00115755227473921,-0.000459307421091475,-0.00161685969583068,-0.00188505637253184,TRUE
0.05,45,-0.000207807956726143,0.000310038795031193,0.00010223083830505,0.00011442203939177,TRUE
0.05,46,-0.0016469605422421,-0.00106107226608485,-0.00270803280832695,-0.00315884386556705,TRUE
0.05,47,-0.00170767041700715,-0.00117317267666153,-0.00288084309366867,-0.00334557511696401,TRUE
0.05,48,-0.0015076837362127,-0.00071242059944678,-0.00222010433565948,-0.00260988868440816,TRUE
0.05,49,-0.00212436513716419,-0.000755100380286021,-0.00287946551745021,-0.00341071010164677,TRUE
0.05,50,0.000912351381473089,0.00114474237076186,0.00205709375223495,0.00222579776577056,TRUE
0.05,51,-0.000679798875312643,0.000645589250673603,-0.0000342096246390393,-0.0000394199476784465,TRUE
0.05,52,-0.000893967737986804,-0.000523835856558063,-0.00141780359454487,-0.00161955632269001,TRUE
0.05,53,-0.00172398228988078,-0.000558292920645685,-0.00228227521052646,-0.00273809522877165,TRUE
0.05,54,-0.00074336303545851,0.000503448123845615,-0.000239914911612895,-0.000273070263428918,TRUE
0.05,55,-0.000981941955952475,-0.000474595018603161,-0.00145653697455564,-0.00166465126401913,TRUE
0.05,56,-0.00142224425587659,-0.00109239112280351,-0.00251463537868009,-0.00291779998268099,TRUE
0.05,57,-0.000862939843724063,-0.00147805776613255,-0.00234099760985661,-0.00271906732144778,TRUE
0.05,58,-0.000191830076554066,0.00131090921300775,0.00111907913645369,0.00128426780089993,TRUE
0.05,59,-0.00211330205309115,-0.000701546727787291,-0.00281484878087844,-0.00342937138669377,TRUE
0.05,60,0.00013500988653568,0.0000853662117539104,0.000220376098289591,0.000244504308666304,TRUE
0.05,61,-0.000509263417073424,0.000421859424995186,-0.0000874039920782379,-0.0000982056184894511,TRUE
0.05,62,-0.000738769324718836,-0.00133995480231595,-0.00207872412703479,-0.00239590678399902,TRUE
0.05,63,-0.000481467594423379,0.0000232943648572812,-0.000458173229566097,-0.000518871611107367,TRUE
0.05,64,-0.00119482351747347,-0.000254008661041239,-0.0014488321785147,-0.00168643039236266,TRUE
0.05,65,-0.000607179616185851,-0.00012379010244351,-0.000730969718629361,-0.000826222961580984,TRUE
0.05,66,-0.000678145421038965,-0.000545963130841878,-0.00122410855188084,-0.00138509027575473,TRUE
0.05,67,-0.0015405884661942,-0.000157829864682713,-0.00169841833087691,-0.00198987861103511,TRUE
0.05,68,-0.00113140766945964,-0.000996580123444667,-0.0021279877929043,-0.00249971880531895,TRUE
0.05,69,-0.00134766606572908,0.0000220655542160643,-0.00132560051151301,-0.00154703244036591,TRUE
0.05,70,-0.00124362190679432,0.000482511039748855,-0.000761110867045463,-0.000877806497701334,TRUE
0.05,71,-0.00136713294927885,0.000434784151432884,-0.000932348797845969,-0.00108680962216825,TRUE
0.05,72,0.000586916678723905,0.00135011365767927,0.00193703033640318,0.00211587435046483,TRUE
0.05,73,-0.00219128877875196,-0.00100395281055003,-0.00319524158930199,-0.00382374739293565,TRUE
0.05,74,-0.00102527353119477,-0.001248828534813,-0.00227410206600777,-0.0026666992001053,TRUE
0.05,75,-0.000734069251538459,0.000847265442559576,0.000113196191021117,0.000129815866877727,TRUE
0.05,76,0.000182134103913987,0.00035925747614715,0.000541391580061137,0.000597790373903524,TRUE
0.05,77,-0.00133657071187046,-0.000415803987621993,-0.00175237469949245,-0.00202737334127355,TRUE
0.05,78,-0.00156776667057549,-0.000783902517459463,-0.00235166918803495,-0.00274733478733505,TRUE
0.05,79,-0.00124965419434203,-0.000746757290568935,-0.00199641148491096,-0.00236561253346924,TRUE
0.05,80,-0.00102458163306556,0.00124815337496122,0.000223571741895661,0.000258675497665024,TRUE
0.05,81,-0.00131559521321071,-0.000624394511208415,-0.00193998972441912,-0.00231499580942927,TRUE
0.05,82,-0.000597894877509415,-0.000790764627568826,-0.00138865950507824,-0.00158475178726683,TRUE
0.05,83,-0.00163294464788229,-0.000841715474785499,-0.00247466012266779,-0.0029315699885041,TRUE
0.05,84,0.000254117121478318,0.00191323322117232,0.00216735034265063,0.00238832024116661,TRUE
0.05,85,-0.00165957049704899,-0.00139636083844898,-0.00305593133549797,-0.00354247606323385,TRUE
0.05,86,-0.00146145272207649,-0.0000202603121022262,-0.00148171303417872,-0.00173245629132733,TRUE
0.05,87,-0.00207982154603089,-0.000770896856184652,-0.00285071840221555,-0.00342571257213545,TRUE
0.05,88,-0.00104846516502074,0.00106610551556208,0.0000176403505413405,0.000020688542355127,TRUE
0.05,89,-0.000622658069034365,-0.000801559167169123,-0.00142421723620349,-0.00161207295944126,TRUE
0.05,90,-0.000263046608452698,0.00107083176426654,0.000807785155813837,0.000907705822706644,TRUE
0.05,91,-0.000916940012800672,-0.00119975979987817,-0.00211669981267884,-0.00244744872413962,TRUE
0.05,92,-0.000755477825163134,0.000192630479091531,-0.000562847346071603,-0.00064424404249147,TRUE
0.05,93,-0.000710279559826982,-0.000654564357192222,-0.0013648439170192,-0.00155955265164905,TRUE
0.05,94,-0.00108791056552132,-0.000137550371237213,-0.00122546093675853,-0.00140630826703608,TRUE
0.05,95,-0.0019719478274788,-0.000623966155457562,-0.00259591398293636,-0.00304277774034064,TRUE
0.05,96,-0.00117039841383771,-0.0000993338825550681,-0.00126973229639278,-0.00146129328654632,TRUE
0.05,97,-0.000894849422125868,-0.000273618801558951,-0.00116846822368482,-0.00133398849658651,TRUE
0.05,98,-0.00115021272904431,-0.000376656714238344,-0.00152686944328266,-0.00176864870818392,TRUE
0.05,99,-0.000768970390973648,0.000104438701123026,-0.000664531689850622,-0.000757563038379209,TRUE
0.05,100,0.000262654732575134,0.000733751769547544,0.000996406502122678,0.00109341450313298,TRUE
0.05,101,-0.000945362635720554,-0.000200694776614071,-0.00114605741233462,-0.00131659358475962,TRUE
0.05,102,-0.00116951806600038,-0.000266203030084172,-0.00143572109608455,-0.00166050789888229,TRUE
0.05,103,-0.00164103790149261,0.000534152362234855,-0.00110688553925775,-0.00132845275681164,TRUE
0.05,104,-0.00122767271226232,0.000383433719392203,-0.000844238992870117,-0.000990740466576645,TRUE
0.05,105,0.0000261407718829668,0.000198093340057688,0.000224234111940655,0.00024995000019328,TRUE
0.05,106,-0.00120634934433168,-0.000482820298719023,-0.0016891696430507,-0.00194420199327418,TRUE
0.05,107,-0.00135128485986839,-0.000463763366209358,-0.00181504822607775,-0.00207731783886381,TRUE
0.05,108,-0.00000953557092675728,0.000265634520522635,0.000256098949595878,0.000284827922681896,TRUE
0.05,109,-0.000899409977058003,-0.000387219486497897,-0.0012866294635559,-0.00147651775870393,TRUE
0.05,110,-0.000442674445370114,0.000582448434999939,0.000139773989629825,0.000157720837761868,TRUE
0.05,111,-0.000868808363794203,-0.000318765058675349,-0.00118757342246955,-0.00136528496001715,TRUE
0.05,112,-0.00208381368641386,-0.00106721176627495,-0.00315102545268882,-0.00368093174224458,TRUE
0.05,113,-0.000217452595290873,0.00031064330361562,0.0000931907083247469,0.000104427111859354,TRUE
0.05,114,-0.00116528709658874,-0.000552074395142742,-0.00171736149173148,-0.00200545711670291,TRUE
0.05,115,-0.00157957503052447,0.000396989960581621,-0.00118258506994285,-0.00142902035535963,TRUE
0.05,116,-0.000482178229697955,-0.000474806429992891,-0.000956984659690847,-0.00108420864868531,TRUE
0.05,117,-0.00105217846494016,0.000512390055119349,-0.000539788409820814,-0.000622310184332143,TRUE
0.05,118,0.000746799531611502,0.000426606151426842,0.00117340568303834,0.00127540370851943,TRUE
0.05,119,-0.000962845319337252,-0.000741304187554818,-0.00170414950689207,-0.00191891737500927,TRUE
0.05,120,-0.000883588939294221,-0.000875426463305753,-0.00175901540259997,-0.00204031757779194,TRUE
0.05,121,-0.001781730011723,-0.000282619449639086,-0.00206434946136208,-0.00246153252360165,TRUE
0.05,122,-0.00198787082402545,-0.000959073765866758,-0.00294694458989221,-0.00358848312706868,TRUE
0.05,123,-0.00203678153185517,-0.000605054183665427,-0.00264183571552059,-0.00319354543729335,TRUE
0.05,124,-0.00139188880134859,-0.00207185347075438,-0.00346374227210296,-0.00428601661834077,TRUE
0.05,125,-0.00146885923571372,-0.00182122978052132,-0.00329008901623504,-0.00389459549760414,TRUE
0.05,126,-0.000506648346687952,-0.000186977334541633,-0.000693625681229585,-0.00078727900901201,TRUE
0.05,127,-0.000135139656726693,0.000297838666604963,0.000162699009878269,0.000182060750168209,TRUE
0.05,128,-0.000817172774080566,-0.00111781804685609,-0.00193499082093666,-0.00225839893406625,TRUE
0.05,129,-0.00105883500404688,-0.000248928469837652,-0.00130776347388453,-0.00150086739268714,TRUE
0.05,130,-0.00115072265307123,0.000843062556768198,-0.000307660096303035,-0.000359491256547239,TRUE
0.05,131,-0.000484510086671188,-0.0000806778461455741,-0.000565187932816762,-0.000639311654630156,TRUE
0.05,132,-0.00148594794662619,-0.00044051468371781,-0.001926462630344,-0.00225140687062488,TRUE
0.05,133,-0.0013914113709615,0.000823706061563855,-0.00056770530939764,-0.000675376519456591,TRUE
0.05,134,-0.000425810145137897,0.00020578974145945,-0.000220020403678447,-0.000247591038410317,TRUE
0.05,135,-0.00203169845171795,-0.00115359744261927,-0.00318529589433722,-0.00390040263993374,TRUE
0.05,136,-0.000920868321171232,-0.000212677448078962,-0.00113354576925019,-0.00129780208148654,TRUE
0.05,137,-0.000199061432840705,0.00054016765532133,0.000341106222480624,0.000380721010137874,TRUE
0.05,138,-0.00196908400461747,-0.00116138138231304,-0.00313046538693051,-0.00369626140348284,TRUE
0.05,139,-0.000264855886928095,0.000385212810436223,0.000120356923508128,0.000134771195476819,TRUE
0.05,140,-0.00146990637900393,-0.00163743169962372,-0.00310733807862766,-0.00377504631191873,TRUE
0.05,141,-0.00143068235703042,-0.000853231453726343,-0.00228391381075676,-0.00275327742311801,TRUE
0.05,142,-0.00123281040806131,0.000102908854456542,-0.00112990155360477,-0.00130771837766554,TRUE
0.05,143,-0.000988028081071128,-0.000486917202605031,-0.00147494528367616,-0.00169315037947958,TRUE
0.05,144,-0.00108034107249371,-0.000285792538966965,-0.00136613361146068,-0.00157284099844487,TRUE
0.05,145,-0.000666033027194036,-0.000214401474071956,-0.000880434501265992,-0.000995032898782213,TRUE
0.05,146,-0.00146449815241938,0.000384223437368869,-0.00108027471505051,-0.00125902423717673,TRUE
0.05,147,-0.00138741174802641,-0.000584225666903926,-0.00197163741493033,-0.00231491137234134,TRUE
0.05,148,-0.000544850110276984,0.00133987033799722,0.000795020227720239,0.000906559134025343,TRUE
0.05,149,-0.00134309758147673,-0.000687075104054886,-0.00203017268553161,-0.0024065027281315,TRUE
0.05,150,-0.00128470586455582,0.00077444187795153,-0.000510263986604291,-0.000607096897918247,TRUE
0.05,151,-0.00151636282864002,0.0000210997328541536,-0.00149526309578586,-0.00176383809087702,TRUE
0.05,152,-0.0011526097200567,-0.000407939350314329,-0.00156054907037103,-0.00184134097460914,TRUE
0.05,153,-0.00113222009963737,-0.000646121302507422,-0.00177834140214479,-0.0020476931914647,TRUE
0.05,154,-0.000681373893104095,-0.000849613528953581,-0.00153098742205768,-0.00175135954931859,TRUE
0.05,155,-0.000807342717056347,-0.000405245220827652,-0.001212587937884,-0.00138397590389641,TRUE
0.05,156,0.000165636053766947,0.000932573300191709,0.00109820935395866,0.00121703393853,TRUE
0.05,157,-0.00162539517634512,-0.000928871534836824,-0.00255426671118195,-0.00304441067320887,TRUE
0.05,158,-0.000495814248782039,0.000474023544979097,-0.0000217907038029415,-0.000024635580934634,TRUE
0.05,159,0.000758414204622001,0.000153019514189183,0.000911433718811184,0.000994517679147937,TRUE
0.05,160,-0.00171016168672289,-0.00023480892751101,-0.0019449706142339,-0.00227507535085086,TRUE
0.05,161,-0.000630369236938649,0.00150683772215148,0.000876468485212829,0.000995055833353241,TRUE
0.05,162,-0.000267545090242467,-0.000340038513996157,-0.000607583604238624,-0.000679776427129771,TRUE
0.05,163,-0.00104826662253647,-0.000555817363809784,-0.00160408398634625,-0.00183937920650355,TRUE
0.05,164,-0.0000131048570813812,0.000408941969333356,0.000395837112251975,0.00044013161396593,TRUE
0.05,165,0.000106141415210959,-0.000209457386957034,-0.000103315971746075,-0.000115107909667477,TRUE
0.05,166,-0.00144359809002582,-0.000153597531758054,-0.00159719562178387,-0.0018761364015654,TRUE
0.05,167,-0.000285892182252359,-0.0000967345937493649,-0.000382626776001724,-0.000428526381083695,TRUE
0.05,168,-0.0022161748307373,-0.00049125615839166,-0.00270743098912896,-0.00317760565181803,TRUE
0.05,169,-0.000673643167553926,0.000490280118362202,-0.000183363049191724,-0.000209099069905049,TRUE
0.05,170,-0.000153375089323166,-0.00170858812178488,-0.00186196321110805,-0.00211937069318772,TRUE
0.05,171,0.000355866321171126,0.000358388465013905,0.000714254786185031,0.000782159538190355,TRUE
0.05,172,-0.00145968082864081,0.000972223912851782,-0.000487456915789027,-0.000582031437813707,TRUE
0.05,173,-0.000805952747282133,-0.000472505201529671,-0.0012784579488118,-0.00145308871023152,TRUE
0.05,174,0.000411357719353563,0.000250027305926734,0.000661385025280296,0.000726435774521131,TRUE
0.05,175,-0.000864049160828225,-0.000177631770646001,-0.00104168093147423,-0.00118808322390069,TRUE
0.05,176,-0.000199866472075159,0.00100191033001328,0.000802043857938121,0.000902309495532333,TRUE
0.05,177,-0.00177969803839087,0.000196976643083699,-0.00158272139530717,-0.0019108578191143,TRUE
0.05,178,-0.0011946919618292,-0.00049866960110583,-0.00169336156293503,-0.00194201651016441,TRUE
0.05,179,-0.000160485413931703,0.00101156193583472,0.000851076521903019,0.000957535009727991,TRUE
0.05,180,-0.0000253481199659505,0.000113325957707445,0.0000879778377414942,0.0000980793982731354,TRUE
0.05,181,-0.000204236405462164,0.0000295693455953152,-0.000174667059866849,-0.000195911019370432,TRUE
0.05,182,-0.000696857244954734,-0.000876662336442204,-0.00157351958139694,-0.00182645983624054,TRUE
0.05,183,-0.000394573766260343,0.000104218844489821,-0.000290354921770522,-0.000327298414441442,TRUE
0.05,184,0.000119003820063727,0.000725568937840413,0.000844572757904141,0.000939726649701633,TRUE
0.05,185,-0.00138173928620315,-0.000647522211697746,-0.0020292614979009,-0.00231371287350197,TRUE
0.05,186,-0.000955862464411783,-0.000660267286530056,-0.00161612975094184,-0.00184604133302701,TRUE
0.05,187,-0.00101116486356604,0.00083204894930563,-0.000179115914260413,-0.000207033630180611,TRUE
0.05,188,-0.00155136326620986,-0.000853773218991666,-0.00240513648520152,-0.00285319229448914,TRUE
0.05,189,-0.000535015253877876,0.000416638267879705,-0.00011837698599817,-0.000134093087131159,TRUE
0.05,190,-0.0000412905339902461,0.000495506386530454,0.000454215852540208,0.000503260545326693,TRUE
0.05,191,-0.000336959827067121,0.000268916863373415,-0.000068042963693706,-0.0000761543760427753,TRUE
0.05,192,-0.00223975869293493,0.0000726145280275665,-0.00216714416490737,-0.00265965197035174,TRUE
0.05,193,-0.0012422451797214,0.00052650964574508,-0.000715735533976322,-0.000840016148188078,TRUE
0.05,194,-0.000530298349812164,-0.000748107249607171,-0.00127840559941934,-0.0014637046888765,TRUE
0.05,195,-0.00076541840682784,-0.000289557939737165,-0.00105497634656501,-0.00119610871017275,TRUE
0.05,196,-0.00178355967167541,-0.000205909555157871,-0.00198946922683328,-0.00233867597346853,TRUE
0.05,197,0.0000957158872139384,0.00114516320525624,0.00124087909247018,0.00136621739286083,TRUE
0.05,198,-0.000439299123653743,-0.0000393060022667208,-0.000478605125920464,-0.000539505151120769,TRUE
0.05,199,-0.000586685991632441,0.000869512241117352,0.000282826249484911,0.000319222700977806,TRUE
0.05,200,0.000587926061814308,0.0014635934199189,0.00205151948173321,0.00227552877701682,TRUE
0.05,201,-0.000355062992064359,0.000118469880033319,-0.00023659311203104,-0.000266041930602846,TRUE
0.05,202,-0.00171414432284831,-0.000792399906803851,-0.00250654422965216,-0.0029577754684135,TRUE
0.05,203,-0.00146703946698648,-0.000163225805051904,-0.00163026527203838,-0.00187981316642488,TRUE
0.05,204,-0.0018996858203109,-0.000150657951101434,-0.00205034377141234,-0.00241639225335372,TRUE
0.05,205,-0.00171960944080087,-0.000899431832324912,-0.00261904127312579,-0.00310846786237897,TRUE
0.05,206,-0.00170136954169807,0.000520961511320265,-0.00118040803037781,-0.00137685621462843,TRUE
0.05,207,-0.000470006571996915,-0.000230513296055271,-0.000700519868052186,-0.00079521029858526,TRUE
0.05,208,-0.00155924671048883,0.0000661632686121383,-0.00149308344187669,-0.00174667033771204,TRUE
0.05,209,-0.00109521119696885,-0.000049180108887109,-0.00114439130585596,-0.00133427380463792,TRUE
0.05,210,-0.000757496148282474,-0.000594325854696881,-0.00135182200297935,-0.00153782804710497,TRUE
0.05,211,-0.00126708284400638,-0.000786394592382311,-0.00205347743638869,-0.00237396753341477,TRUE
0.05,212,-0.00070731358143737,-0.0000876986888061823,-0.000795012270243553,-0.000899678339680131,TRUE
0.05,213,-0.0011597463448603,-0.000492375021728312,-0.00165212136658861,-0.0018991905871858,TRUE
0.05,214,-0.00215978381392008,-0.000419221331951625,-0.00257900514587171,-0.00302155650472039,TRUE
0.05,215,-0.00142533882604738,-0.00063992748549912,-0.0020652663115465,-0.00236877453820225,TRUE
0.05,216,-0.000725407233398017,0.000251717873445647,-0.00047368935995237,-0.000540623472347734,TRUE
0.05,217,-0.0000596973008148479,0.000220609504141672,0.000160912203326824,0.000179095880283384,TRUE
0.05,218,-0.000322444013021723,0.0000325373536321891,-0.000289906659389534,-0.000325420843710662,TRUE
0.05,219,-0.000536413517157678,0.000323649539563311,-0.000212763977594367,-0.000240900081937175,TRUE
0.05,220,-0.00126292520742249,0.0000557589249192029,-0.00120716628250329,-0.00139516200120858,TRUE
0.05,221,-0.00147214433106131,-0.000490045275635152,-0.00196218960669646,-0.00228613253905249,TRUE
0.05,222,-0.00193483121660633,-0.00111846281613596,-0.00305329403274229,-0.00361451338286403,TRUE
0.05,223,-0.00100671940536752,-0.000118132187416044,-0.00112485159278356,-0.00130984656375432,TRUE
0.05,224,-0.00222340266196301,-0.000608734433043334,-0.00283213709500634,-0.00347940269931709,TRUE
0.05,225,-0.00095001162643533,0.000361271656404181,-0.000588739970031149,-0.000672841126265818,TRUE
0.05,226,-0.00111069050817243,0.000502251188272179,-0.000608439319900249,-0.000706363021062664,TRUE
0.05,227,-0.000719096502234651,-0.0000685445403735864,-0.000787641042608238,-0.000896217923223899,TRUE
0.05,228,-0.000766992356290586,-0.000525913473373013,-0.0012929058296636,-0.00147641638272166,TRUE
0.05,229,-0.000355982681766949,0.0000306018854316423,-0.000325380796335307,-0.000366197294144432,TRUE
0.05,230,-0.00037937626513922,0.000416666973483473,0.0000372907083442525,0.0000418252186775074,TRUE
0.05,231,-0.00125192880685377,-0.0000847893496700838,-0.00133671815652385,-0.00155567328082555,TRUE
0.05,232,-0.000328451541195567,0.000314234538491924,-0.0000142170027036433,-0.0000160100070503614,TRUE
0.05,233,0.000435002191140756,-0.000737579324601003,-0.000302577133460247,-0.00033849501732578,TRUE
0.05,234,-0.000567821832831038,0.000409079096484655,-0.000158742736346383,-0.000180104624216892,TRUE
0.05,235,-0.000301176846326779,-0.000250690308079792,-0.000551867154406571,-0.000620099631582461,TRUE
0.05,236,-0.000539706269368445,-0.0000726617756061339,-0.000612368044974579,-0.000690465207898962,TRUE
0.05,237,-0.000156037888004975,0.000522728459457752,0.000366690571452778,0.000410924798507595,TRUE
0.05,238,-0.000502227990279865,0.000329205265305646,-0.000173022724974219,-0.000196528842765428,TRUE
0.05,239,-0.000786431243182725,-0.000634698051746163,-0.00142112929492889,-0.00162743986714892,TRUE
0.05,240,-0.00101998406948539,-0.0000410391867033347,-0.00106102325618872,-0.00121207058705345,TRUE
0.05,241,-0.00120840726971401,0.000139976103460942,-0.00106843116625307,-0.00124497398417983,TRUE
0.05,242,-0.00216516032565923,0.000496774631184419,-0.00166838569447481,-0.002049382763964,TRUE
0.05,243,-0.000354929492961348,0.00115637477584038,0.000801445282879035,0.000908467901631436,TRUE
0.05,244,0.00013446269431436,-0.000304505179440955,-0.000170042485126595,-0.000189504320234143,TRUE
0.05,245,-0.00118958055252381,-0.000498019479490712,-0.00168760003201452,-0.00196715513035962,TRUE
0.05,246,-0.0000519481231737764,0.000115835670537976,0.0000638875473641999,0.0000711888894741213,TRUE
0.05,247,-0.00075495262754368,0.000366543622059793,-0.000388409005483887,-0.000445682260049683,TRUE
0.05,248,-0.00070593824185359,0.0000293928245088461,-0.000676545417344744,-0.000770983744724594,TRUE
0.05,249,-0.00200315465662204,-0.0000315208450324492,-0.00203467550165449,-0.00240921700185709,TRUE
0.05,250,-0.000400712929137072,-0.000605744984726862,-0.00100645791386393,-0.00113361218700948,TRUE
0.05,251,-0.000818123568179868,0.00102276053311709,0.000204636964937221,0.000235843267244915,TRUE
0.05,252,-0.000107614387613523,-0.000370671545805423,-0.000478285933418946,-0.000537242218139828,TRUE
0.05,253,-0.00103276505151676,0.000971949285360285,-0.0000608157661564781,-0.000069413464410591,TRUE
0.05,254,-0.000817787797062056,-0.000903191257396067,-0.00172097905445812,-0.00202237426050199,TRUE
0.05,255,-0.000998950970829037,-0.0000974445873038376,-0.00109639555813287,-0.00126761330141935,TRUE
0.05,256,-0.00178880090024575,-0.000307818582994225,-0.00209661948323998,-0.00247492360212272,TRUE
0.05,257,-0.0010899443897167,-0.000738075293958117,-0.00182801968367482,-0.00211276151404715,TRUE
0.05,258,-0.000212001003707142,-0.000383818111465157,-0.0005958191151723,-0.000672195243650169,TRUE
0.05,259,-0.00112464779201757,-0.000136352199594691,-0.00126099999161226,-0.00144829535384843,TRUE
0.05,260,-0.000254612782347687,0.0000177360478453143,-0.000236876734502373,-0.000265543532933093,TRUE
0.05,261,-0.000558893598304496,0.000356698587167438,-0.000202195011137057,-0.000228326720204326,TRUE
0.05,262,0.00000635161647942158,0.000746637033627364,0.000752988650106786,0.000831989610912839,TRUE
0.05,263,-0.000391875508030586,0.000036751084114947,-0.000355124423915639,-0.000399567659936964,TRUE
0.05,264,-0.000175785747160904,0.000515664513291352,0.000339878766130448,0.000378252900486018,TRUE
0.05,265,-0.00176482785556267,0.000627207155430902,-0.00113762070013177,-0.0013245084970324,TRUE
0.05,266,-0.00156529394028497,-0.000564871184370032,-0.002130165124655,-0.00249872445620912,TRUE
0.05,267,-0.000216855970548795,0.000157572056147146,-0.0000592839144016486,-0.0000665278591587075,TRUE
0.05,268,-0.0000635358195524917,0.0000532564861083594,-0.0000102793334441323,-0.0000114636308813298,TRUE
0.05,269,-0.000290530182356738,0.000604305098429391,0.000313774916072653,0.000350016123871303,TRUE
0.05,270,-0.00184225969973781,-0.00000637103135760387,-0.00184863073109542,-0.00220008676638193,TRUE
0.05,271,-0.00142072420353846,-0.00139084722788583,-0.0028115714314243,-0.00331575893475163,TRUE
0.05,272,-0.000943897512977699,0.000780247123919268,-0.000163650389058431,-0.000187715335398363,TRUE
0.05,273,-0.00180670950710798,-0.000772265320988111,-0.00257897482809609,-0.00299152232313268,TRUE
0.05,274,-0.000820832746003899,-0.000787781079542539,-0.00160861382554644,-0.00185050352556527,TRUE
0.05,275,-0.0000195698355457853,-0.000432479021882537,-0.000452048857428322,-0.000502953848206116,TRUE
0.05,276,-0.0011497609599206,-0.0000127855753413226,-0.00116254653526192,-0.00134078119729312,TRUE
0.05,277,-0.000519301362904953,0.000358708205569781,-0.000160593157335172,-0.000181048967105133,TRUE
0.05,278,-0.000377297899584584,-0.000108136451603357,-0.000485434351187942,-0.000548577043708681,TRUE
0.05,279,-0.0015763102818443,-0.000112729538099403,-0.0016890398199437,-0.00199354264430326,TRUE
0.05,280,-0.0000736998149679622,0.00111072012308688,0.00103702030811892,0.00115517175158266,TRUE
0.05,281,-0.00162996508243747,-0.000791978409494642,-0.00242194349193211,-0.00284551348318061,TRUE
0.05,282,-0.000918670092769486,0.000428853467526952,-0.000489816625242534,-0.000561010768408052,TRUE
0.05,283,-0.000928943339042744,0.0005333820171306,-0.000395561321912143,-0.000450251595755611,TRUE
0.05,284,-0.00123664742834821,0.0000332409565535386,-0.00120340647179467,-0.00142157991365887,TRUE
0.05,285,-0.000330003310232771,-0.000534953979836641,-0.000864957290069412,-0.00098386645878974,TRUE
0.05,286,-0.000435791359958314,-0.000104298076220394,-0.000540089436178709,-0.000607710318633278,TRUE
0.05,287,-0.000886871519562152,-0.000644969040170912,-0.00153184055973306,-0.00174906561412784,TRUE
0.05,288,-0.00133160048728344,-0.00114058409516152,-0.00247218458244496,-0.00288352961254649,TRUE
0.05,289,-0.00140610583979882,0.0000449479463995497,-0.00136115789339927,-0.00158549514537995,TRUE
0.05,290,-0.000123137248485971,0.000411577808327379,0.000288440559841408,0.000321890004688408,TRUE
0.05,291,-0.00180318711504688,-0.0000216913426170832,-0.00182487845766396,-0.00216221446957222,TRUE
0.05,292,-0.000189815942155196,-0.000413546899348412,-0.000603362841503608,-0.000678800780084881,TRUE
0.05,293,-0.000481854874202328,-0.00000550333292384007,-0.000487358207126168,-0.000548695242612668,TRUE
0.05,294,-0.000200109150107587,-0.00000423219413131744,-0.000204341344238904,-0.000228951339789762,TRUE
0.05,295,0.00070344601249885,0.000506746133018139,0.00121019214551699,0.0013048042434979,TRUE
0.05,296,-0.00148997369549086,0.0000512595480131466,-0.00143871414747772,-0.00169506881995135,TRUE
0.05,297,-0.00132368420548135,0.000141170357650294,-0.00118251384783106,-0.00137425347588767,TRUE
0.05,298,-0.000105011543132545,0.000709437613842344,0.000604426070709799,0.000675155572626863,TRUE
0.05,299,-0.000867806685597165,0.00090327000489491,0.000035463319297745,0.0000397638850696372,TRUE
0.05,300,-0.00076485513795793,-0.000501932960964478,-0.00126678809892241,-0.00143106556902858,TRUE
0.05,301,0.000130963609065594,0.00114427518716103,0.00127523879622662,0.00142646279373831,TRUE
0.05,302,0.000565533643309091,0.000256084951685102,0.000821618594994192,0.000898887930603077,TRUE
0.05,303,-0.000815358573584436,-0.000658751995222241,-0.00147411056880668,-0.00169650741893535,TRUE
0.05,304,-0.000944544696003289,-0.000656079912600176,-0.00160062460860347,-0.0018377809214586,TRUE
0.05,305,-0.00136021277229515,-0.000508476403770378,-0.00186868917606553,-0.00219286501270401,TRUE
0.05,306,-0.000730283723490491,0.000341251039252376,-0.000389032684238115,-0.00044282154599198,TRUE
0.05,307,-0.00117100824975894,0.000400881723271913,-0.000770126526487032,-0.000879178734597109,TRUE
0.05,308,-0.00136504389699428,-0.000802123407891253,-0.00216716730488553,-0.00250287505007501,TRUE
0.05,309,-0.00165828810022991,-0.000763593235528202,-0.00242188133575811,-0.00288147091738973,TRUE
0.05,310,-0.000771875022920282,0.000013561089165195,-0.000758313933755087,-0.000862331111635446,TRUE
0.05,311,-0.0013988053697519,-0.000807496213761012,-0.00220630158351291,-0.00258917123221522,TRUE
0.05,312,-0.00124658059906791,0.000241347962516584,-0.00100523263655132,-0.00117362980838967,TRUE
0.05,313,-0.00114498759024307,-0.000857845402276539,-0.00200283299251961,-0.00230363003928558,TRUE
0.05,314,-0.000732449743975535,-0.000109579824834668,-0.000842029568810202,-0.000958789670145244,TRUE
0.05,315,-0.000725138051562025,-0.000489352826744228,-0.00121449087830625,-0.00137566513496706,TRUE
0.05,316,-0.00133635544840844,-0.000392132896521623,-0.00172848834493007,-0.00203529986548823,TRUE
0.05,317,-0.00147335527093726,-0.000440477985116151,-0.00191383325605341,-0.0022400506512251,TRUE
0.05,318,-0.0011213333676957,0.000844119982192296,-0.000277213385503406,-0.00031935707343144,TRUE
0.05,319,-0.00237484672464845,-0.00129172626688149,-0.00366657299152994,-0.00464423951277405,TRUE
0.05,320,-0.00120144287256983,-0.000489784759428084,-0.00169122763199791,-0.00197145826537019,TRUE
0.05,321,-0.00151919070446516,0.000198470013555936,-0.00132072069090922,-0.00157059144923397,TRUE
0.05,322,-0.000362574973135238,0.000644519688197359,0.000281944715062121,0.000317295704874768,TRUE
0.05,323,-0.00119649420612445,-0.000608306199643728,-0.00180480040576818,-0.00207097881685635,TRUE
0.05,324,-0.000681015098168612,0.000737386249778873,0.0000563711516102615,0.0000641337580187306,TRUE
0.05,325,-0.000382772429160609,0.00063541541108354,0.000252642981922931,0.000283076259990186,TRUE
0.05,326,-0.00240530690953537,-0.00130688119077286,-0.00371218810030823,-0.00471930336136342,TRUE
0.05,327,-0.00195920403801668,-0.000254076380229728,-0.00221328041824641,-0.00263072105600754,TRUE
0.05,328,-0.000987229084147642,0.000342610997115508,-0.000644618087032135,-0.00073772600967352,TRUE
0.05,329,0.000108885964298586,0.0000506638776392546,0.00015954984193784,0.000177244762124248,TRUE
0.05,330,-0.000731193560913792,0.00122240648508353,0.000491212924169741,0.000560922043666989,TRUE
0.05,331,-0.00123922819892187,0.000712701650358327,-0.000526526548563546,-0.000603611235416905,TRUE
0.05,332,-0.000951994710025558,0.00102165209210925,0.0000696573820836903,0.0000795472143316042,TRUE
0.05,333,-0.0010661876828378,0.0000420142552508087,-0.00102417342758699,-0.00118396744580617,TRUE
0.05,334,-0.000538172261817699,0.000262782196223717,-0.000275390065593983,-0.000312923853171228,TRUE
0.05,335,-0.000898332519224618,-0.000615584719476754,-0.00151391723870137,-0.00173489713280639,TRUE
0.05,336,-0.00105693272130573,-0.000908497912214176,-0.00196543063351991,-0.00226846450108857,TRUE
0.05,337,-0.00127948110525244,0.00093437940663043,-0.000345101698622006,-0.000409082481232142,TRUE
0.05,338,-0.00168857992832574,-0.000336991991186294,-0.00202557191951204,-0.00242795118307551,TRUE
0.05,339,-0.0000515204155498429,-0.000593892883312944,-0.000645413298862787,-0.000722692126437472,TRUE
0.05,340,-0.0000771627275243039,0.00154287818233482,0.00146571545481052,0.00161691167068869,TRUE
0.05,341,-0.00184849470514521,-0.00131102534663469,-0.0031595200517799,-0.00383419850037877,TRUE
0.05,342,-0.000145148542519712,0.000546778095978922,0.00040162955345921,0.000447124315290212,TRUE
0.05,343,-0.00116139866098099,-0.000334466108949953,-0.00149586476993094,-0.00173041025029112,TRUE
0.05,344,-0.000841993135093282,-0.000672134683779354,-0.00151412781887264,-0.00173058442253785,TRUE
0.05,345,-0.00153642212878108,-0.000166880436231905,-0.00170330256501298,-0.00201159575427268,TRUE
0.05,346,-0.00216279806445474,-0.000647554148762737,-0.00281035221321748,-0.00334307576330415,TRUE
0.05,347,-0.00106725999944438,0.000292980995115638,-0.000774279004328743,-0.000896778444680742,TRUE
0.05,348,-0.00169650737324505,0.000272080481032536,-0.00142442689221251,-0.0016772621829865,TRUE
0.05,349,-0.00140037259308276,0.000127673027381583,-0.00127269956570118,-0.00146448230733088,TRUE
0.05,350,-0.000291636521659116,0.000349525972556239,0.0000578894508971231,0.0000646154971633853,TRUE
0.05,351,-0.00079013755904948,-0.000898743356104473,-0.00168888091515395,-0.00192804445621148,TRUE
0.05,352,-0.00153674482131477,-0.000206229130587277,-0.00174297395190205,-0.00206636856388057,TRUE
0.05,353,-0.000334009073221731,0.0000543380874478546,-0.000279670985773876,-0.000314916245141337,TRUE
0.05,354,-0.00169707077737056,-0.0011933613618166,-0.00289043213918716,-0.00345018744369603,TRUE
0.05,355,-0.00154060617669488,-0.000333803950183072,-0.00187441012687796,-0.00217713320335622,TRUE
0.05,356,-0.000968001376590243,0.0000561218883132093,-0.000911879488277034,-0.00104735922734321,TRUE
0.05,357,-0.000669475963162665,-0.000205222408369332,-0.000874698371531997,-0.00100438516192897,TRUE
0.05,358,-0.000272823396736297,0.00103334157825627,0.000760518181519976,0.000853038069162023,TRUE
0.05,359,-0.000545139329217478,-0.000855498661436335,-0.00140063799065381,-0.00160775585087148,TRUE
0.05,360,-0.000872016591729652,-0.0000382684656047208,-0.000910285057334373,-0.00105105238841135,TRUE
0.05,361,-0.000548453415904447,0.000122146212786502,-0.000426307203117945,-0.00048135229739855,TRUE
0.05,362,-0.00134397112995589,0.000621987023239944,-0.000721984106715942,-0.000839907105631977,TRUE
0.05,363,-0.000541966799599196,-0.00063088676428484,-0.00117285356388404,-0.00133201404258094,TRUE
0.05,364,-0.00076127927873563,0.000681554838720134,-0.0000797244400154957,-0.0000914050128882609,TRUE
0.05,365,-0.000737129420084889,-0.00038590863493681,-0.0011230380550217,-0.00128009666295962,TRUE
0.05,366,-0.000354881946035101,-0.0012374726390829,-0.00159235458511801,-0.00181563083583666,TRUE
0.05,367,-0.00104760673987261,-0.000282179342000821,-0.00132978608187343,-0.00153252461802083,TRUE
0.05,368,-0.0010516847502662,-0.000320071702486193,-0.0013717564527524,-0.00155691963997423,TRUE
0.05,369,-0.00111140356050967,-0.000665931033461559,-0.00177733459397123,-0.00202813921944258,TRUE
0.05,370,-0.000943402918966386,0.000203676187840979,-0.000739726731125407,-0.000845878461188483,TRUE
0.05,371,-0.00234401630477563,-0.00151747476657148,-0.00386149107134711,-0.00466633617900556,TRUE
0.05,372,-0.000775230431113894,0.000400711447550029,-0.000374518983563866,-0.000425384806173696,TRUE
0.05,373,-0.000201331334613554,0.000213418272953292,0.0000120869383397377,0.0000135161807392373,TRUE
0.05,374,-0.000560984376468886,-0.000413459721152272,-0.000974444097621158,-0.00110814778291159,TRUE
0.05,375,-0.00118444462510462,-0.000220648863395975,-0.0014050934885006,-0.00162577608756671,TRUE
0.05,376,-0.00102309490750051,0.000447940015815558,-0.000575154891684957,-0.000665569013938601,TRUE
0.05,377,-0.0000393988953724283,0.000270911269348479,0.00023151237397605,0.000257659408562717,TRUE
0.05,378,-0.000642366822378664,-0.00022866447723741,-0.000871031299616073,-0.000987393196913951,TRUE
0.05,379,-0.0000204560055818129,0.000274135547451634,0.000253679541869821,0.000282682165014275,TRUE
0.05,380,-0.000381681259419199,-0.00055071178154355,-0.000932393040962749,-0.00105790632631723,TRUE
0.05,381,-0.00045650881266081,0.0000927499804871478,-0.000363758832173662,-0.000409508706643205,TRUE
0.05,382,-0.000686411288073083,0.000737354510736562,0.0000509432226634796,0.0000579199134006593,TRUE
0.05,383,-0.000131808304607196,-0.000252844292902485,-0.00038465259750968,-0.000429744469094734,TRUE
0.05,384,-0.00114086909988581,-0.00158551822418651,-0.00272638732407232,-0.00326543853640823,TRUE
0.05,385,-0.000173199753540918,0.00024734652267274,0.0000741467691318216,0.0000829675929258017,TRUE
0.05,386,-0.00217274875323641,-0.000276623233474058,-0.00244937198671047,-0.00287414711643165,TRUE
0.05,387,-0.00129614228977637,-0.000270445938204956,-0.00156658822798132,-0.00183828711369825,TRUE
0.05,388,-0.000668760053965266,0.000328940200877887,-0.000339819853087379,-0.000383441954472107,TRUE
0.05,389,-0.000394943254458405,0.000813485755859586,0.000418542501401181,0.000474102773945423,TRUE
0.05,390,-0.0011551379341964,-0.0000600284900727993,-0.0012151664242692,-0.00140312095155243,TRUE
0.05,391,-0.00199675819176411,-0.00170752971868856,-0.00370428791045268,-0.00438275404072852,TRUE
0.05,392,-0.000263185053184824,-0.000107523220322413,-0.000370708273507237,-0.000415531528503623,TRUE
0.05,393,-0.000934122798170276,0.000097986384689328,-0.000836136413480948,-0.000953412604164092,TRUE
0.05,394,-0.000456748014485552,0.000441503517288679,-0.0000152444971968733,-0.0000170496351756281,TRUE
0.05,395,-0.00107571849184854,-0.000358563511591075,-0.00143428200343962,-0.0016387843419277,TRUE
0.05,396,-0.00123945251180359,-0.000679234448885857,-0.00191868696068944,-0.00225710410193364,TRUE
0.05,397,-0.00203011708266656,-0.000191321798803937,-0.00222143888147049,-0.00274071903216027,TRUE
0.05,398,-0.00124725244820897,0.000349482009577059,-0.000897770438631913,-0.00105161358745842,TRUE
0.05,399,-0.00123863125300737,-0.00115270253594534,-0.00239133378895271,-0.00279558389258474,TRUE
0.05,400,-0.000490467178690826,0.000705040598565915,0.000214573419875089,0.000242992072675207,TRUE
0.05,401,-0.00103001269748725,-0.000382561068249136,-0.00141257376573638,-0.0016186230013315,TRUE
0.05,402,-0.00137214054395246,-0.000706360754190679,-0.00207850129814314,-0.00247967827977159,TRUE
0.05,403,-0.00122833136274565,-0.000185586362741848,-0.00141391772548749,-0.00164298109447251,TRUE
0.05,404,-0.00166755678873024,-0.000200558375708197,-0.00186811516443844,-0.00217832158183182,TRUE
0.05,405,0.0000298929539634365,-0.0000572493613453209,-0.0000273564073818845,-0.0000304728615675942,TRUE
0.05,406,-0.000736306560822854,-0.000444814486382463,-0.00118112104720532,-0.00134551458421096,TRUE
0.05,407,-0.0025540036536374,-0.00179139200481411,-0.00434539565845151,-0.00524010116474384,TRUE
0.05,408,-0.000233666624851766,0.000362573038744101,0.000128906413892335,0.000143957430796128,TRUE
0.05,409,0.000897432003356041,0.00178104268474855,0.00267847468810459,0.0029742243088231,TRUE
0.05,410,-0.000202435913050577,-0.0000913563831579798,-0.000293792296208557,-0.000329590547690712,TRUE
0.05,411,-0.000130908586170762,0.00115612662986794,0.00102521804369717,0.0011396714611727,TRUE
0.05,412,-0.000895771567679528,-0.000224455043055034,-0.00112022661073456,-0.00129419312320824,TRUE
0.05,413,-0.00119312665601626,0.000135780290343322,-0.00105734636567294,-0.00121710689072303,TRUE
0.05,414,-0.0012733241854379,-0.000108151197425006,-0.0013814753828629,-0.00162147888571661,TRUE
0.05,415,-0.000849925693943873,-0.000412946790703847,-0.00126287248464772,-0.00146239611384042,TRUE
0.05,416,-0.00036413142770132,0.000360787797976155,-0.00000334362972516497,-0.00000375979005124615,TRUE
0.05,417,-0.000598894966907285,-0.000374892153878535,-0.00097378712078582,-0.00109780733775906,TRUE
0.05,418,-0.00137628116144146,-0.000715951218030789,-0.00209223237947225,-0.00244174473021462,TRUE
0.05,419,-0.00226525264644669,-0.00134231127009018,-0.00360756391653688,-0.00437790054313221,TRUE
0.05,420,-0.00115668962255432,0.00104982903767858,-0.000106860584875744,-0.000128292496191897,TRUE
0.05,421,-0.000699691660772595,-0.000874271991406927,-0.00157396365217952,-0.00179292678494755,TRUE
0.05,422,-0.0017664642099192,-0.00116750220028608,-0.00293396641020528,-0.00348470267037349,TRUE
0.05,423,-0.0000292075217133638,0.00046246156028487,0.000433254038571506,0.000477847689757894,TRUE
0.05,424,-0.000170460897041107,-0.000105649617207212,-0.000276110514248319,-0.000309410174066363,TRUE
0.05,425,-0.000728319820179443,0.000136146780967028,-0.000592173039212416,-0.000669345415676365,TRUE
0.05,426,-0.00196351271056671,-0.000864157151912781,-0.00282766986247949,-0.00341915862955403,TRUE
0.05,427,-0.000348787855568589,-0.0000380627120166998,-0.000386850567585289,-0.000435410001216543,TRUE
0.05,428,0.000130094951336876,0.000348318545188826,0.000478413496525702,0.000530915673543705,TRUE
0.05,429,-0.00118098134686479,-0.000555489002101021,-0.00173647034896581,-0.00199591897664615,TRUE
0.05,430,-0.000279376782339841,-0.000124193278070576,-0.000403570060410417,-0.000453727818326005,TRUE
0.05,431,-0.000325678701072072,-0.000372465589171914,-0.000698144290243987,-0.000785563634797564,TRUE
0.05,432,-0.000232175927229957,0.000956447383802123,0.000724271456572165,0.000804582958793393,TRUE
0.05,433,-0.00104035133452039,0.0000896811305030156,-0.000950670204017377,-0.00110398211124114,TRUE
0.05,434,-0.000563904626390518,-0.000199200450146043,-0.000763105076536562,-0.000864610461249015,TRUE
0.05,435,-0.00073481210387595,-0.0000352956480029259,-0.000770107751878876,-0.000877180254539085,TRUE
0.05,436,-0.00182892804937489,-0.00163796101116662,-0.00346688906054151,-0.00423937477799974,TRUE
0.05,437,-0.00195767005063584,-0.000404127119875219,-0.00236179717051106,-0.00279844986460803,TRUE
0.05,438,-0.00055203218462631,-0.000148529911157777,-0.000700562095784087,-0.000797145867185405,TRUE
0.05,439,-0.0010128759680935,-0.0000331749721002887,-0.00104605094019378,-0.00120301225747755,TRUE
0.05,440,-0.0000120661853309185,0.00113777729072971,0.0011257111053988,0.00125438458429088,TRUE
0.05,441,-0.000965412143732417,-0.00020699974888299,-0.00117241189261541,-0.00135915312281644,TRUE
0.05,442,-0.00133344113280051,-0.00055876109402377,-0.00189220222682428,-0.00220143273383362,TRUE
0.05,443,-0.00117487229555164,-0.0000937585996316805,-0.00126863089518332,-0.00147413103160602,TRUE
0.05,444,-0.0013292049490167,0.000162374168699587,-0.00116683078031712,-0.00134514017554719,TRUE
0.05,445,-0.000386837723798182,0.000627212733564084,0.000240375009765901,0.000270052825874348,TRUE
0.05,446,-0.00142469312537295,-0.000469049501449222,-0.00189374262682218,-0.00222260970868944,TRUE
0.05,447,-0.000931042530199005,-0.0000182723760200698,-0.000949314906219074,-0.00107600971469616,TRUE
0.05,448,-0.000139124511151545,0.0013486271268279,0.00120950261567636,0.00134711554469551,TRUE
0.05,449,-0.0015758265808882,-0.000404463652250539,-0.00198029023313874,-0.0023611561709036,TRUE
0.05,450,-0.00103271885800556,0.00016986761279065,-0.000862851245214912,-0.000998023985493487,TRUE
0.05,451,-0.00165911945788702,-0.000390184169310083,-0.0020493036271971,-0.00239110973030406,TRUE
0.05,452,-0.000844470680210489,-0.000656809961916369,-0.00150128064212686,-0.00172301113300462,TRUE
0.05,453,-0.000973837491614957,-0.000663657399998674,-0.00163749489161363,-0.00188639826131204,TRUE
0.05,454,-0.000883304907110997,-0.000260526013327409,-0.00114383092043841,-0.00131343659572349,TRUE
0.05,455,-0.00152848305378897,-0.000283109177363868,-0.00181159223115284,-0.00209286268000424,TRUE
0.05,456,-0.00123595228210058,0.000890021210568109,-0.000345931071532475,-0.000401434503263766,TRUE
0.05,457,-0.00139234359132942,0.000289585669634924,-0.0011027579216945,-0.0012935555461305,TRUE
0.05,458,-0.00176846224685414,-0.000667188764617441,-0.00243565101147158,-0.0028527638027037,TRUE
0.05,459,-0.000467291593414861,0.0000713592479015257,-0.000395932345513336,-0.00044793554444532,TRUE
0.05,460,-0.000949094008141925,-0.000570637098329134,-0.00151973110647106,-0.00173295006016627,TRUE
0.05,461,-0.000444274802113906,0.000125056707197035,-0.000319218094916871,-0.00036066989435881,TRUE
0.05,462,-0.00120404384266307,0.0000258122845588252,-0.00117823155810424,-0.00137566458908887,TRUE
0.05,463,0.000156392190580715,-0.000295658165576396,-0.000139265974995681,-0.000155416879581054,TRUE
0.05,464,-0.000608635196984195,0.000349553276295629,-0.000259081920688566,-0.000292786067302992,TRUE
0.05,465,-0.00170082213086631,0.000858817597741459,-0.000842004533124856,-0.000999215983985977,TRUE
0.05,466,-0.000639529822035468,0.0015289365330164,0.000889406710980936,0.00102436222253294,TRUE
0.05,467,-0.00112425093797708,-0.000345205560513282,-0.00146945649849037,-0.00169727718814943,TRUE
0.05,468,-0.000510205531529692,0.000377722310549086,-0.000132483220980606,-0.00015001321587832,TRUE
0.05,469,-0.00118485259219334,-0.0000438381050178094,-0.00122869069721115,-0.00140801981683999,TRUE
0.05,470,-0.00275049309778068,-0.000115868860488308,-0.00286636195826899,-0.00352814965804655,TRUE
0.05,471,-0.000944295170550508,-0.000122499370680353,-0.00106679454123086,-0.00122587797906955,TRUE
0.05,472,-0.00118693285155455,-0.0000479188833005385,-0.00123485173485509,-0.00142747737705426,TRUE
0.05,473,-0.00114236221924258,0.00164401762364612,0.000501655404403537,0.000600550991887802,TRUE
0.05,474,0.000130129782037122,-0.000257850742496151,-0.00012772096045903,-0.000142769811560359,TRUE
0.05,475,-0.000864686078587906,-0.000148468143898559,-0.00101315422248647,-0.00116246759401641,TRUE
0.05,476,0.000135731109316308,-0.000183126708424839,-0.0000473955991085311,-0.0000526975859589751,TRUE
0.05,477,-0.000634178067324413,0.00125685775740089,0.000622679690076473,0.00072002316075465,TRUE
0.05,478,-0.000361182969943798,0.000585540972262939,0.000224358002319142,0.000252875955750073,TRUE
0.05,479,-0.000649574242887959,0.000898559960452539,0.00024898571756458,0.000280788473077065,TRUE
0.05,480,-0.00180732024245131,-0.000124501146098852,-0.00193182138855016,-0.0022712154879417,TRUE
0.05,481,-0.000591523860515377,0.000249601132802037,-0.00034192272771334,-0.000388383482269395,TRUE
0.05,482,0.000505270659542068,0.000355853172584263,0.000861123832126332,0.000938914789052672,TRUE
0.05,483,-0.000150797672950134,0.0010915748286872,0.000940777155737066,0.00105055250453171,TRUE
0.05,484,-0.000923643933772539,0.000067780760395148,-0.000855863173377391,-0.000986364952767659,TRUE
0.05,485,-0.00186405622824409,-0.0007883630355173,-0.00265241926376139,-0.00318193219152323,TRUE
0.05,486,-0.00117164672724992,0.000000511314810318921,-0.0011711354124396,-0.00135255839865211,TRUE
0.05,487,-0.000895284320404599,-0.000143944953229063,-0.00103922927363366,-0.00118288617127817,TRUE
0.05,488,-0.000213529633547839,-0.000168795209800736,-0.000382324843348575,-0.000428393478646681,TRUE
0.05,489,-0.000535217987942972,-0.000593504943634992,-0.00112872293157796,-0.001274473028087,TRUE
0.05,490,-0.00158839007001911,0.000737753957743785,-0.00085063611227532,-0.000990886172652383,TRUE
0.05,491,0.0000322531537162966,0.000321171463755094,0.00035342461747139,0.000392779020338759,TRUE
0.05,492,-0.000533105208464808,0.000612511072961596,0.0000794058644967883,0.0000898521296472416,TRUE
0.05,493,0.000496126510162777,0.000649764901734639,0.00114589141189742,0.00125634688451722,TRUE
0.05,494,-0.00274406218728176,-0.0024775259596855,-0.00522158814696726,-0.00651943221476906,TRUE
0.05,495,-0.000171945399019785,0.00124606231653985,0.00107411691752007,0.00119884272527514,TRUE
0.05,496,-0.00128383964507841,0.0000691910144915426,-0.00121464863058687,-0.00137048768988551,TRUE
0.05,497,-0.00112600011711435,-0.00061882448414983,-0.00174482460126418,-0.00199860343532132,TRUE
0.05,498,-0.000644069952573914,0.000364637263625792,-0.000279432688948122,-0.000316540801644521,TRUE
0.05,499,-0.00250144570855898,-0.000686889232549878,-0.00318833494110886,-0.00370195660092902,TRUE
0.05,500,-0.000813195078433343,-0.000534406894184872,-0.00134760197261822,-0.00154019214855022,TRUE
0.05,501,-0.00149465814750653,-0.000649849974119505,-0.00214450812162603,-0.00252733874722711,TRUE
0.05,502,-0.000589615018400707,-0.000174585635518029,-0.000764200653918736,-0.000858386624425627,TRUE
0.05,503,-0.00139960087905233,0.000433752525065301,-0.000965848353987031,-0.00112168727577125,TRUE
0.05,504,-0.000661302349886716,0.00025847166280132,-0.000402830687085396,-0.000461954996232689,TRUE
0.05,505,-0.000893914208513806,-0.00138639511890781,-0.00228030932742161,-0.00265967513612091,TRUE
0.05,506,0.000272405860393005,-0.000500793128039296,-0.000228387267646291,-0.000255441799694428,TRUE
0.05,507,-0.000915639522845972,-0.000370096170845664,-0.00128573569369164,-0.00147525049316182,TRUE
0.05,508,-0.000325418603080292,0.00128702918289247,0.000961610579812173,0.00109835794768678,TRUE
0.05,509,-0.00104477903612952,0.000302351296927089,-0.000742427739202431,-0.000852787007854257,TRUE
0.05,510,-0.00181189150725913,-0.000898179897328835,-0.00271007140458796,-0.00319400517671021,TRUE
0.05,511,-0.000848955595625172,-0.000134510402403575,-0.000983465998028747,-0.00112776429640236,TRUE
0.05,512,-0.00109509639806379,-0.000524776855949139,-0.00161987325401293,-0.00186223251813545,TRUE
0.05,513,-0.00125246115008054,-0.000580877517807318,-0.00183333866788786,-0.00212967308050942,TRUE
0.05,514,-0.000194378950681981,0.00110435664716152,0.000909977696479534,0.00101779236996384,TRUE
0.05,515,-0.000926171152478585,-0.0000493307211574048,-0.00097550187363599,-0.00111612297103422,TRUE
0.05,516,-0.000804408002634363,0.000436911542604,-0.000367496460030363,-0.000418349682862266,TRUE
0.05,517,0.000486948216539226,-0.000396870548159233,0.0000900776683799931,0.0000992226069499598,TRUE
0.05,518,-0.000323306757234825,-0.000251253227459856,-0.000574559984694681,-0.000645796791497059,TRUE
0.05,519,-0.000754195666217203,0.000843183054495308,0.0000889873882781047,0.000100632163257154,TRUE
0.05,520,-0.00108718491813238,-0.0000477559478654335,-0.00113494086599781,-0.00129272247423727,TRUE
0.05,521,-0.000182323495461993,-0.000458965928460466,-0.000641289423922459,-0.000722698533277793,TRUE
0.05,522,-0.00205903402876762,-0.000126840672902793,-0.00218587470167042,-0.00260350142587816,TRUE
0.05,523,-0.000604903419116854,0.0000315135856577533,-0.0005733898334591,-0.00064975553084228,TRUE
0.05,524,-0.00126697962298961,-0.00121581371307998,-0.00248279333606959,-0.00288989709103665,TRUE
0.05,525,0.000602831770631272,0.00064266563228095,0.00124549740291222,0.00137503342488681,TRUE
0.05,526,-0.00125786166245991,-0.000127069368038299,-0.00138493103049821,-0.0016031692163187,TRUE
0.05,527,-0.001893755976745,-0.00040487922745832,-0.00229863520420332,-0.00274041811311228,TRUE
0.05,528,-0.000532251422432563,0.000319180514717607,-0.000213070907714956,-0.000240411932760633,TRUE
0.05,529,-0.00208659346637674,-0.000909144612174284,-0.00299573807855103,-0.00347148491232507,TRUE
0.05,530,-0.000983597228378201,-0.000921058329916108,-0.00190465555829431,-0.00221850142966368,TRUE
0.05,531,-0.00087021581461513,0.00100987464278063,0.0001396588281655,0.000161225239861526,TRUE
0.05,532,-0.00164293794855049,-0.000439219892729724,-0.00208215784128022,-0.00243870124354008,TRUE
0.05,533,-0.00118223470863158,-0.000605098933087245,-0.00178733364171883,-0.00203839843261611,TRUE
0.05,534,-0.00096615716072921,-0.000909357042315397,-0.00187551420304461,-0.00220609811375215,TRUE
0.05,535,-0.00147778076018668,0.0000785407175184738,-0.0013992400426682,-0.00160462445686801,TRUE
0.05,536,-0.00051532513454118,0.000486919064967455,-0.0000284060695737246,-0.000032055763620892,TRUE
0.05,537,-0.000293981758398919,-0.00021805810282592,-0.000512039861224839,-0.000574725588686454,TRUE
0.05,538,-0.00055826345187685,-0.000194969715242176,-0.000753233167119025,-0.000855806501245565,TRUE
0.05,539,-0.00116774420370734,0.00089279939393122,-0.000274944809776122,-0.000317506558085162,TRUE
0.05,540,-0.00116171586104143,0.000132022694644048,-0.00102969316639739,-0.00117347434695839,TRUE
0.05,541,-0.000296599616713511,0.000386697994037489,0.0000900983773239778,0.000101023845294248,TRUE
0.05,542,-0.0020349996333846,0.000392345017611682,-0.00164265461577292,-0.00205540025201081,TRUE
0.05,543,-0.000919596249476947,-0.0000743911046117178,-0.000993987354088665,-0.001142594726513,TRUE
0.05,544,0.000490329987453436,0.000517834129597253,0.00100816411705069,0.00110296527171084,TRUE
0.05,545,-0.0024060646376778,-0.00124100954061244,-0.00364707417829024,-0.00465361968237464,TRUE
0.05,546,-0.00087744534311155,-0.000125996523186465,-0.00100344186629802,-0.00114855428365331,TRUE
0.05,547,-0.000128251029787551,0.0000740670045863729,-0.0000541840252011779,-0.0000604981217288575,TRUE
0.05,548,-0.00154897076532886,-0.00124855941390624,-0.0027975301792351,-0.00318789344613022,TRUE
0.05,549,-0.00112666530868815,-0.000430062310833721,-0.00155672761952187,-0.00180123699928036,TRUE
0.05,550,-0.000501307002206855,-0.0000574154914302709,-0.000558722493637126,-0.000636371262780379,TRUE
0.05,551,-0.000466480909379684,0.0000617116775577833,-0.000404769231821901,-0.000456157445910803,TRUE
0.05,552,-0.00153986019876077,-0.000941047959837398,-0.00248090815859817,-0.00295612959223905,TRUE
0.05,553,-0.00184786157013832,-0.000929353127816514,-0.00277721469795484,-0.00335572180023585,TRUE
0.05,554,-0.00101376925631685,-0.000468894588245579,-0.00148266384456243,-0.00168830823918972,TRUE
0.05,555,-0.00274029867265529,-0.00115137202820595,-0.00389167070086124,-0.00483197905976669,TRUE
0.05,556,-0.000914307347679046,-0.00086179471484956,-0.00177610206252861,-0.00204811610412236,TRUE
0.05,557,-0.000692235795409015,0.00127721288596883,0.000584977090559813,0.000665463488915698,TRUE
0.05,558,-0.0000300338664389463,0.00109588692405371,0.00106585305761477,0.00119154477054404,TRUE
0.05,559,-0.000829708991907912,-0.000378025018530654,-0.00120773401043857,-0.00138707932485891,TRUE
0.05,560,-0.000958401990057567,0.000811484004737329,-0.000146917985320238,-0.000171160967429737,TRUE
0.05,561,-0.000576863586299563,-0.0000804130530504778,-0.000657276639350041,-0.00074942336330463,TRUE
0.05,562,-0.0002691730445238,0.000104909383924247,-0.000164263660599553,-0.000184419754738042,TRUE
0.05,563,0.000506536845439221,0.000816682299884644,0.00132321914532386,0.0014417029330309,TRUE
0.05,564,-0.0014377906436038,-0.000224152674302097,-0.0016619433179059,-0.00195668437605303,TRUE
0.05,565,-0.000875955773583758,-0.000818652797060576,-0.00169460857064433,-0.00195176854606231,TRUE
0.05,566,0.0000216478513333859,0.00100987072490495,0.00103151857623834,0.00113115541289061,TRUE
0.05,567,-0.000703459286956339,0.000467660952329357,-0.000235798334626982,-0.000268397473363632,TRUE
0.05,568,-0.00125883331661748,-0.00141583051516587,-0.00267466383178335,-0.00315607997825514,TRUE
0.05,569,-0.000391106036259015,0.000295929341212394,-0.0000951766950466208,-0.000107468663599882,TRUE
0.05,570,-0.00080928405533269,-0.000389654168798546,-0.00119893822413124,-0.00137589603588139,TRUE
0.05,571,-0.00141483004035619,-0.00082039990586048,-0.00223522994621667,-0.00258675031570019,TRUE
0.05,572,0.000820144118705866,0.000312014042080008,0.00113215816078587,0.00124902968466292,TRUE
0.05,573,-0.00147580693584705,-0.000808608029695098,-0.00228441496554215,-0.00270826995067371,TRUE
0.05,574,-0.000634627238648337,-0.000622632642632137,-0.00125725988128047,-0.00142537774838432,TRUE
0.05,575,-0.00144265352835687,-0.00172707738338855,-0.00316973091174541,-0.0036807212070748,TRUE
0.05,576,0.000880276997056373,0.000907673443948393,0.00178795044100477,0.00196095677031505,TRUE
0.05,577,-0.000654025317394717,-0.0000735183095356865,-0.000727543626930404,-0.000828840744375654,TRUE
0.05,578,-0.00138616942448237,-0.000625608959219511,-0.00201177838370188,-0.00233319703017958,TRUE
0.05,579,-0.00155937893104672,-0.000627302120539136,-0.00218668105158585,-0.00257367487486973,TRUE
0.05,580,-0.00091969524371543,-0.000738834686130984,-0.00165852992984641,-0.00193467170190867,TRUE
0.05,581,-0.000208049197217868,-0.000370824924122166,-0.000578874121340033,-0.000652117214118742,TRUE
0.05,582,-0.00154479968450216,0.000113739680018537,-0.00143106000448362,-0.00167513072826841,TRUE
0.05,583,-0.00155272264654115,0.0009391580965716,-0.000613564549969552,-0.000726743527995362,TRUE
0.05,584,-0.000422177720663719,0.000313385429056506,-0.000108792291607213,-0.000122249017153855,TRUE
0.05,585,0.00040545754497462,0.00147320462588839,0.00187866217086301,0.00206222061671964,TRUE
0.05,586,-0.000383768750491436,0.0000959479771938679,-0.000287820773297568,-0.000324145390898422,TRUE
0.05,587,-0.000274246944223433,0.000274127143177372,-0.000000119801046061382,-0.000000134205181801449,TRUE
0.05,588,-0.0012386764847417,-0.000150791512076009,-0.00138946799681771,-0.00161655046557547,TRUE
0.05,589,-0.000565151183767688,0.00124518978842765,0.000680038604659966,0.000776218071706096,TRUE
0.05,590,-0.00129305987946679,-0.000558373283507312,-0.00185143316297411,-0.00214692968416692,TRUE
0.05,591,-0.00177117814671564,0.0000024083448114829,-0.00176876980190415,-0.00211115614032615,TRUE
0.05,592,-0.000793179087641524,0.0000828309546329072,-0.000710348133008617,-0.000811277172186637,TRUE
0.05,593,-0.00112031308615798,0.000523262082621776,-0.000597051003536204,-0.000704021114632325,TRUE
0.05,594,-0.000701903007205134,-0.000248213244113323,-0.000950116251318457,-0.00107768111178266,TRUE
0.05,595,-0.00127424423245825,-0.000280806108161761,-0.00155505034062001,-0.00183189899706331,TRUE
0.05,596,-0.000782712088286765,0.00058135574888283,-0.000201356339403935,-0.00022958034914812,TRUE
0.05,597,-0.00169590153840619,-0.000817180568546087,-0.00251308210695228,-0.00297914758668149,TRUE
0.05,598,-0.000141435691158872,0.0001917009026107,0.0000502652114518275,0.0000562174294262244,TRUE
0.05,599,-0.00047304305236834,0.000349671426135639,-0.000123371626232701,-0.000138666084648702,TRUE
0.05,600,-0.00107009881851762,-0.000501548975668721,-0.00157164779418634,-0.00182764011014475,TRUE
0.05,601,-0.00129089585483916,-0.000794299248690928,-0.00208519510353009,-0.00247318910319394,TRUE
0.05,602,0.00000445392167904749,0.0000135006528992313,0.0000179545745782788,0.0000199997985808951,TRUE
0.05,603,-0.00148510534460064,-0.000553109008788089,-0.00203821435338873,-0.00234433368444323,TRUE
0.05,604,-0.000641921767988923,0.000716198682175215,0.0000742769141862921,0.0000834881346823817,TRUE
0.05,605,0.000302580019871729,0.000975950457246146,0.00127853047711788,0.00140079007050802,TRUE
0.05,606,-0.000863088829107607,0.0000574936018023302,-0.000805595227305276,-0.000910425949932205,TRUE
0.05,607,-0.000368406180802952,0.000270202740912576,-0.0000982034398903761,-0.000110249354240067,TRUE
0.05,608,-0.00099516254379425,0.000892600356069548,-0.000102562187724702,-0.000118977345970806,TRUE
0.05,609,-0.000260844646930364,0.0000134116931772189,-0.000247432953753145,-0.000277162052912289,TRUE
0.05,610,-0.000459910574343124,0.000497346985032136,0.0000374364106890122,0.0000424081455846786,TRUE
0.05,611,-0.00195104132403459,-0.0012657456371877,-0.00321678696122229,-0.00376094222608354,TRUE
0.05,612,-0.00126556659491239,-0.000826851696573071,-0.00209241829148546,-0.00245851922321114,TRUE
0.05,613,-0.00196944955060333,-0.00194574973771604,-0.00391519928831937,-0.00475187026469782,TRUE
0.05,614,-0.000616649259513553,0.00080098051818114,0.000184331258667587,0.000207478523765926,TRUE
0.05,615,-0.000802154019071596,0.000739085110929935,-0.0000630689081416614,-0.0000722765297586608,TRUE
0.05,616,-0.00105256656299785,-0.000215563714383348,-0.0012681302773812,-0.00146582179385276,TRUE
0.05,617,-0.00135837283636188,0.000298973839029757,-0.00105939899733213,-0.00123807251368869,TRUE
0.05,618,-0.00224685796319779,-0.00152847864291913,-0.00377533660611691,-0.00467678589782844,TRUE
0.05,619,-0.000133452253749706,0.00115388002141325,0.00102042776766354,0.00112468794530354,TRUE
0.05,620,-0.00141314019625953,-0.000263047008047156,-0.00167618720430669,-0.00195321600578029,TRUE
0.05,621,0.000700927731957205,0.00118119088691988,0.00188211861887708,0.00202726963047379,TRUE
0.05,622,-0.000177439049874073,0.000730057766396633,0.000552618716522559,0.000617613531780649,TRUE
0.05,623,-0.00230759541805477,-0.00118417494122669,-0.00349177035928146,-0.00417658081012878,TRUE
0.05,624,-0.000952978332403974,-0.000922792623283448,-0.00187577095568742,-0.00219202884426875,TRUE
0.05,625,0.000155479902499837,0.000311953655811737,0.000467433558311574,0.000516975201182118,TRUE
0.05,626,-0.00100631449204585,0.0000219892170409643,-0.000984325275004885,-0.0011365810924059,TRUE
0.05,627,-0.000461334683914495,-0.000473085414530404,-0.000934420098444899,-0.00104701471836883,TRUE
0.05,628,-0.00215042532763935,-0.00107648200991589,-0.00322690733755524,-0.00397382953457359,TRUE
0.05,629,-0.000443214250252688,0.000562310564528148,0.00011909631427546,0.000134537782957861,TRUE
0.05,630,-0.000867377090072815,0.00069607707049062,-0.000171300019582196,-0.000196564008651539,TRUE
0.05,631,-0.00200621921711695,-0.000997826899355228,-0.00300404611647218,-0.00372664945189233,TRUE
0.05,632,0.000347192694034971,0.000241599164821009,0.000588791858855979,0.000651252059397966,TRUE
0.05,633,-0.00134071547520213,-0.000557643955094885,-0.00189835943029702,-0.00225171709368434,TRUE
0.05,634,-0.00025702862530055,-0.000100595836134166,-0.000357624461434717,-0.000400152257589788,TRUE
0.05,635,-0.000406299161428039,-0.000425851181499499,-0.000832150342927538,-0.000937690205355242,TRUE
0.05,636,-0.00120949255959954,-0.000014966582768769,-0.00122445914236831,-0.00143474316409066,TRUE
0.05,637,-0.000516823905742379,-0.000692362236739461,-0.00120918614248184,-0.00135854470631359,TRUE
0.05,638,0.0000183394194408169,-0.000421533393671897,-0.00040319397423108,-0.000451031149608742,TRUE
0.05,639,-0.00110424548931409,-0.00044062842423929,-0.00154487391355338,-0.00181117533794951,TRUE
0.05,640,-0.00160522143661246,-0.000400139514716866,-0.00200536095132932,-0.00235922766618512,TRUE
0.05,641,-0.000857369568769407,-0.000586950119310139,-0.00144431968807955,-0.00167168894630911,TRUE
0.05,642,-0.00149370317387345,-0.00000781236801855633,-0.00150151554189201,-0.00175724129464422,TRUE
0.05,643,-0.000123697591727848,0.00117195841295043,0.00104826082122259,0.00115924569388434,TRUE
0.05,644,0.0000880988203847675,-0.000160058772972897,-0.0000719599525881299,-0.0000803360727272964,TRUE
0.05,645,-0.000526160467402943,0.000483538198511189,-0.0000426222688917539,-0.0000482677393077756,TRUE
0.05,646,-0.00123904329989776,-0.000554721051039756,-0.00179376435093752,-0.00205971268657412,TRUE
0.05,647,-0.00105664611596845,-0.00120854042983659,-0.00226518654580503,-0.00266509141612278,TRUE
0.05,648,-0.0013240792968341,-0.000961222791558059,-0.00228530208839216,-0.00266252586854476,TRUE
0.05,649,-0.000661051033967752,0.000356516098368641,-0.000304534935599111,-0.000347903715410729,TRUE
0.05,650,-0.00103747285204775,-0.0000500520719371626,-0.00108752492398491,-0.00126051590458942,TRUE
0.05,651,-0.000244294908458518,-0.00000796788864460073,-0.000252262797103119,-0.000282533904626341,TRUE
0.05,652,-0.00152602886052306,-0.0015142588197768,-0.00304028768029986,-0.00355037383701244,TRUE
0.05,653,-0.000260067062774737,0.000694934456753222,0.000434867393978484,0.000484247004180722,TRUE
0.05,654,-0.0010968460747292,-0.000976115748170407,-0.00207296182289961,-0.00235911663450712,TRUE
0.05,655,-0.000606251641552819,0.0011771289448045,0.000570877303251682,0.000665525220462953,TRUE
0.05,656,-0.00217997664123118,-0.000625062387584004,-0.00280503902881518,-0.00337669278822237,TRUE
0.05,657,0.000506230078752046,0.00133475111984003,0.00184098119859208,0.00204890864588433,TRUE
0.05,658,-0.000344904312978435,-0.000725356626477703,-0.00107026093945614,-0.00121557009227536,TRUE
0.05,659,-0.00112752482121389,0.000393455713315241,-0.000734069107898651,-0.000843298253932321,TRUE
0.05,660,-0.000567510026190349,-0.000244652941597876,-0.000812162967788225,-0.000916051178589448,TRUE
0.05,661,-0.0000341674857863575,0.00106350366931863,0.00102933618353227,0.00115232729169892,TRUE
0.05,662,-0.00132290118501864,-0.000122341965300982,-0.00144524315031962,-0.00167762958185,TRUE
0.05,663,0.00133285950677191,0.000832641136179564,0.00216550064295148,0.00238671321373158,TRUE
0.05,664,-0.000414891954167887,0.000559470532824656,0.000144578578656769,0.000161876491224523,TRUE
0.05,665,-0.00110749331946563,0.000790869699132607,-0.000316623620333021,-0.000373326295361641,TRUE
0.05,666,-0.00201702648771874,-0.000834795838035678,-0.00285182232575442,-0.00338502482372097,TRUE
0.05,667,-0.00127803424418873,-0.00159936972665951,-0.00287740397084824,-0.00337371026092262,TRUE
0.05,668,-0.00119951181181283,-0.000252616050681025,-0.00145212786249385,-0.00170087371799352,TRUE
0.05,669,-0.000482201865813131,-0.000513333752209802,-0.000995535618022933,-0.00113642738297789,TRUE
0.05,670,-0.000658974889405744,0.000692386146874994,0.0000334112574692499,0.0000380096023947498,TRUE
0.05,671,-0.00194378507525635,-0.000232523007123546,-0.0021763080823799,-0.00258678343572301,TRUE
0.05,672,-0.000496137408125648,-0.000173502860176048,-0.000669640268301695,-0.000756399435924584,TRUE
0.05,673,-0.00117396605782188,-0.000416849570262827,-0.00159081562808471,-0.00185098596154905,TRUE
0.05,674,-0.00063177576997889,0.000476708342835893,-0.000155067427142997,-0.000176042189504249,TRUE
0.05,675,-0.000434047995816677,0.0000557599019621717,-0.000378288093854505,-0.000427299515752473,TRUE
0.05,676,-0.000763250005839181,0.000761132797670131,-0.00000211720816904943,-0.00000240248029103837,TRUE
0.05,677,-0.00120713687515949,0.000011603384166747,-0.00119553349099275,-0.00139304522966119,TRUE
0.05,678,-0.000769153464176653,-0.000399647425865981,-0.00116880089004263,-0.00134407516584003,TRUE
0.05,679,-0.00129050512723805,-0.000595401802828938,-0.00188590693006698,-0.0021883614718685,TRUE
0.05,680,-0.00030339948719039,-0.000689663958623516,-0.000993063445813906,-0.00113694475332768,TRUE
0.05,681,-0.000304553734080484,0.000234582630344092,-0.0000699711037363914,-0.0000787726263965071,TRUE
0.05,682,-0.00266385638903881,-0.00116026419533671,-0.00382412058437552,-0.00461575456086998,TRUE
0.05,683,-0.00130866610876114,0.000236301409163885,-0.00107236469959726,-0.0012490340695842,TRUE
0.05,684,-0.000219362272199628,0.000920727130978318,0.000701364858778691,0.000785125274317744,TRUE
0.05,685,0.000914538059079104,0.000401553286092954,0.00131609134517206,0.00141990174672578,TRUE
0.05,686,-0.00212541493630023,-0.000563147369015185,-0.00268856230531542,-0.00327339014273008,TRUE
0.05,687,-0.00131721669302674,0.000281288165666201,-0.00103592852736054,-0.00118584676403894,TRUE
0.05,688,-0.000949239092114228,-0.000153704929164641,-0.00110294402127887,-0.0012568150614368,TRUE
0.05,689,0.0000350024534030058,0.00073534996044245,0.000770352413845455,0.000858534246120636,TRUE
0.05,690,-0.000863996546963379,0.000111596414927652,-0.000752400132035727,-0.00085298027847616,TRUE
0.05,691,-0.00160408379057172,0.000248050087418821,-0.0013560337031529,-0.0015971478765509,TRUE
0.05,692,-0.00143483092960685,0.00103593797694601,-0.000398892952660839,-0.000476709217062146,TRUE
0.05,693,0.000244552038545863,0.000315924954057176,0.00056047699260304,0.000620792160165847,TRUE
0.05,694,-0.000700115054326919,-0.000428388701352452,-0.00112850375567937,-0.00129077321381498,TRUE
0.05,695,-0.000878970085997579,0.000157282141368445,-0.000721687944629134,-0.000825613553471751,TRUE
0.05,696,-0.000808032743549882,0.0000925807544277998,-0.000715451989122082,-0.0008167889138517,TRUE
0.05,697,-0.00085720138421542,-0.000716662472578619,-0.00157386385679404,-0.00177422910415246,TRUE
0.05,698,-0.000172310429097785,0.000124310142286499,-0.0000480002868112859,-0.0000537010900294188,TRUE
0.05,699,-0.000262390259085588,-0.00101139937701275,-0.00127378963609834,-0.00147178409033412,TRUE
0.05,700,0.0000692457937178272,0.00011354381084,0.000182789604557828,0.000203227066339208,TRUE
0.05,701,-0.00198554803523725,-0.0005280972190393,-0.00251364525427655,-0.0029872848357407,TRUE
0.05,702,-0.00157159685416288,-0.000169530645402618,-0.0017411274995655,-0.00204709810290821,TRUE
0.05,703,-0.000114830052586216,-0.0000824682641142366,-0.000197298316700453,-0.000220676380297453,TRUE
0.05,704,-0.00198223792396215,-0.00125982786308944,-0.00324206578705159,-0.00393034398669331,TRUE
0.05,705,-0.000842534430181442,-0.000265671873590239,-0.00110820630377168,-0.00126908048496124,TRUE
0.05,706,-0.000378558382267952,-0.000724562543522081,-0.00110312092579003,-0.0012689572792672,TRUE
0.05,707,0.000339092892205342,0.00148496305543109,0.00182405594763643,0.00199467796693899,TRUE
0.05,708,-0.0014366082514983,0.000117001505639276,-0.00131960674585903,-0.00152365412067679,TRUE
0.05,709,-0.000822819062745185,0.0000377203039606298,-0.000785098758784556,-0.000879209575107345,TRUE
0.05,710,-0.000755959996331883,-0.000343270774668484,-0.00109923077100037,-0.00123101911952929,TRUE
0.05,711,-0.00263364376976132,-0.000161416062916146,-0.00279505983267746,-0.00343167681201597,TRUE
0.05,712,-0.000241842917313135,0.000625050756334,0.000383207839020866,0.000424671785369672,TRUE
0.05,713,-0.000796614569180908,0.000406920890218918,-0.00038969367896199,-0.000444861814053007,TRUE
0.05,714,-0.000600649682557146,0.000253582877900841,-0.000347066804656305,-0.000394264423005516,TRUE
0.05,715,-0.00222435077455517,-0.00095084334249845,-0.00317519411705362,-0.00379887227823239,TRUE
0.05,716,-0.000928119804692544,0.000116091842240263,-0.000812027962452281,-0.000927221656948754,TRUE
0.05,717,-0.00103973077221604,-0.000443642491122064,-0.0014833732633381,-0.00169509303226589,TRUE
0.05,718,-0.00191763059658223,-0.00174882846359425,-0.00366645906017648,-0.00418102012054337,TRUE
0.05,719,-0.000691743114429802,0.00165522109625157,0.000963477981821769,0.00110649532397114,TRUE
0.05,720,-0.00204439366281204,-0.0000194040249637918,-0.00206379768777583,-0.002449076484289,TRUE
0.05,721,-0.000689374644192979,-0.0000763058820280341,-0.000765680526221013,-0.000869230712978443,TRUE
0.05,722,0.000215589295953402,-0.000629380614088785,-0.000413791318135383,-0.000462799833405239,TRUE
0.05,723,-0.0000726994294712042,0.000949318518873709,0.000876619089402505,0.000984570771402155,TRUE
0.05,724,-0.00236019379482663,-0.000674100972581883,-0.00303429476740851,-0.00383412666833652,TRUE
0.05,725,-0.000316768644231785,0.000168394503188491,-0.000148374141043295,-0.000165986530935936,TRUE
0.05,726,-0.000764997154948157,0.000352182935373504,-0.000412814219574653,-0.000472550786371756,TRUE
0.05,727,0.00139817928883637,0.00194987124992578,0.00334805053876215,0.00365203708408188,TRUE
0.05,728,-0.00112491987202602,-0.000852815482310675,-0.00197773535433669,-0.00231489748466204,TRUE
0.05,729,-0.000555025334601564,0.000464099869402675,-0.0000909254651988893,-0.000102302337954689,TRUE
0.05,730,-0.00118916556589842,-0.00106386499199325,-0.00225303055789167,-0.00258056257251375,TRUE
0.05,731,0.000138093272352992,0.000655692999876558,0.000793786272229549,0.000880319345038517,TRUE
0.05,732,-0.00130951179965078,-0.0000545960680001363,-0.00136410786765091,-0.00158512817254402,TRUE
0.05,733,-0.000156498894708184,0.000636617679605459,0.000480118784897275,0.000539230969528368,TRUE
0.05,734,-0.00123827804634575,-0.00157242223346177,-0.00281070027980752,-0.00322798310049761,TRUE
0.05,735,-0.00124681293770574,-0.000428814960315146,-0.00167562789802089,-0.00195209525034055,TRUE
0.05,736,-0.000380100101815308,-0.000416227155660761,-0.000796327257476069,-0.000900376772376825,TRUE
0.05,737,-0.00217822719883468,-0.000204775095601429,-0.00238300229443611,-0.00288000291050776,TRUE
0.05,738,-0.000072858933730226,0.000161429929652564,0.0000885709959223378,0.0000986721593695317,TRUE
0.05,739,-0.00172307149807987,-0.00156961276119636,-0.00329268425927623,-0.00389278266055028,TRUE
0.05,740,-0.00140149484538535,0.000302284797670848,-0.00109921004771451,-0.00127208557586101,TRUE
0.05,741,-0.000852388065336239,0.000954799074708683,0.000102411009372444,0.000118617378238065,TRUE
0.05,742,-0.000512919805476395,-0.000356839031357049,-0.000869758836833444,-0.000987049341192935,TRUE
0.05,743,-0.00163092939673198,-0.000993689160069607,-0.00262461855680159,-0.00312490067663675,TRUE
0.05,744,-0.00105441939479326,-0.0000181607254672408,-0.0010725801202605,-0.00124602290019036,TRUE
0.05,745,-0.00025561796330349,0.000745691354221239,0.000490073390917748,0.000548694427260201,TRUE
0.05,746,-0.000411262887736098,0.000662755207628849,0.000251492319892751,0.000284199439789831,TRUE
0.05,747,-0.00125525601807672,-0.000818772680863518,-0.00207402869894024,-0.00237681899269391,TRUE
0.05,748,-0.000094548389699388,0.000656295269703945,0.000561746880004557,0.000628118139249568,TRUE
0.05,749,-0.00133675701239318,-0.000429506354086771,-0.00176626336647996,-0.00206806159139634,TRUE
0.05,750,-0.0010210835753812,-0.000193864881745315,-0.00121494845712652,-0.00139515909055837,TRUE
0.05,751,-0.000706713259769054,-0.000737543103869654,-0.00144425636363871,-0.0016425650446071,TRUE
0.05,752,-0.000877588822726011,-0.00108004936012187,-0.00195763818284788,-0.00226562534184233,TRUE
0.05,753,-0.000801835256913258,-0.000112799882082281,-0.000914635138995539,-0.00104530063785605,TRUE
0.05,754,-0.00206051803408756,-0.00129741399106846,-0.00335793202515602,-0.00403293202475908,TRUE
0.05,755,-0.0012500813941137,0.000475069925354183,-0.000775011468759519,-0.000902683544114275,TRUE
0.05,756,-0.00116788949533418,-0.000491772586956841,-0.00165966208229102,-0.00192927071661255,TRUE
0.05,757,-0.000749590777772164,-0.00026495739931623,-0.00101454817708839,-0.00116206246112409,TRUE
0.05,758,-0.00165978639350486,-0.000548961997591128,-0.00220874839109599,-0.00265347422469705,TRUE
0.05,759,-0.000957570449235395,-0.000803605657416469,-0.00176117610665186,-0.00204451590915768,TRUE
0.05,760,-0.00200520416061202,0.0000914531119197713,-0.00191375104869225,-0.00231396229300501,TRUE
0.05,761,-0.00144874370942752,0.000065793034130284,-0.00138295067529723,-0.00164495187099898,TRUE
0.05,762,-0.000928643308693038,-0.000675884517748671,-0.00160452782644171,-0.00184329904855397,TRUE
0.05,763,-0.000908809982605556,-0.000623056047303544,-0.0015318660299091,-0.00174758831853406,TRUE
0.05,764,-0.00126689257098888,-0.000827756177588949,-0.00209464874857783,-0.00242483083060535,TRUE
0.05,765,-0.000296881542693941,0.000818898317278757,0.000522016774584816,0.000587736170732089,TRUE
0.05,766,-0.000980656136074031,0.00030297514731805,-0.000677680988755982,-0.000786103813033083,TRUE
0.05,767,-0.00113012143485365,-0.00108322788282201,-0.00221334931767566,-0.00256404879174672,TRUE
0.05,768,-0.00167599130679239,-0.000238350739452957,-0.00191434204624534,-0.00229348710477689,TRUE
0.05,769,-0.002071812550778,-0.000199708251875243,-0.00227152080265325,-0.00268046664569978,TRUE
0.05,770,-0.000445519839051703,-0.000689678536431225,-0.00113519837548293,-0.00129000507013801,TRUE
0.05,771,-0.00227433321315739,-0.00127117997767348,-0.00354551319083087,-0.00428785718345646,TRUE
0.05,772,-0.0015282214955662,-0.000691968315377932,-0.00222018981094413,-0.0026212970016924,TRUE
0.05,773,-0.00133450237952474,0.000314636901212897,-0.00101986547831184,-0.00118682637550951,TRUE
0.05,774,-0.00141623048534625,0.00014375114481799,-0.00127247934052826,-0.00147454244216849,TRUE
0.05,775,-0.0010757428801907,0.00019139541884599,-0.000884347461344715,-0.0010208595765793,TRUE
0.05,776,-0.000686042144247361,0.000369765860609685,-0.000316276283637676,-0.000358814799126725,TRUE
0.05,777,-0.00168023920264628,0.000100529290152916,-0.00157970991249336,-0.00183449751630207,TRUE
0.05,778,-0.000124143788697452,0.000148928656833645,0.0000247848681361929,0.000027658657184243,TRUE
0.05,779,-0.00130190932218331,0.000309263029068854,-0.000992646293114461,-0.00114054738099088,TRUE
0.05,780,-0.0000288399144314231,0.000493479282324296,0.000464639367892873,0.000518483696856411,TRUE
0.05,781,-0.000226597483715747,-0.000481658369050683,-0.00070825585276643,-0.000797401308375832,TRUE
0.05,782,-0.00153000065102353,-0.000634963386589155,-0.00216496403761269,-0.00255086814155467,TRUE
0.05,783,-0.000398801425895906,0.0000807674346446907,-0.000318033991251215,-0.000358560751707954,TRUE
0.05,784,-0.00100787700303624,0.000101698668627318,-0.000906178334408918,-0.00104614096753656,TRUE
0.05,785,-0.000813872377009187,0.000326013325988254,-0.000487859051020934,-0.000554757890139113,TRUE
0.05,786,-0.00214593970318887,-0.000780041623589485,-0.00292598132677835,-0.0034587260187896,TRUE
0.05,787,-0.0028372413608295,-0.000941223804758546,-0.00377846516558805,-0.00457256804908026,TRUE
0.05,788,-0.000842984644095295,-0.00127456302947367,-0.00211754767356896,-0.00250467588074752,TRUE
0.05,789,-0.000787754037221693,-0.000980375498508604,-0.0017681295357303,-0.00204971947122912,TRUE
0.05,790,-0.00141329824014126,0.000243928592877691,-0.00116936964726357,-0.00137325563301484,TRUE
0.05,791,0.00001030834067753,0.000151779882538814,0.000162088223216344,0.000180646826023648,TRUE
0.05,792,-0.000605653643545321,0.000491465430903195,-0.000114188212642126,-0.000130321566551314,TRUE
0.05,793,-0.00080559237442556,-0.0000801817274507183,-0.000885774101876278,-0.00100810608118289,TRUE
0.05,794,-0.0018322911751094,-0.000808439510618441,-0.00264073068572784,-0.00307656365992004,TRUE
0.05,795,-0.00133774375980671,0.000439585166818888,-0.000898158592987823,-0.0010570830764307,TRUE
0.05,796,-0.00206570178298962,-0.00182559453637555,-0.00389129631936517,-0.00467082062696841,TRUE
0.05,797,-0.00100442233466517,-0.000165767179779752,-0.00117018951444492,-0.00134110676480442,TRUE
0.05,798,-0.000338344532123496,0.000466775587619473,0.000128431055495977,0.000143933178949978,TRUE
0.05,799,-0.00125791218436077,-0.00113116928585451,-0.00238908147021528,-0.00273025187430256,TRUE
0.05,800,-0.000878890742749472,-0.000565058495747436,-0.00144394923849691,-0.00164692803566363,TRUE
0.05,801,-0.000977238276189712,-0.00182082397488154,-0.00279806225107125,-0.00337777959807541,TRUE
0.05,802,0.000018455727526619,-0.000431662845407185,-0.000413207117880566,-0.000459853966404463,TRUE
0.05,803,-0.000856520234629583,-0.00137118622449413,-0.00222770645912371,-0.00263411150592573,TRUE
0.05,804,-0.00113229877435966,-0.000146465268036173,-0.00127876404239584,-0.00147541188045348,TRUE
0.05,805,-0.000899285891139959,0.000391608040212872,-0.000507677850927088,-0.000584070054463682,TRUE
0.05,806,-0.00149372422399561,-0.00134719637655787,-0.00284092060055348,-0.0033779624451252,TRUE
0.05,807,-0.000780267100283764,-0.000168180996501383,-0.000948448096785148,-0.0010906887063318,TRUE
0.05,808,-0.000663171929536832,-0.000634179739669105,-0.00129735166920594,-0.00148039921152522,TRUE
0.05,809,0.00041418336987295,0.000783220489625347,0.0011974038594983,0.00130290840522514,TRUE
0.05,810,-0.00201050949421825,0.0000265610417224228,-0.00198394845249583,-0.00239898698934751,TRUE
0.05,811,-0.00146217806750466,-0.000753067776292689,-0.00221524584379735,-0.00255987768259325,TRUE
0.05,812,-0.00116510417317261,0.000329584125951995,-0.000835520047220615,-0.000976157700390661,TRUE
0.05,813,-0.00212725870466738,-0.00120407006049873,-0.00333132876516611,-0.00396216143147883,TRUE
0.05,814,0.000537567189410566,0.000282497862203335,0.000820065051613901,0.000895731078440776,TRUE
0.05,815,-0.000954788882500114,-0.000482047455446884,-0.001436836337947,-0.00164722550406727,TRUE
0.05,816,-0.00115982982504871,-0.000343955626127471,-0.00150378545117618,-0.00172279631325252,TRUE
0.05,817,-0.0013854187694616,-0.000305800996254795,-0.00169121976571639,-0.00196194330429733,TRUE
0.05,818,-0.000838394719182289,0.00070796482239573,-0.00013042989678656,-0.000149463842581925,TRUE
0.05,819,-0.000946334716449588,-0.000773772516299553,-0.00172010723274914,-0.00200739733229711,TRUE
0.05,820,-0.00204828945994525,-0.00089190380231761,-0.00294019326226286,-0.00354343953364986,TRUE
0.05,821,-0.00133292995406432,0.000249469025951939,-0.00108346092811238,-0.00126309363017764,TRUE
0.05,822,-0.000920915311030529,-0.000279569682280256,-0.00120048499331079,-0.00137641010513726,TRUE
0.05,823,-0.0020126202664115,-0.000529131905322932,-0.00254175217173444,-0.00304914982571818,TRUE
0.05,824,-0.00118832866459319,0.000562379888667501,-0.000625948775925685,-0.000722436948666173,TRUE
0.05,825,-0.0012761358767921,-0.000470363123527976,-0.00174649900032008,-0.00200835453426545,TRUE
0.05,826,0.0000754520768672164,0.00139329224528203,0.00146874432214925,0.00159829408458291,TRUE
0.05,827,-0.000665348384574462,-0.0000114043447351153,-0.000676752729309578,-0.0007738916624067,TRUE
0.05,828,-0.00227270027927507,-0.00172311185664619,-0.00399581213592126,-0.00468167527135701,TRUE
0.05,829,-0.000722206100319388,0.000211545868534201,-0.000510660231785187,-0.000583071052054749,TRUE
0.05,830,-0.000898487409642811,0.000465618976127726,-0.000432868433515085,-0.00049265056990974,TRUE
0.05,831,-0.00166893856317736,-0.0010081233388191,-0.00267706190199646,-0.00316400107051448,TRUE
0.05,832,-0.0011596219435432,0.000968979490907357,-0.000190642452635842,-0.000220788143162177,TRUE
0.05,833,-0.00127120252668613,0.0000950163620456693,-0.00117618616464046,-0.0013613966996433,TRUE
0.05,834,0.000832548453760699,0.00178375589604902,0.00261630434980972,0.00282548688117898,TRUE
0.05,835,0.00032386639732804,-0.000262080831113735,0.0000617855662143053,0.0000686550008442375,TRUE
0.05,836,-0.00243173974318343,-0.00116481424385595,-0.00359655398703938,-0.0044849330061849,TRUE
0.05,837,-0.00219713533651152,-0.0012415243350197,-0.00343865967153122,-0.00407810189528032,TRUE
0.05,838,-0.000647387812238246,0.000280408837335101,-0.000366978974903145,-0.000415355526164637,TRUE
0.05,839,-0.000819305048963227,0.000888878214309905,0.0000695731653466776,0.0000815383485264609,TRUE
0.05,840,0.000160225828256983,-0.000551642623335046,-0.000391416795078063,-0.000435928214505235,TRUE
0.05,841,-0.0019657673436801,-0.000922547883921469,-0.00288831522760157,-0.00346532554428047,TRUE
0.05,842,-0.00205731336297789,-0.00108693958656641,-0.00314425294954429,-0.00373737356352712,TRUE
0.05,843,-0.00160921866569082,-0.000209831103752228,-0.00181904976944305,-0.00219179763791536,TRUE
0.05,844,-0.00134168385843799,0.000100614166610985,-0.00124106969182701,-0.00141786240977329,TRUE
0.05,845,-0.0012688023705792,0.000278037290278999,-0.0009907650803002,-0.00113656748821148,TRUE
0.05,846,0.000426000383427215,0.00039564720100537,0.000821647584432585,0.000890999364398563,TRUE
0.05,847,-0.00161150949112181,-0.000882036961692944,-0.00249354645281476,-0.00298361964271289,TRUE
0.05,848,-0.000764261218239544,0.000250154161475748,-0.000514107056763796,-0.000581759878118438,TRUE
0.05,849,-0.00128850164074652,-0.000966058054797735,-0.00225455969554426,-0.00262492616047387,TRUE
0.05,850,-0.00115703369975989,-0.000118124922585428,-0.00127515862234532,-0.00148251436793978,TRUE
0.05,851,-0.00216453711865794,-0.000239101025624889,-0.00240363814428283,-0.00285606956925861,TRUE
0.05,852,-0.00096622197007679,-0.00017475595085861,-0.0011409779209354,-0.00131756513331405,TRUE
0.05,853,-0.000547453726471719,0.000304411729075138,-0.000243041997396581,-0.000274224122716491,TRUE
0.05,854,-0.00118105473565792,-0.0000568873661418043,-0.00123794210179972,-0.00144617842018089,TRUE
0.05,855,-0.00219465629599507,0.000410628594762168,-0.0017840277012329,-0.00210707280145924,TRUE
0.05,856,-0.00185073871244416,-0.000627309289672616,-0.00247804800211677,-0.00303559990458699,TRUE
0.05,857,0.00023719929872231,0.000424266214436732,0.000661465513159043,0.000732108045929228,TRUE
0.05,858,-0.00151851221081662,0.000595607976728489,-0.000922904234088134,-0.00109258347885904,TRUE
0.05,859,-0.000848596546525945,0.000145669512005992,-0.000702927034519953,-0.000802031455730062,TRUE
0.05,860,-0.00033281328725483,-0.000351996295949782,-0.000684809583204612,-0.000775143996437657,TRUE
0.05,861,-0.000362295899750095,-0.000569617381617623,-0.000931913281367718,-0.00105758489933499,TRUE
0.05,862,-0.00122460015051226,-0.000200212089402097,-0.00142481223991436,-0.00164339300445038,TRUE
0.05,863,-0.00073055386940106,0.000310875133425127,-0.000419678735975934,-0.000481799244972486,TRUE
0.05,864,-0.00105150790223034,0.0000698085658033412,-0.000981699336427001,-0.0011221266269061,TRUE
0.05,865,-0.000153434580805522,0.000416966017528235,0.000263531436722713,0.000294779596173865,TRUE
0.05,866,-0.00231772244498759,-0.00123132291932192,-0.00354904536430951,-0.00434723953444534,TRUE
0.05,867,-0.000909772347482921,0.00100843220962578,0.0000986598621428585,0.00011642846403992,TRUE
0.05,868,-0.000849865243079454,-0.000087517573260864,-0.000937382816340318,-0.00106490501414928,TRUE
0.05,869,-0.000378960293635848,0.000140937023035388,-0.000238023270600461,-0.000266545387693784,TRUE
0.05,870,-0.00163082226731237,-0.0000830033705317828,-0.00171382563784415,-0.00199533828561981,TRUE
0.05,871,-0.0000385052449180531,0.000559929195935207,0.000521423951017154,0.000576404330213302,TRUE
0.05,872,-0.000233508460794185,-0.000216679599743623,-0.000450188060537809,-0.000503739629829834,TRUE
0.05,873,-0.000317076598562484,0.00116645852668293,0.000849381928120449,0.000959755617540598,TRUE
0.05,874,-0.0010743180968134,0.000018163575896225,-0.00105615452091718,-0.00122137888581277,TRUE
0.05,875,-0.00152776113133017,0.000478992076749347,-0.00104876905458082,-0.00124376737648371,TRUE
0.05,876,-0.00153258086849303,-0.000709295108841494,-0.00224187597733452,-0.00259623179486204,TRUE
0.05,877,-0.000284916354358047,0.00032221087045996,0.0000372945161019133,0.0000418869162469317,TRUE
0.05,878,-0.000934036790150208,0.0000818308177068081,-0.0008522059724434,-0.000974639686947506,TRUE
0.05,879,-0.00131223969259095,-0.0000180506962181577,-0.0013302903888091,-0.0015311550883936,TRUE
0.05,880,-0.00179890622961848,0.00000239272380109751,-0.00179651350581738,-0.00212777039208523,TRUE
0.05,881,-0.0019944746388855,-0.000901187713429084,-0.00289566235231458,-0.00343472406900571,TRUE
0.05,882,-0.000988995537399607,0.000488778257406337,-0.00050021727999327,-0.000570248294523777,TRUE
0.05,883,-0.000296179814623926,0.000599594321160736,0.00030341450653681,0.000339186878887098,TRUE
0.05,884,-0.00119452828098306,-0.00015594433580854,-0.0013504726167916,-0.00158382626818966,TRUE
0.05,885,-0.000795646878824611,-0.00101200194505766,-0.00180764882388227,-0.00208160474209474,TRUE
0.05,886,-0.00161253567089228,-0.000893957320771207,-0.00250649299166348,-0.00293578124020938,TRUE
0.05,887,-0.000193164356197636,0.0000111676002358553,-0.000181996755961781,-0.000203890971530062,TRUE
0.05,888,-0.000295429278875873,-0.00054478292376097,-0.000840212202636843,-0.000944101635375048,TRUE
0.05,889,-0.00023900408693178,0.000966266357858636,0.000727262270926856,0.00081389342834313,TRUE
0.05,890,-0.000460666347551422,0.0000723409197420653,-0.000388325427809357,-0.000438692700033285,TRUE
0.05,891,-0.00139600329906712,-0.000037960947292794,-0.00143396424635992,-0.00165326012800014,TRUE
0.05,892,-0.000882770562532489,-0.000540648121566432,-0.00142341868409892,-0.00163415378412577,TRUE
0.05,893,-0.00218135553192153,0.000251886943848277,-0.00192946858807325,-0.00235290452755488,TRUE
0.05,894,-0.00048840889209623,0.0000705894161801652,-0.000417819475916065,-0.000471668297029507,TRUE
0.05,895,-0.000999289261225114,0.000977271712483507,-0.0000220175487416067,-0.0000255281794342473,TRUE
0.05,896,-0.000955026408182076,0.000325128503350663,-0.000629897904831413,-0.000719116069176544,TRUE
0.05,897,-0.00157073034718693,-0.000085027470376298,-0.00165575781756323,-0.00196607909702574,TRUE
0.05,898,-0.000764400195830326,0.000889030021782597,0.000124629825952272,0.000143715978693206,TRUE
0.05,899,-0.00117708078253716,-0.000999564565488948,-0.0021766453480261,-0.00249375907845203,TRUE
0.05,900,-0.000806099958791026,0.000405315094102546,-0.00040078486468848,-0.000452117568434964,TRUE
0.05,901,0.000000421085608223986,0.000928333687043368,0.000928754772651592,0.00103449624505634,TRUE
0.05,902,-0.00056956608429855,0.000209530511169146,-0.000360035573129404,-0.000405803675081758,TRUE
0.05,903,0.000350179433707573,0.000279292980346787,0.000629472414054361,0.000694806974048861,TRUE
0.05,904,-0.000318622456040677,-0.000903500132097509,-0.00122212258813819,-0.00137627587418685,TRUE
0.05,905,-0.000962666344143777,-0.000346327071572339,-0.00130899341571612,-0.00150474162216841,TRUE
0.05,906,-0.000108425772229151,0.0000913954912430813,-0.0000170302809860693,-0.0000190094310444395,TRUE
0.05,907,-0.000900451068109573,-0.00033097628124596,-0.00123142734935553,-0.00138698825840044,TRUE
0.05,908,-0.00143751581616891,-0.000641782673435849,-0.00207929848960475,-0.00241413797202361,TRUE
0.05,909,-0.00116412942587904,-0.00104810336403395,-0.00221223278991298,-0.00250223253952151,TRUE
0.05,910,-0.000887277471702221,0.00118759534379022,0.000300317872088,0.000346542607678793,TRUE
0.05,911,-0.000856575378411683,0.000468799490565312,-0.000387775887846371,-0.000444162234294677,TRUE
0.05,912,-0.00124406410337304,0.0000709619166549403,-0.0011731021867181,-0.00136202389946926,TRUE
0.05,913,-0.000688543713835376,0.000499543093888791,-0.000189000619946585,-0.000215648391368044,TRUE
0.05,914,-0.00270168937046285,-0.000675279428994692,-0.00337696879945754,-0.00417388406730509,TRUE
0.05,915,-0.00127144332278895,-0.000314831207380113,-0.00158627453016906,-0.00183319136193657,TRUE
0.05,916,-0.00249355620635829,-0.00205494092084756,-0.00454849712720585,-0.00562557571828615,TRUE
0.05,917,-0.00193154869557644,0.000055177082198972,-0.00187637161337747,-0.00224312166771647,TRUE
0.05,918,-0.00120618755145976,-0.000830202152550102,-0.00203638970400986,-0.00236461704721794,TRUE
0.05,919,-0.00086493999454209,-0.000107518292491867,-0.000972458287033957,-0.00112583445465309,TRUE
0.05,920,-0.00142760812255811,-0.00107263423826085,-0.00250024236081896,-0.00298765815288206,TRUE
0.05,921,-0.000511688363330928,-0.000112812588755199,-0.000624500952086128,-0.000708400202067551,TRUE
0.05,922,-0.00202265611646043,-0.000904515348100353,-0.00292717146456079,-0.00359704465534273,TRUE
0.05,923,-0.000619347220797232,0.000180498847205549,-0.000438848373591684,-0.000495646794319499,TRUE
0.05,924,-0.00167879482629334,-0.000854634171991303,-0.00253342899828464,-0.00302564253891778,TRUE
0.05,925,-0.00137922047557036,-0.000284620512076367,-0.00166384098764672,-0.00188672041643852,TRUE
0.05,926,-0.000572027792559346,0.000543317638491857,-0.0000287101540674888,-0.0000325689772857447,TRUE
0.05,927,-0.000963114191029746,0.000269891948959723,-0.000693222242070023,-0.000798139955270672,TRUE
0.05,928,-0.000467906363459614,-0.000635280802315653,-0.00110318716577527,-0.00125216482046588,TRUE
0.05,929,0.000432170883452541,0.000763174367470869,0.00119534525092341,0.00130294553548939,TRUE
0.05,930,-0.00172622491138605,-0.000766052415502398,-0.00249227732688845,-0.002961448691697,TRUE
0.05,931,-0.00139470849430227,0.0000291456315770494,-0.00136556286272522,-0.00156554448956073,TRUE
0.05,932,-0.000876599332165894,0.000291575651186965,-0.000585023680978929,-0.000665674391940538,TRUE
0.05,933,-0.00164672135705041,-0.000972037991913119,-0.00261875934896353,-0.00310622318369471,TRUE
0.05,934,-0.000540368418227918,0.000804323076285516,0.000263954658057598,0.000298422446818153,TRUE
0.05,935,-0.00181845744128298,-0.000477380395377131,-0.00229583783666011,-0.00270691963172812,TRUE
0.05,936,-0.000148767707432921,0.000693219876387814,0.000544452168954893,0.000614290450142452,TRUE
0.05,937,-0.000244297647321144,0.000697628706507087,0.000453331059185944,0.000505615166388185,TRUE
0.05,938,-0.00231713364774827,-0.0000983979799996273,-0.0024155316277479,-0.00294370329381644,TRUE
0.05,939,-0.00100750555842055,-0.00103940480152031,-0.00204691035994086,-0.00245400188781714,TRUE
0.05,940,-0.000174780909867373,0.00109563249627793,0.000920851586410553,0.00104692319791551,TRUE
0.05,941,-0.00115047857448861,0.000114086517206289,-0.00103639205728232,-0.00118991079703551,TRUE
0.05,942,-0.000359127164370319,0.000548764841312048,0.000189637676941729,0.000214438211679961,TRUE
0.05,943,-0.00017544382011403,0.000612350103643143,0.000436906283529114,0.000490318858558194,TRUE
0.05,944,-0.00147259842982726,0.00000385983479652817,-0.00146873859503073,-0.00170914918956638,TRUE
0.05,945,-0.00111392701221094,0.000499856025163113,-0.000614070987047828,-0.00070855982860136,TRUE
0.05,946,-0.00195265789337417,0.000388398327363291,-0.00156425956601088,-0.00179883570419188,TRUE
0.05,947,0.0000285676558802817,0.000165186890366932,0.000193754546247214,0.000215000466976564,TRUE
0.05,948,-0.0000254641056883558,-0.0000884801540182676,-0.000113944259706623,-0.000127059899813798,TRUE
0.05,949,-0.000348350673643742,0.00092187749825593,0.000573526824612188,0.000639830661064221,TRUE
0.05,950,-0.00155809141515445,-0.000268417420690213,-0.00182650883584467,-0.00212792490035384,TRUE
0.05,951,-0.000452624725080829,0.000203424085420178,-0.00024920063966065,-0.000281266014571776,TRUE
0.05,952,-0.000683142253510923,0.000135656915516937,-0.000547485337993986,-0.000625630382206512,TRUE
0.05,953,0.00105462476600806,0.00122302409976548,0.00227764886577353,0.00252418885764019,TRUE
0.05,954,-0.000518927436859078,0.000392328796343109,-0.000126598640515969,-0.000143326449241563,TRUE
0.05,955,-0.000287395360154997,0.000907245382436458,0.000619850022281461,0.00069532191211929,TRUE
0.05,956,-0.000510423220224153,-0.00016508510062051,-0.000675508320844663,-0.000764286490735974,TRUE
0.05,957,-0.000661113548042383,0.00083984678543411,0.000178733237391727,0.000203780760263031,TRUE
0.05,958,-0.000795029433650649,-0.0000872990981215892,-0.000882328531772238,-0.00100295889951503,TRUE
0.05,959,0.00044106488394271,0.00109829951003158,0.00153936439397429,0.00169153318600743,TRUE
0.05,960,-0.000602875624116156,-0.00048921333349985,-0.00109208895761601,-0.00124990020332998,TRUE
0.05,961,-0.00197549516376314,-0.000473057535526005,-0.00244855269928914,-0.00288462334951778,TRUE
0.05,962,-0.00120725717969315,-0.000460827601297031,-0.00166808478099018,-0.00193667095199154,TRUE
0.05,963,-0.000996543948734235,0.000533884097088527,-0.000462659851645708,-0.000534969192364882,TRUE
0.05,964,-0.0019497459135389,-0.000159122627490424,-0.00210886854102932,-0.00257398451248365,TRUE
0.05,965,-0.000373233779019618,0.000264416720224341,-0.000108817058795276,-0.000122793594930447,TRUE
0.05,966,-0.000137606651186506,0.000643865377647154,0.000506258726460647,0.000567842646886624,TRUE
0.05,967,-0.000750443437431101,-0.000124535342277824,-0.000874978779708925,-0.000994320503199234,TRUE
0.05,968,-0.00223740895487649,-0.00104552219035878,-0.00328293114523526,-0.00395981199640408,TRUE
0.05,969,-0.000798146697280055,0.000251577760373479,-0.000546568936906577,-0.000621399056989506,TRUE
0.05,970,-0.00133487463575189,0.000078213413683943,-0.00125666122206794,-0.00148632258547606,TRUE
0.05,971,-0.00120237610215948,-0.000511617839602436,-0.00171399394176192,-0.00198759158032486,TRUE
0.05,972,0.000226871781333019,0.000931579065242528,0.00115845084657555,0.00126199454476564,TRUE
0.05,973,-0.00077176220606792,-0.00045610071363418,-0.0012278629197021,-0.00138248390515516,TRUE
0.05,974,-0.00129641974234681,-0.000785470221068885,-0.00208188996341569,-0.00241357548222209,TRUE
0.05,975,-0.00128216612873401,-0.000402954229419546,-0.00168512035815355,-0.00197035117051015,TRUE
0.05,976,-0.000673732773928566,-0.000739828756668803,-0.00141356153059737,-0.00162996167302122,TRUE
0.05,977,-0.000224698959938944,0.000780157057738255,0.00055545809779931,0.000620338586653672,TRUE
0.05,978,-0.00179964692408259,-0.000839544079127121,-0.00263919100320971,-0.0030889809921076,TRUE
0.05,979,-0.00172889638666874,-0.0000044495267106191,-0.00173334591337935,-0.00201762213644253,TRUE
0.05,980,-0.000020765948498383,0.0000212721107296465,0.000000506162231263469,0.000000564098538940147,TRUE
0.05,981,-0.00200167954962369,0.000823796965983497,-0.0011778825836402,-0.00143848540756464,TRUE
0.05,982,-0.0011673239803115,-0.000839997179033322,-0.00200732115934482,-0.00232047452876283,TRUE
0.05,983,-0.0028181064271497,-0.000032018086215461,-0.00285012451336516,-0.00358101713602039,TRUE
0.05,984,-0.001111007405275,-0.0000924743500224488,-0.00120348175529745,-0.00138576504716218,TRUE
0.05,985,-0.00129802985582688,0.000124965373390908,-0.00117306448243597,-0.00137502090277713,TRUE
0.05,986,-0.00152730569468385,-0.00114241286930422,-0.00266971856398807,-0.00313300694072703,TRUE
0.05,987,-0.00203565650437728,-0.000606420233891272,-0.00264207673826855,-0.00313368205136964,TRUE
0.05,988,-0.0000551462170416508,0.000268854923156054,0.000213708706114403,0.000238045899538392,TRUE
0.05,989,-0.00131303509704615,-0.000311291249995935,-0.00162432634704209,-0.00189466121865982,TRUE
0.05,990,-0.00110177482803297,0.000335493160045954,-0.000766281667987014,-0.000889834725436526,TRUE
0.05,991,-0.00126810413380474,-0.000568699019028036,-0.00183680315283278,-0.00217839659538181,TRUE
0.05,992,-0.00146032708834339,0.00035063068586439,-0.001109696402479,-0.00131024850121704,TRUE
0.05,993,-0.00154503308975754,-0.000297319627058753,-0.00184235271681629,-0.00215985327435568,TRUE
0.05,994,-0.00202856878257593,0.000000299688772212228,-0.00202826909380372,-0.00242731057162918,TRUE
0.05,995,0.000199020203801654,0.000347214839990302,0.000546235043791956,0.000605126201861011,TRUE
0.05,996,-0.00241950707207907,-0.000439294458451672,-0.00285880153053074,-0.00355845931406252,TRUE
0.05,997,-0.0010581724001955,-0.000372258812178944,-0.00143043121237444,-0.00165270716904759,TRUE
0.05,998,-0.00138025949844461,-0.0000676254965215943,-0.00144788499496621,-0.00167923447778543,TRUE
0.05,999,-0.000500465860714226,0.000620893722936691,0.000120427862222465,0.00013693320313721,TRUE
0.05,1000,-0.0000467258444330814,-0.000134681403097658,-0.000181407247530739,-0.000202890543209095,TRUE
0.05,1001,-0.00052790297559362,0.000906079840628511,0.000378176865034891,0.000431210814574802,TRUE
0.05,1002,-0.000797544680518289,-0.000325967585891524,-0.00112351226640981,-0.00129086423775832,TRUE
0.05,1003,0.0000429323837514713,0.000800557330991561,0.000843489714743032,0.000933166667780886,TRUE
0.05,1004,-0.00026174299163535,0.000381422447929632,0.000119679456294282,0.000133827832425104,TRUE
0.05,1005,-0.00169195678229137,0.000292204209313619,-0.00139975257297775,-0.00164666895330751,TRUE
0.05,1006,0.000303969548090456,-0.000357390815158192,-0.0000534212670677354,-0.0000592925287979451,TRUE
0.05,1007,0.000360665416039693,0.000224624057680739,0.000585289473720432,0.00064368170832367,TRUE
0.05,1008,-0.0024773504033119,-0.000706399033110006,-0.00318374943642191,-0.00389187628485161,TRUE
0.05,1009,-0.00153050286694017,-0.000282667005670988,-0.00181316987261116,-0.00214809640304724,TRUE
0.05,1010,-0.000598553690203989,0.0000945416570436663,-0.000504012033160323,-0.000571133634245616,TRUE
0.05,1011,-0.000453289065587375,0.000555105111653656,0.000101816046066281,0.000115090700317946,TRUE
0.05,1012,-0.000735536319518862,0.000794499431328972,0.0000589631118101102,0.0000675949815257101,TRUE
0.05,1013,-0.000614499939328388,-0.000252127128361431,-0.000866627067689818,-0.000980520539347646,TRUE
0.05,1014,-0.00123338948371624,0.00052072336326475,-0.000712666120451487,-0.000826165292498459,TRUE
0.05,1015,-0.000667008760385129,0.00134237857944907,0.000675369819063942,0.000773278367897886,TRUE
0.05,1016,-0.00133117997413506,-0.0012438041490955,-0.00257498412323055,-0.00300440960490501,TRUE
0.05,1017,-0.0017174373688837,-0.00138490980390617,-0.00310234717278987,-0.00367061931156306,TRUE
0.05,1018,-0.000598828716543358,0.000124489984106635,-0.000474338732436724,-0.000537410094195381,TRUE
0.05,1019,-0.00198819363328757,-0.00105306781909648,-0.00304126145238405,-0.00358488017094809,TRUE
0.05,1020,-0.000986888359646117,0.000656280203494746,-0.000330608156151371,-0.000379879634864544,TRUE
0.05,1021,-0.00103402454572135,-0.000436696942693036,-0.00147072148841439,-0.00170024285163829,TRUE
0.05,1022,-0.00154390237511572,-0.00117696470187879,-0.00272086707699451,-0.00323535106531854,TRUE
0.05,1023,0.0000784823925697118,0.000892105173183639,0.000970587565753351,0.00109215666399624,TRUE
0.05,1024,-0.000934628422676289,-0.0014141585392549,-0.00234878696193119,-0.00273994104016613,TRUE
0.05,1025,-0.00199041878704406,-0.000958171301199398,-0.00294859008824346,-0.00363441629121269,TRUE
0.05,1026,-0.000400463469156706,-0.000277625920238576,-0.000678089389395282,-0.000764898840096102,TRUE
0.05,1027,-0.000655558155389598,0.000445421087030172,-0.000210137068359426,-0.000239266332758684,TRUE
0.05,1028,-0.000754522791846576,0.000456046752662894,-0.000298476039183682,-0.000337843086617035,TRUE
0.05,1029,-0.000517744353194412,-0.000357095681384307,-0.000874840034578719,-0.000999360838986297,TRUE
0.05,1030,-0.000199089950581433,0.000733673764865093,0.00053458381428366,0.000601568224048667,TRUE
0.05,1031,-0.00139716434095913,-0.000433755206456781,-0.00183091954741591,-0.0021336040609774,TRUE
0.05,1032,-0.000910662006666514,-0.000157092032759829,-0.00106775403942634,-0.00121930149273084,TRUE
0.05,1033,0.000158981871784436,0.00148766646772062,0.00164664833950506,0.0018533718449671,TRUE
0.05,1034,-0.00181152661139918,-0.00036975355229316,-0.00218128016369234,-0.0025965287991729,TRUE
0.05,1035,-0.00159477681859207,-0.00173225413263236,-0.00332703095122442,-0.00386677519132762,TRUE
0.05,1036,0.000192631892010977,0.000289166720995288,0.000481798613006265,0.000535126015935761,TRUE
0.05,1037,-0.000715854721487045,-0.000784490033824582,-0.00150034475531163,-0.00175358215789146,TRUE
0.05,1038,-0.000343880563165573,-0.00094683689921433,-0.0012907174623799,-0.00147168790170342,TRUE
0.05,1039,-0.00154292876887626,-0.00115644193142455,-0.00269937070030081,-0.00317234943715795,TRUE
0.05,1040,-0.000954334882069429,0.000554480653382823,-0.000399854228686606,-0.000466930591321074,TRUE
0.05,1041,-0.00135673394258289,-0.000746307948841719,-0.00210304189142461,-0.00247900439155095,TRUE
0.05,1042,-0.00122226948690992,-0.000291138858882225,-0.00151340834579215,-0.00175744185461394,TRUE
0.05,1043,-0.000610905806075259,-0.000986212428387573,-0.00159711823446283,-0.00182045449663584,TRUE
0.05,1044,-0.000248060809390961,0.000398885020027392,0.000150824210636431,0.000168434118376627,TRUE
0.05,1045,-0.00151367714636305,0.000378632496244287,-0.00113504465011876,-0.00134519338111604,TRUE
0.05,1046,-0.00179441983980597,0.000162315293897017,-0.00163210454590895,-0.00194151059356417,TRUE
0.05,1047,0.0000453562701112818,0.00186792926382912,0.00191328553394041,0.00213435174869357,TRUE
0.05,1048,-0.00100791075263874,0.000177878993930387,-0.000830031758708349,-0.000953512436599625,TRUE
0.05,1049,-0.00115409662836266,0.000715440457666377,-0.000438656170696282,-0.000507220860678746,TRUE
0.05,1050,-0.00152185354631801,-0.00196703103259474,-0.00348888457891275,-0.00401981309800814,TRUE
0.05,1051,-0.00187097884100321,-0.000903751014982698,-0.00277472985598591,-0.00330394187027563,TRUE
0.05,1052,-0.000288842353250325,0.000650784898497607,0.000361942545247282,0.00040838785169321,TRUE
0.05,1053,-0.00000600162621244361,0.000390544501544094,0.000384542875331651,0.000428612321178597,TRUE
0.05,1054,-0.00141008891891943,-0.000949284795077017,-0.00235937371399645,-0.00280712726698517,TRUE
0.05,1055,-0.000143874934439036,0.000486173528522055,0.00034229859408302,0.000380389489278121,TRUE
0.05,1056,-0.00137870926157457,-0.000478007646287167,-0.00185671690786174,-0.0022061380716796,TRUE
0.05,1057,-0.00112619670079276,0.000640234453435071,-0.000485962247357692,-0.000564513132981509,TRUE
0.05,1058,-0.00183365874029981,0.000385448681080104,-0.0014482100592197,-0.00174530598951988,TRUE
0.05,1059,-0.00163866254969568,-0.000211729690149878,-0.00185039223984556,-0.00214330135697063,TRUE
0.05,1060,-0.00111381229288513,0.000066905380775292,-0.00104690691210983,-0.00120331084570401,TRUE
0.05,1061,-0.000494256239894791,-0.000209929510716235,-0.000704185750611026,-0.00079510414873056,TRUE
0.05,1062,-0.000592429980727437,0.000769507351751338,0.000177077371023902,0.000200501676713807,TRUE
0.05,1063,-0.00036244072748337,0.000107915270999017,-0.000254525456484353,-0.000286121097818085,TRUE
0.05,1064,-0.000203693051056584,0.0004552802770633,0.000251587226006716,0.000281993824468038,TRUE
0.05,1065,-0.000873557529241602,0.000404498321848932,-0.00046905920739267,-0.000536357469711466,TRUE
0.05,1066,-0.000175684004078335,0.000491613151686223,0.000315929147607888,0.000352233069808863,TRUE
0.05,1067,-0.00160135050354488,-0.000106835419667835,-0.00170818592321272,-0.00197913137002148,TRUE
0.05,1068,-0.00065908501595902,-0.0000621897882043854,-0.000721274804163405,-0.000822536131525191,TRUE
0.05,1069,0.000256407168540045,-0.000476112103100415,-0.00021970493456037,-0.000246080815347268,TRUE
0.05,1070,-0.00144166119099228,-0.000125008263195577,-0.00156666945418785,-0.00183036619433627,TRUE
0.05,1071,-0.000553124272084212,0.000925139585894496,0.000372015313810284,0.00042373070789469,TRUE
0.05,1072,-0.00119463977167506,0.000112294809876815,-0.00108234496179825,-0.00125573258294932,TRUE
0.05,1073,-0.00109407901823431,0.000218291885821646,-0.000875787132412663,-0.00100681470944749,TRUE
0.05,1074,-0.00108761894568316,0.0000250693139546652,-0.00106254963172849,-0.0012277256389573,TRUE
0.05,1075,0.000357959195839363,0.000899132438704549,0.00125709163454391,0.00136443882208019,TRUE
0.05,1076,-0.000811860349823471,-0.000121814147091363,-0.000933674496914834,-0.00106629940860535,TRUE
0.05,1077,-0.00101855682977593,0.0000468963254706187,-0.000971660504305311,-0.00111289496494271,TRUE
0.05,1078,-0.0010557720565664,-0.00110211294951089,-0.00215788500607728,-0.00252199200139047,TRUE
0.05,1079,-0.000890227199820015,0.000524497970427546,-0.000365729229392469,-0.000415465828218307,TRUE
0.05,1080,0.000111053421586389,0.000163028823452274,0.000274082245038662,0.000303790136854933,TRUE
0.05,1081,-0.00177999118365583,-0.00101372569901897,-0.0027937168826748,-0.00330367775083868,TRUE
0.05,1082,-0.00182170022866156,-0.00119831961791046,-0.00302001984657202,-0.0035799638530343,TRUE
0.05,1083,-0.00126402246544604,-0.000798881223968873,-0.00206290368941491,-0.00240641931509326,TRUE
0.05,1084,0.000281613647758794,0.000889082719065735,0.00117069636682453,0.00127716298533682,TRUE
0.05,1085,-0.00133573257197705,0.000240338156681207,-0.00109539441529584,-0.00127465728110312,TRUE
0.05,1086,-0.0000236801796019654,0.000300990575183657,0.000277310395581691,0.00030842056879889,TRUE
0.05,1087,-0.000862618460162614,0.000316718244781041,-0.000545900215381573,-0.000624611640922448,TRUE
0.05,1088,0.000517952315489875,0.000783115705795355,0.00130106802128523,0.00143694473644523,TRUE
0.05,1089,-0.0013687617200291,-0.00137682323855936,-0.00274558495858847,-0.00321806356780129,TRUE
0.05,1090,-0.00128785722205767,0.00015573308214689,-0.00113212413991078,-0.00131074755247858,TRUE
0.05,1091,-0.00181810916515262,0.000436518122490826,-0.00138159104266179,-0.00163397279065609,TRUE
0.05,1092,-0.00160156753218889,-0.000341111259105019,-0.00194267879129391,-0.00226731828914944,TRUE
0.05,1093,-0.00110324603696607,0.000557517881491285,-0.000545728155474787,-0.000640650727397655,TRUE
0.05,1094,-0.00000126758078804088,0.00091110110688618,0.000909833526098139,0.00100933007577063,TRUE
0.05,1095,-0.00221515578368721,-0.000311277086879511,-0.00252643287056672,-0.00301991279344205,TRUE
0.05,1096,-0.00124176783399356,-0.000230622795156226,-0.00147239062914979,-0.00169613033102216,TRUE
0.05,1097,-0.00074641423848823,0.0000663225841098277,-0.000680091654378403,-0.000778552293980638,TRUE
0.05,1098,-0.00140422323727849,0.000757163615089401,-0.00064705962218909,-0.000757494708225563,TRUE
0.05,1099,-0.00201634209444366,-0.000595431772821499,-0.00261177386726516,-0.00318587314440628,TRUE
0.05,1100,-0.00153882620978437,-0.00023236488536534,-0.00177119109514971,-0.00207802904883297,TRUE
0.05,1101,-0.00116106166837766,-0.000457413660655391,-0.00161847532903306,-0.00187698770399302,TRUE
0.05,1102,-0.000628138169049349,0.000739477694464643,0.000111339525415295,0.000129025717636993,TRUE
0.05,1103,-0.00044555811671701,-0.00065876289321261,-0.00110432100992962,-0.00124794790045313,TRUE
0.05,1104,-0.0010025841650562,0.000100086843980868,-0.000902497321075333,-0.00103185730718191,TRUE
0.05,1105,-0.000950174408939751,-0.000361819400756534,-0.00131199380969628,-0.00150265354489695,TRUE
0.05,1106,-0.000357383901993968,0.000844835969052928,0.000487452067058959,0.00054718237724991,TRUE
0.05,1107,-0.0013072252497268,0.0000735053906917824,-0.00123371985903502,-0.00144085251485674,TRUE
0.05,1108,-0.000898974327861173,0.000492033090851875,-0.000406941237009299,-0.000464843945960692,TRUE
0.05,1109,-0.00216208539977492,-0.00082840498893812,-0.00299049038871304,-0.0035915923591003,TRUE
0.05,1110,-0.0000483609286767218,0.00012395771012889,0.0000755967814521684,0.0000841388644429088,TRUE
0.05,1111,-0.0014713363071689,-0.000215544041495979,-0.00168688034866487,-0.00195286659880236,TRUE
0.05,1112,-0.0017947078122551,0.00053961961963578,-0.00125508819261932,-0.00148837732928275,TRUE
0.05,1113,-0.00100215182840083,-0.000889944557764022,-0.00189209638616485,-0.00211884813967745,TRUE
0.05,1114,-0.0019944527316854,-0.000547164828802627,-0.00254161756048802,-0.0030307040242249,TRUE
0.05,1115,-0.0016406122771984,-0.00141611527237883,-0.00305672754957722,-0.0037202702770464,TRUE
0.05,1116,-0.00196386120221243,-0.000159152773041492,-0.00212301397525392,-0.00258351146099113,TRUE
0.05,1117,0.000133085989399348,0.00127618684635808,0.00140927283575743,0.00157141484883856,TRUE
0.05,1118,-0.0011032791667728,-0.000150764712796423,-0.00125404387956922,-0.0014285772836403,TRUE
0.05,1119,-0.00081644827707392,-0.0000857243414147265,-0.000902172618488646,-0.0010315753002702,TRUE
0.05,1120,0.000271278448405148,-0.0000377392159103075,0.000233539232494841,0.00025882080510985,TRUE
0.05,1121,-0.000659065372443668,0.000441751134719846,-0.000217314237723822,-0.000247809921412884,TRUE
0.05,1122,-0.000375523972071366,0.000736680051636151,0.000361156079564786,0.00040656887834285,TRUE
0.05,1123,-0.00111538084876915,0.000406912524844148,-0.000708468323925002,-0.000822915529976548,TRUE
0.05,1124,-0.0019071344494667,-0.000542202423327806,-0.00244933687279451,-0.0028914949346433,TRUE
0.05,1125,-0.00216488146916993,-0.000158417936104844,-0.00232329940527478,-0.00283100539828373,TRUE
0.05,1126,-0.00116386979386982,-0.000831366753431362,-0.00199523654730118,-0.00233976231778599,TRUE
0.05,1127,-0.000142851602020008,-0.000628990537338846,-0.000771842139358854,-0.000866914737742733,TRUE
0.05,1128,-0.00225488868462869,-0.00155065086567096,-0.00380553955029965,-0.00461290231368824,TRUE
0.05,1129,-0.00133352157082695,-0.0003492389854562,-0.00168276055628315,-0.00193801498131995,TRUE
0.05,1130,-0.00059087680585623,-0.000245291649425539,-0.000836168455281769,-0.000954955427592367,TRUE
0.05,1131,-0.00206831097088876,-0.00127702913170054,-0.0033453401025893,-0.00393022639436186,TRUE
0.05,1132,-0.00108815385670993,0.000619190516438616,-0.000468963340271315,-0.000544672573076642,TRUE
0.05,1133,-0.00052758017491228,-0.000297274904230289,-0.000824855079142569,-0.000936564212767131,TRUE
0.05,1134,-0.00111323856833846,-0.000486663395020876,-0.00159990196335934,-0.00182746860366444,TRUE
0.05,1135,-0.000427155485420987,-0.000280570881597036,-0.000707726367018023,-0.000796859119296922,TRUE
0.05,1136,-0.00122222881040048,-0.00020310978790282,-0.0014253385983033,-0.00166539424604711,TRUE
0.05,1137,0.000116873777704691,0.00170441180502567,0.00182128558273036,0.00203642048252484,TRUE
0.05,1138,-0.00252469940148197,0.000995372378233165,-0.0015293270232488,-0.00193023437119667,TRUE
0.05,1139,-0.00147932326038219,-0.000360918200652449,-0.00184024146103463,-0.00218223177886316,TRUE
0.05,1140,-0.000820411795096863,-0.000283512761848659,-0.00110392455694552,-0.00124662205646732,TRUE
0.05,1141,-0.00141089234583962,-0.00061617480731608,-0.0020270671531557,-0.00239696431563358,TRUE
0.05,1142,-0.000396559298660782,-0.000200288123081719,-0.0005968474217425,-0.00067275353482791,TRUE
0.05,1143,-0.00102404018579473,-0.000380449856466739,-0.00140449004226147,-0.00161836850626949,TRUE
0.05,1144,-0.0000402705082909807,-0.000589052027762443,-0.000629322536053424,-0.000704022136465151,TRUE
0.05,1145,-0.00155800156072695,-0.00013179268108115,-0.0016897942418081,-0.00200533346601071,TRUE
0.05,1146,0.000586632512846993,0.000101322830473928,0.00068795534332092,0.000762627925644996,TRUE
0.05,1147,-0.000467295720529695,0.00106091522440873,0.000593619503879032,0.000664427293256573,TRUE
0.05,1148,-0.000938523342952996,-0.000527731974322525,-0.00146625531727552,-0.00164771095984555,TRUE
0.05,1149,-0.00155460409240602,-0.000211165796038775,-0.0017657698884448,-0.00212249937216144,TRUE
0.05,1150,-0.00112933015559488,0.000694450545895254,-0.00043487960969963,-0.000493569117057328,TRUE
0.05,1151,-0.000724871711767451,-0.000056778693122758,-0.000781650404890209,-0.00088481450278333,TRUE
0.05,1152,-0.0000111004760943033,0.000759437780987126,0.000748337304892823,0.000831041869737986,TRUE
0.05,1153,-0.00042484472002571,0.000500011659646746,0.0000751669396210354,0.0000846868245435225,TRUE
0.05,1154,-0.000240402201564161,0.00034649463924012,0.000106092437675959,0.000118415376136669,TRUE
0.05,1155,-0.00102190750460828,0.000538341342404179,-0.000483566162204105,-0.000551421228902238,TRUE
0.05,1156,-0.00159557247410697,-0.000845320954615706,-0.00244089342872268,-0.00286241047573318,TRUE
0.05,1157,-0.00169997115164073,-0.00034203238709646,-0.00204200353873719,-0.00246875299252829,TRUE
0.05,1158,-0.000658470253062214,0.000279914980605229,-0.000378555272456986,-0.000431959194030195,TRUE
0.05,1159,0.000297722201928654,0.000148012824079141,0.000445735026007795,0.000493577039409475,TRUE
0.05,1160,-0.0000822913508898387,0.00053303216541877,0.000450740814528932,0.000503235859851886,TRUE
0.05,1161,-0.00154028719735327,-0.000543414278561901,-0.00208370147591517,-0.00240024532819714,TRUE
0.05,1162,-0.000898258762853039,-0.000455709417491278,-0.00135396818034432,-0.00157978910209229,TRUE
0.05,1163,-0.00115133150880069,-0.00112997292338495,-0.00228130443218564,-0.00260859171232885,TRUE
0.05,1164,-0.000685139813493426,-0.000410558590214213,-0.00109569840370764,-0.00125414553635677,TRUE
0.05,1165,0.000108902141484497,0.000532738868001705,0.000641641009486203,0.000705461296882007,TRUE
0.05,1166,-0.000639529731903894,0.000292830142762424,-0.000346699589141471,-0.00039269043687881,TRUE
0.05,1167,-0.000882237936219219,0.000279235625373091,-0.000603002310846128,-0.000690389095161249,TRUE
0.05,1168,-0.001066690727612,0.000435726050408641,-0.000630964677203363,-0.000731519788003681,TRUE
0.05,1169,-0.00121697123565173,0.000467425674121411,-0.000749545561530314,-0.000863471796217495,TRUE
0.05,1170,-0.00144650101694552,0.000763024992081809,-0.000683476024863711,-0.000803747850756901,TRUE
0.05,1171,-0.000556161966309891,-0.000547153342103853,-0.00110331530841374,-0.00126558900951571,TRUE
0.05,1172,-0.00177622196986401,-0.000765125132724837,-0.00254134710258885,-0.00298055046817679,TRUE
0.05,1173,-0.0000368414851410173,0.000740969620879353,0.000704128135738336,0.000786317462709483,TRUE
0.05,1174,-0.00000124400925438496,0.000844826968923817,0.000843582959669432,0.000934884640223087,TRUE
0.05,1175,-0.000538005733791705,-0.000342637956510195,-0.0008806436903019,-0.000997223171384398,TRUE
0.05,1176,-0.000609707263460793,-0.000727382087267441,-0.00133708935072823,-0.00153246264036391,TRUE
0.05,1177,-0.00135885873532868,-0.00022603733536638,-0.00158489607069506,-0.00182714602106752,TRUE
0.05,1178,-0.00016595205512427,0.000790781751984031,0.000624829696859761,0.000698378976838773,TRUE
0.05,1179,-0.00126854696168386,-0.00019187879068677,-0.00146042575237063,-0.00168947622270844,TRUE
0.05,1180,-0.00106209539758854,0.000389399111716165,-0.000672696285872374,-0.000772214981749622,TRUE
0.05,1181,-0.00199471896066422,-0.00103081245639293,-0.00302553141705715,-0.00351107307765419,TRUE
0.05,1182,-0.0011646146456847,0.000459632636300372,-0.000704982009384324,-0.000819511549650161,TRUE
0.05,1183,-0.00143744749177334,-0.00115475671870101,-0.00259220421047435,-0.00299820470639971,TRUE
0.05,1184,-0.00230518740909072,-0.000534313500805377,-0.0028395009098961,-0.00349427901043061,TRUE
0.05,1185,-0.000584690264704053,-0.000433890856539734,-0.00101858112124379,-0.0011616350697492,TRUE
0.05,1186,-0.00185863974915177,-0.000639766687571329,-0.0024984064367231,-0.00302408768079616,TRUE
0.05,1187,-0.00121102883297983,-0.000369599113522672,-0.0015806279465025,-0.00185791533981655,TRUE
0.05,1188,-0.000961766733283123,-0.00000340375062209732,-0.00096517048390522,-0.00112513336858949,TRUE
0.05,1189,-0.000173425626988947,-0.000179043787811679,-0.000352469414800627,-0.000395314019195731,TRUE
0.05,1190,-0.00145911241436217,-0.00126794877115543,-0.0027270611855176,-0.00321677376391574,TRUE
0.05,1191,-0.00155588977694236,-0.000320112929800818,-0.00187600270674318,-0.00220492351732833,TRUE
0.05,1192,-0.000647802515060382,0.000587994647832727,-0.0000598078672276544,-0.0000677277170792556,TRUE
0.05,1193,-0.0018821678601555,-0.00100265021578251,-0.00288481807593801,-0.00343531767916312,TRUE
0.05,1194,-0.000271731173463509,-0.000138778973171233,-0.000410510146634741,-0.000459865151366035,TRUE
0.05,1195,-0.000922695076425448,0.000153126873717884,-0.000769568202707564,-0.00088742023188798,TRUE
0.05,1196,-0.000269311048617301,0.000464284424383497,0.000194973375766196,0.000219078696527699,TRUE
0.05,1197,-0.000524193300632302,-0.00100790606264166,-0.00153209936327397,-0.00173597086890128,TRUE
0.05,1198,-0.000654867655689296,-0.00045725737241365,-0.00111212502810295,-0.00125167078430166,TRUE
0.05,1199,-0.000566116854123069,-0.0000261712562956336,-0.000592288110418703,-0.000672863522462487,TRUE
0.05,1200,-0.000223762594550087,0.000214805320236976,-0.00000895727431311072,-0.0000100148512082149,TRUE
0.05,1201,-0.00182415946389213,-0.000315410353431193,-0.00213956981732332,-0.00254347050723755,TRUE
0.05,1202,-0.000250570696365613,-0.000292481454532712,-0.000543052150898325,-0.000609514266329703,TRUE
0.05,1203,-0.000432563921464511,0.000531498097033614,0.0000989341755691033,0.000111950748805483,TRUE
0.05,1204,-0.000532900030121383,-0.000829941737882031,-0.00136284176800341,-0.00154899637343868,TRUE
0.05,1205,-0.00070583474679308,-0.000646043973304208,-0.00135187872009729,-0.00153714785197389,TRUE
0.05,1206,-0.00058739775814883,0.000249967477793742,-0.000337430280355088,-0.000382840717395782,TRUE
0.05,1207,-0.00162572152072113,0.0000914918488709363,-0.0015342296718502,-0.00178665961506598,TRUE
0.05,1208,-0.000329807435889909,-0.00106283244364629,-0.0013926398795362,-0.00157706802641357,TRUE
0.05,1209,-0.000809640242247153,-0.000309037092426439,-0.00111867733467359,-0.00128901178103079,TRUE
0.05,1210,-0.00130186001068509,-0.0000544454914362484,-0.00135630550212133,-0.0015723223283586,TRUE
0.05,1211,-0.00146339290230935,-0.000578475859228116,-0.00204186876153747,-0.00241816279920025,TRUE
0.05,1212,-0.00193441156564648,-0.00136336844496601,-0.00329778001061249,-0.0039697024775095,TRUE
0.05,1213,-0.000971481197266342,0.000476941161154777,-0.000494540036111566,-0.000569258032228799,TRUE
0.05,1214,-0.000858895138210221,0.000179114594917105,-0.000679780543293115,-0.000771184124482586,TRUE
0.05,1215,-0.00239639047050666,-0.00127572608351862,-0.00367211655402527,-0.00432947818213463,TRUE
0.05,1216,-0.000783757225987871,-0.000417890360304991,-0.00120164758629286,-0.00136797424075361,TRUE
0.05,1217,-0.00226234336039364,-0.000768679391464431,-0.00303102275185808,-0.00362690104218232,TRUE
0.05,1218,-0.00100943212940954,-0.000228846123682517,-0.00123827825309205,-0.0014297929585073,TRUE
0.05,1219,-0.00174889540784406,0.000203886652370039,-0.00154500875547402,-0.0018136600180031,TRUE
0.05,1220,-0.000299996795991549,-0.000303231405173495,-0.000603228201165044,-0.000681464266554705,TRUE
0.05,1221,-0.00155311888591825,-0.00154774658103051,-0.00310086546694876,-0.00355287930326388,TRUE
0.05,1222,-0.000296669377997848,-0.000430857527297017,-0.000727526905294865,-0.00082009773663068,TRUE
0.05,1223,-0.000356995853467684,-0.0000239630325757312,-0.000380958886043415,-0.000429317409004517,TRUE
0.05,1224,-0.00132594733458137,0.000224620965731135,-0.00110132636885023,-0.00128694622979768,TRUE
0.05,1225,-0.000532090878856824,-0.000692662818911424,-0.00122475369776825,-0.00141143998479103,TRUE
0.05,1226,-0.000890261180913494,0.000798276081659456,-0.0000919850992540373,-0.000106479280530759,TRUE
0.05,1227,-0.00211537028968497,-0.000959757306989876,-0.00307512759667484,-0.00372305091449755,TRUE
0.05,1228,-0.000803140613974522,-0.00000668526097406211,-0.000809825874948584,-0.000920167701847827,TRUE
0.05,1229,-0.00257886457080032,-0.000480747721825979,-0.0030596122926263,-0.00379150546825399,TRUE
0.05,1230,-0.000783424790216926,0.000627414231962479,-0.000156010558254447,-0.000177882877135871,TRUE
0.05,1231,-0.00163384953457401,0.000362728734352377,-0.00127112080022163,-0.00150962498706843,TRUE
0.05,1232,-0.00129516181043459,-0.000284580012994969,-0.00157974182342955,-0.00184161926985038,TRUE
0.05,1233,-0.00182126887105799,0.000146647349811053,-0.00167462152124693,-0.00202112347052561,TRUE
0.05,1234,-0.0015147272178838,-0.000725353070343369,-0.00224008028822717,-0.00266142790553545,TRUE
0.05,1235,0.000239205525676957,0.00121960792368704,0.00145881344936399,0.00158827049812958,TRUE
0.05,1236,0.000339193137958869,0.000561062112468442,0.000900255250427311,0.000994761552992143,TRUE
0.05,1237,-0.00047004899254138,-0.000447221377924454,-0.000917270370465833,-0.00103758355579243,TRUE
0.05,1238,-0.00121593449044556,-0.000819076474886065,-0.00203501096533162,-0.00236913823671084,TRUE
0.05,1239,-0.00119812549680747,-0.000171027852613364,-0.00136915334942084,-0.00156510203867621,TRUE
0.05,1240,-0.000889961932194229,0.00091945857309433,0.000029496640900101,0.0000341689574623502,TRUE
0.05,1241,-0.00140833918262917,0.000228665048076091,-0.00117967413455308,-0.00136377234792205,TRUE
0.05,1242,-0.000799460850091748,-0.000148361940965219,-0.000947822791056968,-0.00108148328218227,TRUE
0.05,1243,-0.00151614697279088,-0.000601757627323185,-0.00211790460011407,-0.00247664742499526,TRUE
0.05,1244,-0.00184988100118694,-0.000566911769923417,-0.00241679277111035,-0.00287519462140335,TRUE
0.05,1245,-0.00163933002743185,-0.000936992241352915,-0.00257632226878477,-0.00304076576408087,TRUE
0.05,1246,-0.0000547257070488944,0.00018110632097134,0.000126380613922445,0.000140338237343683,TRUE
0.05,1247,-0.00061516724805089,0.000233845149812847,-0.000381322098238043,-0.000435465470359469,TRUE
0.05,1248,-0.00133574689245301,0.0000309010371769965,-0.00130484585527602,-0.0015022649167156,TRUE
0.05,1249,0.000128256485543863,0.00061331362604185,0.000741570111585713,0.0008127462706318,TRUE
0.05,1250,-0.00022319922966518,0.000532693052687729,0.000309493823022548,0.000348086137373071,TRUE
0.05,1251,-0.0011563407957898,0.0000245207842228781,-0.00113182001156692,-0.00131281072396215,TRUE
0.05,1252,-0.00135318111971289,0.000190898449144827,-0.00116228267056806,-0.0013588079611874,TRUE
0.05,1253,-0.000313675596170912,0.0000644774835756056,-0.000249198112595306,-0.00027898308318272,TRUE
0.05,1254,-0.000359021442315564,0.00163603084335351,0.00127700940103795,0.00148796978044757,TRUE
0.05,1255,-0.00139949369157234,0.000187360363891801,-0.00121213332768054,-0.00141252599228557,TRUE
0.05,1256,-0.00198167992163382,-0.000209862147592906,-0.00219154206922673,-0.00267658483736002,TRUE
0.05,1257,-0.000943915786979365,-0.000342724733659675,-0.00128664052063904,-0.00147410258512364,TRUE
0.05,1258,-0.000939818924231748,-0.00220351028733716,-0.00314332921156891,-0.00369044278133194,TRUE
0.05,1259,0.000409261519460326,0.000249180795540476,0.000658442315000802,0.000727693778203275,TRUE
0.05,1260,0.0000200181038493704,-0.000206978109799104,-0.000186960005949734,-0.000208958710800365,TRUE
0.05,1261,-0.000165177170874314,0.000192213847844746,0.0000270366769704315,0.0000302259571146974,TRUE
0.05,1262,-0.000875298018920472,-0.000158709330904757,-0.00103400734982523,-0.00117452164280145,TRUE
0.05,1263,0.000103226257904485,-0.0000758414636428733,0.000027384794261612,0.0000304426487262876,TRUE
0.05,1264,-0.00080484111012998,-0.000579745045005635,-0.00138458615513561,-0.00159267161407313,TRUE
0.05,1265,-0.00134298017642206,-0.000378843830482022,-0.00172182400690408,-0.00198703751399639,TRUE
0.05,1266,-0.000407232746713641,0.000381459554744209,-0.0000257731919694323,-0.0000291407914905074,TRUE
0.05,1267,-0.000653833074867889,-0.000410480267314846,-0.00106431334218273,-0.00121745694585941,TRUE
0.05,1268,-0.00018281720176139,-0.000155171407753841,-0.000337988609515231,-0.000378896338484115,TRUE
0.05,1269,-0.00112589249923117,0.000398863643248285,-0.000727028855982887,-0.000841668773169942,TRUE
0.05,1270,-0.00105626900869044,-0.000365711140466843,-0.00142198014915728,-0.0016279905154218,TRUE
0.05,1271,-0.000783846063288982,-0.00024688467843529,-0.00103073074172427,-0.00117218544361641,TRUE
0.05,1272,-0.000545052744249505,0.000377711128163992,-0.000167341616085512,-0.000189223265661175,TRUE
0.05,1273,-0.0000594873610687785,-0.000487212996882918,-0.000546700357951697,-0.000608077586428085,TRUE
0.05,1274,-0.000918839775966907,0.0000970448445431707,-0.000821794931423736,-0.0009517026469771,TRUE
0.05,1275,-0.00109517192855679,-0.000344900564276585,-0.00144007249283338,-0.00167281957909511,TRUE
0.05,1276,-0.000490767642669975,-0.000638668480729838,-0.00112943612339981,-0.00129275202362223,TRUE
0.05,1277,-0.00041042772178562,0.000515648835742727,0.000105221113957107,0.000118252934644939,TRUE
0.05,1278,-0.000430494713610541,0.000147861195251691,-0.00028263351835885,-0.000318469514948261,TRUE
0.05,1279,-0.000733020964185114,-0.000166910346142887,-0.000899931310328001,-0.00101892018663347,TRUE
0.05,1280,-0.000193825571639898,0.000500896913863357,0.000307071342223458,0.000342883306697133,TRUE
0.05,1281,-0.000335411242596915,-0.0000948838594967416,-0.000430295102093657,-0.000483700550186796,TRUE
0.05,1282,-0.00105637585131714,0.00129324289088997,0.000236867039572835,0.000272893834800889,TRUE
0.05,1283,-0.00141304020257468,0.000423584449982052,-0.000989455752592629,-0.00115037632740561,TRUE
0.05,1284,-0.00116820555334346,-0.000428119012763189,-0.00159632456610665,-0.00182322762028372,TRUE
0.05,1285,-0.00135558883910795,-0.00123212651352588,-0.00258771535263384,-0.00309955659879747,TRUE
0.05,1286,-0.00143367100983692,0.00021453122578134,-0.00121913978405558,-0.0014330436284496,TRUE
0.05,1287,-0.000808761296616504,0.00113097087399353,0.000322209577377022,0.000375502282392751,TRUE
0.05,1288,-0.00191145405984408,0.000179639524497839,-0.00173181453534624,-0.00205909921737398,TRUE
0.05,1289,-0.00105725448312194,0.00030986935365324,-0.000747385129468701,-0.000867568237463325,TRUE
0.05,1290,-0.0012209718709169,0.000209853245152328,-0.00101111862576457,-0.00119523892918871,TRUE
0.05,1291,-0.000492661049356242,-0.000345696221828872,-0.000838357271185115,-0.000952329317956759,TRUE
0.05,1292,-0.000720602639395909,0.0000713905201574208,-0.000649212119238488,-0.000738334779856672,TRUE
0.05,1293,-0.000838581976262286,-0.0000726394311987593,-0.000911221407461045,-0.00104010472799545,TRUE
0.05,1294,-0.00122017896110041,0.0011109811412841,-0.000109197819816319,-0.000129054471003762,TRUE
0.05,1295,-0.00101980508241592,0.000175634995933636,-0.000844170086482286,-0.000974744219792037,TRUE
0.05,1296,-0.0000457660718710258,0.000300892876466813,0.000255126804595787,0.000283916081235505,TRUE
0.05,1297,-0.000346657848024272,0.000788822349903079,0.000442164501878807,0.000497467191920875,TRUE
0.05,1298,-0.00080959895366416,-0.000205022841343408,-0.00101462179500757,-0.00115917905011876,TRUE
0.05,1299,-0.000594963333617713,0.000165401553628365,-0.000429561779989348,-0.000483938431481639,TRUE
0.05,1300,-0.00136030897546445,-0.0010661668639683,-0.00242647583943276,-0.00281554501192668,TRUE
0.05,1301,-0.00131796673793054,0.000018852754179539,-0.001299113983751,-0.00150081624006106,TRUE
0.05,1302,0.00054220788876858,-0.0000558907227963867,0.000486317165972193,0.000535499206027331,TRUE
0.05,1303,-0.000985066777729091,0.000256701153951014,-0.000728365623778077,-0.000833113687437204,TRUE
0.05,1304,-0.000986522146655932,-0.000782372430672076,-0.00176889457732801,-0.00205455807816897,TRUE
0.05,1305,-0.000695479013968128,-0.000492393575707891,-0.00118787258967602,-0.00135084941239279,TRUE
0.05,1306,-0.00259419460885269,-0.00106073737491427,-0.00365493198376696,-0.00437439244464932,TRUE
0.05,1307,-0.000522487558662054,0.00127567169495674,0.000753184136294683,0.00086317375577693,TRUE
0.05,1308,-0.00125517328548522,-0.000475664382325845,-0.00173083766781106,-0.00203208650819363,TRUE
0.05,1309,-0.000777129525292592,-0.00047254523141639,-0.00124967475670898,-0.001436228102636,TRUE
0.05,1310,-0.0018728919440189,-0.0000548655172154588,-0.00192775746123436,-0.00231195311050154,TRUE
0.05,1311,-0.00155888626540792,-0.000766912968113716,-0.00232579923352164,-0.00267001085951994,TRUE
0.05,1312,-0.000722477988619051,0.000375724782280587,-0.000346753206338464,-0.000396011726467728,TRUE
0.05,1313,-0.000734755099899641,0.00130724880499779,0.000572493705098144,0.000662609863166142,TRUE
0.05,1314,-0.00102376845744664,0.0000355847134353179,-0.000988183744011323,-0.0011338886869062,TRUE
0.05,1315,-0.00180417270139011,0.0000578026648549847,-0.00174637003653513,-0.00202777293026292,TRUE
0.05,1316,-0.00107237917885427,-0.000161781942798466,-0.00123416112165274,-0.00142188210779992,TRUE
0.05,1317,-0.000481672955264373,-0.0000862425366756895,-0.000567915491940062,-0.000640412157752917,TRUE
0.05,1318,-0.000582137107901961,-0.00104052208185647,-0.00162265918975843,-0.00187492501374956,TRUE
0.05,1319,0.000137170293935143,0.000572304656885639,0.000709474950820782,0.000782114497261555,TRUE
0.05,1320,-0.000099070554261694,0.000394235185517578,0.000295164631255884,0.000328629139860504,TRUE
0.05,1321,-0.000930335335619455,0.000474822517388346,-0.000455512818231109,-0.000520478286267353,TRUE
0.05,1322,-0.000605281153426221,0.000928709167725478,0.000323428014299257,0.000365840872289723,TRUE
0.05,1323,-0.000828452095267759,-0.000113141085913567,-0.000941593181181326,-0.00109375436406337,TRUE
0.05,1324,-0.000552269091192418,-0.000478326929535858,-0.00103059602072828,-0.00116532830156823,TRUE
0.05,1325,-0.000394870900142904,0.000529945238885144,0.00013507433874224,0.000152108068150282,TRUE
0.05,1326,-0.00102334706411436,-0.000993486521555886,-0.00201683358567025,-0.00233134212634327,TRUE
0.05,1327,-0.000932475863454357,-0.00098820143889405,-0.00192067730234841,-0.00218785004683947,TRUE
0.05,1328,-0.000911439689925091,-0.000627963200410606,-0.0015394028903357,-0.00174991673859124,TRUE
0.05,1329,-0.000679251235722482,0.000520917405665928,-0.000158333830056553,-0.000182263312628144,TRUE
0.05,1330,-0.000998558889101461,0.00058594022574548,-0.000412618663355981,-0.00047317556976025,TRUE
0.05,1331,-0.00117739095591581,-0.000710000868915059,-0.00188739182483087,-0.00221789705506826,TRUE
0.05,1332,-0.000499328422372575,0.000742815162776578,0.000243486740404003,0.000274393416619086,TRUE
0.05,1333,-0.00130627093295049,0.000155250929992432,-0.00115102000295806,-0.00133124090791512,TRUE
0.05,1334,0.000352053926622111,0.000523789417733665,0.000875843344355777,0.00096809167663992,TRUE
0.05,1335,-0.000262118747771737,0.00102495176173664,0.000762833013964904,0.000862050293439608,TRUE
0.05,1336,-0.000722832377642466,0.000893148317378549,0.000170315939736082,0.000194468672153925,TRUE
0.05,1337,-0.000561861987422149,0.000049254137211901,-0.000512607850210248,-0.000578091321017746,TRUE
0.05,1338,-0.000773155126025675,0.000288298164500513,-0.000484856961525162,-0.000552959176823725,TRUE
0.05,1339,-0.000903330093359466,0.000353103241413072,-0.000550226851946394,-0.000621208903997735,TRUE
0.05,1340,-0.000542989170276203,-0.0000346245229658858,-0.000577613693242089,-0.000653641307832936,TRUE
0.05,1341,-0.00133354312475762,-0.000532383340617908,-0.00186592646537553,-0.00217164212878047,TRUE
0.05,1342,-0.000851775564609789,-0.0000816409483120232,-0.000933416512921812,-0.00107390367992087,TRUE
0.05,1343,-0.000856117867510195,-0.000649865594353261,-0.00150598346186346,-0.0017260900442143,TRUE
0.05,1344,-0.000400391280694103,-0.000410158145488637,-0.00081054942618274,-0.000919049876133073,TRUE
0.05,1345,-0.00202234313206553,-0.000829494394836765,-0.00285183752690229,-0.00339138769963593,TRUE
0.05,1346,-0.00139639559951166,0.000891963594169804,-0.000504432005341851,-0.000597717937464696,TRUE
0.05,1347,-0.000717457221606837,-0.000553286949051847,-0.00127074417065868,-0.00144222479903776,TRUE
0.05,1348,-0.00024155194619802,0.00154897546239348,0.00130742351619546,0.00147346408914337,TRUE
0.05,1349,-0.000881934398391665,0.000833731774326123,-0.0000482026240655423,-0.0000557905980011947,TRUE
0.05,1350,-0.000601106699637993,0.000485704499621212,-0.000115402200016781,-0.000131252214964407,TRUE
0.05,1351,-0.00189692664303618,-0.00126785875378792,-0.0031647853968241,-0.0037027365969149,TRUE
0.05,1352,-0.00127268939389172,-0.000871731666325639,-0.00214442106021736,-0.00249845378026877,TRUE
0.05,1353,-0.00138049080514733,0.000125654121601055,-0.00125483668354627,-0.0014628042788734,TRUE
0.05,1354,-0.00118703599553243,0.000394368613105929,-0.000792667382426498,-0.000923907291260049,TRUE
0.05,1355,-0.00164555519833696,0.0000795749493854724,-0.00156598024895149,-0.00183757308047597,TRUE
0.05,1356,-0.000743707112576393,-0.000470379508852062,-0.00121408662142845,-0.00138006281341193,TRUE
0.05,1357,-0.000891446132008349,0.000521941191117503,-0.000369504940890846,-0.000422446275249285,TRUE
0.05,1358,-0.0015216167884311,-0.000460679731319163,-0.00198229651975027,-0.00232450967015788,TRUE
0.05,1359,-0.00151192900161189,-0.00117470296920204,-0.00268663197081393,-0.0031636467894949,TRUE
0.05,1360,-0.000579949339963005,0.000491608646089052,-0.0000883406938739527,-0.0000999685944105319,TRUE
0.05,1361,-0.000651748246706819,-0.000221368091971466,-0.000873116338678285,-0.0010002032152974,TRUE
0.05,1362,-0.00130456058702819,-0.000135582390278483,-0.00144014297730667,-0.00167081957984887,TRUE
0.05,1363,-0.00107915329977729,0.000909241789214571,-0.000169911510562718,-0.000197463729644779,TRUE
0.05,1364,-0.000610268296581905,0.000478141417544193,-0.000132126879037713,-0.000149176078426347,TRUE
0.05,1365,-0.000767405301553295,0.000536105162796394,-0.000231300138756902,-0.000263740642510169,TRUE
0.05,1366,-0.000147476733401412,0.000829597742583458,0.000682121009182047,0.000761652244218082,TRUE
0.05,1367,-0.00030489817667603,0.000256181484539259,-0.0000487166921367708,-0.0000545727643154906,TRUE
0.05,1368,-0.000170911220939545,0.000349364942559191,0.000178453721619646,0.000199129521165002,TRUE
0.05,1369,-0.00123235908130409,-0.000219632196330203,-0.00145199127763429,-0.00169175955328885,TRUE
0.05,1370,-0.000908782272929172,0.000255907128833035,-0.000652875144096137,-0.000750944044263921,TRUE
0.05,1371,0.000201442797294184,0.000699088304188046,0.00090053110148223,0.00100209395034272,TRUE
0.05,1372,-0.000693678508739315,0.00045195479796388,-0.000241723710775434,-0.000274318655423182,TRUE
0.05,1373,-0.00171907019267041,-0.00010259901488405,-0.00182166920755446,-0.00214390408509707,TRUE
0.05,1374,-0.00014298808392978,0.00000621142860473577,-0.000136776655325044,-0.000152888152534804,TRUE
0.05,1375,-0.000297988506378424,0.00091306830553072,0.000615079799152296,0.000693302155671259,TRUE
0.05,1376,-0.000668428270034754,0.0000432480844355176,-0.000625180185599236,-0.000714774129655552,TRUE
0.05,1377,-0.00137626875627471,-0.000758118584769706,-0.00213438734104442,-0.00246370517487322,TRUE
0.05,1378,-0.00136053193966969,-0.00017971172047437,-0.00154024366014406,-0.00181461375947553,TRUE
0.05,1379,-0.00101947900060277,0.000173947215223402,-0.000845531785379364,-0.000971331970969793,TRUE
0.05,1380,-0.00171080305404717,0.0017508425606685,0.0000400395066213273,0.0000480063131604311,TRUE
0.05,1381,-0.000474973152087288,-0.0000579140015732352,-0.000532887153660523,-0.000601391244999859,TRUE
0.05,1382,-0.00213186038296631,-0.000443857652254617,-0.00257571803522093,-0.00302476810178319,TRUE
0.05,1383,-0.00218970835158478,-0.000547217250437626,-0.0027369256020224,-0.00339916839617986,TRUE
0.05,1384,-0.00010918241579114,0.000631164800558619,0.000521982384767479,0.000582944596788528,TRUE
0.05,1385,-0.000464727610225407,-0.000291185961499722,-0.000755913571725129,-0.000850352431755903,TRUE
0.05,1386,-0.000963088925832463,-0.000138503421493924,-0.00110159234732639,-0.00124908367631893,TRUE
0.05,1387,-0.00113531764961683,-0.00100044637083674,-0.00213576402045357,-0.00247713960149215,TRUE
0.05,1388,-0.00104867341383296,-0.0000253110969706885,-0.00107398451080365,-0.0012334450056769,TRUE
0.05,1389,-0.00111248473847034,-0.000262068195183281,-0.00137455293365362,-0.00160415103658285,TRUE
0.05,1390,-0.000302672329481979,0.0000010499661724465,-0.000301622363309533,-0.00033829985411094,TRUE
0.05,1391,-0.000510557107449079,0.000569937586884549,0.0000593804794354701,0.0000670872175733659,TRUE
0.05,1392,0.000203428594877615,0.00071534519763279,0.000918773792510404,0.00101975715808212,TRUE
0.05,1393,-0.00128990272872428,0.000162227038549154,-0.00112767569017513,-0.00131480212329438,TRUE
0.05,1394,-0.00125984128146117,-0.000796822467139599,-0.00205666374860076,-0.00240084205528574,TRUE
0.05,1395,-0.00060885112510628,0.000292026923347956,-0.000316824201758325,-0.000356911628735041,TRUE
0.05,1396,-0.0010302198393267,0.000725797778621133,-0.000304422060705568,-0.000348519005562821,TRUE
0.05,1397,-0.000933424982881911,-0.000342060985170546,-0.00127548596805246,-0.00147270889865178,TRUE
0.05,1398,-0.000251709909828113,0.000977909859712357,0.000726199949884245,0.000823933802969337,TRUE
0.05,1399,-0.000311827992152692,-0.000361911642371607,-0.000673739634524299,-0.000758600450666545,TRUE
0.05,1400,-0.000352021257443758,0.000208226429563672,-0.000143794827880087,-0.000161551785341695,TRUE
0.05,1401,-0.00128475256017908,-0.000780074101408187,-0.00206482666158726,-0.00240467569498113,TRUE
0.05,1402,-0.00220814461454518,-0.00113138452562399,-0.00333952914016916,-0.00392034150546428,TRUE
0.05,1403,-0.000969439434826264,-0.000412449231789769,-0.00138188866661603,-0.00156644059107148,TRUE
0.05,1404,-0.000850670220042076,0.000459706452018413,-0.000390963768023663,-0.000440586685612132,TRUE
0.05,1405,-0.000914051793872484,-0.0000455864278714535,-0.000959638221743938,-0.00109553069964146,TRUE
0.05,1406,-0.00031428025386045,-0.000949394485648932,-0.00126367473950938,-0.00144217862690732,TRUE
0.05,1407,-0.0013907899496944,-0.0010192191634419,-0.0024100091131363,-0.00283060977079702,TRUE
0.05,1408,-0.00135144908762228,-0.0003998899825702,-0.00175133907019248,-0.00202631787512523,TRUE
0.05,1409,-0.00166589147835581,-0.000414392825188451,-0.00208028430354426,-0.00242056617989468,TRUE
0.05,1410,-0.00147842551777047,0.000465099919359321,-0.00101332559841115,-0.00116203672390266,TRUE
0.05,1411,-0.00154910455112433,-0.00107147353731731,-0.00262057808844164,-0.00299739771725565,TRUE
0.05,1412,-0.000731821873000895,0.00037284877802118,-0.000358973094979715,-0.00040912082850381,TRUE
0.05,1413,-0.000604772825830015,-0.00020202643607469,-0.000806799261904704,-0.000919825466918893,TRUE
0.05,1414,-0.000735489043958746,0.000726486262132972,-0.00000900278182577332,-0.0000102105845610347,TRUE
0.05,1415,-0.00035468825309133,-0.0000586713002802505,-0.00041335955337158,-0.000465822533197867,TRUE
0.05,1416,-0.000967765942275654,0.000183880176472183,-0.000783885765803471,-0.000903992034849355,TRUE
0.05,1417,-0.000990948918035956,0.000171175258382406,-0.00081977365965355,-0.000939215092334856,TRUE
0.05,1418,-0.00033787163495422,-0.000272997397313365,-0.000610869032267585,-0.000688120789657877,TRUE
0.05,1419,-0.00158322551603428,-0.000332169813426693,-0.00191539532946097,-0.00227488793003819,TRUE
0.05,1420,-0.00123078335877495,-0.000209895544809617,-0.00144067890358457,-0.00165224750654954,TRUE
0.05,1421,-0.00135175419078522,-0.000693059626609193,-0.00204481381739441,-0.00236030053297353,TRUE
0.05,1422,-0.000523112040576811,0.000458191125791341,-0.0000649209147854703,-0.0000734025234530279,TRUE
0.05,1423,-0.00142817471840687,0.0000590176095543395,-0.00136915710885253,-0.00161019924103737,TRUE
0.05,1424,-0.000967262107881141,-0.000153357363288258,-0.0011206194711694,-0.00129022467923646,TRUE
0.05,1425,-0.00033305038941627,-0.000683151060630696,-0.00101620145004697,-0.00115644361705826,TRUE
0.05,1426,-0.00114997172674626,0.000204079376848792,-0.000945892349897467,-0.00109544347368551,TRUE
0.05,1427,-0.00100923994633362,-0.000208805643796746,-0.00121804559013036,-0.00141119625200204,TRUE
0.05,1428,-0.000207918265815262,-0.000386421197455505,-0.000594339463270767,-0.000664075766266107,TRUE
0.05,1429,-0.00129154596707296,-0.00119531046207522,-0.00248685642914819,-0.00283204180915599,TRUE
0.05,1430,-0.00119350506403133,0.0000683538810909447,-0.00112515118294038,-0.00128527257384572,TRUE
0.05,1431,-0.00047433660984493,0.000828494629184821,0.000354158019339891,0.000400359125886947,TRUE
0.05,1432,0.000114416025774298,0.000882768179350103,0.000997184205124401,0.00111306542070879,TRUE
0.05,1433,-0.000538865099729481,-0.000437638149953511,-0.000976503249682991,-0.00110524493997851,TRUE
0.05,1434,-0.00083075857527818,0.0000458124487895832,-0.000784946126488597,-0.000898231242642444,TRUE
0.05,1435,-0.00018622980004063,0.00103319061511812,0.000846960815077493,0.000943647617874286,TRUE
0.05,1436,-0.000745498961463176,-0.000698551507098536,-0.00144405046856171,-0.00164366427384985,TRUE
0.05,1437,-0.000176945528300468,-0.0000714711767745143,-0.000248416705074982,-0.00027800589590766,TRUE
0.05,1438,-0.000887557979355805,0.000343394921748278,-0.000544163057607527,-0.000621891831561493,TRUE
0.05,1439,-0.000587401671131501,-0.000625582978551173,-0.00121298464968267,-0.00137367988682687,TRUE
0.05,1440,-0.0005049680692524,-0.000348350287826781,-0.000853318357079181,-0.000964312748287483,TRUE
0.05,1441,-0.00130044731916819,0.000153643153537971,-0.00114680416563021,-0.00133523150506393,TRUE
0.05,1442,-0.000614342265845997,0.000482517918102422,-0.000131824347743575,-0.000149587113715521,TRUE
0.05,1443,-0.00132299580452358,-0.0000550958130018139,-0.00137809161752539,-0.00160894685350571,TRUE
0.05,1444,-0.00350769683719543,-0.000071129946157952,-0.00357882678335338,-0.00458928394343584,TRUE
0.05,1445,-0.00237533793403567,-0.000982206583687032,-0.00335754451772271,-0.00403780069922137,TRUE
0.05,1446,-0.0010982184671274,-0.0000167531985124874,-0.00111497166563989,-0.00127544944075019,TRUE
0.05,1447,-0.00105431627062042,0.000497571297680212,-0.000556744972940208,-0.000643671505802262,TRUE
0.05,1448,-0.00125740101261427,0.000359998166034806,-0.000897402846579461,-0.00104126602749989,TRUE
0.05,1449,-0.000861879528002768,-0.000730576808666811,-0.00159245633666958,-0.00183026626657748,TRUE
0.05,1450,-0.00150867222830377,-0.00015735265628475,-0.00166602488458852,-0.00193791890945523,TRUE
0.05,1451,-0.00152375247034133,-0.000386293079220322,-0.00191004554956166,-0.00229653262945799,TRUE
0.05,1452,-0.00105894501179118,0.0000150249736708277,-0.00104392003812035,-0.00118885838760455,TRUE
0.05,1453,-0.000919388681166259,-0.000347542542268789,-0.00126693122343505,-0.00146175365265886,TRUE
0.05,1454,-0.00135456369959748,-0.000489842900681011,-0.00184440660027849,-0.00213700030268923,TRUE
0.05,1455,-0.000983098403263694,0.000161948356955964,-0.00082115004630773,-0.0009493124282498,TRUE
0.05,1456,-0.00042053585372496,-0.000331210495559104,-0.000751746349284064,-0.000844554225074325,TRUE
0.05,1457,-0.000553251243992768,0.0000469533058982936,-0.000506297938094475,-0.000571409579134126,TRUE
0.05,1458,-0.00139599591277258,0.00013409518828535,-0.00126190072448723,-0.00148069504314056,TRUE
0.05,1459,-0.000365539748353271,0.0000453901659146986,-0.000320149582438572,-0.000361107870004705,TRUE
0.05,1460,-0.00215528765311547,-0.00114194425499538,-0.00329723190811086,-0.00388257470154153,TRUE
0.05,1461,-0.00167091700820095,-0.000889649635178282,-0.00256056664337924,-0.00296482025908981,TRUE
0.05,1462,-0.00136397309502618,-0.000501688355805594,-0.00186566145083177,-0.00217976817537261,TRUE
0.05,1463,-0.00127589483360272,-0.000132902338056314,-0.00140879717165903,-0.00166347213674856,TRUE
0.05,1464,-0.000489010227567518,-0.0000161704853403106,-0.000505180712907829,-0.00056910292971488,TRUE
0.05,1465,0.000761468067150395,0.000958954946765287,0.00172042301391568,0.0018986391931333,TRUE
0.05,1466,-0.000698040295999979,0.000357188059909729,-0.00034085223609025,-0.000386924455352936,TRUE
0.05,1467,-0.00191629348714806,0.0000683609306519147,-0.00184793255649614,-0.00224136822394704,TRUE
0.05,1468,-0.00190234722481751,-0.000210838284193887,-0.0021131855090114,-0.00244928711823648,TRUE
0.05,1469,-0.000952603816926264,0.000101691992044462,-0.000850911824881801,-0.000971386363961995,TRUE
0.05,1470,-0.00122167846316915,-0.00134283089795503,-0.00256450936112418,-0.00296303832052378,TRUE
0.05,1471,-0.00188228744950814,-0.000479757681230556,-0.0023620451307387,-0.00284114114716329,TRUE
0.05,1472,-0.000784094313478218,-0.00061487633478237,-0.00139897064826059,-0.0015761784604122,TRUE
0.05,1473,-0.000261004513706923,0.00108697735202452,0.000825972838317593,0.00092215030367444,TRUE
0.05,1474,-0.0000836236122032712,0.000154953546061613,0.0000713299338583419,0.0000795408917651482,TRUE
0.05,1475,0.000256032013929733,0.0007308734037852,0.000986905417714933,0.00107908817255582,TRUE
0.05,1476,-0.0000681262332453966,-0.000134921363431574,-0.000203047596676971,-0.000226843628265155,TRUE
0.05,1477,-0.000740905585411546,-0.0000882824252734429,-0.000829188010684989,-0.000934457737762376,TRUE
0.05,1478,-0.000913998948737846,-0.000346028729133879,-0.00126002767787172,-0.00143191576372454,TRUE
0.05,1479,-0.00128836310820406,-0.000182851323357626,-0.00147121443156169,-0.00171440404212907,TRUE
0.05,1480,-0.00138249595117703,-0.000741663837422531,-0.00212415978859956,-0.00242789865845069,TRUE
0.05,1481,-0.000101405488381968,0.000345017116441763,0.000243611628059794,0.00027118229044031,TRUE
0.05,1482,-0.000588912776956744,-0.000262298794821269,-0.000851211571778014,-0.000970291030711639,TRUE
0.05,1483,-0.000962950281378157,-0.0000312936857277749,-0.000994243967105932,-0.00113547642383243,TRUE
0.05,1484,-0.00177950341258854,-0.000742622882820158,-0.0025221262954087,-0.00292996931777819,TRUE
0.05,1485,-0.000987021961934837,-0.00109667441137483,-0.00208369637330967,-0.0023799584863445,TRUE
0.05,1486,-0.00188187753689911,-0.0000312894415828008,-0.00191316697848191,-0.00228184380761936,TRUE
0.05,1487,-0.00158844513739117,-0.000897007799943531,-0.0024854529373347,-0.00288228833246729,TRUE
0.05,1488,-0.000340145255435832,0.00053603813303522,0.000195892877599388,0.000221211426634513,TRUE
0.05,1489,-0.00156891006749642,-0.000464625584478516,-0.00203353565197494,-0.00241109390691068,TRUE
0.05,1490,-0.00130212425137422,0.000197799193274566,-0.00110432505809965,-0.00128827744530358,TRUE
0.05,1491,-0.0016407442355971,-0.00167631027085797,-0.00331705450645506,-0.00408431789707139,TRUE
0.05,1492,-0.00166086771884571,0.0000721868334587175,-0.00158868088538699,-0.00191518983241984,TRUE
0.05,1493,-0.000793064377592121,0.000164892597246728,-0.000628171780345393,-0.000716576857188255,TRUE
0.05,1494,-0.00124105028968112,0.000425650456626591,-0.000815399833054533,-0.000946147123501489,TRUE
0.05,1495,-0.00259965589164376,-0.00140773882937165,-0.00400739472101541,-0.00509704209051945,TRUE
0.05,1496,-0.000194103479140937,0.0000823521446204726,-0.000111751334520464,-0.000124904622347285,TRUE
0.05,1497,0.0000984043122145445,-0.000293227960718898,-0.000194823648504354,-0.000216960135649472,TRUE
0.05,1498,-0.00066108973356129,0.000655047711534931,-0.00000604202202635898,-0.00000690612936016623,TRUE
0.05,1499,-0.000739588609822463,0.0017669605646978,0.00102737195487534,0.00120724831906881,TRUE
0.05,1500,-0.000120870322183668,0.00135942158619833,0.00123855126401466,0.00138093462859842,TRUE
0.05,1501,-0.000918738139619211,-0.000399348752908976,-0.00131808689252819,-0.00151839636512298,TRUE
0.05,1502,-0.000452300827687115,0.000021688801715981,-0.000430612025971134,-0.000484843526474116,TRUE
0.05,1503,-0.00213141353683001,-0.00153818301036676,-0.00366959654719677,-0.00445054318439019,TRUE
0.05,1504,-0.000342765111419968,0.0000484687091435054,-0.000294296402276463,-0.000329978057858903,TRUE
0.05,1505,-0.000915583135290872,-0.000644023112558536,-0.00155960624784941,-0.00177555889404953,TRUE
0.05,1506,-0.00123835410187024,-0.00106876033780809,-0.00230711443967833,-0.00268770522418399,TRUE
0.05,1507,-0.000155137977984659,-0.00018388203115978,-0.000339020009144439,-0.000379675111023784,TRUE
0.05,1508,-0.0014612850116993,-0.000203302110481051,-0.00166458712218035,-0.00194081910464401,TRUE
0.05,1509,-0.000967856650140253,-0.000519701388139974,-0.00148755803828023,-0.00170589711152499,TRUE
0.05,1510,-0.00102478520486526,-0.000174827477747879,-0.00119961268261313,-0.00137819708851886,TRUE
0.05,1511,-0.000626656885810784,0.000722696862131821,0.0000960399763210374,0.000109346072737808,TRUE
0.05,1512,0.000162541258786454,0.000245452572953622,0.000407993831740076,0.000450872162401956,TRUE
0.05,1513,-0.000941091582632551,0.000532120683493115,-0.000408970899139436,-0.000475669103313854,TRUE
0.05,1514,-0.000436164120220528,0.000111174581730457,-0.000324989538490071,-0.000365792293944887,TRUE
0.05,1515,-0.000731436633115894,0.000519594738215371,-0.000211841894900522,-0.000241670735059119,TRUE
0.05,1516,-0.00168439927216978,-0.00146306310453847,-0.00314746237670825,-0.00370372054524977,TRUE
0.05,1517,-0.0000988964562896339,0.000851062798944057,0.000752166342654423,0.000834199513147476,TRUE
0.05,1518,-0.000544523832305766,0.000239933495104199,-0.000304590337201567,-0.000343514098264888,TRUE
0.05,1519,-0.000806519949680499,-0.00012892228370476,-0.000935442233385259,-0.00107495123866611,TRUE
0.05,1520,-0.000755544709015177,0.000222216699183522,-0.000533328009831655,-0.000606562261236922,TRUE
0.05,1521,-0.000378081599976624,-0.000510355455384817,-0.000888437055361441,-0.00101074966808815,TRUE
0.05,1522,-0.00176972989852409,-0.000174626002280595,-0.00194435590080468,-0.00227786584771668,TRUE
0.05,1523,-0.000523005130245475,0.000249892999171418,-0.000273112131074057,-0.000309611071449081,TRUE
0.05,1524,0.0000315306578690563,-0.000406815907075937,-0.00037528524920688,-0.000419777883782482,TRUE
0.05,1525,-0.00134124680114715,-0.000329672849221591,-0.00167091965036874,-0.00196788760401783,TRUE
0.05,1526,-0.000991496239060538,0.000201326379695578,-0.000790169859364961,-0.000912530578510826,TRUE
0.05,1527,-0.00153323286192277,-0.000437639056046875,-0.00197087191796965,-0.0023378956630938,TRUE
0.05,1528,-0.00207816613322924,-0.000197282896379268,-0.00227544902960851,-0.00280157916886932,TRUE
0.05,1529,-0.0016803120579246,-0.000431011275837108,-0.00211132333376171,-0.00248276534600617,TRUE
0.05,1530,-0.00133403921316361,0.000271209360863057,-0.00106282985230056,-0.00126599086077659,TRUE
0.05,1531,-0.000850552359741413,-0.0000580256406103519,-0.000908578000351765,-0.00104129893542727,TRUE
0.05,1532,-0.000606447202091381,0.00162089736981362,0.00101445016772224,0.00117384536581805,TRUE
0.05,1533,-0.0000325582154183376,0.000885120729564484,0.000852562514146146,0.000941666401324991,TRUE
0.05,1534,-0.00103505359700559,0.0000163254142101931,-0.00101872818279539,-0.00116144395791775,TRUE
0.05,1535,0.000324794818978075,-0.0000238561244718832,0.000300938694506192,0.000332912199055296,TRUE
0.05,1536,-0.00123354258071744,0.000612684160614701,-0.000620858420102736,-0.000717877044565187,TRUE
0.05,1537,-0.00106345953640691,-0.000638688552669805,-0.00170214808907672,-0.00195862108768563,TRUE
0.05,1538,-0.000892136273728473,0.0000518139354355056,-0.000840322338292968,-0.000959069982248399,TRUE
0.05,1539,-0.000610438376269804,-0.00161174991956901,-0.00222218829583881,-0.00258961118293265,TRUE
0.05,1540,-0.000690618967990754,-0.000452951661318719,-0.00114357062930947,-0.00129135397547585,TRUE
0.05,1541,-0.00112588742903637,-0.000137046168641847,-0.00126293359767822,-0.00143689232752839,TRUE
0.05,1542,-0.00013330192104765,-0.000318471811599674,-0.000451773732647325,-0.000505757853090075,TRUE
0.05,1543,-0.00200023577695261,-0.000535409450602202,-0.00253564522755481,-0.00309662800840956,TRUE
0.05,1544,-0.00107301562203928,-0.000000485731836015403,-0.0010735013538753,-0.00123527168219694,TRUE
0.05,1545,-0.000888568664299672,0.000125225811171403,-0.000763342853128269,-0.00086705437557714,TRUE
0.05,1546,-0.000279967422112048,0.000596812801221463,0.000316845379109415,0.000356025375934763,TRUE
0.05,1547,-0.00112557449901502,-0.000743823232286007,-0.00186939773130103,-0.00218981543357315,TRUE
0.05,1548,-0.00134256595519346,-0.000808168325844529,-0.00215073428103799,-0.00250156271541497,TRUE
0.05,1549,-0.00191024514539698,-0.00154275373450723,-0.0034529988799042,-0.00413575931918013,TRUE
0.05,1550,-0.00071469149418851,-0.00160315475457596,-0.00231784624876447,-0.00274570113700418,TRUE
0.05,1551,-0.000906722328507612,0.0004133877516843,-0.000493334576823312,-0.000574894170873854,TRUE
0.05,1552,-0.000450571948238121,-0.000353068304467772,-0.000803640252705893,-0.000908893256848825,TRUE
0.05,1553,0.000128809197194695,0.000955500040370502,0.0010843092375652,0.00119545153034775,TRUE
0.05,1554,-0.000333278104695421,0.000566974168146375,0.000233696063450954,0.000262429353011976,TRUE
0.05,1555,-0.000166658879396971,-0.000308563725391495,-0.000475222604788466,-0.000533003066067615,TRUE
0.05,1556,-0.00142229605988799,-0.00113537927442661,-0.00255767533431461,-0.00295067007029134,TRUE
0.05,1557,-0.000910880709300502,0.000121378701506617,-0.000789502007793885,-0.000901762818297588,TRUE
0.05,1558,0.000769176567553963,0.000947169970964969,0.00171634653851893,0.00188786884282762,TRUE
0.05,1559,-0.000591813784954623,0.000462337909177612,-0.000129475875777011,-0.000146736727138567,TRUE
0.05,1560,-0.000740626491417981,-0.000215400893659439,-0.00095602738507742,-0.00109218474112145,TRUE
0.05,1561,-0.000880661236614875,-0.0000591170058242333,-0.000939778242439109,-0.00106977153369462,TRUE
0.05,1562,-0.000232036552899604,-0.0000603399877954721,-0.000292376540695076,-0.000328071718485284,TRUE
0.05,1563,-0.000476032931314204,0.000411547736595822,-0.0000644851947183825,-0.0000725551065259955,TRUE
0.05,1564,-0.00205243214132876,-0.00163188757160346,-0.00368431971293223,-0.00449971313283209,TRUE
0.05,1565,-0.00204027531514419,0.0000605187220982914,-0.0019797565930459,-0.00243848584061244,TRUE
0.05,1566,-0.00158015775764923,-0.000765497529073035,-0.00234565528672226,-0.00273869091747215,TRUE
0.05,1567,-0.00149887332072095,-0.00165473670277292,-0.00315361002349388,-0.00378935679474584,TRUE
0.05,1568,-0.00177120818577773,-0.000359031032691158,-0.00213023921846889,-0.00248288427474876,TRUE
0.05,1569,-0.00061185154103078,-0.000422465367710195,-0.00103431690874097,-0.00119674702691436,TRUE
0.05,1570,-0.00124136441661904,-0.000263671844947219,-0.00150503626156626,-0.00174005088984585,TRUE
0.05,1571,-0.000837746095815609,-0.000477728060278623,-0.00131547415609423,-0.00149717672504021,TRUE
0.05,1572,0.0000743359840627874,0.000787815931179982,0.000862151915242769,0.000954939779254395,TRUE
0.05,1573,-0.00284674742571152,-0.000467120435020621,-0.00331386786073214,-0.00414243620465653,TRUE
0.05,1574,-0.00148025637511973,-0.000622725074914122,-0.00210298145003385,-0.0024413621686157,TRUE
0.05,1575,-0.000104884677226629,0.00107362792021927,0.000968743242992643,0.00107650409422606,TRUE
0.05,1576,-0.000706799104560135,-0.000937273821857069,-0.0016440729264172,-0.00190400768249607,TRUE
0.05,1577,-0.000639474240705838,-0.0000793424885270196,-0.000718816729232857,-0.00081011363628142,TRUE
0.05,1578,-0.000486350947241417,-0.000276019942891111,-0.000762370890132528,-0.000861325577895661,TRUE
0.05,1579,-0.00201383872012843,0.000247970718048476,-0.00176586800207995,-0.00206707834702872,TRUE
0.05,1580,-0.00140416812562662,0.000227512157057255,-0.00117665596856936,-0.00136994838432823,TRUE
0.05,1581,-0.000471661015061021,-0.00065457530940074,-0.00112623632446176,-0.00128018175145077,TRUE
0.05,1582,0.000828807733362797,0.000156206977736087,0.000985014711098884,0.00107783576832246,TRUE
0.05,1583,-0.000943054537620673,0.000106333173253147,-0.000836721364367526,-0.000968420465458657,TRUE
0.05,1584,-0.00150842201832632,-0.0000637710841665204,-0.00157219310249284,-0.00185255857782481,TRUE
0.05,1585,-0.00151647430543557,-0.000196223641622655,-0.00171269794705822,-0.00198645137155601,TRUE
0.05,1586,-0.00212258231964276,-0.000115644622949028,-0.00223822694259179,-0.00267798996322315,TRUE
0.05,1587,-0.000128507456560104,0.000345355603097435,0.00021684814653733,0.000241039393047912,TRUE
0.05,1588,-0.000422093130529599,-0.000094595821835457,-0.000516688952365056,-0.000583735210772025,TRUE
0.05,1589,-0.00123874138263237,0.0000383364791477898,-0.00120040490348458,-0.00140095140368591,TRUE
0.05,1590,-0.00221399635774975,-0.000992927191488219,-0.00320692354923797,-0.00380701591454533,TRUE
0.05,1591,-0.000435141309508541,-0.000357430998167981,-0.000792572307676522,-0.000903203993226547,TRUE
0.05,1592,-0.00068525528203306,0.000444832604959606,-0.000240422677073454,-0.000272301404647613,TRUE
0.05,1593,-0.00114328679037257,-0.00029733810396979,-0.00144062489434236,-0.00166002587813403,TRUE
0.05,1594,-0.000868291028993285,-0.000672136217940766,-0.00154042724693405,-0.00177914728766259,TRUE
0.05,1595,-0.00153390327003969,0.000119160455838657,-0.00141474281420103,-0.00162328800341017,TRUE
0.05,1596,-0.00125936817524818,-0.00000321933632661344,-0.0012625875115748,-0.00147502270621475,TRUE
0.05,1597,-0.000933684669029214,-0.000633472327245725,-0.00156715699627494,-0.0018090316663155,TRUE
0.05,1598,-0.0013103653768276,0.0000750512729936274,-0.00123531410383397,-0.00142861649623559,TRUE
0.05,1599,-0.00157262778512632,-0.000190625467180069,-0.00176325325230639,-0.00204534791240313,TRUE
0.05,1600,-0.00109057061656697,0.000352317204874045,-0.00073825341169292,-0.000850666867772615,TRUE
0.05,1601,-0.000497952522766626,0.0000596164901964811,-0.000438336032570145,-0.000495658213325114,TRUE
0.05,1602,-0.00102302247118137,-0.000305889195429404,-0.00132891166661077,-0.00151647633489056,TRUE
0.05,1603,-0.0000703231747405888,0.0010161561009541,0.000945832926213514,0.00107402066621483,TRUE
0.05,1604,-0.000156063561009167,-0.000147333707274211,-0.000303397268283378,-0.000340193487764227,TRUE
0.05,1605,-0.000355942539198492,-0.000635841497854542,-0.000991784037053034,-0.0011168251527929,TRUE
0.05,1606,0.000106296344798938,0.000377578787236508,0.000483875132035446,0.000537479173701049,TRUE
0.05,1607,-0.000691472038588859,-0.00122654763396594,-0.0019180196725548,-0.00221221951792015,TRUE
0.05,1608,-0.00160953552405873,-0.00106012851431424,-0.00266966403837296,-0.0030995318689265,TRUE
0.05,1609,-0.00125671163751977,-0.000516687042185411,-0.00177339867970518,-0.0020716349573631,TRUE
0.05,1610,-0.000411145400033807,0.000139400194029343,-0.000271745206004464,-0.000306196043060738,TRUE
0.05,1611,-0.00111849099373373,-0.000492042106286476,-0.0016105331000202,-0.00190220102003546,TRUE
0.05,1612,-0.00149942614049073,0.00063290770335536,-0.000866518437135368,-0.00100932725845281,TRUE
0.05,1613,-0.000789139805126329,-0.000253759191249008,-0.00104289899637534,-0.00118299509781944,TRUE
0.05,1614,-0.00215024777420332,-0.000932462865813942,-0.00308271064001726,-0.00374359448960181,TRUE
0.05,1615,0.000319362605613299,-0.000448317879034508,-0.000128955273421209,-0.000143276059521561,TRUE
0.05,1616,-0.000750022332748126,-0.000149825518711248,-0.000899847851459374,-0.00101579863238343,TRUE
0.05,1617,-0.00158152288173816,-0.00114561145808407,-0.00272713433982223,-0.00318105364421858,TRUE
0.05,1618,-0.000414859741858716,0.000221363155542591,-0.000193496586316125,-0.000217879955078317,TRUE
0.05,1619,0.00036450577765613,0.00088553255900166,0.00125003833665779,0.00138194586321426,TRUE
0.05,1620,-0.00137636962117481,-0.000840491367455098,-0.00221686098862991,-0.00262634317379758,TRUE
0.05,1621,-0.000736565404532499,-0.000458873749122723,-0.00119543915365522,-0.00136786438543335,TRUE
0.05,1622,-0.000693070761544801,-0.000778267109738951,-0.00147133787128375,-0.00166256196110803,TRUE
0.05,1623,-0.000847644703512749,0.000030443852754674,-0.000817200850758075,-0.000937401649633924,TRUE
0.05,1624,-0.000681832259455135,0.000550595273587671,-0.000131236985867464,-0.000149621892504788,TRUE
0.05,1625,-0.00173523730246054,0.000363304506008028,-0.00137193279645251,-0.00163533275189548,TRUE
0.05,1626,0.000068289150961071,0.00132767844510025,0.00139596759606132,0.00155558842789688,TRUE
0.05,1627,-0.00177712461548572,0.000751722058086839,-0.00102540255739888,-0.00120107330605545,TRUE
0.05,1628,-0.00104819478076696,-0.000236030802294632,-0.00128422558306159,-0.00145688555887882,TRUE
0.05,1629,-0.00131267473560437,-0.000916349364453479,-0.00222902410005785,-0.00260588862564863,TRUE
0.05,1630,-0.000286051359036232,0.000492783058561611,0.000206731699525379,0.000232712191481375,TRUE
0.05,1631,-0.000250328544476569,0.000839190770906026,0.000588862226429457,0.000663272667330925,TRUE
0.05,1632,-0.00038322044496942,0.000246453192746498,-0.000136767252222923,-0.000154211101727226,TRUE
0.05,1633,-0.000195621393384714,0.000299426234209124,0.00010380484082441,0.000115933990519199,TRUE
0.05,1634,-0.000321059757745699,-0.000316414596729615,-0.000637474354475314,-0.000712616679828411,TRUE
0.05,1635,-0.000654271494890998,-0.000940599978690768,-0.00159487147358177,-0.00181676401972185,TRUE
0.05,1636,-0.000283162926070179,0.000870722445005824,0.000587559518935645,0.000662766121309227,TRUE
0.05,1637,-0.0000198136655139504,0.000229399150869806,0.000209585485355856,0.000233717512080647,TRUE
0.05,1638,-0.00117374975277368,0.00000490958573858266,-0.0011688401670351,-0.00135364210699253,TRUE
0.05,1639,-0.00113849291126015,0.0000541583920517902,-0.00108433451920836,-0.00125021129226693,TRUE
0.05,1640,-0.00127860067125187,-0.00097443130369802,-0.00225303197494989,-0.00259541894819053,TRUE
0.05,1641,-0.000642215298430427,-0.000112693773581777,-0.000754909072012205,-0.000857061868426342,TRUE
0.05,1642,-0.000212508020796003,-0.000845266313528152,-0.00105777433432416,-0.00121273477264761,TRUE
0.05,1643,-0.000815098311936503,0.00022172062435503,-0.000593377687581473,-0.000673320808272628,TRUE
0.05,1644,-0.00189415874921531,0.000610380447533609,-0.0012837783016817,-0.00153317087786558,TRUE
0.05,1645,-0.00177144400831223,-0.000661907903497663,-0.00243335191180989,-0.00285311407658733,TRUE
0.05,1646,-0.001018837584899,0.000684073253982062,-0.000334764330916943,-0.000384754555540851,TRUE
0.05,1647,-0.000956826468191,0.0000379164100344986,-0.000918910058156501,-0.00105234712717966,TRUE
0.05,1648,-0.000703698917447789,-0.00106005156161821,-0.001763750479066,-0.00202405415278977,TRUE
0.05,1649,-0.00152375246141889,-0.000607121227374334,-0.00213087368879323,-0.00254557133336211,TRUE
0.05,1650,-0.000937698778898271,-0.000492308992943722,-0.00143000777184199,-0.00162678100669629,TRUE
0.05,1651,-0.000725973728502995,-0.000472124018114703,-0.0011980977466177,-0.0013735836961214,TRUE
0.05,1652,-0.00129458169750125,-0.000199574347151308,-0.00149415604465256,-0.00173148150780642,TRUE
0.05,1653,0.00090530692865092,-0.000141884612108316,0.000763422316542604,0.000848013791757109,TRUE
0.05,1654,-0.0000298835103293638,0.000228095211619388,0.000198211701290024,0.000220794237060674,TRUE
0.05,1655,-0.00101573415026652,-0.000544767322479512,-0.00156050147274603,-0.00179929413069196,TRUE
0.05,1656,-0.00091553762731126,-0.000715979774688042,-0.0016315174019993,-0.00187266668471755,TRUE
0.05,1657,-0.000819419964389173,0.000341848010147507,-0.000477571954241666,-0.000543060652120165,TRUE
0.05,1658,-0.000305651182352589,-0.000125620028078992,-0.000431271210431581,-0.000484099124873935,TRUE
0.05,1659,-0.00155819199772181,-0.00104471847356733,-0.00260291047128914,-0.00302090105943466,TRUE
0.05,1660,0.000140634119337319,0.00087939550051836,0.00102002961985568,0.00113728143361283,TRUE
0.05,1661,-0.000394383242495634,0.000792217954786401,0.000397834712290767,0.000447628178865706,TRUE
0.05,1662,-0.00144578804728936,-0.000831419717468447,-0.00227720776475781,-0.00270854599108374,TRUE
0.05,1663,-0.00138763135267706,-0.000206893975079863,-0.00159452532775693,-0.00183326503092583,TRUE
0.05,1664,0.000467531155522955,0.000709946943870967,0.00117747809939392,0.00128115450062183,TRUE
0.05,1665,-0.000638487869599435,-0.000649899496840764,-0.0012883873664402,-0.00146462336120564,TRUE
0.05,1666,-0.000424567721376019,-0.000140816488884076,-0.000565384210260095,-0.00063069910584966,TRUE
0.05,1667,-0.00140576435569825,0.000281053037860632,-0.00112471131783762,-0.00132250911005735,TRUE
0.05,1668,0.00157124871504798,0.000464874077405595,0.00203612279245358,0.00218302094950338,TRUE
0.05,1669,-0.000692451220429524,-0.000165162856374148,-0.000857614076803672,-0.000983107133261128,TRUE
0.05,1670,-0.000664892150925249,-0.000265549583707204,-0.000930441734632452,-0.00105802065333561,TRUE
0.05,1671,-0.000934436957549862,-0.000235945885728122,-0.00117038284327798,-0.0013544653329035,TRUE
0.05,1672,-0.00178453817199975,-0.00105264396650028,-0.00283718213850003,-0.00336530498781956,TRUE
0.05,1673,-0.000547068253712918,0.000380450569626112,-0.000166617684086806,-0.000188761300641706,TRUE
0.05,1674,-0.000150285478052045,0.000168363383385482,0.0000180779053334368,0.0000201526628324656,TRUE
0.05,1675,-0.0017958999408082,0.000058471548759623,-0.00173742839204858,-0.0020468140660085,TRUE
0.05,1676,-0.00118211769434243,-0.000306036823234322,-0.00148815451757676,-0.00172398568650255,TRUE
0.05,1677,-0.00131985603092359,0.000515398845820638,-0.000804457185102954,-0.000942967422563197,TRUE
0.05,1678,0.000200789844700235,0.000811557673245346,0.00101234751794558,0.00112520210612875,TRUE
0.05,1679,-0.000869856569158488,0.000116578912783876,-0.000753277656374612,-0.000853088155796763,TRUE
0.05,1680,-0.000206917299217109,-0.000240054023629926,-0.000446971322847034,-0.000501658674502203,TRUE
0.05,1681,-0.000399039207751329,-0.000887944938795099,-0.00128698414654643,-0.00147617709649472,TRUE
0.05,1682,-0.000718206297633114,0.0000453370550289794,-0.000672869242604135,-0.000766642372638018,TRUE
0.05,1683,-0.00183717754871662,-0.00121950562257122,-0.00305668317128785,-0.00375356231393963,TRUE
0.05,1684,-0.00048049888065626,0.00113987052405403,0.000659371643397768,0.000742505322577085,TRUE
0.05,1685,-0.00125723467748193,-0.000187708671458871,-0.0014449433489408,-0.00168729802586163,TRUE
0.05,1686,-0.0017285445854185,0.0000324182573373249,-0.00169612632808117,-0.00200260466987159,TRUE
0.05,1687,-0.00103200464891574,0.000494565648920522,-0.000537438999995217,-0.000619992265601219,TRUE
0.05,1688,-0.000371805057013459,0.000959029642514006,0.000587224585500547,0.000675652534492648,TRUE
0.05,1689,-0.000926616270388879,-0.000147627955633936,-0.00107424422602282,-0.00123147007709032,TRUE
0.05,1690,-0.0000517730289324826,0.00196832145603703,0.00191654842710455,0.00213670952700971,TRUE
0.05,1691,-0.000930755964675251,0.00100515383326325,0.000074397868588003,0.0000851085812770407,TRUE
0.05,1692,-0.00186127282298159,-0.00165491610971939,-0.00351618893270098,-0.00431193808044032,TRUE
0.05,1693,-0.00163850175600139,-0.000513641740780277,-0.00215214349678166,-0.00255418250852622,TRUE
0.05,1694,-0.00218087329489905,0.000248575429318215,-0.00193229786558083,-0.00236219780814069,TRUE
0.05,1695,-0.000909850050865978,-0.000671667389492314,-0.00158151744035829,-0.00181187187708168,TRUE
0.05,1696,-0.000410469623607093,-0.000212484707943483,-0.000622954331550575,-0.000700437980681711,TRUE
0.05,1697,-0.000977385012467727,-0.000956890773231103,-0.00193427578569883,-0.00224777808117637,TRUE
0.05,1698,-0.0000969513137257597,0.000435259227139793,0.000338307913414033,0.000377379763832378,TRUE
0.05,1699,0.000468164952535792,0.000492550374999825,0.000960715327535617,0.00105815081801206,TRUE
0.05,1700,0.000116731232000404,0.000270224665070376,0.00038695589707078,0.000431432290142501,TRUE
0.05,1701,-0.001333365279868,0.00000329542113441854,-0.00133006985873358,-0.0015321917376108,TRUE
0.05,1702,-0.000797947948611549,-0.000259984318609541,-0.00105793226722109,-0.00120707834501085,TRUE
0.05,1703,0.000391806393857736,0.000120556195360997,0.000512362589218733,0.000564386318207513,TRUE
0.05,1704,-0.000799335191327181,0.0000644676003339485,-0.000734867590993232,-0.000832957072357718,TRUE
0.05,1705,-0.00041537495516205,0.000496669577710339,0.0000812946225482887,0.0000912710726117405,TRUE
0.05,1706,-0.00108284798339298,-0.000372290938194599,-0.00145513892158757,-0.0016764894667368,TRUE
0.05,1707,-0.0022394267431269,-0.000608151056194071,-0.00284757779932097,-0.00344930118666898,TRUE
0.05,1708,-0.000374744576581405,-0.000207145777951505,-0.00058189035453291,-0.000657118911103257,TRUE
0.05,1709,-0.00085223911764809,0.000326546116411388,-0.000525693001236703,-0.000601719697147835,TRUE
0.05,1710,-0.00154017339757383,-0.000793102756960934,-0.00233327615453477,-0.00271649222949915,TRUE
0.05,1711,-0.000414346520150412,0.0000783171894341303,-0.000336029330716282,-0.000378364261761657,TRUE
0.05,1712,-0.00137193323606427,0.000021312217991142,-0.00135062101807313,-0.00157444788559133,TRUE
0.05,1713,-0.00140722753163045,-0.000778853833915921,-0.00218608136554637,-0.00262564642271787,TRUE
0.05,1714,-0.000507988941606636,-0.00010094176457882,-0.000608930706185456,-0.000687165787682993,TRUE
0.05,1715,-0.000780345148446367,0.00010157481006578,-0.000678770338380587,-0.000768428099571156,TRUE
0.05,1716,-0.000168058742076041,0.00182541731527071,0.00165735857319467,0.00190614896970909,TRUE
0.05,1717,-0.000345388278384016,-0.000270364851707435,-0.000615753130091451,-0.000692451849756802,TRUE
0.05,1718,-0.000600554399951507,-0.000160433053608788,-0.000760987453560295,-0.000852551518559217,TRUE
0.05,1719,-0.00157441266889951,0.000780316344853321,-0.000794096324046193,-0.00095555623975425,TRUE
0.05,1720,-0.000608361796254498,-0.000169764272118843,-0.000778126068373341,-0.000883012443284511,TRUE
0.05,1721,-0.000161372879593872,0.0000425563756260119,-0.00011881650396786,-0.00013308300559372,TRUE
0.05,1722,0.000354755445964139,-0.000288272042250446,0.0000664834037136924,0.0000737659597628077,TRUE
0.05,1723,-0.00161873026244809,-0.0000948925321839664,-0.00171362279463206,-0.0019984624617939,TRUE
0.05,1724,-0.00193712599179235,-0.00176341341121724,-0.00370053940300959,-0.00443708949926061,TRUE
0.05,1725,-0.000973720048581311,-0.00182026765358408,-0.0027939877021654,-0.0032872383707371,TRUE
0.05,1726,-0.000301482307351526,0.00119191489546173,0.0008904325881102,0.0009893944779333,TRUE
0.05,1727,-0.00143648837476406,-0.000656202091500479,-0.00209269046626454,-0.00247432415270331,TRUE
0.05,1728,-0.000221283105537758,0.000774886970401787,0.000553603864864029,0.000619842918371943,TRUE
0.05,1729,-0.0000628419427093945,0.000166551369074319,0.000103709426364925,0.00011570439340498,TRUE
0.05,1730,-0.000889822770793883,0.000248320597136799,-0.000641502173657084,-0.000727678195526303,TRUE
0.05,1731,-0.00159856948878997,0.000280099924853234,-0.00131846956393674,-0.00155535429915122,TRUE
0.05,1732,-0.00141981865356458,-0.0012764759886908,-0.00269629464225537,-0.00316192003633665,TRUE
0.05,1733,-0.000668714217217806,0.000449204175561923,-0.000219510041655882,-0.000249974678773244,TRUE
0.05,1734,-0.00135326485900543,-0.00131555811595876,-0.0026688229749642,-0.00311951337714528,TRUE
0.05,1735,-0.00093023548634166,-0.00136833127693614,-0.0022985667632778,-0.00271385431485027,TRUE
0.05,1736,-0.000821458245089221,0.000453490815712394,-0.000367967429376827,-0.000419007924621808,TRUE
0.05,1737,-0.00141679570794779,0.0000948826011787158,-0.00132191310676907,-0.0015546437529301,TRUE
0.05,1738,-0.00165826170942554,-0.000966788666657793,-0.00262505037608333,-0.0030719541679322,TRUE
0.05,1739,-0.00166898039275429,-0.000412926212191291,-0.00208190660494558,-0.00253935143758045,TRUE
0.05,1740,0.000223922456680245,0.000845101799477238,0.00106902425615748,0.00118309786068906,TRUE
0.05,1741,-0.00019402150504469,0.000931987531513984,0.000737966026469294,0.00082652655417774,TRUE
0.05,1742,-0.00230761731363082,-0.00142188467074004,-0.00372950198437086,-0.00465127275073168,TRUE
0.05,1743,-0.00117086041271047,-0.000474899245410582,-0.00164575965812105,-0.00189394991780657,TRUE
0.05,1744,-0.0014664514981398,0.000187093541357677,-0.00127935795678212,-0.00147983858500878,TRUE
0.05,1745,-0.0000478070585090276,-0.0000434280243946806,-0.0000912350829037082,-0.000101845653232033,TRUE
0.05,1746,-0.00211823117498585,-0.00168221105224651,-0.00380044222723236,-0.00460993308028219,TRUE
0.05,1747,-0.000728922134511602,-0.000356894927306727,-0.00108581706181833,-0.00124018547246465,TRUE
0.05,1748,-0.00156926507373674,-0.00135636617158234,-0.00292563124531909,-0.00349389931967719,TRUE
0.05,1749,-0.000540512642834112,0.000233149108888763,-0.00030736353394535,-0.000345377818021603,TRUE
0.05,1750,-0.00218483937490288,-0.000319285213890221,-0.0025041245887931,-0.00298751920309479,TRUE
0.05,1751,-0.0012157709327644,-0.000881768703908246,-0.00209753963667265,-0.00245272552235588,TRUE
0.05,1752,-0.00152991480330637,-0.000486342614677184,-0.00201625741798355,-0.00232398306115052,TRUE
0.05,1753,-0.00203049869278696,0.000411857620381625,-0.00161864107240534,-0.00194154720932494,TRUE
0.05,1754,-0.0000419703376668156,-0.000905332838251276,-0.000947303175918091,-0.00108028638948819,TRUE
0.05,1755,-0.000795972206814151,0.000222719381241346,-0.000573252825572805,-0.000652574663806008,TRUE
0.05,1756,-0.000343246614192626,0.000872798731198854,0.000529552117006228,0.000594889724120756,TRUE
0.05,1757,-0.000899127151448673,-0.000706209445929567,-0.00160533659737824,-0.00184864633730897,TRUE
0.05,1758,-0.000359394101993385,0.00087379271888756,0.000514398616894176,0.000579244449479191,TRUE
0.05,1759,-0.000589362293061804,0.0000535963055751816,-0.000535765987486622,-0.000605101243332095,TRUE
0.05,1760,-0.00137787874423627,-0.000321570380988859,-0.00169944912522513,-0.00199193404291665,TRUE
0.05,1761,-0.00130248351428366,-0.000415364535973885,-0.00171784805025755,-0.00200802574516309,TRUE
0.05,1762,-0.00172029619257426,0.000436866439053871,-0.00128342975352039,-0.00153567116082351,TRUE
0.05,1763,-0.00157385669018631,-0.000343178226458881,-0.00191703491664519,-0.00220226421517806,TRUE
0.05,1764,-0.000450440754460867,0.0000219066651935116,-0.000428534089267355,-0.000482409988895185,TRUE
0.05,1765,-0.00185269424527886,0.000177616116499579,-0.00167507812877929,-0.00197579014632783,TRUE
0.05,1766,-0.00142282631314516,-0.000655507013048634,-0.00207833332619379,-0.00247401259582161,TRUE
0.05,1767,-0.000671681197488718,-0.00031235513900916,-0.000984036336497878,-0.00111762500241177,TRUE
0.05,1768,-0.000629519836423437,0.000689311105259508,0.0000597912688360711,0.0000680697774779745,TRUE
0.05,1769,-0.000300594300407397,-0.000424008909656931,-0.000724603210064329,-0.000822591952565299,TRUE
0.05,1770,-0.000924602772612818,0.000164257606758862,-0.000760345165853956,-0.000875593878138555,TRUE
0.05,1771,-0.000160358187314928,0.000102588749170107,-0.0000577694381448213,-0.0000646384786051885,TRUE
0.05,1772,-0.00135794457487398,-0.000423854025954004,-0.00178179860082799,-0.00210455745805925,TRUE
0.05,1773,-0.00189950600283746,-0.000842594574840554,-0.00274210057767802,-0.00328593983698394,TRUE
0.05,1774,0.000651140379450509,0.000541105950396004,0.00119224632984651,0.00131640211363933,TRUE
0.05,1775,-0.000891593418642964,0.000207006904864556,-0.000684586513778408,-0.000780569449180985,TRUE
0.05,1776,-0.000631808583390066,-0.000787700389656241,-0.00141950897304631,-0.00164729225529085,TRUE
0.05,1777,-0.000780055528191869,-0.000196389278572307,-0.000976444806764176,-0.00110623005403793,TRUE
0.05,1778,-0.00227477864501287,0.000417498518145751,-0.00185728012686712,-0.00231289902532633,TRUE
0.05,1779,-0.00064689247306925,-0.0000382965667312077,-0.000685189039800457,-0.000780935997499582,TRUE
0.05,1780,-0.000668353668941331,-0.0000146251744737277,-0.000682978843415058,-0.000776123339097508,TRUE
0.05,1781,0.00053725228850034,0.000943119641698785,0.00148037193019913,0.00160267521636357,TRUE
0.05,1782,-0.0015022902292081,0.00139769583758764,-0.000104594391620461,-0.000127383810609282,TRUE
0.05,1783,-0.000696031171049995,0.000605652672423393,-0.0000903784986266028,-0.000102389485104996,TRUE
0.05,1784,-0.00146807510416649,-0.000172958739407657,-0.00164103384357415,-0.00192142450946093,TRUE
0.05,1785,-0.00126366133424353,-0.000893139172843103,-0.00215680050708664,-0.00254163401589296,TRUE
0.05,1786,-0.00126672833474261,-0.000843658380049469,-0.00211038671479208,-0.00245439730675445,TRUE
0.05,1787,-0.000733312032952284,-0.000451821130253698,-0.00118513316320598,-0.00134040617380577,TRUE
0.05,1788,-0.000300194853003304,0.000556925162413947,0.000256730309410643,0.000288971174818913,TRUE
0.05,1789,0.0000647740527624508,0.000532366885500495,0.000597140938262946,0.000659577347322541,TRUE
0.05,1790,-0.00105181974250383,-0.000356181432543257,-0.00140800117504708,-0.00163973408527801,TRUE
0.05,1791,-0.00188471035734653,0.00036129941418356,-0.00152341094316298,-0.00179044773561279,TRUE
0.05,1792,-0.00195314615087511,-0.00022250475573817,-0.00217565090661328,-0.00262054914950021,TRUE
0.05,1793,-0.00126582356235753,-0.000780799599178995,-0.00204662316153653,-0.00240803898022789,TRUE
0.05,1794,-0.000336963204421625,-0.000645600194095911,-0.000982563398517536,-0.00110409881979951,TRUE
0.05,1795,-0.00157098313091237,0.000305817470250858,-0.00126516566066152,-0.00150800868102183,TRUE
0.05,1796,0.000909053402930209,0.000374832912400342,0.00128388631533055,0.00138879776899469,TRUE
0.05,1797,-0.00133312580615828,-0.00034401852408681,-0.00167714433024509,-0.00196733126900301,TRUE
0.05,1798,-0.0018140872710621,-0.000461921954254471,-0.00227600922531657,-0.00260899679351467,TRUE
0.05,1799,-0.000995173918715664,0.000371759533713658,-0.000623414385002006,-0.000716962494576969,TRUE
0.05,1800,-0.00112413143129777,-0.000546183128574761,-0.00167031455987253,-0.00194879445894419,TRUE
0.05,1801,-0.00159117216199673,-0.000931325678619794,-0.00252249784061652,-0.00296368851216854,TRUE
0.05,1802,0.000218515512388159,-0.000575355751341782,-0.000356840238953623,-0.000401670577332698,TRUE
0.05,1803,-0.000354136038330951,0.000336199826700272,-0.0000179362116306793,-0.0000201811616338495,TRUE
0.05,1804,0.000202970751248557,0.000493123099674017,0.000696093850922575,0.000772032994855928,TRUE
0.05,1805,-0.000727996276643036,0.00135935414602464,0.000631357869381606,0.000722793664074406,TRUE
0.05,1806,-0.00117701607575533,-0.000704009561438639,-0.00188102563719397,-0.00216811641924563,TRUE
0.05,1807,-0.00076368641818354,-0.000313338122190665,-0.00107702454037421,-0.00123117390424618,TRUE
0.05,1808,-0.00132139885628818,0.000562311464454711,-0.000759087391833468,-0.00088038997126897,TRUE
0.05,1809,-0.00050933970059486,-0.000576221803397827,-0.00108556150399269,-0.00124351659224776,TRUE
0.05,1810,-0.00119656749243258,-0.0000325784580621032,-0.00122914595049468,-0.00143345439058373,TRUE
0.05,1811,0.0000588648019895404,0.000150812976151534,0.000209677778141075,0.000232943857672809,TRUE
0.05,1812,-0.00169018529099352,-0.000840735598445,-0.00253092088943852,-0.00304103849526612,TRUE
0.05,1813,-0.000295253396211609,-0.000148510551449593,-0.000443763947661202,-0.000498043276666644,TRUE
0.05,1814,-0.000982534304148899,-0.000100426003284164,-0.00108296030743306,-0.00123962836393956,TRUE
0.05,1815,-0.00188726111047007,-0.000150989832346197,-0.00203825094281627,-0.00246274757739411,TRUE
0.05,1816,-0.0021112799137253,-0.00135545906619092,-0.00346673897991621,-0.00429748720267234,TRUE
0.05,1817,-0.00171179797907434,-0.00128283066920273,-0.00299462864827707,-0.00360958844950253,TRUE
0.05,1818,-0.000842768154070485,-0.000448175938539103,-0.00129094409260959,-0.00148768819599032,TRUE
0.05,1819,-0.000472270231305591,-0.000310547483283295,-0.000782817714588886,-0.00088388207068666,TRUE
0.05,1820,-0.000963887614850728,-0.000960475116643494,-0.00192436273149422,-0.00221408426380917,TRUE
0.05,1821,-0.000966050861010887,-0.000621075764539624,-0.00158712662555051,-0.00182920792029886,TRUE
0.05,1822,-0.000129836204411336,0.000983391153395429,0.000853554948984093,0.000954492549957507,TRUE
0.05,1823,0.00000998409534575735,-0.0000453015553711924,-0.000035317460025435,-0.0000393547199037725,TRUE
0.05,1824,-0.00173009657973591,-0.00108380446021965,-0.00281390103995556,-0.0033243199824697,TRUE
0.05,1825,-0.000832528852292088,-0.000729710513318831,-0.00156223936561092,-0.00178139225841817,TRUE
0.05,1826,-0.000404027214531726,-0.00011265435505549,-0.000516681569587216,-0.000580419559887,TRUE
0.05,1827,-0.000813906142393498,0.000318170045292456,-0.000495736097101043,-0.000570796982949061,TRUE
0.05,1828,-0.00101996088322681,-0.000963366773487917,-0.00198332765671472,-0.00225728766892356,TRUE
0.05,1829,0.000151057431148166,0.000094624333078395,0.000245681764226561,0.000272333842324455,TRUE
0.05,1830,-0.00163257124022836,-0.000812699041925804,-0.00244527028215416,-0.0028117555597983,TRUE
0.05,1831,-0.000414136872370308,0.00028821616204828,-0.000125920710322028,-0.000141790595300697,TRUE
0.05,1832,-0.000911301159584687,-0.00049008225696052,-0.00140138341654521,-0.00161186782882251,TRUE
0.05,1833,-0.00109298360803698,0.00000502148294052856,-0.00108796212509646,-0.00124289187411285,TRUE
0.05,1834,-0.00104227226503165,-0.000258172895783549,-0.0013004451608152,-0.00146971181902703,TRUE
0.05,1835,-0.0000137721335308046,0.000903992436150628,0.000890220302619823,0.000991411176946389,TRUE
0.05,1836,-0.000920124191322895,-0.000572076353012349,-0.00149220054433524,-0.00170986461194576,TRUE
0.05,1837,0.000209343029107435,0.000893095243764292,0.00110243827287173,0.00122187796516131,TRUE
0.05,1838,0.000342870950021641,0.000805677177266059,0.0011485481272877,0.00127237836488469,TRUE
0.05,1839,-0.00196001463754259,-0.000423812219422496,-0.00238382685696508,-0.00283920437872287,TRUE
0.05,1840,-0.000983885581777188,-0.00055306377694832,-0.00153694935872551,-0.00176104296508204,TRUE
0.05,1841,-0.000805459744804614,0.000249282630903889,-0.000556177113900725,-0.000634836411799017,TRUE
0.05,1842,-0.00168258572464657,-0.0000664740407990712,-0.00174905976544564,-0.0020528380629965,TRUE
0.05,1843,-0.00044208081640251,0.000510431847840904,0.0000683510314383931,0.0000771671541341758,TRUE
0.05,1844,-0.0011784751195388,-0.00038482519406226,-0.00156330031360106,-0.00180747847732824,TRUE
0.05,1845,0.000439128747611043,-0.000133747984350304,0.000305380763260739,0.000336343899850753,TRUE
0.05,1846,-0.000864209828895577,-0.000843911788203979,-0.00170812161709956,-0.00195450649736666,TRUE
0.05,1847,-0.000128947301498158,-0.000302596743518215,-0.000431544045016373,-0.000484696132285145,TRUE
0.05,1848,-0.00152649748685094,0.000043198351549574,-0.00148329913530136,-0.00174549800546343,TRUE
0.05,1849,-0.000814173360354563,0.0000301443507528673,-0.000784029009601696,-0.000893971551497039,TRUE
0.05,1850,-0.00108261802604687,-0.000577686386529285,-0.00166030441257615,-0.00187389277445847,TRUE
0.05,1851,-0.00155340198410732,-0.000334811468012012,-0.00188821345211933,-0.00223737369070183,TRUE
0.05,1852,-0.00203225746638688,-0.000116699364754547,-0.00214895683114143,-0.00258583911191356,TRUE
0.05,1853,-0.00128026915694923,0.000805234220796597,-0.00047503493615263,-0.000559555812638839,TRUE
0.05,1854,-0.00131427291234742,-0.000194520141719023,-0.00150879305406645,-0.00171555030089939,TRUE
0.05,1855,-0.00111972421811806,-0.000483172933385486,-0.00160289715150355,-0.00184529457839021,TRUE
0.05,1856,-0.00223643951273479,-0.00131395723604206,-0.00355039674877686,-0.00412076471293843,TRUE
0.05,1857,-0.00208119789652624,-0.0000292349291224086,-0.00211043282564865,-0.00252454126475159,TRUE
0.05,1858,-0.00190906207666971,-0.000588758910872959,-0.00249782098754266,-0.00294597659392866,TRUE
0.05,1859,-0.0006177486451549,0.000411268609585432,-0.000206480035569468,-0.00023474694014174,TRUE
0.05,1860,-0.00199464732621062,-0.0000221052287694762,-0.00201675255498009,-0.00244691684058492,TRUE
0.05,1861,0.000109516298815176,0.00197058884531322,0.00208010514412839,0.00233012734961416,TRUE
0.05,1862,-0.00116421036583736,-0.000382513370250465,-0.00154672373608783,-0.00180227737964495,TRUE
0.05,1863,-0.00107302334849938,-0.000539684489387388,-0.00161270783788677,-0.00187039961175316,TRUE
0.05,1864,-0.000324087957105146,0.000389749790058972,0.0000656618329538259,0.0000739030625479495,TRUE
0.05,1865,-0.0006417699390161,0.000561023632720895,-0.000080746306295205,-0.0000919397644243229,TRUE
0.05,1866,-0.000745776007679378,0.00022225526359472,-0.000523520744084658,-0.000596760852394031,TRUE
0.05,1867,-0.00176464225540996,-0.000406067887255458,-0.00217071014266541,-0.002536966311958,TRUE
0.05,1868,-0.000239631394316948,0.000819975998815114,0.000580344604498166,0.000649610219860982,TRUE
0.05,1869,-0.00181709450789309,-0.000167596148142438,-0.00198469065603553,-0.00239070528296922,TRUE
0.05,1870,-0.00180979578426569,0.000058211176312511,-0.00175158460795318,-0.00210391595673677,TRUE
0.05,1871,0.0000224241434891715,0.000215173115642737,0.000237597259131908,0.000264043836484289,TRUE
0.05,1872,-0.00061838879101164,-0.000375182973560319,-0.00099357176457196,-0.00113531773830926,TRUE
0.05,1873,-0.000861504995599907,-0.000393509179944906,-0.00125501417554481,-0.00145980000535253,TRUE
0.05,1874,-0.00156589715348112,-0.000406465488076351,-0.00197236264155747,-0.0023179511389056,TRUE
0.05,1875,-0.000703359133384777,0.000332635959170463,-0.000370723174214313,-0.000420283124094175,TRUE
0.05,1876,-0.000870121256920837,-0.000511761155094406,-0.00138188241201524,-0.00159706070295081,TRUE
0.05,1877,-0.00253517863566126,-0.00121897020169738,-0.00375414883735864,-0.00462433560667184,TRUE
0.05,1878,-0.0017554780772836,-0.000219924987080359,-0.00197540306436396,-0.0023279411519032,TRUE
0.05,1879,-0.000433627941970129,0.000448509768323665,0.0000148818263535355,0.0000168220100281969,TRUE
0.05,1880,-0.00153909362325619,-0.000432006899486421,-0.00197110052274261,-0.00229194132008578,TRUE
0.05,1881,-0.0000892247990620823,0.000982729948776423,0.00089350514971434,0.000997946693387492,TRUE
0.05,1882,-0.000211033544844078,0.00032712218222192,0.000116088637377841,0.00012967394015705,TRUE
0.05,1883,-0.0000454968120304048,-0.000799718845767871,-0.000845215657798276,-0.000955564467783341,TRUE
0.05,1884,-0.000137012044898789,-0.000947941668081475,-0.00108495371298026,-0.00121613226696899,TRUE
0.05,1885,-0.00121942697312621,-0.00118018052816449,-0.0023996075012907,-0.00282140642749811,TRUE
0.05,1886,0.0000472873936030306,0.000570952273919937,0.000618239667522968,0.000684365703015542,TRUE
0.05,1887,-0.000443555520330262,-0.000274854270161282,-0.000718409790491544,-0.000809493002728595,TRUE
0.05,1888,-0.000297253759819389,0.000170796826331167,-0.000126456933488222,-0.000141997434822301,TRUE
0.05,1889,0.0008406033861418,0.000614739338630427,0.00145534272477223,0.00160425326124749,TRUE
0.05,1890,-0.00045629514171609,-0.000298454542521238,-0.000754749684237328,-0.000848892163565436,TRUE
0.05,1891,-0.00110730952244563,-0.000929258535418296,-0.00203656805786392,-0.00239704234381153,TRUE
0.05,1892,-0.00110174221429655,-0.000744492881943194,-0.00184623509623974,-0.00211463529494408,TRUE
0.05,1893,0.000106435526015233,0.000839937581320993,0.000946373107336226,0.00106975678279271,TRUE
0.05,1894,-0.00102363572388963,0.000931832381198619,-0.0000918033426910071,-0.000106465543059698,TRUE
0.05,1895,-0.000334954548779563,0.000479345258990181,0.000144390710210618,0.00016201612398398,TRUE
0.05,1896,-0.000192396919597517,-0.000342824175619516,-0.000535221095217034,-0.00059994111852765,TRUE
0.05,1897,-0.00094929169980736,0.000147846423418197,-0.000801445276389163,-0.000923454203469322,TRUE
0.05,1898,-0.00179286605285222,-0.000384863326380263,-0.00217772937923249,-0.00259571609512088,TRUE
0.05,1899,-0.00201420623220667,-0.000852150044233944,-0.00286635627644061,-0.00334727128299703,TRUE
0.05,1900,-0.00148512025911712,-0.000517609887864517,-0.00200273014698164,-0.00236374917201842,TRUE
0.05,1901,-0.000564778549705371,-0.000582618670032615,-0.00114739721973799,-0.0013045973467876,TRUE
0.05,1902,-0.000701566107502009,0.0010593765293107,0.000357810421808691,0.000411886073825355,TRUE
0.05,1903,-0.0011755794269921,-0.000724144091937837,-0.00189972351892994,-0.00217919106757918,TRUE
0.05,1904,-0.00121761328511956,-0.00103933392288646,-0.00225694720800603,-0.00263364043434095,TRUE
0.05,1905,0.000675591192859651,0.000795898945838067,0.00147149013869772,0.00162388206012246,TRUE
0.05,1906,-0.00134751764523509,0.0000101170055078165,-0.00133740063972727,-0.00152230578707455,TRUE
0.05,1907,-0.00196001839264408,-0.000846848945078858,-0.00280686733772293,-0.00338294479729476,TRUE
0.05,1908,-0.000612952425841651,-0.000193891465648373,-0.000806843891490025,-0.000918163341625001,TRUE
0.05,1909,0.000159391607785897,0.00116482713581827,0.00132421874360417,0.00147214653923993,TRUE
0.05,1910,-0.000426232201504029,0.0000691517620471537,-0.000357080439456875,-0.000402283124748749,TRUE
0.05,1911,-0.00141948436230745,-0.000521857604951756,-0.00194134196725921,-0.00220184403109971,TRUE
0.05,1912,-0.00163347361934951,-0.000702831549581927,-0.00233630516893143,-0.00279689493418775,TRUE
0.05,1913,-0.001802928214107,-0.000834738718638274,-0.00263766693274527,-0.00310074104502437,TRUE
0.05,1914,-0.0013219892187979,0.00110344721124361,-0.000218542007554285,-0.00025312370889334,TRUE
0.05,1915,-0.000978186471167781,0.000327262408859335,-0.000650924062308446,-0.000737940135178416,TRUE
0.05,1916,-0.000758903394958174,-0.000140298263185666,-0.000899201658143839,-0.00101976943682613,TRUE
0.05,1917,-0.00094541410502868,0.000472468255480747,-0.000472945849547933,-0.00054646436562784,TRUE
0.05,1918,-0.000284590761180588,-0.000372141802065157,-0.000656732563245746,-0.000738751916804796,TRUE
0.05,1919,-0.00264301264608476,-0.000318152891254343,-0.0029611655373391,-0.0035475277350054,TRUE
0.05,1920,-0.000760696515703525,-0.000304879485509259,-0.00106557600121278,-0.00121583752149601,TRUE
0.05,1921,-0.000913603251088003,-0.000514052366402688,-0.00142765561749069,-0.00165117209033454,TRUE
0.05,1922,-0.0000689074102136106,-0.000687173436797161,-0.000756080847010772,-0.000858173176723518,TRUE
0.05,1923,-0.0000311038545757165,0.000726437738673092,0.000695333884097376,0.000771402158706467,TRUE
0.05,1924,-0.00115762385235816,-0.000291676488054969,-0.00144930034041313,-0.00164846885708517,TRUE
0.05,1925,-0.00111415462789612,-0.00140023597849794,-0.00251439060639406,-0.00291481510752257,TRUE
0.05,1926,-0.00100216950334677,-0.000578106767208103,-0.00158027627055488,-0.00179229494383101,TRUE
0.05,1927,-0.00166364969179817,-0.000448494524969551,-0.00211214421676772,-0.00251481747177791,TRUE
0.05,1928,-0.00143500595523166,0.000268885405424246,-0.00116612054980742,-0.00137736698426808,TRUE
0.05,1929,-0.00100615107933819,-0.00044540752603972,-0.00145155860537791,-0.00168860473059727,TRUE
0.05,1930,-0.00164191358248466,-0.00125017398256653,-0.0028920875650512,-0.0033789060713216,TRUE
0.05,1931,-0.000860070235426909,0.000286325371597085,-0.000573744863829824,-0.000656694307095981,TRUE
0.05,1932,0.000248316933234707,0.000464695315405355,0.000713012248640062,0.000785450131994841,TRUE
0.05,1933,-0.00086768875985887,0.00058413300218974,-0.000283555757669129,-0.000323462531280019,TRUE
0.05,1934,-0.00121591880515719,0.000172488303051079,-0.00104343050210611,-0.00119531498849463,TRUE
0.05,1935,-0.00195664960986274,-0.000423545797954872,-0.00238019540781761,-0.00276270360579293,TRUE
0.05,1936,-0.00171668261945055,-0.000467870391085246,-0.0021845530105358,-0.00256034306948043,TRUE
0.05,1937,-0.00034758161240405,-0.000213455488198733,-0.000561037100602783,-0.000631517597795648,TRUE
0.05,1938,-0.000705206491354958,0.000312376244461255,-0.000392830246893703,-0.000444369062935125,TRUE
0.05,1939,-0.00110788630478022,0.000537661594985032,-0.000570224709795185,-0.000664507682992371,TRUE
0.05,1940,-0.00092977428085404,-0.00101429989294135,-0.00194407417379539,-0.00222618051003562,TRUE
0.05,1941,-0.00043744836479889,-0.000326124421355359,-0.000763572786154248,-0.000863101881763117,TRUE
0.05,1942,-0.000961305717155076,-0.000896191199117653,-0.00185749691627273,-0.00216323256512427,TRUE
0.05,1943,-0.00113136961257075,-0.000650852126230104,-0.00178222173880085,-0.00206290789128962,TRUE
0.05,1944,0.00052002186754106,0.00085312759907828,0.00137314946661934,0.0014951878307775,TRUE
0.05,1945,-0.00123813636177532,-0.00130571641315488,-0.0025438527749302,-0.00300405054910954,TRUE
0.05,1946,-0.000206902739428386,0.00120306468632216,0.000996161946893777,0.00110278142354557,TRUE
0.05,1947,-0.00134452320121839,-0.00124942004025603,-0.00259394324147442,-0.00298007535434591,TRUE
0.05,1948,-0.0013294836450524,-0.00109745630048522,-0.00242693994553762,-0.00284994887863164,TRUE
0.05,1949,-0.00114103417932166,-0.000419963119080968,-0.00156099729840263,-0.00180804680043549,TRUE
0.05,1950,-0.00104701735117769,-0.000727349724120131,-0.00177436707529783,-0.00205201003400169,TRUE
0.05,1951,-0.000563921414492013,-0.0005431659911003,-0.00110708740559231,-0.00125730605517585,TRUE
0.05,1952,-0.000254453694091005,0.00116468509722683,0.000910231403135821,0.00101997216720363,TRUE
0.05,1953,-0.000968210528993713,0.000309181355888223,-0.00065902917310549,-0.000754271454437413,TRUE
0.05,1954,-0.000168860478270179,0.000779316046273075,0.000610455568002897,0.000680061405708081,TRUE
0.05,1955,-0.00118290186183798,-0.000125092054354906,-0.00130799391619289,-0.00150134879138209,TRUE
0.05,1956,-0.00161223430491775,0.00033322719826641,-0.00127900710665134,-0.00149135980741777,TRUE
0.05,1957,-0.0019060394417705,-0.00105479621252411,-0.0029608356542946,-0.00351460413643437,TRUE
0.05,1958,-0.000497594179082485,0.000530128613784248,0.0000325344347017627,0.0000369245784368432,TRUE
0.05,1959,-0.00184344615885893,-0.000458292217389934,-0.00230173837624887,-0.00277004335176561,TRUE
0.05,1960,-0.00159511021421436,-0.000557227680749676,-0.00215233789496404,-0.00256201347702346,TRUE
0.05,1961,-0.00107457623625416,0.000783342504375558,-0.000291233731878606,-0.000340776377653541,TRUE
0.05,1962,-0.00109738057884131,-0.000723368245872058,-0.00182074882471336,-0.00211507993245861,TRUE
0.05,1963,-0.00114105276617248,-0.000614872542568859,-0.00175592530874134,-0.00203843294594928,TRUE
0.05,1964,-0.000533688998727913,-0.000559811654000999,-0.00109350065272891,-0.00123107646365932,TRUE
0.05,1965,-0.00174718648378479,-0.0000613187542493923,-0.00180850523803418,-0.00214844557274688,TRUE
0.05,1966,-0.0012174661680261,-0.000518445127451712,-0.00173591129547782,-0.00202680995153792,TRUE
0.05,1967,0.000191187782429519,-0.000758335457068758,-0.000567147674639239,-0.00063317824593461,TRUE
0.05,1968,-0.000644518570644088,0.000344859746001522,-0.000299658824642566,-0.000337684718423357,TRUE
0.05,1969,-0.000459768999979832,-0.000777839068150838,-0.00123760806813067,-0.00140764330919961,TRUE
0.05,1970,0.000346296242094448,0.00104309122964699,0.00138938747174144,0.00151475954426015,TRUE
0.05,1971,-0.000772676436087172,-0.0000182613739029333,-0.000790937809990105,-0.000900223788183515,TRUE
0.05,1972,-0.000625730296294466,0.000494687996261409,-0.000131042300033057,-0.000148834897379708,TRUE
0.05,1973,-0.000632185392446089,0.000506933498917109,-0.00012525189352898,-0.000141112372394814,TRUE
0.05,1974,-0.000869494929216467,-0.000340112151027538,-0.001209607080244,-0.00138489721131352,TRUE
0.05,1975,-0.00140813324466701,-0.00040223285314693,-0.00181036609781394,-0.00206215102302919,TRUE
0.05,1976,-0.00107162799518486,0.0000323588995754221,-0.00103926909560944,-0.0011871738429358,TRUE
0.05,1977,-0.00146491805113858,-0.000987643702355907,-0.00245256175349448,-0.00285747960469592,TRUE
0.05,1978,-0.000762673505970404,-0.000264047552882426,-0.00102672105885283,-0.00115974215360329,TRUE
0.05,1979,-0.000232224024945743,0.000255368175997487,0.0000231441510517446,0.0000258723857232619,TRUE
0.05,1980,0.000464291972658448,0.000395612402332779,0.000859904374991227,0.00094425680290517,TRUE
0.05,1981,-0.000449067272422342,0.0000294407498847073,-0.000419626522537634,-0.000474010814259189,TRUE
0.05,1982,-0.00109284721545204,0.000795108020438709,-0.000297739195013335,-0.000338664662294327,TRUE
0.05,1983,-0.0000810005977851618,-0.00000277966219192074,-0.0000837802599770826,-0.0000935400676365116,TRUE
0.05,1984,0.0000717744210231503,0.000550087094563732,0.000621861515586882,0.000688301359446403,TRUE
0.05,1985,-0.00117352962939472,0.0000479752044180498,-0.00112555442497667,-0.00130860117869223,TRUE
0.05,1986,-0.00188562166062751,0.0000818438297513921,-0.00180377783087612,-0.00212593850385907,TRUE
0.05,1987,-0.000872141959689553,-0.000356175378844456,-0.00122831733853401,-0.00140740677026865,TRUE
0.05,1988,-0.00129989304916287,-0.00142996021790692,-0.00272985326706979,-0.00316818015804227,TRUE
0.05,1989,-0.00146048504869108,-0.00112666551546757,-0.00258715056415865,-0.00304314808266968,TRUE
0.05,1990,-0.000852723669523222,-0.00105991772567402,-0.00191264139519725,-0.0021527147590953,TRUE
0.05,1991,-0.000446747094062011,0.000200019019779122,-0.000246728074282889,-0.000277925724451795,TRUE
0.05,1992,-0.000679843195631024,0.000267557564567166,-0.000412285631063858,-0.000468798315026311,TRUE
0.05,1993,-0.0000958151973789179,-0.000360772690255034,-0.000456587887633952,-0.000514978024294521,TRUE
0.05,1994,-0.00204624198009788,-0.000861037672835904,-0.00290727965293378,-0.00344415230057266,TRUE
0.05,1995,-0.00164483034525863,0.000546816596189823,-0.00109801374906881,-0.00127672392786181,TRUE
0.05,1996,-0.00121062023625985,0.000186135832821338,-0.00102448440343852,-0.00120184276031077,TRUE
0.05,1997,-0.00174084176922665,-0.000977614015383209,-0.00271845578460986,-0.0032485142868167,TRUE
0.05,1998,-0.000744330647880292,0.000536479412536823,-0.000207851235343469,-0.000235460579989311,TRUE
0.05,1999,-0.00172722193097257,-0.000663997736663056,-0.00239121966763562,-0.00288694012622846,TRUE
0.05,2000,0.0000379589622711985,-0.000213508813442013,-0.000175549851170814,-0.000195720155089562,TRUE
0.1,1,-0.000858122662379408,-0.000837504975642744,-0.00169562763802215,-0.00199515961218196,TRUE
0.1,2,-0.00066572615475566,-0.000527395456777076,-0.00119312161153274,-0.00136996507376647,TRUE
0.1,3,0.00068314804845532,0.000795666411942352,0.00147881446039767,0.00160911629110171,TRUE
0.1,4,0.000554469572153856,0.000756880076501305,0.00131134964865516,0.00143148920523064,TRUE
0.1,5,-0.0013545103420822,-0.000280082448232054,-0.00163459279031426,-0.00185813709518114,TRUE
0.1,6,-0.000478143282719566,0.000484608740043684,0.00000646545732411796,0.00000726927086729405,TRUE
0.1,7,-0.00126950133682002,0.000639015775230968,-0.000630485561589056,-0.000736103144293086,TRUE
0.1,8,0.00108532543494803,0.00234826901123408,0.00343359444618211,0.00394190322148214,TRUE
0.1,9,-0.000611508431866709,-0.0011444218485324,-0.00175593028039911,-0.00195656829201989,TRUE
0.1,10,0.000136487183228986,-0.000701966110815708,-0.000565478927586723,-0.000632380535609897,TRUE
0.1,11,0.000537913452824618,0.0000165855374295964,0.000554498990254215,0.000604306597487016,TRUE
0.1,12,-0.00101377271813041,-0.00120201678140014,-0.00221578949953054,-0.00275182481994075,TRUE
0.1,13,-0.000127606581061565,-0.000112211640201578,-0.000239818221263142,-0.000267890593372429,TRUE
0.1,14,-0.00251733665042139,-0.000777001873595923,-0.00329433852401732,-0.00420812651320615,TRUE
0.1,15,0.000300765634837584,-0.000496142863977099,-0.000195377229139515,-0.00021795366183945,TRUE
0.1,16,-0.00102970700757617,0.000734424528053497,-0.000295282479522668,-0.000344607749654683,TRUE
0.1,17,-0.000440647454758733,-0.000900896978060688,-0.00134154443281942,-0.00151385336655787,TRUE
0.1,18,-0.000789141298626515,-0.000663555419407445,-0.00145269671803396,-0.00168667883483058,TRUE
0.1,19,-0.00118314596935727,-0.000554543755594743,-0.00173768972495201,-0.00204211230896086,TRUE
0.1,20,-0.00289957203939502,-0.000766992876364456,-0.00366656491575948,-0.00498119021628028,TRUE
0.1,21,0.000650146248728108,-0.000151800478604638,0.00049834577012347,0.000557518412025856,TRUE
0.1,22,-0.000178293357677762,-0.00111704525686906,-0.00129533861454682,-0.00146907328355417,TRUE
0.1,23,-0.000120789447939018,0.0006265656853615,0.000505776237422482,0.00056609178692823,TRUE
0.1,24,0.000074765565218215,-0.000555528761883592,-0.000480763196665377,-0.000537020582790517,TRUE
0.1,25,-0.000117649089462367,-0.00128821076859182,-0.00140585985805419,-0.00163613677014385,TRUE
0.1,26,-0.000215847763484422,0.000049696292752192,-0.00016615147073223,-0.000185527557099879,TRUE
0.1,27,-0.00133271917226555,-0.000841808270861817,-0.00217452744312737,-0.00254199094983977,TRUE
0.1,28,0.000171892182548967,0.00087245069887405,0.00104434288142302,0.00114817429284989,TRUE
0.1,29,-0.0016590769913731,-0.000370520167429844,-0.00202959715880295,-0.00237639179211801,TRUE
0.1,30,0.000766619111896815,0.0011513358094958,0.00191795492139261,0.00215454944756689,TRUE
0.1,31,-0.000578235658258498,-0.00149072236429568,-0.00206895802255418,-0.00232181888611825,TRUE
0.1,32,0.000575515380625877,0.000637719777524491,0.00121323515815037,0.00132717367721409,TRUE
0.1,33,-0.000295029851236861,0.00124506952744124,0.000950039676204383,0.00106457630914423,TRUE
0.1,34,-0.000423575419121502,0.000394480135178916,-0.0000290952839425856,-0.0000328007215379205,TRUE
0.1,35,0.000129749759717787,0.000539346633055852,0.000669096392773639,0.00073891632849585,TRUE
0.1,36,0.000500894979323279,0.00051947025060864,0.00102036522993192,0.00113616253381702,TRUE
0.1,37,0.00062964236776533,-0.0000167466406354497,0.00061289572712988,0.000671949528189616,TRUE
0.1,38,-0.00108609600042885,0.0000686663977441335,-0.00101742960268471,-0.00116218403455612,TRUE
0.1,39,-0.000390198814057305,-0.000532256528099527,-0.000922455342156832,-0.00103294029070847,TRUE
0.1,40,0.000952250273024549,0.00116198451406374,0.00211423478708829,0.00229692075520146,TRUE
0.1,41,-0.000576400636036633,-0.000293390066804749,-0.000869790702841381,-0.00098337279615042,TRUE
0.1,42,-0.000249236697281956,-0.000174091861260613,-0.000423328558542569,-0.000478355611352108,TRUE
0.1,43,0.0000137760433441736,0.000433742325742118,0.000447518369086292,0.000499456049928949,TRUE
0.1,44,0.000429921131373225,0.00105478270074351,0.00148470383211673,0.00164376668857189,TRUE
0.1,45,-0.00240891017318172,-0.000906885606291217,-0.00331579577947293,-0.00417659882104598,TRUE
0.1,46,-0.0017506018547087,0.000145487484464774,-0.00160511437024392,-0.00191754380629398,TRUE
0.1,47,-0.000398431644966527,-0.000760899712891752,-0.00115933135785828,-0.00133400272148413,TRUE
0.1,48,-0.00122054716051498,-0.00101681021979213,-0.00223735738030711,-0.00251019671250949,TRUE
0.1,49,-0.000426209645952353,-0.00110597313489006,-0.00153218278084241,-0.00177748597077254,TRUE
0.1,50,-0.000870782176318712,0.000430790409026469,-0.000439991767292243,-0.00049443072556506,TRUE
0.1,51,-0.000196968012428373,-0.000922418424129198,-0.00111938643655757,-0.00128990704967251,TRUE
0.1,52,-0.00155050969600621,-0.000361151229126894,-0.0019116609251331,-0.00217424796190932,TRUE
0.1,53,-0.000995207228128263,0.000235833130053827,-0.000759374098074436,-0.000886059473392261,TRUE
0.1,54,-0.00106723362952303,-0.00171821970742011,-0.00278545333694314,-0.00312417556538907,TRUE
0.1,55,-0.000539508870722178,0.000343302974309203,-0.000196205896412975,-0.00022500032017151,TRUE
0.1,56,-0.00144633006374619,-0.00012917805229165,-0.00157550811603784,-0.0018881427953427,TRUE
0.1,57,0.0000453120683727693,-0.00080896405356189,-0.000763651985189121,-0.000858141551672695,TRUE
0.1,58,-0.000181371824665827,-0.000425744613891374,-0.000607116438557201,-0.000688721558924759,TRUE
0.1,59,-0.000653091120433567,-0.000294548067620341,-0.000947639188053908,-0.00108470030935728,TRUE
0.1,60,0.000352445497207342,0.000699082452408048,0.00105152794961539,0.00118712067072059,TRUE
0.1,61,0.000539501333814302,0.000505817547359459,0.00104531888117376,0.00114701848579349,TRUE
0.1,62,-0.0021155298952744,-0.00114009587541507,-0.00325562577068947,-0.00394407993674122,TRUE
0.1,63,-0.000958782276895485,0.000110166520028667,-0.000848615756866817,-0.000972157487424793,TRUE
0.1,64,-0.00144694115322919,-0.0000228305963910685,-0.00146977174962026,-0.00172743391155471,TRUE
0.1,65,0.000146882247725954,0.00123540367308995,0.0013822859208159,0.00150711534756745,TRUE
0.1,66,0.000871251833063269,0.000223738665185978,0.00109499049824925,0.00121887812732917,TRUE
0.1,67,-0.00065236501822845,-0.000371585292236144,-0.00102395031046459,-0.00118742027582894,TRUE
0.1,68,-0.000848281263696476,0.000521645806870056,-0.00032663545682642,-0.00037865278061987,TRUE
0.1,69,-0.000450811720573318,0.000552206894398963,0.000101395173825645,0.000116787818192613,TRUE
0.1,70,-0.00142556750962396,0.000117119059342092,-0.00130844845028187,-0.00154546290078025,TRUE
0.1,71,-0.000451581417276838,0.000759543730910578,0.000307962313633741,0.000345247583529316,TRUE
0.1,72,-0.000382155900332796,0.0000142349161865509,-0.000367920984146245,-0.000412934009400513,TRUE
0.1,73,-0.000370786577510832,0.000752779902180895,0.000381993324670063,0.000443160214915199,TRUE
0.1,74,-0.00117597714441396,-0.000960759438072418,-0.00213673658248638,-0.00247288418574954,TRUE
0.1,75,-0.000227750833057056,0.000940436490376373,0.000712685657319316,0.000810272459767815,TRUE
0.1,76,-0.00144787837362704,-0.0012682797704685,-0.00271615814409554,-0.00318123536437647,TRUE
0.1,77,-0.000863050304012468,0.000641584777720555,-0.000221465526291913,-0.000255814551791669,TRUE
0.1,78,0.000127513008622458,0.00142409364726398,0.00155160665588644,0.00169377969650862,TRUE
0.1,79,0.000316334449702193,0.000811477119210245,0.00112781156891244,0.00126911078423803,TRUE
0.1,80,-0.000700602986138706,0.00112259673766161,0.000421993751522906,0.000476529984626675,TRUE
0.1,81,-0.000829302468320705,0.000467484243024901,-0.000361818225295803,-0.000424554695110335,TRUE
0.1,82,0.00166881888545855,0.00117787768770602,0.00284669657316457,0.00306663967424366,TRUE
0.1,83,-0.000105888241485143,0.000682948600466265,0.000577060358981121,0.000651610356510536,TRUE
0.1,84,0.000925887496828628,0.000593311982005501,0.00151919947883413,0.00163360415915513,TRUE
0.1,85,-0.000295512815065748,0.000438565357124146,0.000143052542058397,0.000161972521338214,TRUE
0.1,86,-0.000528012553503359,-0.0000148277259834163,-0.000542840279486775,-0.000625001271244808,TRUE
0.1,87,-0.00174097774538436,-0.000944351637263399,-0.00268532938264776,-0.00300355602402731,TRUE
0.1,88,-0.00183942390624608,-0.000845626847185327,-0.00268505075343141,-0.00315945306435521,TRUE
0.1,89,-0.000913914137187634,0.0000792745220544796,-0.000834639615133155,-0.00096236477621779,TRUE
0.1,90,-0.00107251472105894,0.00114127247833442,0.0000687577572754828,0.0000855795966784439,TRUE
0.1,91,0.000509781277712693,-0.000413331770822895,0.0000964495068897975,0.000107910277651257,TRUE
0.1,92,-0.000614131740470605,-0.000260750293517706,-0.00087488203398831,-0.000996176771062022,TRUE
0.1,93,-0.000987575401054523,0.00111463626612697,0.000127060865072446,0.000145607010462984,TRUE
0.1,94,-0.000287670566091344,0.000211840340759283,-0.0000758302253320614,-0.0000850264437800908,TRUE
0.1,95,-0.000843124186768476,-0.00146257564265527,-0.00230569982942375,-0.00275262638153733,TRUE
0.1,96,-0.00085276784836311,-0.000784576608290102,-0.00163734445665321,-0.00186231650310014,TRUE
0.1,97,-0.000765123667572062,-0.000364083626462006,-0.00112920729403407,-0.00128763724143005,TRUE
0.1,98,-0.00114531424147368,0.000273712005680727,-0.000871602235792949,-0.00100612406811717,TRUE
0.1,99,0.00112951181715045,0.000916829507385024,0.00204634132453548,0.00219020666759934,TRUE
0.1,100,-0.0010693012166192,-0.0000670954266722092,-0.00113639664329141,-0.00129242282763002,TRUE
0.1,101,-0.000850694124392192,0.000115867454245075,-0.000734826670147117,-0.00085356165747448,TRUE
0.1,102,-0.000111540088934295,0.000504872438124622,0.000393332349190328,0.000436006946088459,TRUE
0.1,103,0.000232242014768704,0.000151512883370867,0.000383754898139571,0.000423857158544601,TRUE
0.1,104,-0.000000189708651951177,-0.000449380547384489,-0.000449570256036441,-0.000499501676388208,TRUE
0.1,105,-0.000135601588590476,-0.000070235573381562,-0.000205837161972038,-0.000230173746292221,TRUE
0.1,106,-0.00245775746653589,0.0001508240355626,-0.00230693343097329,-0.00301062545469569,TRUE
0.1,107,-0.00201369678237952,0.000518233252487433,-0.00149546352989209,-0.00190512343991628,TRUE
0.1,108,-0.000778136628190359,0.000882663438856948,0.000104526810666589,0.000119816397815426,TRUE
0.1,109,-0.00121498615333966,-0.00151434146440287,-0.00272932761774253,-0.00318617784313769,TRUE
0.1,110,-0.000591311403832278,-0.000896930324293983,-0.00148824172812626,-0.00165402459914798,TRUE
0.1,111,-0.000694546258201899,0.000790096816989071,0.0000955505587871719,0.000109737808100107,TRUE
0.1,112,-0.000774258731549278,-0.000845950007224288,-0.00162020873877357,-0.00184953809026268,TRUE
0.1,113,-0.000128101747599522,-0.000838818929152501,-0.000966920676752023,-0.00108882022897891,TRUE
0.1,114,0.000212322773547628,0.00181258817818712,0.00202491095173475,0.00229141330735294,TRUE
0.1,115,-0.000629443375314221,0.00013829538462089,-0.000491147990693331,-0.00055270068682933,TRUE
0.1,116,-0.00104028913509486,0.000100055349307062,-0.000940233785787793,-0.00110790218057395,TRUE
0.1,117,-0.000698865654483474,0.000338804346669342,-0.000360061307814132,-0.000410299287233583,TRUE
0.1,118,-0.0003427913822891,0.000344475258067726,0.00000168387577862658,0.00000188941329658281,TRUE
0.1,119,-0.000374978128206343,-0.000382169616959973,-0.000757147745166316,-0.00084982510825755,TRUE
0.1,120,-0.000410374478735554,0.000193557215353306,-0.000216817263382248,-0.000244627822758114,TRUE
0.1,121,0.000436400997815744,0.0010666716334725,0.00150307263128824,0.00165628916476517,TRUE
0.1,122,0.000318794428364264,0.000588550245646458,0.000907344674010722,0.000992304909373047,TRUE
0.1,123,-0.000191548407480809,0.00136259696995592,0.00117104856247511,0.00129916324017427,TRUE
0.1,124,0.000217300741545402,0.000835755650749555,0.00105305639229496,0.00116436252367759,TRUE
0.1,125,-0.00111304859093748,-0.000629634366038208,-0.00174268295697569,-0.00193635697183415,TRUE
0.1,126,0.0000345659329838624,0.000650296288967706,0.000684862221951568,0.000764052454293717,TRUE
0.1,127,0.000556127301836318,-0.00112195582182117,-0.000565828519984851,-0.000646109163994395,TRUE
0.1,128,-0.000898447950400287,-0.000623773114691811,-0.0015222210650921,-0.00176519286856673,TRUE
0.1,129,-0.00113546081027791,-0.000583832763998553,-0.00171929357427647,-0.00203032048042096,TRUE
0.1,130,-0.00114727897733401,-0.000866115119297428,-0.00201339409663143,-0.00233230629325814,TRUE
0.1,131,-0.000358275328965847,-0.000338039666966442,-0.00069631499593229,-0.000790306901376401,TRUE
0.1,132,-0.00132988892800211,-0.000523393603551453,-0.00185328253155357,-0.00217351513772554,TRUE
0.1,133,-0.000940311036344517,-0.000483684229632633,-0.00142399526597715,-0.00157989612211031,TRUE
0.1,134,-0.00124419991239769,0.0000447317052837714,-0.00119946820711392,-0.00143110282741165,TRUE
0.1,135,-0.000143830803046684,-0.000343107807486159,-0.000486938610532843,-0.000537633854957954,TRUE
0.1,136,-0.000111965178754696,-0.000328728533369897,-0.000440693712124593,-0.000497148105128529,TRUE
0.1,137,-0.000545773647434784,-0.000544408385138213,-0.001090182032573,-0.00125740242751813,TRUE
0.1,138,-0.000417122353517497,-0.000382969884542257,-0.000800092238059754,-0.000918861496645297,TRUE
0.1,139,-0.00211254673785634,-0.00100235078800366,-0.00311489752586001,-0.00374288276878988,TRUE
0.1,140,-0.00116846035394793,-0.0014295715539368,-0.00259803190788473,-0.00313740856975982,TRUE
0.1,141,0.000201652620245277,0.00130854544678565,0.00151019806703093,0.00173369322620213,TRUE
0.1,142,-0.000668844071741912,-0.000925273670946483,-0.0015941177426884,-0.00181265089839322,TRUE
0.1,143,-0.00151466767923857,-0.0018409029955848,-0.00335557067482337,-0.00420077954333909,TRUE
0.1,144,-0.000225216710884094,0.00144717928061527,0.00122196256973118,0.00140516345232494,TRUE
0.1,145,0.00020091968743825,0.00107558370021722,0.00127650338765547,0.00143659679349351,TRUE
0.1,146,0.00123651886139218,-0.000357035098914957,0.000879483762477218,0.000994672524478148,TRUE
0.1,147,-0.000381336226937409,0.000135061876059034,-0.000246274350878374,-0.000276028442084933,TRUE
0.1,148,0.00024986261985113,0.000156872448123594,0.000406735067974725,0.00044872632108219,TRUE
0.1,149,-0.000843878873887242,0.000212395729776665,-0.000631483144110577,-0.000721772909381205,TRUE
0.1,150,-0.000201889854926648,-0.00018836885378671,-0.000390258708713358,-0.0004374094591781,TRUE
0.1,151,-0.00139964114471712,-0.000783419358074717,-0.00218306050279184,-0.00244111809218883,TRUE
0.1,152,-0.0000108913327644864,0.00127424513145299,0.00126335379868851,0.00142343299873153,TRUE
0.1,153,0.000597077564275597,0.00109150657094527,0.00168858413522087,0.0019130152623009,TRUE
0.1,154,0.000832945167919581,0.000995149848910111,0.00182809501682969,0.00196229106702309,TRUE
0.1,155,0.000206906145870545,0.00108956511681253,0.00129647126268307,0.00145410572505578,TRUE
0.1,156,-0.000647066315860702,0.000233797912938196,-0.000413268402922507,-0.00046549234237486,TRUE
0.1,157,-0.000300371577918664,0.0000651909812334164,-0.000235180596685247,-0.00026143570565423,TRUE
0.1,158,-0.000425628486605538,0.000255314583497719,-0.000170313903107819,-0.000190485782846781,TRUE
0.1,159,-0.000101315742510891,-0.000400997298949803,-0.000502313041460694,-0.000562336979607503,TRUE
0.1,160,-0.000838489865844474,-0.000385083738921675,-0.00122357360476615,-0.00137357859296801,TRUE
0.1,161,-0.00088510266130271,0.00141003427338572,0.000524931612083006,0.000617551399329051,TRUE
0.1,162,-0.000202609306906435,0.00113250511834013,0.000929895811433692,0.00103198018737709,TRUE
0.1,163,-0.0000267923267040342,-0.0000820386095065539,-0.000108830936210588,-0.000121287280183715,TRUE
0.1,164,0.0012898855639562,0.000514930267761302,0.00180481583171751,0.00199548772885761,TRUE
0.1,165,-0.000172207300787944,0.0000308050340909094,-0.000141402266697035,-0.000157912410790891,TRUE
0.1,166,-0.000167384707628251,0.000114936525567544,-0.0000524481820607079,-0.0000588547687109097,TRUE
0.1,167,0.00084640372683137,0.000848977324522728,0.0016953810513541,0.0018621527421194,TRUE
0.1,168,-0.00161529617684829,-0.000145383018666158,-0.00176067919551445,-0.00207816501213236,TRUE
0.1,169,-0.000448520943496575,0.0000890312889456361,-0.000359489654550939,-0.000402751322100562,TRUE
0.1,170,-0.00122257036186111,-0.000536599358767444,-0.00175916972062855,-0.00208985916065899,TRUE
0.1,171,-0.0013403370037021,0.000809973060769899,-0.000530363942932203,-0.000626693745837584,TRUE
0.1,172,-0.000212294453974919,0.000638339491140755,0.000426045037165836,0.000478089039784361,TRUE
0.1,173,-0.000161164889898333,0.000424357526953725,0.000263192637055391,0.000292918557781889,TRUE
0.1,174,-0.000979320605333809,-0.000563766366219244,-0.00154308697155305,-0.00179653523856767,TRUE
0.1,175,-0.0014540332231692,-0.0000772804527628346,-0.00153131367593204,-0.00183797324509483,TRUE
0.1,176,-0.00150835837711016,-0.000304536395107152,-0.00181289477221731,-0.00215999877306476,TRUE
0.1,177,-0.000453750866777114,-0.00160517401682153,-0.00205892488359865,-0.00235636476242581,TRUE
0.1,178,-0.000329158789832125,-0.0000436289895074853,-0.00037278777933961,-0.00041882853431956,TRUE
0.1,179,0.00047694015938047,0.0000691531877411181,0.000546093347121589,0.000606707399633734,TRUE
0.1,180,-0.00135179018650318,-0.000945628351108766,-0.00229741853761194,-0.00274201943747891,TRUE
0.1,181,-0.00214274762134207,-0.00193816052752117,-0.00408090814886324,-0.00512311042161129,TRUE
0.1,182,0.000699985970399326,0.000180150624919849,0.000880136595319175,0.000971670905645421,TRUE
0.1,183,-0.000940246972164471,-0.000348034711904085,-0.00128828168406856,-0.0014702976818214,TRUE
0.1,184,-0.00063362092934639,0.000522372320436418,-0.000111248608909972,-0.000126418158714728,TRUE
0.1,185,0.000729846395326845,0.000619307242639942,0.00134915363796679,0.00149138540803812,TRUE
0.1,186,0.000309899023338799,-0.000542290211313461,-0.000232391187974663,-0.000259131168709745,TRUE
0.1,187,0.000795897556591728,0.000290773106294486,0.00108667066288621,0.00116675337363455,TRUE
0.1,188,-0.000840085141835378,-0.000882325215965044,-0.00172241035780042,-0.00197101419135751,TRUE
0.1,189,-0.000780104532694558,-0.000520512030288774,-0.00130061656298333,-0.0015225625896385,TRUE
0.1,190,-0.000661067596838309,-0.00143434541406491,-0.00209541301090322,-0.00257094673570939,TRUE
0.1,191,-0.000112207474130174,-0.00170480674740704,-0.00181701422153722,-0.0021466128723288,TRUE
0.1,192,-0.00092787014727486,-0.000277104577219773,-0.00120497472449463,-0.00140520990292014,TRUE
0.1,193,-0.00171991432551833,-0.00109578237956846,-0.00281569670508679,-0.00349112932393382,TRUE
0.1,194,-0.00037469676875936,0.000478464812593462,0.000103768043834102,0.000116835900097149,TRUE
0.1,195,-0.000968951885733868,-0.000203539707470167,-0.00117249159320404,-0.00135528877615481,TRUE
0.1,196,0.00112655320226644,0.000351966900529851,0.00147852010279629,0.0016029665786552,TRUE
0.1,197,-0.000458303098136162,-0.00104438939731943,-0.0015026924954556,-0.00177569236142153,TRUE
0.1,198,-0.00144011404226171,0.00135398726405544,-0.0000861267782062661,-0.000108854252233133,TRUE
0.1,199,-0.000519025618464187,0.000354266081097732,-0.000164759537366454,-0.000187403034231469,TRUE
0.1,200,-0.00295899920286938,0.00101098745970621,-0.00194801174316318,-0.00238306775451653,TRUE
0.1,201,-0.000317935030913959,-0.000598372170496885,-0.000916307201410844,-0.00101390262659012,TRUE
0.1,202,0.000180651080641378,0.00127804765773735,0.00145869873837872,0.0016379707970401,TRUE
0.1,203,-0.000900607249848767,0.0000707756718599337,-0.000829831577988833,-0.000970769434951391,TRUE
0.1,204,0.000413128932659231,-0.00104053407340637,-0.000627405140747137,-0.000699954232645504,TRUE
0.1,205,-0.000742706032303837,0.00116392306395358,0.000421217031649744,0.000490170050652555,TRUE
0.1,206,-0.0020878864100944,-0.000374791879316452,-0.00246267828941085,-0.00298252546998655,TRUE
0.1,207,-0.000514282655796252,-0.00132240848952164,-0.0018366911453179,-0.00205520015127399,TRUE
0.1,208,-0.000390327978178994,0.00136685524965812,0.000976527271479128,0.00108254378975504,TRUE
0.1,209,0.000223321139297333,-0.00016321384214171,0.0000601072971556235,0.0000666286164061619,TRUE
0.1,210,-0.0016043945058261,-0.00106250331282589,-0.00266689781865199,-0.00308814239346751,TRUE
0.1,211,-0.00111784526035377,-0.0012088409434548,-0.00232668620380858,-0.00278333559148694,TRUE
0.1,212,-0.000300863697988614,0.00082755570444232,0.000526692006453706,0.000592553544328962,TRUE
0.1,213,0.000223253619559495,0.0000470426557601847,0.00027029627531968,0.00029779887071511,TRUE
0.1,214,-0.000461098458398473,0.0000147991810955864,-0.000446299277302886,-0.000501224689774848,TRUE
0.1,215,0.0000439547897760818,0.00110877901898814,0.00115273380876422,0.0012853419831329,TRUE
0.1,216,-0.00136461186420682,0.000618085057150378,-0.000746526807056445,-0.000895079768649353,TRUE
0.1,217,0.00114926528937215,0.00084517317230554,0.00199443846167769,0.00217847026824972,TRUE
0.1,218,-0.00110463061045163,-0.00156073468842283,-0.00266536529887445,-0.00297247474137427,TRUE
0.1,219,-0.00144102842866449,-0.00145061158719288,-0.00289164001585737,-0.00346668297698891,TRUE
0.1,220,-0.00141458729912425,-0.000697865333204927,-0.00211245263232918,-0.00249306735067242,TRUE
0.1,221,0.00142771710547131,0.000999402126926865,0.00242711923239818,0.00277679155880455,TRUE
0.1,222,-0.000377101612584326,-0.000271185964869674,-0.000648287577454,-0.000735010998572458,TRUE
0.1,223,-0.00175888681676914,-0.000757332447713742,-0.00251621926448288,-0.00313680107097925,TRUE
0.1,224,-0.000201584975004438,0.0004815311874561,0.000279946212451662,0.000316539888825746,TRUE
0.1,225,0.000343966950378144,-0.0000924603403721731,0.000251506610005971,0.000277625710137925,TRUE
0.1,226,-0.00199051773017223,-0.00018347887536241,-0.00217399660553464,-0.00259741223722305,TRUE
0.1,227,-0.000429119205354749,0.000907432864670743,0.000478313659315993,0.000547367236780604,TRUE
0.1,228,-0.000820031072840638,0.000844947918311333,0.0000249168454706953,0.0000287447540045378,TRUE
0.1,229,-0.00156830573453735,-0.00095626899020549,-0.00252457472474284,-0.00301223510244349,TRUE
0.1,230,0.000492398861231839,-0.000566167683641307,-0.0000737688224094674,-0.0000823884473459177,TRUE
0.1,231,-0.00112790985117016,-0.000713292237891985,-0.00184120208906214,-0.00215034086048818,TRUE
0.1,232,-0.000772914589903366,0.000441901854863178,-0.000331012735040188,-0.000383138279133049,TRUE
0.1,233,0.000281008641201018,-0.000585665686395637,-0.000304657045194618,-0.000342403032444223,TRUE
0.1,234,-0.000154652945229287,0.000675112982350719,0.000520460037121432,0.000578469347104687,TRUE
0.1,235,-0.0000789412988397191,-0.000119065025839929,-0.000198006324679648,-0.000221835441091577,TRUE
0.1,236,-0.000183927302257609,0.000543968294459154,0.000360040992201545,0.000405484455721799,TRUE
0.1,237,-0.000240294837162765,-0.000717072931868592,-0.000957367769031357,-0.00110164749843682,TRUE
0.1,238,0.00071404218862689,0.00124261172186375,0.00195665391049064,0.00210163875176631,TRUE
0.1,239,0.000312936849330773,0.000491725272453239,0.000804662121784012,0.000884300782300542,TRUE
0.1,240,-0.00238134124409275,0.00000014518501582132,-0.00238119605907693,-0.00312821322314902,TRUE
0.1,241,-0.00033776316314032,-0.000141639395571295,-0.000479402558711616,-0.00053902003374085,TRUE
0.1,242,0.000817456970569968,0.000744611798710511,0.00156206876928048,0.00169505100031181,TRUE
0.1,243,0.000391639076263258,-0.000460122989656757,-0.0000684839133934993,-0.0000761436157816075,TRUE
0.1,244,-0.000171093379722883,-0.000217815410912862,-0.000388908790635744,-0.000439543627039326,TRUE
0.1,245,-0.000531062147373651,-0.000540672730692394,-0.00107173487806604,-0.00121095268640812,TRUE
0.1,246,0.000665248299566472,0.000898492004659606,0.00156374030422608,0.00170041363855673,TRUE
0.1,247,-0.00111528420529103,-0.000352233416166757,-0.00146751762145778,-0.001672121476964,TRUE
0.1,248,-0.0000824027866876216,-0.000663850381409978,-0.0007462531680976,-0.000844845910456444,TRUE
0.1,249,-0.0000462842811906285,-0.0000221002189163712,-0.0000683845001069998,-0.0000763138327675758,TRUE
0.1,250,0.001518825447229,0.000545832157308916,0.00206465760453791,0.00221856140516724,TRUE
0.1,251,-0.00122991613925476,-0.000640207292331238,-0.00187012343158599,-0.00212668599986581,TRUE
0.1,252,-0.000230410696252924,-0.000288708301322889,-0.000519118997575813,-0.000583461612309466,TRUE
0.1,253,-0.00102964194947404,-0.000338787260766329,-0.00136842921024036,-0.00156426370532698,TRUE
0.1,254,0.000140377510684278,0.000165738515221031,0.00030611602590531,0.000337603384428108,TRUE
0.1,255,-0.000428923179656933,0.000811461750164685,0.000382538570507752,0.000437559790955192,TRUE
0.1,256,-0.00113667616755455,-0.000255086174373383,-0.00139176234192794,-0.00160010296762077,TRUE
0.1,257,-0.0012493130220449,-0.00144518870971809,-0.00269450173176299,-0.00323284720348476,TRUE
0.1,258,0.00114354179275103,-0.0000878264197736859,0.00105571537297735,0.00115205178594596,TRUE
0.1,259,0.000446013815473446,-0.0000883231973913111,0.000357690618082135,0.000397216550143718,TRUE
0.1,260,-0.00118852442108838,-0.000178998136227871,-0.00136752255731625,-0.00161336368479574,TRUE
0.1,261,-0.00101002281881779,0.000639398521564311,-0.000370624297253476,-0.000424430630960144,TRUE
0.1,262,-0.0011160315025524,0.000232341569012878,-0.000883689933539524,-0.00101820399093814,TRUE
0.1,263,0.0000108511811702721,0.000402255629086249,0.000413106810256521,0.000458577435176529,TRUE
0.1,264,-0.00128222773484474,-0.000467010457282863,-0.00174923819212761,-0.00204268876839039,TRUE
0.1,265,-0.00144414644387044,0.000177346807444179,-0.00126679963642626,-0.00149159147030088,TRUE
0.1,266,-0.000102119772285316,0.000644584335548659,0.000542464563263342,0.000606958061641789,TRUE
0.1,267,-0.000596154829755651,-0.000209974848022913,-0.000806129677778564,-0.000914626357011649,TRUE
0.1,268,0.000452251730016055,-0.0000570570219728298,0.000395194708043225,0.000437765434361743,TRUE
0.1,269,-0.00185092954789725,-0.00154201669342956,-0.00339294624132681,-0.00428945894485987,TRUE
0.1,270,0.00000670982736743802,-0.00105862821296445,-0.00105191838559701,-0.00120186128703111,TRUE
0.1,271,0.000189177209582329,0.000263606868856446,0.000452784078438775,0.000500594851410678,TRUE
0.1,272,-0.000787567008258429,0.0000323100018584013,-0.000755257006400027,-0.000842077666920291,TRUE
0.1,273,-0.0010477297823233,0.000295154516487203,-0.000752575265836093,-0.000866669906916315,TRUE
0.1,274,-0.00117841373402417,0.000532015802922273,-0.0006463979311019,-0.000755329121287644,TRUE
0.1,275,-0.00172947363467046,-0.000196725738689874,-0.00192619937336034,-0.00218543654916974,TRUE
0.1,276,-0.00004097127901511,0.00135282924310134,0.00131185796408623,0.00149311234884519,TRUE
0.1,277,-0.00110276958573341,0.000447282570124722,-0.000655487015608691,-0.000761559327828921,TRUE
0.1,278,-0.000579438270647534,-0.000161919483302395,-0.000741357753949929,-0.00084679779465172,TRUE
0.1,279,-0.00226098500368115,0.000336299188579325,-0.00192468581510182,-0.00232262056708411,TRUE
0.1,280,0.000636483166174403,0.000670875989598175,0.00130735915577258,0.00142325940643767,TRUE
0.1,281,-0.00156979575212909,-0.000249121323054536,-0.00181891707518363,-0.0020797552457837,TRUE
0.1,282,-0.000874102497153959,-0.0000702717138552946,-0.000944374211009254,-0.00107972506314355,TRUE
0.1,283,0.000483300890753123,0.000525326162081074,0.0010086270528342,0.00110124945044438,TRUE
0.1,284,-0.00152374955015607,-0.000871181677099996,-0.00239493122725607,-0.00277098802249945,TRUE
0.1,285,-0.00291574090797836,-0.00189709345836885,-0.00481283436634721,-0.00603999215301357,TRUE
0.1,286,0.000196666230902533,0.000107237128178214,0.000303903359080747,0.000336625545211205,TRUE
0.1,287,-0.000932577116955934,-0.000383158457129171,-0.00131573557408511,-0.00149132086730016,TRUE
0.1,288,0.00064686723662919,0.0000211442380217014,0.000668011474650892,0.000734803371580584,TRUE
0.1,289,-0.00172227313885924,-0.00063260938491098,-0.00235488252377022,-0.00280040214453446,TRUE
0.1,290,-0.000547782985327352,0.000576986012059684,0.0000292030267323321,0.0000338570942824033,TRUE
0.1,291,0.000584927883070782,-0.000516428700726879,0.0000684991823439029,0.0000766419429505002,TRUE
0.1,292,-0.000885885977020487,-0.000181501016051725,-0.00106738699307221,-0.00124860569511091,TRUE
0.1,293,-0.00266936024664748,-0.00101228892552072,-0.00368164917216821,-0.00449096422507032,TRUE
0.1,294,-0.000657226044370796,-0.000209626716366259,-0.000866852760737055,-0.000993014356660008,TRUE
0.1,295,-0.0000932725001908232,0.000605496537083833,0.00051222403689301,0.000572584791086912,TRUE
0.1,296,-0.00114801289909228,-0.000537978276907075,-0.00168599117599936,-0.00195389246150811,TRUE
0.1,297,-0.000303943706259087,-0.0000115849451263392,-0.000315528651385426,-0.000355251806793931,TRUE
0.1,298,-0.000297276470681139,-0.0000201185835409177,-0.000317395054222057,-0.000358263635146555,TRUE
0.1,299,-0.00136132883037763,-0.000845010677788378,-0.00220633950816601,-0.00263378109642259,TRUE
0.1,300,-0.00125922177576643,0.000666182817873193,-0.000593038957893239,-0.000705174509425448,TRUE
0.1,301,-0.0000411671179351972,0.00048724826872195,0.000446081150786753,0.000494392348724165,TRUE
0.1,302,-0.000202125806712692,0.000537238597318397,0.000335112790605705,0.000376773867255417,TRUE
0.1,303,0.000733702468592923,-0.000315880076246892,0.000417822392346031,0.000454363187047441,TRUE
0.1,304,0.0000394625463490727,-0.000707305902039523,-0.00066784335569045,-0.000747642466473061,TRUE
0.1,305,-0.00129190534012304,-0.000689578451882034,-0.00198148379200508,-0.00221560138335264,TRUE
0.1,306,0.000303077140355556,0.000138258123455943,0.000441335263811499,0.000487884994745018,TRUE
0.1,307,-0.00067453100281748,-0.00144119308753304,-0.00211572409035052,-0.00233954143614832,TRUE
0.1,308,-0.00122421333731937,-0.00114088139237982,-0.00236509472969919,-0.00279294726086658,TRUE
0.1,309,0.000683997034174368,0.000718378298090695,0.00140237533226506,0.00151418388977838,TRUE
0.1,310,-0.000949714073491825,0.000132553614908371,-0.000817160458583454,-0.000936940324771666,TRUE
0.1,311,0.000669346454616796,-0.000302557997575133,0.000366788457041663,0.000406663802964577,TRUE
0.1,312,-0.00114262613714492,-0.000667048553578316,-0.00180967469072324,-0.00213290610316907,TRUE
0.1,313,-0.000558496026558484,-0.000858240667065095,-0.00141673669362358,-0.00161714363243642,TRUE
0.1,314,-0.00110174095310388,-0.0000491365745593867,-0.00115087752766326,-0.00134552772444035,TRUE
0.1,315,0.0000313269817430673,0.0000189890546494758,0.0000503160363925431,0.0000559943796625578,TRUE
0.1,316,-0.00301940080287243,-0.000965910054222916,-0.00398531085709535,-0.00547817487242333,TRUE
0.1,317,-0.000441384177085144,-0.000426099506411445,-0.000867483683496589,-0.000972075513279298,TRUE
0.1,318,0.000686898172692503,0.00000772095297330435,0.000694619125665808,0.000755884493959,TRUE
0.1,319,0.0000191800419047524,-0.00172077150666465,-0.0017015914647599,-0.00194400309620491,TRUE
0.1,320,-0.000361107165790505,0.000736141603437467,0.000375034437646962,0.000417119835856954,TRUE
0.1,321,-0.0016858741337782,-0.0002325747955939,-0.0019184489293721,-0.0022856847532963,TRUE
0.1,322,0.000446617034650067,0.000342119639435546,0.000788736674085614,0.00086624570163498,TRUE
0.1,323,0.000107788543035494,-0.000340098252561987,-0.000232309709526493,-0.000261393343590808,TRUE
0.1,324,-0.000658224212617605,-0.000918760227500094,-0.0015769844401177,-0.00183153372331265,TRUE
0.1,325,-0.00144008550045101,0.000245070144726702,-0.00119501535572431,-0.00137281788981705,TRUE
0.1,326,-0.00107335199126124,-0.000939115787928065,-0.0020124677791893,-0.0023813435444481,TRUE
0.1,327,-0.00119907334213523,0.000625494397861302,-0.000573578944273924,-0.000672212415097991,TRUE
0.1,328,0.000278109729645246,-0.0000800371154818052,0.00019807261416344,0.000221060112918412,TRUE
0.1,329,-0.000347141734350182,-0.0000989215548438009,-0.000446063289193983,-0.000502844364252349,TRUE
0.1,330,-0.0000850276051189909,0.000242891906440753,0.000157864301321762,0.000175415620270373,TRUE
0.1,331,-0.000130201999703177,-0.000551610622642505,-0.000681812622345682,-0.000773974951513085,TRUE
0.1,332,-0.00111676251127559,-0.000439243531620066,-0.00155600604289565,-0.00176781458603515,TRUE
0.1,333,-0.000756805011542724,0.00086966020145986,0.000112855189917136,0.000129004978941163,TRUE
0.1,334,0.000798855845576759,-0.00017046845466496,0.000628387390911799,0.000691757141194719,TRUE
0.1,335,-0.000253475812467247,-0.00000485569184274309,-0.00025833150430999,-0.000289072880696728,TRUE
0.1,336,0.000998100841666202,0.000301024532812084,0.00129912537447829,0.00140082964459302,TRUE
0.1,337,-0.000229940287913315,0.000901969123345791,0.000672028835432476,0.000749530328378662,TRUE
0.1,338,-0.000211167520701034,0.000519418054427911,0.000308250533726877,0.000345283014162246,TRUE
0.1,339,-0.000450576761054724,0.000266861176211302,-0.000183715584843422,-0.00020538945079591,TRUE
0.1,340,-0.000802475435995414,0.000913272027442577,0.000110796591447162,0.000126491987858822,TRUE
0.1,341,-0.00187706826460344,0.000195320040421522,-0.00168174822418191,-0.00207916543995678,TRUE
0.1,342,-0.000666851010218246,0.00129609694218958,0.000629245931971332,0.000718185542078619,TRUE
0.1,343,-0.00116412945163675,-0.000606251793212796,-0.00177038124484954,-0.00214445317235618,TRUE
0.1,344,-0.0000734610549268317,0.000392989541526365,0.000319528486599533,0.000356924270536871,TRUE
0.1,345,-0.000624993980462954,0.000356918702573286,-0.000268075277889668,-0.000302903415911589,TRUE
0.1,346,-0.000956134414557839,-0.000201347299980133,-0.00115748171453797,-0.00132999979085049,TRUE
0.1,347,-0.000853520641817127,-0.000911437752721292,-0.00176495839453842,-0.00198044626617609,TRUE
0.1,348,-0.00122288332503334,-0.000652503130482339,-0.00187538645551568,-0.00219762194952022,TRUE
0.1,349,-0.00141554227948065,0.000254487450028031,-0.00116105482945262,-0.00134848755447527,TRUE
0.1,350,-0.000285757734468282,-0.000884005746138598,-0.00116976348060688,-0.00130861379912074,TRUE
0.1,351,-0.00158233681599299,0.000237115223092977,-0.00134522159290002,-0.00167355028266282,TRUE
0.1,352,-0.00048455109772499,-0.000795960283584765,-0.00128051138130976,-0.00145648232021172,TRUE
0.1,353,-0.000667856826754395,0.000647040005426541,-0.000020816821327854,-0.0000243355216091671,TRUE
0.1,354,0.000309453530515843,0.00111194094650638,0.00142139447702223,0.00152952508383724,TRUE
0.1,355,0.0000480394952108692,0.000302835379235473,0.000350874874446343,0.000389396187657079,TRUE
0.1,356,0.000210221952548952,0.00109268177175603,0.00130290372430498,0.00144450313319528,TRUE
0.1,357,-0.000317758217780156,0.000751251651449301,0.000433493433669145,0.000487857463112712,TRUE
0.1,358,0.000261955031118488,0.00121973201605272,0.00148168704717121,0.00163158415402502,TRUE
0.1,359,0.00089338369147231,0.00161833321790295,0.00251171690937526,0.00288937558710838,TRUE
0.1,360,-0.000121535041714883,0.000200604696257959,0.0000790696545430754,0.0000885363438776972,TRUE
0.1,361,-0.000517512515773412,0.000280923861097897,-0.000236588654675516,-0.000268179013017034,TRUE
0.1,362,-0.00151652403341746,-0.00175110999580414,-0.0032676340292216,-0.00383027505769238,TRUE
0.1,363,-0.00141266639259367,0.000670200685941193,-0.000742465706652475,-0.000884448955041396,TRUE
0.1,364,-0.00213344142410152,0.000147782812487367,-0.00198565861161416,-0.00245303399919413,TRUE
0.1,365,-0.00142183553548243,0.000325384648401993,-0.00109645088708044,-0.00130371201681317,TRUE
0.1,366,-0.000200385438188669,0.000645424147941965,0.000445038709753296,0.000500883805526688,TRUE
0.1,367,0.000767359077756388,-0.0004495022078315,0.000317856869924888,0.000359205220801538,TRUE
0.1,368,-0.000389578154409017,-0.000350856160866509,-0.000740434315275527,-0.000831728968537058,TRUE
0.1,369,-0.000272234738696368,0.000557441124836079,0.000285206386139711,0.000321852879524635,TRUE
0.1,370,-0.00144356346315652,-0.000215122942010146,-0.00165868640516667,-0.00190437405584953,TRUE
0.1,371,-0.00114731808785394,0.0000935785556938976,-0.00105373953216004,-0.00121185374854753,TRUE
0.1,372,-0.000845801268716244,-0.000374027865234377,-0.00121982913395062,-0.00140004219053429,TRUE
0.1,373,-0.000992314311094572,-0.00083621982254699,-0.00182853413364156,-0.00216766112626166,TRUE
0.1,374,0.00028917507505307,0.000565037229285449,0.00085421230433852,0.000959868987469739,TRUE
0.1,375,-0.00081877171103146,0.00161794540029866,0.000799173689267204,0.000941426047467103,TRUE
0.1,376,-0.00142546684350817,0.000576191671682969,-0.000849275171825205,-0.00102717931610352,TRUE
0.1,377,-0.00201126852374327,-0.00060265397159211,-0.00261392249533538,-0.00331555151038693,TRUE
0.1,378,-0.00107885909584547,-0.000528606299659327,-0.0016074653955048,-0.00184189507058173,TRUE
0.1,379,-0.000830779468016709,0.000486535931081105,-0.000344243536935604,-0.000400749241366765,TRUE
0.1,380,0.00127178698152294,0.000976502028137778,0.00224828900966072,0.00243765862013114,TRUE
0.1,381,-0.0000951441112804958,-0.0000960086288065021,-0.000191152740086998,-0.000213142286776498,TRUE
0.1,382,-0.00144378705015743,-0.0000990483569157181,-0.00154283540707315,-0.00176249561902234,TRUE
0.1,383,-0.000286022587510962,-0.000500657467621736,-0.000786680055132699,-0.000892252001780826,TRUE
0.1,384,-0.000883807880867861,-0.000726851897652182,-0.00161065977852004,-0.00183196330139374,TRUE
0.1,385,-0.0012438461310564,-0.000937713221252305,-0.00218155935230871,-0.00250057787372975,TRUE
0.1,386,-0.000891655668028751,-0.000897740409501535,-0.00178939607753029,-0.00202559678938984,TRUE
0.1,387,-0.000869818625261628,0.000404923199348975,-0.000464895425912653,-0.000530564442524052,TRUE
0.1,388,-0.0010438997534315,0.000511209897785337,-0.000532689855646166,-0.000609186838629419,TRUE
0.1,389,-0.00110165467252995,0.000591168522348749,-0.000510486150181204,-0.000586026672936195,TRUE
0.1,390,0.000360555730638779,-0.0000125628668754691,0.00034799286376331,0.00038673871075142,TRUE
0.1,391,-0.002289000570361,-0.000971248951337416,-0.00326024952169842,-0.00392455252141414,TRUE
0.1,392,-0.00179924068651489,-0.00160017800840036,-0.00339941869491525,-0.00430547211889718,TRUE
0.1,393,-0.000782811672860206,-0.00152824385039208,-0.00231105552325228,-0.00267039824279212,TRUE
0.1,394,-0.000819402656022535,0.000424133407046008,-0.000395269248976528,-0.000447979748058684,TRUE
0.1,395,-0.00106716823967287,-0.000285816509236947,-0.00135298474890982,-0.00159735697613644,TRUE
0.1,396,-0.00172410158163966,-0.000233987707009431,-0.00195808928864909,-0.00229256548076867,TRUE
0.1,397,-0.00135941573704937,-0.000870639170716436,-0.00223005490776581,-0.00267469533963826,TRUE
0.1,398,-0.00236217880941593,0.000391974283412054,-0.00197020452600388,-0.00255462349029717,TRUE
0.1,399,-0.00138702131727834,0.000167811934038871,-0.00121920938323947,-0.00141421668630446,TRUE
0.1,400,-0.00120254280364842,-0.0006020285705786,-0.00180457137422702,-0.0021640179478243,TRUE
0.1,401,0.0000595074794813731,-0.0000531323927985449,0.00000637508668282825,0.00000711199889310229,TRUE
0.1,402,-0.000910222584167818,0.000132275261518716,-0.000777947322649102,-0.000881075789760364,TRUE
0.1,403,0.0012379320647329,0.00138725332534059,0.00262518539007348,0.00292445519134175,TRUE
0.1,404,-0.00141640382037799,-0.000788349631200574,-0.00220475345157856,-0.00247845174979992,TRUE
0.1,405,-0.00156544477800923,-0.000184219361874654,-0.00174966413988388,-0.00215521197953261,TRUE
0.1,406,-0.0000834660354678031,-0.000864093245150568,-0.000947559280618372,-0.00107259117039796,TRUE
0.1,407,0.000279321771951169,-0.000122595470778658,0.000156726301172511,0.000174732270211607,TRUE
0.1,408,-0.000976315452259221,-0.0000436162211219895,-0.00101993167338121,-0.00120018104812336,TRUE
0.1,409,-0.000573558086788695,-0.000808173402260776,-0.00138173148904947,-0.00157277870578465,TRUE
0.1,410,-0.000681254255338779,-0.00278202583476478,-0.00346328009010356,-0.00459081339312533,TRUE
0.1,411,-0.000197452123874405,-0.00144144969434434,-0.00163890181821875,-0.00195404402040701,TRUE
0.1,412,-0.00170182977553554,0.00113686110380462,-0.000564968671730918,-0.000665335350861962,TRUE
0.1,413,-0.000435435701286992,-0.0000809724050377622,-0.000516408106324754,-0.000579049902762231,TRUE
0.1,414,0.000480557225080643,-0.000277406930899145,0.000203150294181498,0.000225468005996714,TRUE
0.1,415,-0.000643150982410035,-0.0000671360838939519,-0.000710287066303987,-0.000797745911616986,TRUE
0.1,416,-0.00113319750365238,-0.00084122899645351,-0.00197442650010589,-0.00220786742018302,TRUE
0.1,417,0.000225023285281543,-0.000169760576826439,0.0000552627084551034,0.000061362228710528,TRUE
0.1,418,-0.00215577213983701,-0.000325620500888908,-0.00248139264072592,-0.00314950752529526,TRUE
0.1,419,-0.000728130518225643,0.0000342472568742135,-0.000693883261351429,-0.000792778660286235,TRUE
0.1,420,-0.000671247635571325,-0.000175583243561414,-0.000846830879132738,-0.000951575400678947,TRUE
0.1,421,-0.000152279888615709,-0.00170740558081908,-0.00185968546943479,-0.00212026345116766,TRUE
0.1,422,-0.000117877869351213,0.0016268795118408,0.00150900164248959,0.00168560777373033,TRUE
0.1,423,0.00022077483247995,-0.000258798363855111,-0.0000380235313751613,-0.0000422493256107089,TRUE
0.1,424,0.000271986413496154,-0.00131230475523107,-0.00104031834173491,-0.00122661106739648,TRUE
0.1,425,-0.00219272669746367,0.0000168885852610481,-0.00217583811220262,-0.00245597863357739,TRUE
0.1,426,-0.000341840745446503,-0.000555428661513115,-0.000897269406959618,-0.00101581278080479,TRUE
0.1,427,-0.000486630509597707,-0.000530957391536587,-0.00101758790113429,-0.00119465336117152,TRUE
0.1,428,-0.000401614856452984,-0.000755726804115743,-0.00115734166056873,-0.00131512378023459,TRUE
0.1,429,-0.00163903098487084,-0.000853143827828457,-0.0024921748126993,-0.00298426785000312,TRUE
0.1,430,-0.000288743853021647,-0.000576176150388489,-0.000864920003410136,-0.000978628331605558,TRUE
0.1,431,-0.00286136930900077,-0.000575976353606332,-0.0034373456626071,-0.00394730595545189,TRUE
0.1,432,-0.000360196541512478,-0.00038185331845655,-0.000742049859969029,-0.000846045355215892,TRUE
0.1,433,-0.000988341884407216,-0.00022638928837458,-0.0012147311727818,-0.00139144620550649,TRUE
0.1,434,-0.00181802484286217,0.000726589467346134,-0.00109143537551604,-0.00137429998769974,TRUE
0.1,435,-0.00132465243178349,0.0000165051912220096,-0.00130814724056148,-0.00153255273108291,TRUE
0.1,436,-0.0000530124181982652,-0.000459172322853612,-0.000512184741051877,-0.000574012740028042,TRUE
0.1,437,-0.00182206797593401,-0.00138270190390596,-0.00320476987983997,-0.00364566090594726,TRUE
0.1,438,0.0000606656277851581,0.00128128877692476,0.00134195440470991,0.00148901702595515,TRUE
0.1,439,-0.000882338544145401,-0.000577436963649612,-0.00145977550779501,-0.00166473469947536,TRUE
0.1,440,-0.000763702647682818,-0.000890712132777491,-0.00165441478046031,-0.00187505187466187,TRUE
0.1,441,-0.000171020129871663,-0.00022865288480421,-0.000399673014675873,-0.000448515898124209,TRUE
0.1,442,-0.000595384108727817,-0.000882304033958674,-0.00147768814268649,-0.00172815690556214,TRUE
0.1,443,-0.000392451649146643,0.00078555380556604,0.000393102156419397,0.000441642618149436,TRUE
0.1,444,-0.000746263628764748,-0.000537371510818576,-0.00128363513958332,-0.00151000965329567,TRUE
0.1,445,-0.000147303147013929,0.0019113961065628,0.00176409295954887,0.00197065368783005,TRUE
0.1,446,-0.00175735019982948,0.00105509404601497,-0.000702256153814511,-0.000819921842750923,TRUE
0.1,447,0.000714503934623356,0.000396033557043633,0.00111053749166699,0.00120634900895813,TRUE
0.1,448,-0.000429610970451209,-0.000523201239444662,-0.000952812209895871,-0.00109199696570586,TRUE
0.1,449,0.00136271117678842,0.00165768736346708,0.0030203985402555,0.00335783810241991,TRUE
0.1,450,-0.00101221061146332,0.000974923300968523,-0.0000372873104947956,-0.0000437409418341851,TRUE
0.1,451,-0.000132144794002525,0.000274956151546825,0.0001428113575443,0.000159564841893139,TRUE
0.1,452,-0.0000965357671049295,-0.000780981375695756,-0.000877517142800685,-0.000979433590851764,TRUE
0.1,453,0.000739155721772952,0.00147531363861544,0.00221446936038839,0.00247447821247126,TRUE
0.1,454,0.00119111833041418,-0.0012466236157244,-0.0000555052853102196,-0.0000607547275300771,TRUE
0.1,455,-0.00134163236735388,-0.000950475205536747,-0.00229210757289062,-0.00280173674097602,TRUE
0.1,456,-0.00031301910823355,0.000727663516300871,0.000414644408067321,0.000466025641646103,TRUE
0.1,457,-0.00234358366596903,0.00034777695426492,-0.00199580671170411,-0.00263356601244809,TRUE
0.1,458,-0.00176762569939096,-0.00102580159020786,-0.00279342728959882,-0.00320949810204147,TRUE
0.1,459,-0.00172215950731639,-0.00106332542944879,-0.00278548493676519,-0.00340908208732875,TRUE
0.1,460,-0.000728027860828216,-0.00132181187728523,-0.00204983973811345,-0.0024265727925869,TRUE
0.1,461,-0.000523275735414729,-0.000572353766767159,-0.00109562950218189,-0.00126439657104255,TRUE
0.1,462,-0.000300015547480405,0.000699132160228068,0.000399116612747663,0.000449427752423146,TRUE
0.1,463,-0.000747623067883356,-0.000982584789382006,-0.00173020785726536,-0.00191956678629933,TRUE
0.1,464,0.000118893428640325,-0.0000213812621867063,0.0000975121664536188,0.000108373589115904,TRUE
0.1,465,-0.00222264502335804,0.00100499576887072,-0.00121764925448731,-0.00145176943519139,TRUE
0.1,466,-0.000952122277260744,-0.0000346522252500922,-0.000986774502510836,-0.0011421237717552,TRUE
0.1,467,-0.000951153740115455,-0.000438781631911663,-0.00138993537202712,-0.00158644850406343,TRUE
0.1,468,-0.000342764749479071,0.000812952103921233,0.000470187354442162,0.0005343070737002,TRUE
0.1,469,0.0000508614717169646,0.000897664904798969,0.000948526376515934,0.00106418238947635,TRUE
0.1,470,-0.000127845356965043,0.000355974559653065,0.000228129202688022,0.000253819614324799,TRUE
0.1,471,-0.000307012791328751,-0.00184317986006753,-0.00215019265139628,-0.00243314638891092,TRUE
0.1,472,0.00220308742758102,0.00228496479368597,0.00448805222126699,0.00474399307338364,TRUE
0.1,473,0.000200536413437671,0.000394284162835344,0.000594820576273015,0.000658664526688984,TRUE
0.1,474,-0.00145628566843291,-0.000706861321571296,-0.0021631469900042,-0.00267919764076511,TRUE
0.1,475,0.000288066462148399,0.000773342116065508,0.00106140857821391,0.00118857972507598,TRUE
0.1,476,-0.0000735720027910333,0.000513706010169529,0.000440134007378495,0.000491841616267917,TRUE
0.1,477,-0.000685083849310219,-0.000177804541592264,-0.000862888390902483,-0.000980452216800253,TRUE
0.1,478,-0.00013866945286574,-0.000408915342519045,-0.000547584795384785,-0.000617456984038282,TRUE
0.1,479,0.00045731167412681,0.000852299876793786,0.0013096115509206,0.00141375592552171,TRUE
0.1,480,-0.00107696029401205,-0.00195687769840878,-0.00303383799242084,-0.00377081518137543,TRUE
0.1,481,-0.000367788101193617,-0.0000285179249158338,-0.000396306026109451,-0.000447982243776191,TRUE
0.1,482,-0.00119979403176319,-0.00108606868140823,-0.00228586271317142,-0.00262127094850845,TRUE
0.1,483,0.000747106458070553,0.00110921032597621,0.00185631678404676,0.0020611753313479,TRUE
0.1,484,-0.000998974625874458,-0.000233531165165108,-0.00123250579103957,-0.00141017797835294,TRUE
0.1,485,-0.00178628840460265,0.000554958683218519,-0.00123132972138413,-0.00147913018825902,TRUE
0.1,486,0.00043329076309586,0.000132086027734019,0.000565376790829879,0.000619244592420147,TRUE
0.1,487,-0.00118183296977031,-0.000714024867707583,-0.00189585783747789,-0.00226799306201928,TRUE
0.1,488,-0.00104227505280758,0.000659411997899619,-0.000382863054907963,-0.000454421685773006,TRUE
0.1,489,-0.00123237060250235,-0.000908814648395493,-0.00214118525089785,-0.00250841326816171,TRUE
0.1,490,-0.000857277106479932,-0.000458705143967324,-0.00131598225044726,-0.00150780393048075,TRUE
0.1,491,-0.000954437073076707,0.00052723583230043,-0.000427201240776277,-0.000499103177472149,TRUE
0.1,492,-0.000180330535013289,0.0000453909624165599,-0.000134939572596729,-0.000150825421325633,TRUE
0.1,493,0.000985744420714637,0.000144028042573737,0.00112977246328837,0.00125265436619826,TRUE
0.1,494,-0.00115847541222104,-0.000110782159264378,-0.00126925757148542,-0.0014628794271899,TRUE
0.1,495,-0.00157041949402295,-0.000359502467655624,-0.00192992196167857,-0.0022276853629493,TRUE
0.1,496,-0.000151721848438125,0.000412084293072378,0.000260362444634253,0.000289877219632929,TRUE
0.1,497,0.000337857552310379,-0.000624552545849938,-0.000286694993539559,-0.000318077159562957,TRUE
0.1,498,-0.000671604954288975,-0.000391005317786223,-0.0010626102720752,-0.00120743639107978,TRUE
0.1,499,0.000318585983357398,-0.000244361182403965,0.0000742248009534327,0.0000825409423383736,TRUE
0.1,500,-0.00129819992657837,-0.000441019441227097,-0.00173921936780547,-0.00205402842838255,TRUE
0.1,501,-0.000944094835640676,0.000566479654226631,-0.000377615181414045,-0.000438110528848794,TRUE
0.1,502,0.000247758293489089,0.000642000179752452,0.000889758473241541,0.000981401970408311,TRUE
0.1,503,-0.000527450644261359,-0.00118291265986319,-0.00171036330412455,-0.0019183305635563,TRUE
0.1,504,0.0000299171918933059,0.000672982999987884,0.00070290019188119,0.000776386027875971,TRUE
0.1,505,-0.000978543571782607,-0.0000788582050792202,-0.00105740177686183,-0.00124922855730727,TRUE
0.1,506,-0.000562743096717213,-0.000755790226186693,-0.00131853332290391,-0.00151305151388933,TRUE
0.1,507,0.000631884118676787,-0.0000461291541379152,0.000585754964538872,0.000651268708639676,TRUE
0.1,508,0.000474235643119161,0.000487548333994201,0.000961783977113362,0.00103867100728995,TRUE
0.1,509,-0.00222742683956695,0.000337160571010918,-0.00189026626855604,-0.00242824765355818,TRUE
0.1,510,0.00134800505682371,0.000551900200626859,0.00189990525745057,0.00203090772711619,TRUE
0.1,511,-0.000196356314064057,-0.000821943572317037,-0.00101829988638109,-0.00115853756214485,TRUE
0.1,512,-0.0000432608803945912,-0.000112874991757474,-0.000156135872152065,-0.000174422770227579,TRUE
0.1,513,-0.00060267012231337,0.0015265722420361,0.00092390211972273,0.00111194809354006,TRUE
0.1,514,-0.000299355365392777,0.0000799680715153191,-0.000219387293877458,-0.000246129453567619,TRUE
0.1,515,-0.000826303869149479,0.00110300355208362,0.000276699682934142,0.000331929736051349,TRUE
0.1,516,0.000407721962984888,-0.0000597905093761889,0.000347931453608699,0.000380336333540157,TRUE
0.1,517,-0.0000791757374724054,0.000343578635054924,0.000264402897582519,0.000293758357883289,TRUE
0.1,518,-0.00121224829470616,-0.000368291166132805,-0.00158053946083896,-0.00186696628337595,TRUE
0.1,519,-0.00185356040768558,-0.00115197669699646,-0.00300553710468204,-0.00374825011935419,TRUE
0.1,520,0.000230100907757226,0.0000350728488700663,0.000265173756627292,0.000293895734813178,TRUE
0.1,521,-0.00318725453898485,-0.00212834491737932,-0.00531559945636418,-0.00721989045759537,TRUE
0.1,522,0.000484561549414042,0.000358162793932279,0.000842724343346321,0.000924908052678614,TRUE
0.1,523,0.00088092920176342,0.0000108125946426855,0.000891741796406106,0.00097917168347562,TRUE
0.1,524,-0.000254937704004614,-0.000235776853622733,-0.000490714557627346,-0.000554383469508395,TRUE
0.1,525,0.00000506449975528893,0.000674027524857785,0.000679092024613074,0.000773351852818954,TRUE
0.1,526,-0.00109155009032089,0.000377479791823245,-0.000714070298497648,-0.000838057350934985,TRUE
0.1,527,-0.00173539881297366,-0.00137276308400344,-0.0031081618969771,-0.00347797025953301,TRUE
0.1,528,-0.00273767228786585,-0.00241535044757482,-0.00515302273544067,-0.00643783550507093,TRUE
0.1,529,-0.0008207137907769,0.00035606535423408,-0.00046464843654282,-0.000537384362797472,TRUE
0.1,530,-0.000493690026238857,0.000635129087795752,0.000141439061556896,0.000159846586212491,TRUE
0.1,531,-0.000775134560364582,-0.000346462817524134,-0.00112159737788872,-0.00126325127532943,TRUE
0.1,532,-0.00271560294475282,-0.000509102593146449,-0.00322470553789927,-0.00413245224628932,TRUE
0.1,533,0.000341934115277736,0.000830918995053906,0.00117285311033164,0.00131481318233579,TRUE
0.1,534,0.000368722678478943,-0.000412055010186934,-0.0000433323317079911,-0.000048008782686763,TRUE
0.1,535,-0.00000767419375005439,0.000455441763009938,0.000447767569259883,0.000497438318497695,TRUE
0.1,536,-0.00114250773691665,-0.00080416381004123,-0.00194667154695788,-0.00237153085312927,TRUE
0.1,537,-0.000205730098427764,0.00055679680412029,0.000351066705692526,0.000391145801844376,TRUE
0.1,538,-0.000920280705047915,-0.00109187985483578,-0.00201216055988369,-0.00234786058591062,TRUE
0.1,539,0.000568678844323815,0.00128437143750974,0.00185305028183355,0.00204487401847123,TRUE
0.1,540,-0.000679355271894769,-0.000779321862895394,-0.00145867713479016,-0.00166318138867557,TRUE
0.1,541,0.0000594086261826466,-0.000164940670253176,-0.00010553204407053,-0.000118174544477943,TRUE
0.1,542,-0.00154334624331854,-0.00120927545675473,-0.00275262170007327,-0.00324492389199283,TRUE
0.1,543,-0.000854810842264771,-0.000775079335131479,-0.00162989017739625,-0.00190548216202792,TRUE
0.1,544,-0.000385534056839934,-0.000461187297704993,-0.000846721354544926,-0.000968737971747057,TRUE
0.1,545,-0.000534286580218337,0.000201699606254563,-0.000332586973963774,-0.00037670297257425,TRUE
0.1,546,-0.000603188331129036,0.000121266692232812,-0.000481921638896224,-0.000543367868612276,TRUE
0.1,547,-0.000457264448248869,0.0000540600239804293,-0.000403204424268439,-0.000459334723699807,TRUE
0.1,548,0.000325583782495558,0.000567506001983786,0.000893089784479344,0.000976822186828279,TRUE
0.1,549,-0.000652553612937195,0.000420780914601127,-0.000231772698336068,-0.00026360654077058,TRUE
0.1,550,-0.000438229389647145,-0.000587714274672122,-0.00102594366431927,-0.00115431664998805,TRUE
0.1,551,-0.000759606548486042,0.000836782671764074,0.0000771761232780319,0.0000881241383206723,TRUE
0.1,552,-0.000577421349807082,0.00058772904727222,0.000010307697465138,0.0000118089708798911,TRUE
0.1,553,0.000297822361929629,0.000791744494966643,0.00108956685689627,0.00118652581666483,TRUE
0.1,554,-0.000566087077331275,0.000479631690264029,-0.000086455387067246,-0.0000999779572697766,TRUE
0.1,555,0.000190697489005356,0.000724589626721924,0.00091528711572728,0.00100755537064841,TRUE
0.1,556,0.000145328264439922,-0.000189509130843063,-0.0000441808664031408,-0.0000491755959280476,TRUE
0.1,557,-0.00143363555871045,-0.000865100727796966,-0.00229873628650742,-0.00254673145817465,TRUE
0.1,558,-0.000896756444925139,-0.00157337992824848,-0.00247013637317361,-0.00297437546671458,TRUE
0.1,559,0.000406075898348684,-0.000216014790339578,0.000190061108009106,0.000211065609882309,TRUE
0.1,560,-0.000930003922559038,-0.000286211735938511,-0.00121621565849755,-0.00139247793441725,TRUE
0.1,561,0.0000973890901776919,0.0000767322229253348,0.000174121313103027,0.000193760615008418,TRUE
0.1,562,-0.00155728846034972,-0.000268479529138818,-0.00182576798948854,-0.00217511680013175,TRUE
0.1,563,0.000053275603533112,0.000312725974238888,0.000366001577772,0.000406176626916947,TRUE
0.1,564,0.000386713232994957,0.0000256823006873821,0.000412395533682339,0.000452081139854294,TRUE
0.1,565,0.0005188665291978,0.00121540788209568,0.00173427441129349,0.00188156371180376,TRUE
0.1,566,-0.000834353748549896,0.000559258159308366,-0.000275095589241531,-0.000315474628375679,TRUE
0.1,567,-0.000248954287958092,-0.000604623276988853,-0.000853577564946945,-0.000971678713614958,TRUE
0.1,568,0.000496295448796561,0.000369553288263224,0.000865848737059785,0.000951917706562554,TRUE
0.1,569,0.0000454944719289873,0.000155235185176011,0.000200729657104998,0.000223176878933594,TRUE
0.1,570,0.00128316863672584,0.0011456316746211,0.00242880031134694,0.00253983171216514,TRUE
0.1,571,0.000242940814388337,0.000857415611298245,0.00110035642568658,0.00123694581629142,TRUE
0.1,572,-0.00112988277063681,-0.00161992518440355,-0.00274980795504036,-0.00336871362226086,TRUE
0.1,573,-0.000779883909126274,-0.000689106658675484,-0.00146899056780176,-0.00173846933801282,TRUE
0.1,574,-0.00128173703067655,-0.000747393629667417,-0.00202913066034397,-0.00229258198732485,TRUE
0.1,575,0.000734722950436687,0.000563161748308073,0.00129788469874476,0.0014315755558709,TRUE
0.1,576,-0.000268111501153871,-0.000594512090489627,-0.000862623591643498,-0.000979786250839801,TRUE
0.1,577,-0.000212860443800915,-0.000488985239715507,-0.000701845683516422,-0.000783349910190041,TRUE
0.1,578,-0.0000113093467173089,0.000495686175667792,0.000484376828950483,0.000538272537838493,TRUE
0.1,579,0.00186696739232111,0.00116645883205253,0.00303342622437364,0.00339148556006929,TRUE
0.1,580,-0.000617048763243403,0.000449698548730898,-0.000167350214512505,-0.000194448685953719,TRUE
0.1,581,-0.00177482587515331,-0.00043210624937933,-0.00220693212453264,-0.00264729032560072,TRUE
0.1,582,-0.000594432815682846,0.0000811225359928863,-0.000513310279689959,-0.00057573219896379,TRUE
0.1,583,-0.000923730733474357,-0.000478630454140718,-0.00140236118761507,-0.00162456054010757,TRUE
0.1,584,-0.000123836305485131,0.000328890852506269,0.000205054547021138,0.000229842341096743,TRUE
0.1,585,-0.000650145858355309,0.000207065356757764,-0.000443080501597544,-0.000504613681628707,TRUE
0.1,586,-0.000982642427421102,-0.000243511097394603,-0.00122615352481571,-0.00141166914493904,TRUE
0.1,587,-0.000412287143694175,-0.000192444628549278,-0.000604731772243453,-0.000680744474423829,TRUE
0.1,588,0.0000369328054788519,-0.000202406836079155,-0.000165474030600303,-0.000184145849045068,TRUE
0.1,589,-0.00158194932777622,0.000660459995681431,-0.000921489332094789,-0.00106719984876459,TRUE
0.1,590,-0.00201656567805277,0.000420548012678576,-0.00159601766537419,-0.00200835266276259,TRUE
0.1,591,-0.00139756400968077,-0.0005670144521179,-0.00196457846179867,-0.00232361120611941,TRUE
0.1,592,0.0010880267179972,0.00193130747425266,0.00301933419224985,0.00326920420009086,TRUE
0.1,593,-0.0000280332729514969,0.00122450655394858,0.00119647328099709,0.0013433857673608,TRUE
0.1,594,0.000412409461163288,0.000366949952381671,0.000779359413544959,0.000867711967562758,TRUE
0.1,595,0.00023136396422306,0.000845716314054834,0.00107708027827789,0.00118286254363783,TRUE
0.1,596,0.000656777209098464,-0.000199573745707667,0.000457203463390798,0.000503824977184466,TRUE
0.1,597,-0.000746379435793378,0.00103410719982849,0.000287727764035115,0.000341652865603075,TRUE
0.1,598,-0.00343159687221381,0.000267935021469795,-0.00316366185074402,-0.00408763353997861,TRUE
0.1,599,-0.0009407789406245,-0.000546991073247683,-0.00148777001387218,-0.00170023161648445,TRUE
0.1,600,0.000866217085173638,0.00030554425524808,0.00117176134042172,0.00126402540749333,TRUE
0.1,601,-0.000716199602218449,-0.000482507537805975,-0.00119870714002442,-0.0013628643301388,TRUE
0.1,602,-0.000588207781157261,0.000394023494441912,-0.000194184286715349,-0.000220553676280774,TRUE
0.1,603,-0.00083857959867352,-0.000770745016956147,-0.00160932461562967,-0.00183981511082567,TRUE
0.1,604,-0.000584043353681063,-0.000298594488464502,-0.000882637842145565,-0.0010034590189877,TRUE
0.1,605,0.000338198113740026,-0.000507097251303172,-0.000168899137563146,-0.000186842953525076,TRUE
0.1,606,-0.000425647684959522,0.00000189296256673002,-0.000423754722392792,-0.000477183647877811,TRUE
0.1,607,-0.000710654311546327,-0.00026214766688583,-0.000972801978432157,-0.00110635112486801,TRUE
0.1,608,-0.000456793934104682,-0.000333999354377108,-0.00079079328848179,-0.000882591112178035,TRUE
0.1,609,-0.000684929365911797,-0.000638693407076425,-0.00132362277298822,-0.00149636109781528,TRUE
0.1,610,-0.000922674626368418,0.00038261249595463,-0.000540062130413788,-0.000621556838254063,TRUE
0.1,611,-0.000994011719660767,-0.00179174676129511,-0.00278575848095587,-0.00328170798561235,TRUE
0.1,612,-0.000055335139401434,0.00140156926409065,0.00134623412468922,0.0014789771244827,TRUE
0.1,613,-0.000488782490214464,0.00101568940530184,0.000526906915087378,0.000610905889124595,TRUE
0.1,614,0.000450647068680517,0.00112172615941517,0.00157237322809569,0.00168499210293678,TRUE
0.1,615,-0.000270835189652372,0.000716326268033969,0.000445491078381597,0.00050566877930788,TRUE
0.1,616,-0.000178728175633819,0.000512986205016287,0.000334258029382468,0.000375597416324871,TRUE
0.1,617,-0.000798716674482177,-0.00106149435293474,-0.00186021102741692,-0.00220514726881008,TRUE
0.1,618,-0.000874966001934704,-0.000763239113503966,-0.00163820511543867,-0.00190101093881542,TRUE
0.1,619,-0.00041666893700039,0.00101737710695002,0.000600708169949631,0.000698435069729291,TRUE
0.1,620,-0.00187337467936984,-0.000979066334377734,-0.00285244101374757,-0.00360911594778564,TRUE
0.1,621,-0.000839312114956773,-0.000616572124335026,-0.0014558842392918,-0.00173836608654833,TRUE
0.1,622,-0.0000120779939864844,-0.000305563494815145,-0.000317641488801629,-0.000355784517486297,TRUE
0.1,623,-0.000761208933765725,0.000239158702212262,-0.000522050231553464,-0.000599235058605903,TRUE
0.1,624,-0.00114286145497565,-0.000764386831469304,-0.00190724828644495,-0.00216101055969671,TRUE
0.1,625,0.000124541616921304,0.000494332353980534,0.000618873970901838,0.000687026197407135,TRUE
0.1,626,-0.00024086236494228,-0.000710491957155488,-0.000951354322097769,-0.00106806379765349,TRUE
0.1,627,0.0000565208338886014,-0.000403797851117811,-0.00034727701722921,-0.000391672421868419,TRUE
0.1,628,-0.000880797615670737,-0.000235494834617658,-0.00111629245028839,-0.00129627232058163,TRUE
0.1,629,0.0000648916422265222,0.0000572421257380219,0.000122133767964544,0.000135787387233662,TRUE
0.1,630,-0.000668471415330505,-0.000829373891800976,-0.00149784530713148,-0.00168202890189296,TRUE
0.1,631,-0.000386168165995226,0.000692760348405932,0.000306592182410706,0.000346425063294693,TRUE
0.1,632,0.000660304666660906,-0.00127282620774901,-0.000612521541088103,-0.000665807111721392,TRUE
0.1,633,-0.000485386299559665,-0.000452649009505876,-0.000938035309065541,-0.00105351792877274,TRUE
0.1,634,0.00114636918633647,0.000868379047123619,0.00201474823346009,0.00221057446648056,TRUE
0.1,635,-0.00085213985624721,0.000127263947488669,-0.00072487590875854,-0.000815961912631924,TRUE
0.1,636,0.000603911200911278,0.0015332712320976,0.00213718243300888,0.00236876237010113,TRUE
0.1,637,0.000051637588666405,0.00042310964199995,0.000474747230666355,0.000529562046575475,TRUE
0.1,638,0.000795120117725919,0.000430029930325865,0.00122515004805178,0.00134560658424658,TRUE
0.1,639,-0.000221443140171677,-0.00145037211332641,-0.00167181525349809,-0.00203246363216136,TRUE
0.1,640,-0.00150849714926139,-0.00109377974348752,-0.00260227689274891,-0.00310447319474595,TRUE
0.1,641,-0.000650190470243002,-0.000151743625049776,-0.000801934095292778,-0.00090749759110886,TRUE
0.1,642,-0.000647239083627142,-0.000759047600933235,-0.00140628668456038,-0.00156952181883569,TRUE
0.1,643,0.000129298212466326,0.000143755905134469,0.000273054117600794,0.000301201120885243,TRUE
0.1,644,-0.000507848775437674,0.00104703947919725,0.00053919070375958,0.000608366497903347,TRUE
0.1,645,0.0000126948108839788,0.000339789157937839,0.000352483968821818,0.000392936619931227,TRUE
0.1,646,-0.000084707744479396,-0.000209142100028968,-0.000293849844508364,-0.000328609203033404,TRUE
0.1,647,-0.000693462522298737,-0.00154889176136292,-0.00224235428366165,-0.00256598427968606,TRUE
0.1,648,0.000676781104547527,0.0010218707857452,0.00169865189029272,0.00184875816377879,TRUE
0.1,649,-0.0000795651537388509,0.000951763667707086,0.000872198513968235,0.000979664587213429,TRUE
0.1,650,-0.000134776283756049,0.000447889908171581,0.000313113624415532,0.000348347459751151,TRUE
0.1,651,-0.00162349352373707,0.000301254005404219,-0.00132223951833285,-0.0016273199045107,TRUE
0.1,652,-0.00061379188969514,0.0000487768330707726,-0.000565015056624367,-0.000643632855945245,TRUE
0.1,653,-0.00187480975963539,0.0000780945524390729,-0.00179671520719632,-0.00208204032854307,TRUE
0.1,654,-0.00131389075539517,-0.000261439202908051,-0.00157532995830322,-0.00185016012012437,TRUE
0.1,655,0.00212117882740365,0.00103762119493966,0.00315880002234331,0.0033721767263311,TRUE
0.1,656,-0.000568890321463845,0.000559928342003941,-0.00000896197945990363,-0.0000102628897213875,TRUE
0.1,657,0.0000607615685072304,0.000604790966450364,0.000665552534957594,0.000743561968641598,TRUE
0.1,658,-0.00183999221950998,0.000197514095011501,-0.00164247812449848,-0.00205182187070513,TRUE
0.1,659,-0.000958550312285228,-0.00137339481085564,-0.00233194512314087,-0.00266511141181637,TRUE
0.1,660,-0.00071323142997909,-0.00107036468821104,-0.00178359611819013,-0.00203067439822868,TRUE
0.1,661,-0.00151648945258385,-0.00103839232610486,-0.00255488177868871,-0.00305920615961411,TRUE
0.1,662,-0.00017124618549789,-0.000128450737172568,-0.000299696922670459,-0.000334437637030335,TRUE
0.1,663,-0.000674636597290321,-0.000611008452948272,-0.00128564505023859,-0.00146531583401159,TRUE
0.1,664,0.00183899166705763,0.000577394850318925,0.00241638651737656,0.00255326072270504,TRUE
0.1,665,0.00147555167775425,0.000863669859310302,0.00233922153706455,0.00264656854964238,TRUE
0.1,666,0.00137081112555378,0.00102358885381985,0.00239439997937363,0.00262351848118249,TRUE
0.1,667,-0.00144433153281714,-0.000204122420251998,-0.00164845395306913,-0.00192882411365547,TRUE
0.1,668,0.00147796124629545,0.000645342303440876,0.00212330354973633,0.00228542621892291,TRUE
0.1,669,-0.00136642869865752,0.0000477746403765452,-0.00131865405828097,-0.00156986697022185,TRUE
0.1,670,0.000195064002998368,0.000530542955655877,0.000725606958654245,0.000799197325331338,TRUE
0.1,671,-0.00193237618267667,0.00060277572534029,-0.00132960045733638,-0.00161274298391776,TRUE
0.1,672,-0.00119057822341428,0.000823862128883253,-0.000366716094531023,-0.000432201904620491,TRUE
0.1,673,-0.00107377778341004,-0.0011162723762099,-0.00219005015961994,-0.00257472905060965,TRUE
0.1,674,-0.000814738846202973,-0.000385795084651415,-0.00120053393085439,-0.00138281679946183,TRUE
0.1,675,0.000486096270926098,0.0031874177125095,0.00367351398343559,0.00399488664081975,TRUE
0.1,676,-0.00175645217767752,-0.00112158890621447,-0.00287804108389199,-0.00351377284818449,TRUE
0.1,677,-0.000973995867079146,0.0000716464742906471,-0.000902349392788499,-0.00105852695895609,TRUE
0.1,678,0.000721971403829572,0.00067603299229604,0.00139800439612561,0.00147801902232343,TRUE
0.1,679,-0.000669267264151378,-0.000733785593053013,-0.00140305285720439,-0.00167096806068862,TRUE
0.1,680,-0.000284453380242314,-0.00055168035427003,-0.000836133734512344,-0.000953242799766878,TRUE
0.1,681,-0.00066209679049168,-0.0000444782943483924,-0.000706575084840073,-0.000785864549757851,TRUE
0.1,682,0.000440762202504309,-0.00117029085890264,-0.000729528656398335,-0.000817328309387034,TRUE
0.1,683,-0.000215027565911406,0.00059300294765567,0.000377975381744264,0.000425444527940303,TRUE
0.1,684,-0.000694388005862984,-0.000577487378014103,-0.00127187538387709,-0.00146993226537287,TRUE
0.1,685,0.000691058225448409,0.000689993827831174,0.00138105205327958,0.0015213670958549,TRUE
0.1,686,-0.000583096547525234,-0.000563731247150531,-0.00114682779467576,-0.00131346013707825,TRUE
0.1,687,-0.00067809550913691,0.00110863792955566,0.000430542420418746,0.000501196826896318,TRUE
0.1,688,-0.00144240457753924,0.00120654718174306,-0.000235857395796183,-0.000280816738482482,TRUE
0.1,689,-0.000381105745653865,-0.000876375805440125,-0.00125748155109399,-0.00144480165251473,TRUE
0.1,690,-0.0002966910601244,0.00004611812292788,-0.00025057293719652,-0.000281852820704609,TRUE
0.1,691,-0.000234269212232345,0.000186529440000235,-0.0000477397722321101,-0.0000532719949057707,TRUE
0.1,692,-0.00118891133285898,0.00000564958096740304,-0.00118326175189158,-0.00137148559113456,TRUE
0.1,693,-0.000253491330041439,0.000911721759507505,0.000658230429466066,0.000744825268415783,TRUE
0.1,694,-0.000835212363593538,-0.000545653943078913,-0.00138086630667245,-0.00157433265747759,TRUE
0.1,695,-0.00158973359719815,0.000304630369792962,-0.00128510322740519,-0.00157282038848598,TRUE
0.1,696,-0.000976962514431629,-0.000589917664896172,-0.0015668801793278,-0.00185579348578299,TRUE
0.1,697,-0.000236914328578005,-0.000374591375637484,-0.000611505704215488,-0.000687616092854271,TRUE
0.1,698,0.000374013380672013,0.000309917056633254,0.000683930437305267,0.000760588700068046,TRUE
0.1,699,0.000252677260214632,0.000354572283675478,0.00060724954389011,0.000671124571650671,TRUE
0.1,700,-0.0000245235899106208,0.000913659469461561,0.000889135879550941,0.000985501932936007,TRUE
0.1,701,0.000394837042133794,-0.00157155085403409,-0.0011767138119003,-0.00141725228197902,TRUE
0.1,702,-0.000433382451474598,0.000449156572054803,0.000015774120580205,0.0000180102826483404,TRUE
0.1,703,0.000505055841816389,0.00209549645161686,0.00260055229343325,0.00286201528728743,TRUE
0.1,704,-0.00214021724390354,-0.000723326096440191,-0.00286354334034373,-0.00334037524289316,TRUE
0.1,705,-0.000709338813430939,-0.00110789389072203,-0.00181723270415297,-0.0021304914850856,TRUE
0.1,706,-0.00064144992919206,-0.0000929312169467085,-0.000734381146138768,-0.000841206482316016,TRUE
0.1,707,-0.00189060631476089,-0.00152854866239197,-0.00341915497715286,-0.00410875915983493,TRUE
0.1,708,0.000652500541604769,0.0000654603001994415,0.000717960841804211,0.000789826331100904,TRUE
0.1,709,-0.000114980841474712,0.000411166835452295,0.000296185993977584,0.000328105332062967,TRUE
0.1,710,-0.000150468126570628,0.000552810801554589,0.000402342674983961,0.000451180866956239,TRUE
0.1,711,-0.00245294895746242,-0.000953860142022849,-0.00340680909948527,-0.00430300754729111,TRUE
0.1,712,-0.000719507062211939,-0.00201631255894879,-0.00273581962116073,-0.00334515403835561,TRUE
0.1,713,-0.000781437867636195,0.00111598407339725,0.000334546205761052,0.000385974256358918,TRUE
0.1,714,-0.00300207397830877,-0.000850672408078514,-0.00385274638638729,-0.00450898597169746,TRUE
0.1,715,-0.000623841705582152,-0.000263996308665625,-0.000887838014247777,-0.00100237753073715,TRUE
0.1,716,-0.000973239837698711,-0.00073343428456104,-0.00170667412225975,-0.00198749338631454,TRUE
0.1,717,-0.000870485914627778,-0.000383212454136597,-0.00125369836876438,-0.00144157129634828,TRUE
0.1,718,-0.00130901444260116,-0.000395135357466978,-0.00170414980006814,-0.00201874639475757,TRUE
0.1,719,-0.000631293905828921,0.000711103994177461,0.0000798100883485397,0.0000914238169607988,TRUE
0.1,720,0.000665889324817478,0.000529230825394812,0.00119512015021229,0.00131254031254848,TRUE
0.1,721,-0.000475571940082199,0.000264499866836281,-0.000211072073245917,-0.000235173010633238,TRUE
0.1,722,0.000133821942610469,0.000198461941803304,0.000332283884413774,0.000368535862703794,TRUE
0.1,723,-0.000668690738651488,0.00156455045526544,0.00089585971661395,0.00100368715034902,TRUE
0.1,724,-0.00147464963672811,-0.000145473414071933,-0.00162012305080004,-0.00194588267894709,TRUE
0.1,725,-0.00039987070038315,0.000200273149201439,-0.000199597551181711,-0.000226544589632395,TRUE
0.1,726,-0.000974943536243391,-0.000250480560441288,-0.00122542409668468,-0.00139887570526691,TRUE
0.1,727,-0.0000750205072162128,-0.000126316326564883,-0.000201336833781096,-0.000226157191907434,TRUE
0.1,728,-0.00103808931133104,-0.0000362497292388844,-0.00107433904056992,-0.00120581450844677,TRUE
0.1,729,-0.000201321193338059,0.000928171178205444,0.000726849984867384,0.000802292976104839,TRUE
0.1,730,-0.000191718131616003,0.000932346923951966,0.000740628792335962,0.000825323995129922,TRUE
0.1,731,0.00061330915031592,-0.000481050276530628,0.000132258873785293,0.000146515452844424,TRUE
0.1,732,-0.00208330559771577,-0.00149985302559011,-0.00358315862330588,-0.00442182199365788,TRUE
0.1,733,0.0006245339050235,-0.000169895683224068,0.000454638221799432,0.000505287677884782,TRUE
0.1,734,-0.000207100247651191,0.000194453729904904,-0.0000126465177462875,-0.0000142259407274391,TRUE
0.1,735,0.000759591337343032,0.000535966126319273,0.00129555746366231,0.00138801445286231,TRUE
0.1,736,0.000741739356967488,0.0000215836066900838,0.000763322963657572,0.00084900958657528,TRUE
0.1,737,-0.000395407277520542,-0.0000343263801141892,-0.000429733657634731,-0.000479422208124378,TRUE
0.1,738,0.000235022952748401,-0.000312180102375867,-0.0000771571496274658,-0.0000860296940113428,TRUE
0.1,739,0.000467401490159776,0.000124755888899416,0.000592157379059192,0.000643675401260561,TRUE
0.1,740,0.00035250222830711,0.000554240288102851,0.000906742516409961,0.000996294029101133,TRUE
0.1,741,0.00045824585396435,0.00065558837532845,0.0011138342292928,0.00121372701247956,TRUE
0.1,742,-0.00144525779264439,0.0000759192141777373,-0.00136933857846666,-0.00162109671423785,TRUE
0.1,743,0.0000632756069447355,0.00138013560249296,0.00144341120943769,0.0016252461404902,TRUE
0.1,744,0.00032250915999405,-0.000337457104377417,-0.0000149479443833672,-0.0000166280112414792,TRUE
0.1,745,-0.0006083241106438,0.000425020730595829,-0.000183303380047971,-0.000208923693079483,TRUE
0.1,746,-0.00142283019449405,0.000118472943598108,-0.00130435725089594,-0.00154368273820466,TRUE
0.1,747,-0.000761137150705868,-0.000333599370940399,-0.00109473652164627,-0.0012391647881867,TRUE
0.1,748,-0.000564338548743066,-0.0014942558621085,-0.00205859441085156,-0.0023897731741979,TRUE
0.1,749,-0.0000917578924472033,0.000245957039300138,0.000154199146852935,0.00017107690081534,TRUE
0.1,750,-0.00128409874905052,-0.000350580685714366,-0.00163467943476489,-0.00193536579899565,TRUE
0.1,751,-0.0011636934222766,0.000875860286123536,-0.000287833136153061,-0.000336174998926438,TRUE
0.1,752,0.00020578343471905,0.00141396322287611,0.00161974665759516,0.00184403786967077,TRUE
0.1,753,-0.000509044239856482,-0.0000456346963213315,-0.000554678936177813,-0.000618429984316735,TRUE
0.1,754,0.000947384225323951,0.000341970364538309,0.00128935458986226,0.00143973438592688,TRUE
0.1,755,-0.00189495358256926,0.0000976040627048005,-0.00179734951986446,-0.0021265704326177,TRUE
0.1,756,-0.00164536574804448,-0.00175522425363804,-0.00340059000168252,-0.00402703677574242,TRUE
0.1,757,-0.000728032408469812,0.000061585007941869,-0.000666447400527943,-0.000756022501855334,TRUE
0.1,758,-0.00195605929207946,0.000112413717439799,-0.00184364557463966,-0.00217554940284955,TRUE
0.1,759,-0.000148098008750949,0.00141145681130088,0.00126335880254993,0.00137667320288665,TRUE
0.1,760,-0.00000897509830460948,-0.0000781535085026887,-0.0000871286068072982,-0.000097240254129441,TRUE
0.1,761,-0.0000665551353554162,0.0000892164719749234,0.0000226613366195072,0.0000252768744416217,TRUE
0.1,762,0.000328526921604249,-0.000447521037841433,-0.000118994116237184,-0.000132923520879309,TRUE
0.1,763,0.000476032156626633,0.000210399783170093,0.000686431939796726,0.000767519926127447,TRUE
0.1,764,-0.000373837839508196,0.00134479929518209,0.000970961455673894,0.00109136717525144,TRUE
0.1,765,-0.00138938881698232,-0.00227619545162961,-0.00366558426861193,-0.00475439392478748,TRUE
0.1,766,-0.000369781015681874,-0.00030299411403097,-0.000672775129712845,-0.000761108514649267,TRUE
0.1,767,-0.000296731913295361,-0.000032495779466049,-0.00032922769276141,-0.000368403531770656,TRUE
0.1,768,-0.0011972585421571,-0.000810454877753051,-0.00200771341991015,-0.00233891640529543,TRUE
0.1,769,0.00103379416209208,0.000343445961907387,0.00137724012399947,0.00148245685300571,TRUE
0.1,770,-0.000616083180821826,-0.000927559566310025,-0.00154364274713185,-0.00177361303726791,TRUE
0.1,771,-0.000874174856208846,-0.000727097584742731,-0.00160127244095158,-0.00191671500792631,TRUE
0.1,772,-0.000261649423769568,0.000302722328414393,0.0000410729046448248,0.0000458905572425177,TRUE
0.1,773,-0.00157581588827689,-0.00129530829614091,-0.0028711241844178,-0.00339922400091381,TRUE
0.1,774,-0.000410904781584024,0.000221449665372071,-0.000189455116211953,-0.000211837221164873,TRUE
0.1,775,-0.00109464171072668,-0.000528387625038239,-0.00162302933576492,-0.00186596650463948,TRUE
0.1,776,-0.000505592237181086,0.000421491660045873,-0.0000841005771352127,-0.0000955756819040302,TRUE
0.1,777,0.00110788379646542,-0.000302311732393309,0.000805572064072113,0.000903640558302479,TRUE
0.1,778,-0.00000706345444764547,0.00102269809555346,0.00101563464110582,0.00112264608180975,TRUE
0.1,779,-0.000739881874833102,-0.0000290376739131754,-0.000768919548746278,-0.000886292795419583,TRUE
0.1,780,-0.00111085764232872,-0.000976144958186623,-0.00208700260051534,-0.00254375872023383,TRUE
0.1,781,-0.00206077115124737,0.000980345944227364,-0.00108042520702001,-0.00143174622210595,TRUE
0.1,782,-0.000204232693990336,0.000231562679214496,0.0000273299852241601,0.0000307439691959951,TRUE
0.1,783,-0.00063334561752161,0.000799160711350572,0.000165815093828962,0.000193215657385971,TRUE
0.1,784,0.00016480875076822,0.000247524499077185,0.000412333249845404,0.000456629191834191,TRUE
0.1,785,-0.000408285071549028,0.000839679635052625,0.000431394563503597,0.000487863175606877,TRUE
0.1,786,-0.00157690563827146,-0.000639020162005231,-0.00221592580027669,-0.00265664269088284,TRUE
0.1,787,-0.000840432024864885,-0.000508244281281817,-0.0013486763061467,-0.00154984243405293,TRUE
0.1,788,-0.00035362719344123,0.00085733255338484,0.00050370535994361,0.000573791269315093,TRUE
0.1,789,-0.00187680374098046,-0.000674059300045273,-0.00255086304102573,-0.00305094512871472,TRUE
0.1,790,0.00043022833430468,-0.000476408828979452,-0.0000461804946747716,-0.0000519508999707155,TRUE
0.1,791,0.000141300979596887,-0.000120220630257508,0.0000210803493393784,0.0000234611596688723,TRUE
0.1,792,-0.000940689353461056,-0.0000476620775881957,-0.000988351431049252,-0.00110610703488401,TRUE
0.1,793,0.000851856157456095,0.000222741213484945,0.00107459737094104,0.0011904565244185,TRUE
0.1,794,-0.000361356491069479,-0.0000901307246428308,-0.00045148721571231,-0.00050598190185167,TRUE
0.1,795,-0.000683990605463263,0.0000826790678573671,-0.000601311537605896,-0.000683132299415614,TRUE
0.1,796,-0.0000564557826329848,0.0000584883452434163,0.0000020325626104315,0.00000226699380056217,TRUE
0.1,797,-0.000362423516797648,-0.0000024342367802198,-0.000364857753577868,-0.00041075124530244,TRUE
0.1,798,-0.00107695935915073,0.000108085664660719,-0.000968873694490015,-0.00110244652898916,TRUE
0.1,799,-0.00165504195956227,0.000411097960483163,-0.00124394399907911,-0.00146692906878756,TRUE
0.1,800,-0.000599825380935933,0.000172394870059222,-0.000427430510876711,-0.000484161666965201,TRUE
0.1,801,-0.000585277329967451,-0.000347789970817913,-0.000933067300785364,-0.00105965524862397,TRUE
0.1,802,-0.000824520815906499,0.000360145664837129,-0.00046437515106937,-0.000523279786795134,TRUE
0.1,803,-0.00178398545579031,-0.000505152638823765,-0.00228913809461407,-0.00285866742017393,TRUE
0.1,804,-0.000344455180371252,-0.00115555110445249,-0.00150000628482375,-0.00174615279674875,TRUE
0.1,805,-0.000609448829889241,-0.00260029237483752,-0.00320974120472676,-0.00376539798649464,TRUE
0.1,806,-0.000954684816412697,0.000305728189194041,-0.000648956627218656,-0.000759419968997751,TRUE
0.1,807,-0.000642852684639631,-0.000758579468252268,-0.0014014321528919,-0.00162004723462137,TRUE
0.1,808,0.000110486970291185,0.000744132565684005,0.00085461953597519,0.000942652230030853,TRUE
0.1,809,-0.000334556114127571,-0.000109357294118635,-0.000443913408246206,-0.000496567411834187,TRUE
0.1,810,-0.000490987987929073,-0.000328614731951192,-0.000819602719880265,-0.000941895992499381,TRUE
0.1,811,-0.00158532947387499,-0.000977175921467217,-0.0025625053953422,-0.00306457509425142,TRUE
0.1,812,0.000400778360226484,0.000483357089509933,0.000884135449736417,0.000982955515705609,TRUE
0.1,813,0.00182442704831718,0.00166346991143626,0.00348789695975345,0.00363555460922727,TRUE
0.1,814,-0.000912462860229784,-0.00132810017579924,-0.00224056303602902,-0.00259782059075007,TRUE
0.1,815,-0.00113076213085368,-0.000268824982839423,-0.00139958711369311,-0.00157723044239066,TRUE
0.1,816,-0.000315113861072541,-0.000340549478554261,-0.000655663339626801,-0.000736282489258335,TRUE
0.1,817,0.0014301044119981,0.00100817600862883,0.00243828042062694,0.00265072495497669,TRUE
0.1,818,-0.000584779110744336,0.000144314823958016,-0.00044046428678632,-0.000492102773593302,TRUE
0.1,819,-0.000868630709516446,0.000443959694282522,-0.000424671015233925,-0.000477864081071912,TRUE
0.1,820,-0.00113454600516539,0.00123259138880446,0.0000980453836390627,0.000118540982548687,TRUE
0.1,821,0.000220139052325951,-0.0000239150278224471,0.000196224024503504,0.000216857946486657,TRUE
0.1,822,-0.000834917001750408,0.0000838004918835552,-0.000751116509866853,-0.000858835062917292,TRUE
0.1,823,0.00136976256864814,-0.000298643183196009,0.00107111938545213,0.00119124928835153,TRUE
0.1,824,-0.0000325290911098354,0.000144563567830323,0.000112034476720488,0.000124617843346094,TRUE
0.1,825,-0.000869292237523776,-0.00155305554671127,-0.00242234778423504,-0.00291294821384767,TRUE
0.1,826,-0.000349129408466611,-0.000852004906143717,-0.00120113431461033,-0.00140916390236586,TRUE
0.1,827,-0.00059631702641617,0.00086095545723791,0.00026463843082174,0.000310636630613174,TRUE
0.1,828,-0.000191786361061806,0.00018334897880917,-0.00000843738225263566,-0.00000941887571972674,TRUE
0.1,829,-0.000299115258165854,0.000240173412178467,-0.0000589418459873861,-0.0000659931035817557,TRUE
0.1,830,-0.000940276558888876,-0.00166598366780896,-0.00260626022669784,-0.0032239641403528,TRUE
0.1,831,0.00130745118991058,-0.000808807604276976,0.000498643585633606,0.000552363280631462,TRUE
0.1,832,-0.00128894623504264,-0.00107384241216724,-0.00236278864720987,-0.00277192808775396,TRUE
0.1,833,-0.000116260405729688,-0.00126173410278264,-0.00137799450851233,-0.00156822096812659,TRUE
0.1,834,-0.00131139661858753,-0.000275785955200756,-0.00158718257378828,-0.00186645968942623,TRUE
0.1,835,0.000486031984965774,-0.00000370503488584314,0.000482326950079931,0.000532319991174472,TRUE
0.1,836,-0.00122359159087347,-0.00194342508011595,-0.00316701667098942,-0.00370129704083343,TRUE
0.1,837,-0.000413603030058945,-0.0000745003932771445,-0.000488103423336089,-0.000554086623605362,TRUE
0.1,838,-0.000299158620230074,-0.000564531364501515,-0.000863689984731588,-0.000968772937711736,TRUE
0.1,839,-0.000409550415624048,0.0008677882187008,0.000458237803076752,0.000524585728045649,TRUE
0.1,840,-0.000533587404869701,-0.00090752478573351,-0.00144111219060321,-0.00161908706156619,TRUE
0.1,841,-0.000940454688439032,0.00070878314476402,-0.000231671543675012,-0.000267040249444885,TRUE
0.1,842,-0.00112431461173807,-0.000512390876924014,-0.00163670548866209,-0.00187430958984218,TRUE
0.1,843,-0.00143882881159817,0.000651741804929842,-0.000787087006668331,-0.000939316496953572,TRUE
0.1,844,-0.00103532018497196,-0.000807521994659336,-0.0018428421796313,-0.00211804189026114,TRUE
0.1,845,-0.000652649157220664,0.000238633949555638,-0.000414015207665026,-0.000471274935996827,TRUE
0.1,846,0.000399112737036702,0.00114677875728239,0.00154589149431909,0.00170284773035965,TRUE
0.1,847,-0.000705640307919694,-0.000662908258563429,-0.00136854856648312,-0.00157755704563328,TRUE
0.1,848,-0.00111477877723767,0.0000655439723745905,-0.00104923480486308,-0.00125271390425147,TRUE
0.1,849,-0.00105958486503728,-0.000776096739832954,-0.00183568160487024,-0.00210732176195522,TRUE
0.1,850,-0.0000800921814814088,0.0000383154598776572,-0.0000417767216037517,-0.000046549651844116,TRUE
0.1,851,-0.00247747961936203,-0.00010770550375679,-0.00258518512311882,-0.00343946086624283,TRUE
0.1,852,-0.000135697613830163,0.000163954901333856,0.000028257287503693,0.0000316370236937494,TRUE
0.1,853,-0.00168290977334286,-0.000697375264022675,-0.00238028503736553,-0.00288372363236684,TRUE
0.1,854,-0.000136434232866231,-0.00036938357469644,-0.000505817807562672,-0.000563959800648025,TRUE
0.1,855,0.0000275329349887081,0.000375830354239329,0.000403363289228037,0.000449680623557098,TRUE
0.1,856,-0.000963235381471839,-0.00161625623955436,-0.0025794916210262,-0.00314911535604234,TRUE
0.1,857,-0.00189967109526157,-0.00133844970559692,-0.00323812080085849,-0.0036801965258769,TRUE
0.1,858,0.000322532013294596,-0.000592420564660633,-0.000269888551366037,-0.000303320025153312,TRUE
0.1,859,0.000105973390044393,0.000554608358673505,0.000660581748717899,0.000739417454791436,TRUE
0.1,860,-0.000806545286329686,-0.000141912813125317,-0.000948458099455003,-0.00107011886705756,TRUE
0.1,861,-0.000921439797112132,0.000178960327666768,-0.000742479469445364,-0.000850843828032562,TRUE
0.1,862,-0.00131789867613629,-0.000554682163522518,-0.00187258083965881,-0.00222067877527318,TRUE
0.1,863,-0.000433740264575705,-0.000130248189724969,-0.000563988454300674,-0.00063935566912339,TRUE
0.1,864,-0.0009660485504592,0.00146814790670902,0.000502099356249819,0.000609321315036255,TRUE
0.1,865,-0.000266989221936396,-0.000277361361203888,-0.000544350583140284,-0.000610863447791182,TRUE
0.1,866,-0.000410626907311336,-0.000735161805029961,-0.0011457887123413,-0.00131345262211458,TRUE
0.1,867,-0.000906327776329345,-0.00117884349041085,-0.0020851712667402,-0.00242494998907715,TRUE
0.1,868,-0.000383425096353467,-0.00137017398589029,-0.00175359908224376,-0.00199258516114598,TRUE
0.1,869,-0.00103271433965358,-0.000692326829295048,-0.00172504116894863,-0.00200764996383506,TRUE
0.1,870,0.000503120981078003,-0.0000403392757524619,0.000462781705325541,0.000506056720278313,TRUE
0.1,871,-0.00267082780127965,-0.00168970525708704,-0.00436053305836669,-0.00517538490250885,TRUE
0.1,872,-0.00112322566188114,-0.000227224891902561,-0.0013504505537837,-0.00159510799603426,TRUE
0.1,873,0.000994986752435888,-0.000195437350471914,0.000799549401963974,0.000882731313698663,TRUE
0.1,874,0.000234367228288276,0.000483873882372317,0.000718241110660593,0.00078492353688709,TRUE
0.1,875,0.00100978922204347,0.00152905745912256,0.00253884668116603,0.00273099174857976,TRUE
0.1,876,0.000402004172032492,0.000374944216317012,0.000776948388349504,0.000872167613985852,TRUE
0.1,877,-0.0014931086597685,-0.00180896339479793,-0.00330207205456644,-0.00429731587409823,TRUE
0.1,878,-0.000840500085799105,-0.0000448453285901145,-0.000885345414389219,-0.0010097824908646,TRUE
0.1,879,-0.000615161698552059,0.000630207470312058,0.0000150457717599993,0.0000170616922314831,TRUE
0.1,880,-0.00168485735194719,-0.000248225359024114,-0.00193308271097131,-0.00229733724857034,TRUE
0.1,881,-0.000869080103600079,-0.000575867567416691,-0.00144494767101677,-0.00167595610651459,TRUE
0.1,882,-0.000680044429638899,0.000916512213924776,0.000236467784285877,0.000273653842025815,TRUE
0.1,883,0.000233198506913433,0.000630125963354236,0.000863324470267669,0.000960472994667118,TRUE
0.1,884,-0.000820485693972196,-0.000472670562060545,-0.00129315625603274,-0.00146764697094678,TRUE
0.1,885,0.00105876755243439,0.000252615790961444,0.00131138334339583,0.00138714894794612,TRUE
0.1,886,-0.00107347988746142,-0.00116514826812958,-0.002238628155591,-0.00255930811374313,TRUE
0.1,887,-0.000973179448738322,0.00104560728385659,0.0000724278351182709,0.0000851469727741987,TRUE
0.1,888,-0.000575763256691648,0.0000551643647535551,-0.000520598891938093,-0.000587712778771504,TRUE
0.1,889,0.000335615645173747,0.00132411931321532,0.00165973495838907,0.0018823830270175,TRUE
0.1,890,-0.000226137923931828,-0.000386131085185351,-0.000612269009117178,-0.00068903484459888,TRUE
0.1,891,-0.000491112915160841,-0.000256059233984365,-0.000747172149145206,-0.000849593227194833,TRUE
0.1,892,-0.00017287200028872,0.000247790156292171,0.0000749181560034505,0.0000841913372565114,TRUE
0.1,893,0.0012858795941344,0.00227172123822934,0.00355760083236375,0.00376889377453034,TRUE
0.1,894,-0.000357621771438588,-0.000976021580325688,-0.00133364335176428,-0.00153011878422834,TRUE
0.1,895,-0.001126440615572,-0.000805745946500586,-0.00193218656207259,-0.00227023182182361,TRUE
0.1,896,-0.000554857976722303,0.00024239386834813,-0.000312464108374173,-0.000350769575061785,TRUE
0.1,897,-0.00158953816295642,-0.000840314461842271,-0.00242985262479869,-0.00283974115737505,TRUE
0.1,898,-0.00117514053181825,0.000148662705241178,-0.00102647782657707,-0.00118731208646306,TRUE
0.1,899,-0.000120749820357501,0.000544025612084766,0.000423275791727265,0.00046974989556237,TRUE
0.1,900,-0.00044273556232855,-0.000526416922654042,-0.000969152484982592,-0.00106506886816509,TRUE
0.1,901,-0.0000968789067898689,0.00105359571610641,0.000956716809316544,0.00109141614135365,TRUE
0.1,902,-0.000975628109225217,-0.00114003476483206,-0.00211566287405727,-0.00243702529819423,TRUE
0.1,903,0.00106962156784558,0.000842106768700282,0.00191172833654587,0.00206989523182282,TRUE
0.1,904,-0.00133894946066423,-0.000723971091815164,-0.00206292055247939,-0.00235799776923477,TRUE
0.1,905,-0.00118930181946507,0.000556851858979629,-0.000632449960485443,-0.00073262821870736,TRUE
0.1,906,-0.000560230156283486,0.000147846692083922,-0.000412383464199564,-0.000467130908252454,TRUE
0.1,907,-0.000399702852070437,0.00100240561087418,0.00060270275880374,0.000679941405496906,TRUE
0.1,908,-0.000765908111804562,-0.0000345209082202699,-0.000800429020024832,-0.000930536432890017,TRUE
0.1,909,-0.000431044308428497,-0.0000360424689982588,-0.000467086777426756,-0.000532007151752148,TRUE
0.1,910,-0.00155756857688276,0.000124813827296464,-0.00143275474958629,-0.00173452482856667,TRUE
0.1,911,-0.00200170490736656,-0.000804807465813039,-0.0028065123731796,-0.00343829879762812,TRUE
0.1,912,0.000251587158493057,0.00107583690531872,0.00132742406381177,0.00143801148066636,TRUE
0.1,913,-0.000220555271025144,-0.000555825811063881,-0.000776381082089025,-0.000875885409007176,TRUE
0.1,914,-0.000430535192238614,-0.000660389879212601,-0.00109092507145122,-0.00128858042512149,TRUE
0.1,915,0.000105727701294219,-0.000207577592975197,-0.000101849891680977,-0.000113064780387662,TRUE
0.1,916,-0.00171814236409183,0.0000364511078149669,-0.00168169125627686,-0.00201897255225964,TRUE
0.1,917,-0.000931021660737406,-0.000982660927608121,-0.00191368258834553,-0.00225018907658666,TRUE
0.1,918,-0.00179417769712327,0.000286458872754292,-0.00150771882436898,-0.00180719338277536,TRUE
0.1,919,-0.00157880878001758,-0.00128826963860293,-0.00286707841862051,-0.00337438148378784,TRUE
0.1,920,-0.000934036233759946,-0.000538014995691521,-0.00147205122945147,-0.00170816494163136,TRUE
0.1,921,-0.000677514798562298,0.000651502114778203,-0.0000260126837840951,-0.0000301504153421193,TRUE
0.1,922,-0.000185402923326384,-0.000387941665710721,-0.000573344589037105,-0.000639469952898363,TRUE
0.1,923,-0.00106902024502831,0.00100167906334956,-0.0000673411816787487,-0.0000782175105437753,TRUE
0.1,924,0.000401076413365159,-0.000108970048189904,0.000292106365175255,0.000323801801088024,TRUE
0.1,925,-0.0000452970689977111,0.000456279802386214,0.000410982733388503,0.000459576154261002,TRUE
0.1,926,-0.000933000154845317,-0.000108873624152196,-0.00104187377899751,-0.00118720096071202,TRUE
0.1,927,-0.000592457358803741,0.0011927268339612,0.000600269475157457,0.000680190195662745,TRUE
0.1,928,0.000659984787321368,0.000345196201986427,0.00100518098930779,0.00109845004113346,TRUE
0.1,929,-0.000958586942567895,0.000313041181984837,-0.000645545760583059,-0.000755831701002162,TRUE
0.1,930,-0.000126062189939992,0.000275187331576578,0.000149125141636586,0.000165779712414881,TRUE
0.1,931,-0.000479489662932164,-0.000426176850550938,-0.000905666513483102,-0.00103225534667729,TRUE
0.1,932,-0.00118035190378576,0.000165003915189338,-0.00101534798859643,-0.00121657299500238,TRUE
0.1,933,-0.000522221912716111,-0.000679120930673705,-0.00120134284338982,-0.00141211623211297,TRUE
0.1,934,0.00136211789031395,0.000855777447795245,0.0022178953381092,0.00230679697624113,TRUE
0.1,935,-0.00179801565916791,-0.000976019786059762,-0.00277403544522767,-0.00324070372562459,TRUE
0.1,936,-0.00160725429134825,0.000124892360377329,-0.00148236193097092,-0.00177862015613606,TRUE
0.1,937,-0.000917093882835781,0.000364549336961689,-0.000552544545874092,-0.000635943827773916,TRUE
0.1,938,-0.00104545386963199,-0.0014659980926537,-0.00251145196228569,-0.00299492839632134,TRUE
0.1,939,-0.000467880490661613,0.00123567606449073,0.000767795573829121,0.00088136942310506,TRUE
0.1,940,-0.00136441539066945,0.000089396062511743,-0.00127501932815771,-0.00145671133068411,TRUE
0.1,941,-0.000526834635915622,-0.00160034621513993,-0.00212718085105556,-0.00257007089658202,TRUE
0.1,942,0.000316442964414674,0.000544047849616895,0.000860490814031568,0.000952414055941897,TRUE
0.1,943,-0.000539621429350991,-0.00053782969479166,-0.00107745112414265,-0.00123877473392108,TRUE
0.1,944,0.0000157964865707001,0.0007036179199972,0.0007194144065679,0.000820982815883545,TRUE
0.1,945,-0.000748973410934193,-0.000571876918572228,-0.00132085032950642,-0.00152472881856985,TRUE
0.1,946,-0.000353145815247632,-0.00131433192059344,-0.00166747773584108,-0.00185869593704035,TRUE
0.1,947,-0.00143202738826761,0.0000876130154342377,-0.00134441437283337,-0.00154792224948998,TRUE
0.1,948,-0.000800430606838439,-0.0000202101975353137,-0.000820640804373752,-0.000951495593465045,TRUE
0.1,949,0.000123706212579799,0.00162974243214283,0.00175344864472263,0.00193700679642462,TRUE
0.1,950,-0.000652609792229465,-0.000666103686851919,-0.00131871347908138,-0.00149434066266779,TRUE
0.1,951,-0.000752692834513679,0.0000468536938147466,-0.000705839140698933,-0.000807162831397779,TRUE
0.1,952,-0.0010132511988635,-0.000794678767693531,-0.00180792996655703,-0.00200821331605243,TRUE
0.1,953,-0.000713259052699292,0.000704487382687098,-0.00000877167001219435,-0.00000990303504817185,TRUE
0.1,954,-0.00153288406753015,-0.00217775780176353,-0.00371064186929368,-0.00471866777570145,TRUE
0.1,955,-0.000210017716916465,0.0000763001987565685,-0.000133717518159897,-0.000150264436569233,TRUE
0.1,956,0.000543611570945337,0.000221595581471137,0.000765207152416474,0.000850282190099434,TRUE
0.1,957,-0.00281516257951516,-0.00224563682960963,-0.00506079940912479,-0.00602295658543989,TRUE
0.1,958,0.000374253289908144,0.000487750590786838,0.000862003880694981,0.000953763754743291,TRUE
0.1,959,-0.000532350939957599,0.000700092646855528,0.000167741706897929,0.000189785004934065,TRUE
0.1,960,0.000395105187136842,0.000562551999967813,0.000957657187104655,0.00104628940021855,TRUE
0.1,961,-0.0011274504746852,-0.000387756975234805,-0.00151520744992,-0.00172099123598068,TRUE
0.1,962,0.000624836031672037,0.000152001030141035,0.000776837061813072,0.00084885671489255,TRUE
0.1,963,-0.000392286524264024,-0.00119846775175726,-0.00159075427602129,-0.00183460069082829,TRUE
0.1,964,-0.00081285587232165,0.0000410297534083096,-0.000771826118913341,-0.000889503523354444,TRUE
0.1,965,-0.000241452360945153,0.000224345570160432,-0.0000171067907847205,-0.0000190792263577817,TRUE
0.1,966,0.0000149089492487952,-0.00149073538882573,-0.00147582643957693,-0.00164964188977403,TRUE
0.1,967,-0.00218955231046707,-0.000469020385070562,-0.00265857269553763,-0.00326386176186185,TRUE
0.1,968,-0.00110561903122916,0.00108472289343755,-0.0000208961377916185,-0.0000240902288943556,TRUE
0.1,969,0.000746529600207199,0.000501341864229968,0.00124787146443717,0.00135090117653967,TRUE
0.1,970,0.000588355024804533,0.00154955530721697,0.0021379103320215,0.00232985760872394,TRUE
0.1,971,-0.000844748292895678,0.000827622185886471,-0.0000171261070092066,-0.0000202759376627512,TRUE
0.1,972,-0.00092468490211156,-0.000403740542912454,-0.00132842544502401,-0.00151944992596395,TRUE
0.1,973,0.000277515310977613,-0.000194824122653525,0.0000826911883240881,0.0000924919484392592,TRUE
0.1,974,-0.00153169778440032,-0.000909453633735489,-0.00244115141813581,-0.00290387861223991,TRUE
0.1,975,-0.0013220475462847,-0.00046688182645969,-0.00178892937274439,-0.00213050032473456,TRUE
0.1,976,-0.00157082767269255,0.000488818812444429,-0.00108200886024812,-0.00125954035527088,TRUE
0.1,977,-0.000356141660916867,0.000750246361430993,0.000394104700514127,0.000437801758837005,TRUE
0.1,978,-0.00134073795206523,-0.000226495699109811,-0.00156723365117504,-0.00189059115175428,TRUE
0.1,979,0.00147714085504532,-0.000102237681371172,0.00137490317367415,0.00153527488103027,TRUE
0.1,980,-0.000879734376407297,0.000856525328775544,-0.0000232090476317531,-0.0000265000980567213,TRUE
0.1,981,-0.00115110160440685,0.000250834777700021,-0.000900266826706831,-0.00106753089063645,TRUE
0.1,982,-0.00083854286494542,-0.000227065056325356,-0.00106560792127078,-0.00123446896589352,TRUE
0.1,983,-0.00115101973573662,-0.00000267111471207955,-0.0011536908504487,-0.00133439855981432,TRUE
0.1,984,0.000454451219107985,0.000641789012409098,0.00109624023151708,0.0012172990774734,TRUE
0.1,985,0.000394259059408163,-0.000538452858303658,-0.000144193798895495,-0.000160890319155811,TRUE
0.1,986,0.0000410349255104042,-0.000334210260718246,-0.000293175335207842,-0.000326456885093221,TRUE
0.1,987,-0.000803743117977678,-0.000175157592668778,-0.000978900710646456,-0.00113266900095107,TRUE
0.1,988,-0.000587278171255701,0.0000579818199483856,-0.000529296351307315,-0.000594868379938607,TRUE
0.1,989,-0.000929263552040426,0.000370333049252501,-0.000558930502787926,-0.000648629681189526,TRUE
0.1,990,-0.00084340136341557,0.000171102800769399,-0.000672298562646171,-0.00076519432526534,TRUE
0.1,991,0.0010420231523892,0.000928511471013986,0.00197053462340319,0.00206050665454933,TRUE
0.1,992,0.000252049502219511,-0.000267099105379514,-0.0000150496031600035,-0.0000166833519630622,TRUE
0.1,993,-0.000982088094688894,0.00093982909445791,-0.0000422590002309833,-0.0000487741853626008,TRUE
0.1,994,-0.00201277199948123,-0.000649189431289123,-0.00266196143077035,-0.00321925311897818,TRUE
0.1,995,-0.00112728560348919,-0.000637031678264102,-0.00176431728175329,-0.00207442290150512,TRUE
0.1,996,-0.00126653081515638,-0.00104209163846763,-0.00230862245362401,-0.0026302319579512,TRUE
0.1,997,-0.00157644762160232,-0.00288345220516499,-0.00445989982676732,-0.00543247847267791,TRUE
0.1,998,-0.00157240021771052,-0.00127743591808435,-0.00284983613579487,-0.00338752322282252,TRUE
0.1,999,0.000323598722765062,-0.000475282385743283,-0.000151683662978221,-0.000169513679825544,TRUE
0.1,1000,-0.00223162760621431,0.000566399201598548,-0.00166522840461576,-0.00201192980643057,TRUE
0.1,1001,-0.000889471505195644,0.000210615511059271,-0.000678855994136372,-0.000779369072077037,TRUE
0.1,1002,-0.000455685452164999,0.000289039184429216,-0.000166646267735783,-0.000188909794712186,TRUE
0.1,1003,-0.000343264993862303,-0.000621426597264423,-0.000964691591126725,-0.00110189244997469,TRUE
0.1,1004,-0.00121309977904483,-0.0009186897583423,-0.00213178953738713,-0.00249545974896232,TRUE
0.1,1005,-0.000143628174154737,-0.000105343042131675,-0.000248971216286412,-0.000278903664306168,TRUE
0.1,1006,-0.000242971086400876,0.00111250917228813,0.000869538085887251,0.000985061384698439,TRUE
0.1,1007,-0.000109500203751643,0.000333951520997973,0.00022445131724633,0.000250822448268849,TRUE
0.1,1008,-0.000208207066259014,-0.0000460258985016447,-0.000254232964760659,-0.00028406743441246,TRUE
0.1,1009,-0.000204562620149198,-0.00153586482469713,-0.00174042744484633,-0.00197057466894026,TRUE
0.1,1010,-0.0000758716418152866,0.0000331322045050123,-0.0000427394373102743,-0.0000477420205186907,TRUE
0.1,1011,-0.000551308765517047,-0.0000174598050765772,-0.000568768570593624,-0.00065282300436336,TRUE
0.1,1012,-0.000135947930544843,0.00000527003630307524,-0.000130677894241767,-0.000146657636840675,TRUE
0.1,1013,-0.000553070496687021,0.000216955464132465,-0.000336115032554557,-0.000385119291100332,TRUE
0.1,1014,-0.000792469568575841,0.000894035003288227,0.000101565434712386,0.000117816364534063,TRUE
0.1,1015,-0.000605706940005231,-0.000208816254478267,-0.000814523194483498,-0.000918077831772399,TRUE
0.1,1016,-0.00081291825596507,0.000513564158496294,-0.000299354097468776,-0.000350581065082862,TRUE
0.1,1017,0.000141935059334997,-0.000357675387390352,-0.000215740328055355,-0.000241350893243077,TRUE
0.1,1018,-0.0000176942103124582,0.00177148542457316,0.00175379121426071,0.00202992443693082,TRUE
0.1,1019,0.000806013186512933,0.00068765467398012,0.00149366786049305,0.00167579798611919,TRUE
0.1,1020,-0.000708014361199966,0.000203811793524389,-0.000504202567675577,-0.00057553154416499,TRUE
0.1,1021,-0.0000527825508453653,0.00129532964445802,0.00124254709361265,0.00139747297050977,TRUE
0.1,1022,-0.0000626589688693389,-0.0000602920721460345,-0.000122951041015373,-0.000137530770935879,TRUE
0.1,1023,0.000394368111037986,0.00143927131615647,0.00183363942719446,0.00195851872430798,TRUE
0.1,1024,-0.0000247699073841169,0.000480240514004154,0.000455470606620037,0.000509032961257504,TRUE
0.1,1025,0.000418004258829173,0.00229202655005156,0.00271003080888073,0.0028777750725631,TRUE
0.1,1026,0.000171208942902366,-0.000215967397318646,-0.0000447584544162807,-0.0000500235744919951,TRUE
0.1,1027,-0.00235104925321967,-0.00146818370510068,-0.00381923295832035,-0.00449506712696847,TRUE
0.1,1028,-0.00113095259821449,0.0000790091362889266,-0.00105194346192556,-0.00121574041944261,TRUE
0.1,1029,-0.000948162143894124,0.000199548130002238,-0.000748614013891886,-0.000854990668537363,TRUE
0.1,1030,-0.000336181262773154,-0.00030052465266311,-0.000636705915436263,-0.000711055233458046,TRUE
0.1,1031,-0.00110363158803211,-0.000967448544100883,-0.00207108013213299,-0.00238279951869184,TRUE
0.1,1032,-0.000614302238293254,0.00023796410788894,-0.000376338130404313,-0.000424480494163371,TRUE
0.1,1033,-0.00000859691591836585,0.000999171461341551,0.000990574545423185,0.00114576907460119,TRUE
0.1,1034,0.0000792627684187275,-0.000243691090793377,-0.000164428322374649,-0.000184944143176989,TRUE
0.1,1035,-0.000539140669173602,0.0000118105669929095,-0.000527330102180692,-0.000597126142973633,TRUE
0.1,1036,-0.000524909717223787,0.000702832717228571,0.000177923000004784,0.000198951116131788,TRUE
0.1,1037,-0.000085470547565327,0.000425814065240503,0.000340343517675176,0.000380918902121555,TRUE
0.1,1038,0.000528432257698154,0.000880638825097825,0.00140907108279598,0.00158115843942415,TRUE
0.1,1039,-0.00106006158145117,-0.000231853053602402,-0.00129191463505358,-0.00147840874286222,TRUE
0.1,1040,0.00035165874651754,0.000874227931669007,0.00122588667818655,0.00134976440726045,TRUE
0.1,1041,-0.000346989468912946,-0.00164299629904397,-0.00198998576795692,-0.00239695367997589,TRUE
0.1,1042,-0.0000837029662967016,0.000442069032913183,0.000358366066616482,0.000396871129978076,TRUE
0.1,1043,-0.000842264978069908,-0.000782061418639502,-0.00162432639670941,-0.00182040255611174,TRUE
0.1,1044,-0.00138032948062179,-0.000385138021744108,-0.0017654675023659,-0.00205036350817064,TRUE
0.1,1045,0.00121361067829244,0.00066981731355985,0.00188342799185229,0.00204980292409963,TRUE
0.1,1046,-0.000804101084355153,-0.000248607225543617,-0.00105270830989877,-0.00119492053495987,TRUE
0.1,1047,0.00040566154661614,0.000458765905667866,0.000864427452284006,0.000942579651416494,TRUE
0.1,1048,-0.000439271692740354,0.000854027069631696,0.000414755376891341,0.000468464134338047,TRUE
0.1,1049,0.000426949311978636,0.00100874038707533,0.00143568969905396,0.00152825497337637,TRUE
0.1,1050,-0.000636636201122845,-0.000983888521840676,-0.00162052472296352,-0.00188201829584295,TRUE
0.1,1051,-0.00084624387245002,-0.000303907479299404,-0.00115015135174942,-0.00129767268836321,TRUE
0.1,1052,-0.000407542852266909,-0.000470823547071941,-0.00087836639933885,-0.0010017848058364,TRUE
0.1,1053,-0.000923074354376689,-0.000356238479417857,-0.00127931283379455,-0.00149692728683146,TRUE
0.1,1054,-0.00191043797026667,-0.0000160471781028204,-0.00192648514836949,-0.00235635297950656,TRUE
0.1,1055,0.000258890465883702,0.00115776911184424,0.00141665957772794,0.00158029073847601,TRUE
0.1,1056,0.000504391016977597,0.000101672474840897,0.000606063491818494,0.00066700540273692,TRUE
0.1,1057,-0.0014095377256073,0.00075467005996433,-0.000654867665642967,-0.000787888206359612,TRUE
0.1,1058,-0.00022328982507234,0.000178210612866406,-0.000045079212205934,-0.0000508363521110825,TRUE
0.1,1059,-0.000499642133121762,-0.00128227601119758,-0.00178191814431934,-0.00205064421834841,TRUE
0.1,1060,0.000357416573153575,0.000406245276801461,0.000763661849955037,0.000840220896382952,TRUE
0.1,1061,-0.000297168071801192,-0.000752548644873169,-0.00104971671667436,-0.00117821867009118,TRUE
0.1,1062,-0.00106661025673908,-0.000538716512791382,-0.00160532676953046,-0.00187375069063346,TRUE
0.1,1063,0.000179743256988084,-0.000286610056239151,-0.000106866799251067,-0.000118775354120669,TRUE
0.1,1064,-0.00125739376910392,-0.000459080993264315,-0.00171647476236823,-0.00198446986303018,TRUE
0.1,1065,-0.0015599258662027,-0.00113405013774861,-0.00269397600395131,-0.00296923135050129,TRUE
0.1,1066,0.001936569976675,0.000984466136885995,0.002921036113561,0.0031948986919707,TRUE
0.1,1067,-0.00078112600522548,0.000814251689494496,0.0000331256842690161,0.0000384055331638657,TRUE
0.1,1068,0.000243177746337806,0.00090197034677196,0.00114514809310977,0.00128137784872347,TRUE
0.1,1069,-0.00137532227049086,-0.00113900198667693,-0.00251432425716779,-0.00287089518437994,TRUE
0.1,1070,-0.000794204742584101,-0.000666402137720865,-0.00146060688030497,-0.00167914296271047,TRUE
0.1,1071,-0.000707959837315368,0.000232526945619921,-0.000475432891695447,-0.000547385165005725,TRUE
0.1,1072,-0.00042748638907021,0.000217135794452898,-0.000210350594617312,-0.000238549167184721,TRUE
0.1,1073,0.000153784214731923,0.000417257875900055,0.000571042090631977,0.000628532959723759,TRUE
0.1,1074,-0.000317736254111464,0.000927900572638328,0.000610164318526865,0.00067677786834545,TRUE
0.1,1075,0.000307551114659291,0.00137035771092754,0.00167790882558683,0.00186006738213799,TRUE
0.1,1076,0.00113703170345559,0.000550292772602649,0.00168732447605824,0.00178114208443659,TRUE
0.1,1077,-0.000147659233978434,0.000364510345372527,0.000216851111394094,0.000244626204994518,TRUE
0.1,1078,-0.000706001170578494,0.000666651577535005,-0.0000393495930434884,-0.0000451452743361902,TRUE
0.1,1079,-0.00106283749105115,0.000202246336380765,-0.000860591154670382,-0.000988724919164708,TRUE
0.1,1080,-0.000530202290574902,0.000265530848857814,-0.000264671441717088,-0.000299305180337059,TRUE
0.1,1081,-0.00178054210314246,-0.000384013206802931,-0.0021645553099454,-0.0024790137841336,TRUE
0.1,1082,-0.000962707084709085,-0.000150078249109043,-0.00111278533381813,-0.00130550874808167,TRUE
0.1,1083,-0.000537399484704942,-0.000578328450446787,-0.00111572793515173,-0.00127516270640532,TRUE
0.1,1084,-0.00059841424309398,-0.000522075334023579,-0.00112048957711756,-0.00125800039809455,TRUE
0.1,1085,-0.000310385765127765,-0.000291965008048931,-0.000602350773176695,-0.000678623034214535,TRUE
0.1,1086,0.000490736598154404,-0.000290775040733763,0.000199961557420641,0.000222637827988917,TRUE
0.1,1087,-0.000282162264839081,0.000529615479660597,0.000247453214821517,0.000277806245838794,TRUE
0.1,1088,-0.000374383704543648,-0.000725936122350703,-0.00110031982689435,-0.00125450256031463,TRUE
0.1,1089,-0.0000993244772482792,-0.00205111969500286,-0.00215044417225114,-0.00249396376414418,TRUE
0.1,1090,-0.000530584080742131,-0.000384918592652857,-0.000915502673394988,-0.00102319884015021,TRUE
0.1,1091,0.000102677870177316,0.00107680759177892,0.00117948546195624,0.00131766138511557,TRUE
0.1,1092,-0.000879932922885714,-0.000334006394251047,-0.00121393931713676,-0.00137331527814434,TRUE
0.1,1093,0.0000492506845018519,0.0012722982514236,0.00132154893592546,0.00146142192756599,TRUE
0.1,1094,-0.00164729335186932,0.00019946193816819,-0.00144783141370113,-0.00176769168449197,TRUE
0.1,1095,-0.0021625793322934,-0.000594528767648913,-0.00275710809994231,-0.00332909392622128,TRUE
0.1,1096,-0.000848494634446504,-0.000202064658447801,-0.00105055929289431,-0.00122929286574374,TRUE
0.1,1097,0.0000328802094411697,0.00106416702623076,0.00109704723567193,0.00120195689450301,TRUE
0.1,1098,-0.000637913096756709,0.000971658838028115,0.000333745741271406,0.00037944204989366,TRUE
0.1,1099,-0.000688118069448555,0.000141650690613241,-0.000546467378835315,-0.000629543551512208,TRUE
0.1,1100,-0.00157683123270283,0.000432177527699445,-0.00114465370500339,-0.00139093051572381,TRUE
0.1,1101,0.000254591189332758,0.0000929996862633835,0.000347590875596141,0.000384575771526621,TRUE
0.1,1102,-0.000627039898829512,0.000609215096569569,-0.0000178248022599428,-0.000020451744348211,TRUE
0.1,1103,-0.000544621844266325,-0.000438084283546471,-0.000982706127812795,-0.00112324081344995,TRUE
0.1,1104,0.000433921267437894,-0.000070996786091324,0.00036292448134657,0.00040218943010516,TRUE
0.1,1105,-0.00292798370897871,0.000656490695681848,-0.00227149301329686,-0.00304469636628348,TRUE
0.1,1106,-0.00135748693093838,-0.0013118268539631,-0.00266931378490148,-0.00310423468595886,TRUE
0.1,1107,0.0010404270396337,0.00110348417254352,0.00214391121217722,0.00225869455111953,TRUE
0.1,1108,0.000838036965931173,0.000338971060679708,0.00117700802661088,0.00125612366130194,TRUE
0.1,1109,-0.000750128073458946,-0.00190422263709264,-0.00265435071055159,-0.00311583303848129,TRUE
0.1,1110,-0.000210322357693865,0.0000571627113631762,-0.000153159646330688,-0.00017115487336497,TRUE
0.1,1111,-0.00172690738059347,-0.00070579380443496,-0.00243270118502843,-0.00294936360441632,TRUE
0.1,1112,-0.000168718685776105,-0.000613259098890041,-0.000781977784666147,-0.000887604897972945,TRUE
0.1,1113,-0.000535446476185854,0.00101512941140961,0.00047968293522376,0.000539670734301669,TRUE
0.1,1114,-0.000136749480134856,-0.00105262073422205,-0.00118937021435691,-0.00137491797150355,TRUE
0.1,1115,-0.000912091222033952,-0.000294306593077966,-0.00120639781511192,-0.00138366408709706,TRUE
0.1,1116,-0.00309610991819789,0.000413896569199192,-0.00268221334899869,-0.00346541065590115,TRUE
0.1,1117,-0.00142558605059545,-0.000000497556935568732,-0.00142608360753102,-0.00169331111891396,TRUE
0.1,1118,0.0000778100632904116,0.000289795129945078,0.000367605193235489,0.00040757173399296,TRUE
0.1,1119,0.00085640003319158,-0.000447578587822791,0.000408821445368789,0.000446311806841296,TRUE
0.1,1120,-0.000383284340618922,-0.000193175918189311,-0.000576460258808232,-0.000644458361412341,TRUE
0.1,1121,-0.000373492908766855,0.00142051234542028,0.00104701943665342,0.00120200969930759,TRUE
0.1,1122,-0.000230092159359834,0.000819333739518487,0.000589241580158653,0.000663563368062052,TRUE
0.1,1123,-0.00016372200076308,-0.000925727237007791,-0.00108944923777087,-0.00124385768532955,TRUE
0.1,1124,-0.000595535615475692,0.00111152885835988,0.000515993242884185,0.000608751362707423,TRUE
0.1,1125,-0.000930997413705571,0.000048041347282137,-0.000882956066423434,-0.00101489546631648,TRUE
0.1,1126,-0.00176880116025541,0.00133656967887679,-0.000432231481378622,-0.000513323574656641,TRUE
0.1,1127,0.000681099862281919,-0.0000511419175639141,0.000629957944718005,0.000694554821785191,TRUE
0.1,1128,-0.000735477594071676,0.000283779778654736,-0.000451697815416941,-0.000517802554100897,TRUE
0.1,1129,-0.000114289682913261,-0.00046451925593769,-0.000578808938850951,-0.000646619947055641,TRUE
0.1,1130,0.000296265977860251,0.000737840694214505,0.00103410667207476,0.00114803934446422,TRUE
0.1,1131,-0.00106891652640026,-0.00095296756189503,-0.00202188408829529,-0.00235683387170723,TRUE
0.1,1132,-0.0000229593990993406,0.000196466852401017,0.000173507453301676,0.000192638836986277,TRUE
0.1,1133,-0.0010107460983528,-0.0000459344638229499,-0.00105668056217575,-0.00122329582775323,TRUE
0.1,1134,-0.000971650313533915,-0.0010686124803974,-0.00204026279393131,-0.00238814204895622,TRUE
0.1,1135,-0.000908633637565381,0.000143368050279301,-0.00076526558728608,-0.000879348679064007,TRUE
0.1,1136,-0.00179418445108697,0.00100792248099359,-0.000786261970093383,-0.000982767106162962,TRUE
0.1,1137,-0.0000253798226325545,0.00083685201511545,0.000811472192482895,0.000901078579619448,TRUE
0.1,1138,-0.00203403077442087,-0.000355170935168757,-0.00238920170958963,-0.0028824200694694,TRUE
0.1,1139,-0.0007435024394183,0.000974067812646431,0.000230565373228131,0.000268330710251816,TRUE
0.1,1140,-0.00141786158084574,-0.000460297307605246,-0.00187815888845098,-0.00222146394800643,TRUE
0.1,1141,-0.000486341095294558,-0.000298743791296501,-0.000785084886591059,-0.000887762115538242,TRUE
0.1,1142,0.000187684184729091,-0.000136824774037248,0.0000508594106918426,0.0000564954131454415,TRUE
0.1,1143,-0.0011824257635596,-0.000442352620477903,-0.0016247783840375,-0.00191213546610927,TRUE
0.1,1144,-0.00115345006033561,0.0000021656027193098,-0.0011512844576163,-0.00137724973936584,TRUE
0.1,1145,-0.000875397311238879,-0.00128286099699916,-0.00215825830823804,-0.00252853770705081,TRUE
0.1,1146,-0.00186274555969166,0.00120966842217449,-0.000653077137517172,-0.000834005673577566,TRUE
0.1,1147,-0.000429143933945193,-0.000344700396676067,-0.00077384433062126,-0.000873949786940711,TRUE
0.1,1148,-0.00166504262841679,-0.0000742482704324132,-0.0017392908988492,-0.00202298835587194,TRUE
0.1,1149,-0.000628456221318399,-0.00106690418363158,-0.00169536040494998,-0.00191112782227488,TRUE
0.1,1150,0.000200825007062712,-0.000727102645321005,-0.000526277638258293,-0.000592328330949562,TRUE
0.1,1151,-0.00123637755578785,-0.000582812708112851,-0.0018191902639007,-0.00216646236465782,TRUE
0.1,1152,-0.000576909055820854,0.000246133483482497,-0.000330775572338357,-0.00037210235314292,TRUE
0.1,1153,-0.0000984823481381352,-0.00118063706786769,-0.00127911941600582,-0.00149132050985159,TRUE
0.1,1154,-0.000509373333234832,-0.000265536665009254,-0.000774909998244086,-0.000884234548042213,TRUE
0.1,1155,-0.000556807190363448,0.00121526291120437,0.000658455720840918,0.000759720716316977,TRUE
0.1,1156,-0.000958254062543523,-0.00122930462514224,-0.00218755868768576,-0.00250459398775926,TRUE
0.1,1157,-0.000655852485419993,0.000218296797554343,-0.00043755568786565,-0.000493933252253276,TRUE
0.1,1158,-0.0000218859353563484,-0.0000430053631900185,-0.000064891298546367,-0.0000723280872423747,TRUE
0.1,1159,-0.000325371229899252,0.000825849231248021,0.000500478001348769,0.000572786580133255,TRUE
0.1,1160,0.0000037894073616969,-0.000389631165982325,-0.000385841758620628,-0.000432544849336598,TRUE
0.1,1161,-0.000826862595769775,-0.00106077552575359,-0.00188763812152337,-0.00209606411663593,TRUE
0.1,1162,-0.00118517141559343,0.000121640943716477,-0.00106353047187695,-0.00123460394796308,TRUE
0.1,1163,-0.000352437342806,0.000389797642813859,0.0000373603000078596,0.0000418458655839565,TRUE
0.1,1164,0.0000605720950051096,0.000942949847084117,0.00100352194208923,0.00111654224731998,TRUE
0.1,1165,0.0000262532855978272,0.00118759849990958,0.0012138517855074,0.0013569101470887,TRUE
0.1,1166,-0.00192994622273955,-0.000997182770816108,-0.00292712899355566,-0.00366547053600878,TRUE
0.1,1167,-0.000579195934184309,-0.00059753328408191,-0.00117672921826622,-0.00134467631256608,TRUE
0.1,1168,-0.000647054825381812,0.000325800630335832,-0.000321254195045981,-0.000368323495825387,TRUE
0.1,1169,-0.000972893141735274,-0.000515240888055496,-0.00148813402979077,-0.00171811623150625,TRUE
0.1,1170,-0.00127688334697859,-0.000613396259959142,-0.00189027960693773,-0.00217337915598665,TRUE
0.1,1171,-0.00123692019768816,-0.00126060747157124,-0.00249752766925941,-0.00286734697070473,TRUE
0.1,1172,-0.000545365892879168,-0.000642588448298598,-0.00118795434117777,-0.00133423691064622,TRUE
0.1,1173,-0.00181090599078406,-0.000464603070579563,-0.00227550906136362,-0.00266373420378023,TRUE
0.1,1174,-0.000344735078486493,0.00109651840674341,0.000751783328256916,0.000832224912712163,TRUE
0.1,1175,-0.000566100699621253,0.0000340614069614216,-0.000532039292659832,-0.000605469712013438,TRUE
0.1,1176,0.000734167887061305,0.00172134678107563,0.00245551466813694,0.00264860352128703,TRUE
0.1,1177,0.000965009009651869,0.000031263485746374,0.000996272495398244,0.0011097307316317,TRUE
0.1,1178,-0.00130592445569094,0.00128775611758537,-0.0000181683381055677,-0.0000207528526937485,TRUE
0.1,1179,-0.000982682388181605,0.000553294330847377,-0.000429388057334228,-0.000499665656558604,TRUE
0.1,1180,0.000980197903147275,0.000188173010596826,0.0011683709137441,0.00129921263429995,TRUE
0.1,1181,-0.00109139285050661,-0.000262464615724242,-0.00135385746623085,-0.00152704482566656,TRUE
0.1,1182,-0.000331529303551507,0.000257718430492593,-0.0000738108730589137,-0.0000824481672670238,TRUE
0.1,1183,-0.00182809821969928,-0.00039552272768144,-0.00222362094738072,-0.00262487913178967,TRUE
0.1,1184,-0.00112833203312062,0.0000504914333666274,-0.00107784059975399,-0.0012387764847809,TRUE
0.1,1185,-0.000750377423493637,0.00064697999688176,-0.000103397426611876,-0.000120652272768151,TRUE
0.1,1186,-0.00129114422113376,0.000252240308082198,-0.00103890391305156,-0.00119242239062989,TRUE
0.1,1187,-0.00143895262459368,0.00080696769599242,-0.000631984928601263,-0.000757447655005233,TRUE
0.1,1188,-0.000264026052301722,0.000343603473763037,0.0000795774214613149,0.0000895569324129299,TRUE
0.1,1189,0.000689690738339813,0.000645179188415872,0.00133486992675569,0.00143101273079094,TRUE
0.1,1190,0.000171303953915113,0.000220008563583403,0.000391312517498516,0.000434741157046818,TRUE
0.1,1191,-0.000627593110875631,0.000235358077036482,-0.000392235033839149,-0.000444561208561367,TRUE
0.1,1192,-0.00029208446692101,-0.000271436268823936,-0.000563520735744946,-0.000640165219020983,TRUE
0.1,1193,-0.000725692580187879,0.000772333645156833,0.0000466410649689542,0.0000530186535585318,TRUE
0.1,1194,-0.0000349569829202011,0.000986324292238133,0.000951367309317931,0.00108292429471267,TRUE
0.1,1195,-0.000622963275375136,0.000613401966583368,-0.00000956130879176868,-0.0000110040656367523,TRUE
0.1,1196,-0.000233952003225783,0.00029483046571505,0.0000608784624892665,0.0000678714048730513,TRUE
0.1,1197,-0.000963805753659313,0.00117548652538102,0.000211680771721708,0.000250036874444607,TRUE
0.1,1198,-0.000335743082120705,-0.000147613817619816,-0.000483356899740521,-0.000548465477906528,TRUE
0.1,1199,0.000609885171645166,0.000161276220594514,0.00077116139223968,0.000844174982511836,TRUE
0.1,1200,-0.00102535247218552,-0.000185657676091929,-0.00121101014827744,-0.00141470268716324,TRUE
0.1,1201,-0.00107086177728205,0.000752287464464114,-0.000318574312817932,-0.000363886915590085,TRUE
0.1,1202,-0.000527992890013613,0.000506893860657749,-0.0000210990293558643,-0.0000240231623185221,TRUE
0.1,1203,-0.000147512641743117,-0.000474796298367349,-0.000622308940110466,-0.000695782892078476,TRUE
0.1,1204,-0.000586035429822447,-0.000403054356626637,-0.000989089786449084,-0.00112961705006738,TRUE
0.1,1205,0.000427805427000132,-0.000484482593661398,-0.0000566771666612656,-0.0000632163632398402,TRUE
0.1,1206,0.00134140258849342,0.000100650276923874,0.0014420528654173,0.00157769115843916,TRUE
0.1,1207,-0.000213680929564343,-0.000831882065697767,-0.00104556299526211,-0.00118978672284885,TRUE
0.1,1208,0.000295225336740716,0.00027581058535678,0.000571035922097495,0.000633219477714068,TRUE
0.1,1209,-0.000835354690171001,-0.00112904104102028,-0.00196439573119128,-0.00217413138716338,TRUE
0.1,1210,-0.000400057505338508,0.0000335751902570932,-0.000366482315081415,-0.000411402937491025,TRUE
0.1,1211,0.000701777168391149,0.00215470458882487,0.00285648175721602,0.00331678696776519,TRUE
0.1,1212,0.000480482061474553,0.000150560458522212,0.000631042519996764,0.000688894786203628,TRUE
0.1,1213,-0.000773279372905481,0.000174886045209577,-0.000598393327695904,-0.000684357303342551,TRUE
0.1,1214,-0.00025702760820966,0.000188793683345215,-0.0000682339248644456,-0.0000766489872924548,TRUE
0.1,1215,-0.000562469102820043,-0.00041471767714131,-0.000977186779961353,-0.00114711869935961,TRUE
0.1,1216,-0.0017010175320641,-0.000202800280913745,-0.00190381781297785,-0.00227902064718065,TRUE
0.1,1217,-0.00124049413455548,-0.000352227307893742,-0.00159272144244923,-0.00194833984889635,TRUE
0.1,1218,-0.0015536641815367,-0.00155801359226784,-0.00311167777380454,-0.00384781939375245,TRUE
0.1,1219,-0.0000157051815561454,-0.0000993913777112382,-0.000115096559267384,-0.000128289582816289,TRUE
0.1,1220,-0.0020203711182309,-0.000566650918881373,-0.00258702203711227,-0.00327869484363078,TRUE
0.1,1221,0.00117961739151159,0.00113838465246215,0.00231800204397375,0.00254030374821677,TRUE
0.1,1222,-0.00127400534433828,-0.0000117210922290646,-0.00128572643656735,-0.00149143926584334,TRUE
0.1,1223,-0.000602577852092104,-0.00046909954573496,-0.00107167739782706,-0.00122398105629451,TRUE
0.1,1224,-0.000277098797593851,0.000911753807044247,0.000634655009450396,0.000704941618337181,TRUE
0.1,1225,0.00095045078434395,0.00123166123683375,0.0021821120211777,0.00231431262659332,TRUE
0.1,1226,-0.000644068557590444,-0.000795499899571134,-0.00143956845716158,-0.00160088084903703,TRUE
0.1,1227,-0.000960388494292105,0.0000394283008315162,-0.000920960193460588,-0.00105975433818146,TRUE
0.1,1228,-0.000298566343068871,0.000541592349017041,0.00024302600594817,0.000272388521627415,TRUE
0.1,1229,-0.000679670850648447,-0.000195476943796491,-0.000875147794444939,-0.000989371182151739,TRUE
0.1,1230,-0.00000777369406328176,0.000955425850816661,0.000947652156753379,0.00108929302094182,TRUE
0.1,1231,-0.0023098291259219,-0.000990167229150665,-0.00329999635507257,-0.0040896218993603,TRUE
0.1,1232,-0.00107323135115579,-0.000525834220715268,-0.00159906557187105,-0.00184469575907972,TRUE
0.1,1233,-0.000713451025301614,0.000594757098883045,-0.000118693926418569,-0.000135769479630991,TRUE
0.1,1234,0.000222181026860571,-0.000456212578246159,-0.000234031551385588,-0.000259214191710233,TRUE
0.1,1235,-0.000321967091857155,-0.000251466837729696,-0.000573433929586851,-0.000642699589906208,TRUE
0.1,1236,-0.000293815784006923,0.00125013100656361,0.000956315222556687,0.00107619549034947,TRUE
0.1,1237,-0.000926280697103462,0.000430702713965638,-0.000495577983137824,-0.000570664415446866,TRUE
0.1,1238,-0.000556742403927794,0.000543496196536627,-0.0000132462073911675,-0.000015210739160433,TRUE
0.1,1239,0.000227797401813497,0.00109073462106205,0.00131853202287555,0.00145121327702608,TRUE
0.1,1240,-0.000456131350725502,-0.000295106058177515,-0.000751237408903017,-0.000852291603135474,TRUE
0.1,1241,0.000903907677582791,0.000359975427305445,0.00126388310488824,0.00135427949725416,TRUE
0.1,1242,0.00024629575001371,0.000710489478628728,0.000956785228642438,0.0010622673962591,TRUE
0.1,1243,0.000634571866969904,-0.00112809641119533,-0.000493524544225424,-0.00055925893005333,TRUE
0.1,1244,0.0000280866066941481,0.000865440227744389,0.000893526834438537,0.000998569136717615,TRUE
0.1,1245,-0.000339714797344123,-0.000311858288892818,-0.00065157308623694,-0.000738409192696572,TRUE
0.1,1246,0.000403624213709718,0.000404631969161613,0.000808256182871331,0.000888099716037389,TRUE
0.1,1247,-0.000327265272438612,-0.000354072935628997,-0.000681338208067609,-0.000756653039676571,TRUE
0.1,1248,-0.00124216210783378,-0.000308351514591576,-0.00155051362242535,-0.00181752594621725,TRUE
0.1,1249,0.000254832264504511,0.00142181426486404,0.00167664652936855,0.00183729995001717,TRUE
0.1,1250,-0.000948531855241021,-0.00148543813743036,-0.00243396999267138,-0.00295198249867214,TRUE
0.1,1251,-0.00193564808552855,0.0000653562973786631,-0.00187029178814989,-0.00224337647247095,TRUE
0.1,1252,-0.00133538463250263,0.0000809352651244124,-0.00125444936737822,-0.00147852637836398,TRUE
0.1,1253,-0.0001544350016108,0.000458120634900401,0.000303685633289601,0.000338502455779307,TRUE
0.1,1254,-0.00059402359743605,0.000247824242845279,-0.000346199354590771,-0.000395428140475887,TRUE
0.1,1255,-0.00143975363880539,-0.00145737665729102,-0.00289713029609641,-0.00352656563794022,TRUE
0.1,1256,-0.00183550091418402,-0.000309267554666945,-0.00214476846885097,-0.00260267935213736,TRUE
0.1,1257,0.00000185832872329038,0.000565829282474685,0.000567687611197975,0.000638923142154427,TRUE
0.1,1258,-0.00034618687798377,0.000735700445650271,0.000389513567666501,0.000437820865144476,TRUE
0.1,1259,0.000430788966021822,0.000173982242276216,0.000604771208298039,0.000661946686958181,TRUE
0.1,1260,-0.00159430309681374,-0.000241331385729884,-0.00183563448254362,-0.00212526779125283,TRUE
0.1,1261,-0.00129875292182662,0.00011865330829917,-0.00118009961352745,-0.00136371421206907,TRUE
0.1,1262,-0.000792910651461701,-0.000246167399770216,-0.00103907805123192,-0.00118618729622965,TRUE
0.1,1263,-0.000725192930662047,0.000709499124360256,-0.0000156938063017903,-0.000018133219320179,TRUE
0.1,1264,-0.0007524774142141,-0.00150507762499994,-0.00225755503921404,-0.00260909965050761,TRUE
0.1,1265,-0.00136277511296887,-0.000766292927827536,-0.00212906804079641,-0.00259451807963891,TRUE
0.1,1266,0.000111822417159649,-0.000295990771127969,-0.00018416835396832,-0.000205926149365638,TRUE
0.1,1267,-0.000612393862563127,-0.00088457967942885,-0.00149697354199198,-0.00169089956238413,TRUE
0.1,1268,0.000355882677882352,0.000587551728853912,0.000943434406736263,0.00102685296295691,TRUE
0.1,1269,0.000041010899163799,0.000746089484520784,0.000787100383684583,0.000869511134021468,TRUE
0.1,1270,0.00106255846662652,-0.000244038785631492,0.000818519680995026,0.000923163917576546,TRUE
0.1,1271,0.0000445423913087286,0.000449182452458647,0.000493724843767376,0.000549063767562758,TRUE
0.1,1272,-0.000197489856182443,-0.000117861262154427,-0.000315351118336869,-0.000354621667478355,TRUE
0.1,1273,0.000576926817736527,0.000259783780206516,0.000836710597943043,0.000931028183597055,TRUE
0.1,1274,-0.000630449269518564,0.000537413001690848,-0.0000930362678277151,-0.000103784627833393,TRUE
0.1,1275,0.000394131392812309,0.000790927397683103,0.00118505879049541,0.00130723723704699,TRUE
0.1,1276,0.000531007148614532,-0.000336818765798802,0.00019418838281573,0.000215549857392062,TRUE
0.1,1277,0.00149860463895697,0.00103287007826042,0.00253147471721739,0.00279704150986312,TRUE
0.1,1278,0.000605225607288201,0.00123432795399814,0.00183955356128634,0.0021003633062782,TRUE
0.1,1279,-0.000842779162022377,-0.000149133566055715,-0.000991912728078091,-0.0011168453886033,TRUE
0.1,1280,0.000347549301949996,0.00029933758385013,0.000646886885800126,0.000720247138178388,TRUE
0.1,1281,0.000131751068965924,-0.000139092552217799,-0.000007341483251875,-0.00000815962625332658,TRUE
0.1,1282,-0.00138557984192079,-0.000780163529423511,-0.0021657433713443,-0.00245307550229811,TRUE
0.1,1283,-0.000397275254736006,-0.000493445009105014,-0.00089072026384102,-0.00101336103794181,TRUE
0.1,1284,0.000154649428079784,-0.000501757706500931,-0.000347108278421147,-0.000389915751425795,TRUE
0.1,1285,-0.00048820987511712,0.000504300579989258,0.0000160907048721383,0.0000183849722315833,TRUE
0.1,1286,0.00156752299443936,0.00119002456312713,0.00275754755756649,0.0028816256583659,TRUE
0.1,1287,0.000307334678542743,0.000939363777799356,0.0012466984563421,0.00134593552793205,TRUE
0.1,1288,-0.00142891996061216,0.0000313710542563271,-0.00139754890635583,-0.00162636062627499,TRUE
0.1,1289,0.00104169869727247,0.000234413845355084,0.00127611254262756,0.00142673812698125,TRUE
0.1,1290,-0.00118401993745952,0.000411345002910486,-0.000772674934549033,-0.000908920474320419,TRUE
0.1,1291,-0.000815899598425713,-0.00155610239167451,-0.00237200199010022,-0.002838605553972,TRUE
0.1,1292,-0.0000435888107144843,0.000168410851624321,0.000124822040909836,0.000139025588538367,TRUE
0.1,1293,-0.000828365510585638,-0.00142521844452364,-0.00225358395510928,-0.0026034001068549,TRUE
0.1,1294,-0.000893191367464579,0.0000601796565113244,-0.000833011710953255,-0.000945613928274325,TRUE
0.1,1295,-0.000100707666437077,0.00107267541390119,0.000971967747464109,0.00109283764012509,TRUE
0.1,1296,-0.000145250904171772,0.000218168788461627,0.0000729178842898553,0.0000821557608718985,TRUE
0.1,1297,-0.0012464784935772,-0.00133345177470902,-0.00257993026828622,-0.00290491978554006,TRUE
0.1,1298,-0.000539846004013229,0.0000846976221877061,-0.000455148381825523,-0.000514628765310294,TRUE
0.1,1299,0.00125124662935901,-0.000150943425194359,0.00110030320416465,0.00118979817864219,TRUE
0.1,1300,-0.000931858074875488,-0.000606777764839079,-0.00153863583971457,-0.00180790318150294,TRUE
0.1,1301,-0.0000482130569812616,0.000484232885047547,0.000436019828066285,0.000487603340847288,TRUE
0.1,1302,0.000521383103923073,0.0012515559544647,0.00177293905838777,0.00195477433508316,TRUE
0.1,1303,0.000283499614594656,-0.000258950387425986,0.00002454922716867,0.0000274087202772019,TRUE
0.1,1304,0.0000403544873696471,-0.000316121391060333,-0.000275766903690686,-0.000310282381399822,TRUE
0.1,1305,0.000590263081072892,0.00141814710050622,0.00200841018157911,0.00220621345806913,TRUE
0.1,1306,-0.000378439929282751,-0.000115356276463258,-0.000493796205746009,-0.000554165477824341,TRUE
0.1,1307,-0.00166551130573753,-0.000979703063058569,-0.0026452143687961,-0.00328939342905206,TRUE
0.1,1308,-0.00191742261219911,-0.00126498013508098,-0.00318240274728009,-0.003711406443337,TRUE
0.1,1309,-0.000100031023958464,-0.0000675821895183942,-0.000167613213476858,-0.00018750891755842,TRUE
0.1,1310,-0.0000442465286217798,0.000487931428488054,0.000443684899866275,0.000494991827823477,TRUE
0.1,1311,-0.0000186836373122315,0.000374154311593256,0.000355470674281024,0.00039541312384859,TRUE
0.1,1312,-0.00199760760724644,0.000144816054068409,-0.00185279155317803,-0.00232803559754752,TRUE
0.1,1313,-0.00234647048137934,-0.00110288325783984,-0.00344935373921918,-0.0046183738110287,TRUE
0.1,1314,-0.000177489315796112,-0.000139701815905848,-0.00031719113170196,-0.000353760494028893,TRUE
0.1,1315,-0.00131216749636362,-0.000735336368306722,-0.00204750386467034,-0.00235924876209661,TRUE
0.1,1316,0.0000940967648970991,0.000424407369878156,0.000518504134775255,0.000575570995434341,TRUE
0.1,1317,0.000186436166254168,-0.000125035393763364,0.0000614007724908044,0.0000682384334400649,TRUE
0.1,1318,-0.000146079493772637,-0.000513995884871447,-0.000660075378644084,-0.000741476723940769,TRUE
0.1,1319,-0.000127487179117092,0.000253501512638511,0.000126014333521419,0.000140312965766877,TRUE
0.1,1320,0.000105983041243546,0.00012061090702332,0.000226593948266866,0.000252445235861376,TRUE
0.1,1321,-0.0015598490251694,-0.00121099649532737,-0.00277084552049677,-0.00348498447110464,TRUE
0.1,1322,-0.00139368823059883,0.000260309714842213,-0.00113337851575661,-0.00135961439277072,TRUE
0.1,1323,-0.0000151658239455045,0.000350101418550201,0.000334935594604697,0.000374209132726651,TRUE
0.1,1324,-0.000437986492410177,-0.000379263004358092,-0.00081724949676827,-0.000912884063813671,TRUE
0.1,1325,0.0000611379698016194,0.00161487496098758,0.0016760129307892,0.00190045269149592,TRUE
0.1,1326,-0.000948168714143994,0.000348766367553383,-0.000599402346590611,-0.00071128573159259,TRUE
0.1,1327,-0.000486512340257406,0.000853801981560268,0.000367289641302862,0.000415328519311063,TRUE
0.1,1328,-0.00136189645289897,-0.000394721394165637,-0.00175661784706461,-0.00206205173003201,TRUE
0.1,1329,-0.00181618336290398,0.000164521451846653,-0.00165166191105733,-0.00200217868125054,TRUE
0.1,1330,0.000268436215981123,0.00106192861454345,0.00133036483052458,0.00144036499497319,TRUE
0.1,1331,-0.000418160432485205,0.00108049296275277,0.000662332530267567,0.000748621608590059,TRUE
0.1,1332,0.000332645983766647,-0.00134090241484558,-0.00100825643107893,-0.00115248082783763,TRUE
0.1,1333,-0.000754861241452126,0.00099148509353696,0.000236623852084834,0.000279641938829889,TRUE
0.1,1334,0.0000919329377995782,0.000000538047904958341,0.0000924709857045365,0.000102841752315918,TRUE
0.1,1335,0.0000339009494649698,0.000804144436680028,0.000838045386144998,0.000935580173213451,TRUE
0.1,1336,-0.000324928298147686,0.000890071535462851,0.000565143237315165,0.000641358706645867,TRUE
0.1,1337,-0.00160664999815011,-0.000108398330143884,-0.00171504832829399,-0.00209130191133408,TRUE
0.1,1338,0.000292035261584535,-0.000174691580882295,0.00011734368070224,0.000130549810934826,TRUE
0.1,1339,-0.000337342825115265,-0.000611473574017066,-0.000948816399132331,-0.00108618671662872,TRUE
0.1,1340,-0.000603124988454396,-0.000554584088385964,-0.00115770907684036,-0.00130916151326111,TRUE
0.1,1341,-0.000504392952374544,-0.00134374526399181,-0.00184813821636635,-0.00212946400327414,TRUE
0.1,1342,-0.000467001411336302,-0.000704229660683599,-0.0011712310720199,-0.00132233967055084,TRUE
0.1,1343,-0.00152329430748301,0.000145608717314715,-0.0013776855901683,-0.00159297169883613,TRUE
0.1,1344,-0.00198476038737607,-0.000205025891932231,-0.0021897862793083,-0.00261357926497429,TRUE
0.1,1345,0.00127437454659514,0.00203112582147801,0.00330550036807316,0.00365685097925148,TRUE
0.1,1346,-0.000501725371556001,0.000147253511554416,-0.000354471860001585,-0.000401908838874958,TRUE
0.1,1347,-0.00114774000736989,0.000922571706514551,-0.000225168300855336,-0.000271276108806235,TRUE
0.1,1348,-0.00130257441157327,0.000489689578123241,-0.000812884833450034,-0.000951851058108037,TRUE
0.1,1349,-0.00119717347817189,0.00031344905487905,-0.000883724423292838,-0.0010314734972341,TRUE
0.1,1350,-0.000443226996981689,0.000211130102970741,-0.000232096894010948,-0.000259672428942741,TRUE
0.1,1351,-0.00100406003283441,-0.00150309537796334,-0.00250715541079775,-0.00294323366896785,TRUE
0.1,1352,-0.0000878155422078216,0.000454240265826104,0.000366424723618283,0.000408914532582605,TRUE
0.1,1353,-0.00124011677074517,-0.00143623670360225,-0.00267635347434742,-0.00323107518493022,TRUE
0.1,1354,0.000234871275891611,-0.000293926634604261,-0.0000590553587126492,-0.0000652501637270317,TRUE
0.1,1355,0.000361169043417491,0.000892281931714916,0.00125345097513241,0.00141999559955379,TRUE
0.1,1356,0.00144203540808037,0.00180614849898932,0.0032481839070697,0.00348494440974576,TRUE
0.1,1357,-0.00048827425736322,-0.000226647389994472,-0.000714921647357692,-0.000814552118678842,TRUE
0.1,1358,-0.000323839240002731,0.000130847776332648,-0.000192991463670083,-0.000218032067674416,TRUE
0.1,1359,-0.00106764721625869,-0.00208071123824896,-0.00314835845450765,-0.00382071263582007,TRUE
0.1,1360,0.000183398811628754,-0.000416519993685204,-0.00023312118205645,-0.000259626872052441,TRUE
0.1,1361,-0.00160848378759472,-0.00234735730075834,-0.00395584108835306,-0.00463022764370733,TRUE
0.1,1362,-0.000326080193757205,0.000616496579292206,0.000290416385535001,0.000325481685881899,TRUE
0.1,1363,-0.000201056615272986,-0.000577529278265755,-0.00077858589353874,-0.000872676290746832,TRUE
0.1,1364,-0.00134192140754644,-0.000661391255180722,-0.00200331266272716,-0.00244158283066817,TRUE
0.1,1365,-0.0000747835643627878,-0.000290968986709417,-0.000365752551072205,-0.000410669841975194,TRUE
0.1,1366,-0.00182745492727907,-0.000514956302289499,-0.00234241122956857,-0.00284111055669236,TRUE
0.1,1367,0.000178221163081736,0.000191567059317245,0.000369788222398981,0.000412293727062602,TRUE
0.1,1368,-0.0011093576980496,-0.0000120464708003448,-0.00112140416884994,-0.00127552214528672,TRUE
0.1,1369,0.000437100482685795,0.000223440338063174,0.000660540820748969,0.000733447100418172,TRUE
0.1,1370,0.000665413097122069,0.00088825806555936,0.00155367116268143,0.00167262455042273,TRUE
0.1,1371,0.000331669621653124,-0.000200487897124539,0.000131181724528585,0.000146001683156272,TRUE
0.1,1372,-0.000125535760439445,-0.000396546162525086,-0.000522081922964531,-0.000591363720225178,TRUE
0.1,1373,-0.00191677272545293,-0.00124933649886916,-0.00316610922432208,-0.00360545988673224,TRUE
0.1,1374,0.000185396079542704,0.000225706964201665,0.000411103043744369,0.000456472574034863,TRUE
0.1,1375,-0.000807539446143047,0.000105427382586668,-0.000702112063556379,-0.000807533402126098,TRUE
0.1,1376,-0.000360806227403817,0.000448694856506853,0.0000878886291030356,0.000099095542527241,TRUE
0.1,1377,-0.000356006352843224,-0.000282107600721685,-0.000638113953564908,-0.000720748306989966,TRUE
0.1,1378,-0.00139258425486955,-0.000300390422107385,-0.00169297467697694,-0.0020179499784708,TRUE
0.1,1379,0.000149224056747889,0.000931656983692116,0.00108088104044,0.00119472231821419,TRUE
0.1,1380,-0.000258251713174527,0.000209222301136369,-0.0000490294120381587,-0.0000551719619383423,TRUE
0.1,1381,-0.00101232186469519,-0.000823817709084948,-0.00183613957378014,-0.00212079751330754,TRUE
0.1,1382,-0.000638711069678409,0.0000137343959771728,-0.000624976673701236,-0.000708902857529994,TRUE
0.1,1383,-0.00127910358293907,0.000574531033764778,-0.00070457254917429,-0.000831235443790183,TRUE
0.1,1384,-0.000978243515279811,0.000121040984305091,-0.00085720253097472,-0.000999267918545548,TRUE
0.1,1385,-0.000376322775253527,-0.0010475051772165,-0.00142382795247003,-0.0016793232066003,TRUE
0.1,1386,-0.00118947455596288,-0.000638655324628931,-0.00182812988059182,-0.00208847927095712,TRUE
0.1,1387,0.00116938375725909,0.000609634010317579,0.00177901776757666,0.00193307612864684,TRUE
0.1,1388,-0.00136357443025614,-0.000891674600352468,-0.00225524903060861,-0.00265083546971426,TRUE
0.1,1389,-0.00123772169673548,-0.000486999228878451,-0.00172472092561393,-0.00197484062392423,TRUE
0.1,1390,-0.000623074754550225,-0.000765351958061042,-0.00138842671261127,-0.00161382483012235,TRUE
0.1,1391,-0.00017277857195939,-0.000481494539287535,-0.000654273111246926,-0.000743560719567756,TRUE
0.1,1392,-0.000210607836509994,0.00125576079933141,0.00104515296282142,0.00119373789266091,TRUE
0.1,1393,-0.00080597745181222,-0.000180870095757641,-0.000986847547569862,-0.0011077901563262,TRUE
0.1,1394,0.000622599262712383,0.000266316038262775,0.000888915300975158,0.00098351326317517,TRUE
0.1,1395,-0.00256467353350184,-0.000794979255148074,-0.00335965278864991,-0.00387107777319241,TRUE
0.1,1396,-0.00151223355162215,-0.000118115555449186,-0.00163034910707133,-0.00187953089514046,TRUE
0.1,1397,0.000410072955689559,0.00120041641010205,0.00161048936579161,0.00182960402126082,TRUE
0.1,1398,-0.000855541499278592,0.0000565058018853368,-0.000799035697393256,-0.000939853598399237,TRUE
0.1,1399,0.00000552090767454548,-0.000478146053423354,-0.000472625145748809,-0.000534127084764236,TRUE
0.1,1400,0.0000643443188852601,0.0000676182794506482,0.000131962598335908,0.000146402158769454,TRUE
0.1,1401,-0.000898920961594696,0.000502325214720853,-0.000396595746873844,-0.000453060700311982,TRUE
0.1,1402,-0.000783507963613842,-0.00017366979856737,-0.000957177762181212,-0.00108912916140661,TRUE
0.1,1403,0.000155800613744096,0.000938009088030556,0.00109380970177465,0.00120878419587978,TRUE
0.1,1404,-0.0000138744159943456,-0.00139519774901218,-0.00140907216500653,-0.00162728209333421,TRUE
0.1,1405,-0.00100294317143163,-0.000364146096256805,-0.00136708926768844,-0.00156642437923938,TRUE
0.1,1406,-0.00046232394496152,0.000987997466294294,0.000525673521332773,0.000589451146202449,TRUE
0.1,1407,0.00142545600255455,-0.0000632183961678594,0.00136223760638669,0.001494118262922,TRUE
0.1,1408,-0.00124896723509055,-0.000101341891882002,-0.00135030912697255,-0.00153221154977389,TRUE
0.1,1409,-0.000402130758692433,0.000975975016477155,0.000573844257784722,0.000650741708490973,TRUE
0.1,1410,-0.000225034314363689,-0.000556116885931257,-0.000781151200294946,-0.000883464549358642,TRUE
0.1,1411,-0.00169396590515715,-0.000617943309052343,-0.0023119092142095,-0.00277758510983566,TRUE
0.1,1412,-0.000337554538709282,0.000663299814165343,0.000325745275456061,0.000366855448334615,TRUE
0.1,1413,-0.00113999811400067,-0.00155999543265503,-0.0026999935466557,-0.00317649161713247,TRUE
0.1,1414,-0.000854523872375815,-0.000221322493441052,-0.00107584636581687,-0.00124743329063568,TRUE
0.1,1415,-0.00121830801828692,-0.000609062115560173,-0.0018273701338471,-0.00212955085882484,TRUE
0.1,1416,0.000043615894608588,0.00112715352232503,0.00117076941693362,0.00131117982185017,TRUE
0.1,1417,0.000361225617009389,0.000317516178269298,0.000678741795278687,0.000741911648814385,TRUE
0.1,1418,-0.00298841586934411,0.000183543480491956,-0.00280487238885216,-0.0033712461099089,TRUE
0.1,1419,-0.00206486047358452,-0.000649609537822219,-0.00271447001140674,-0.00325596588091418,TRUE
0.1,1420,0.000253762618669466,-0.000659249850143277,-0.000405487231473811,-0.000454194379708583,TRUE
0.1,1421,-0.000562075140018613,0.000679894209211349,0.000117819069192735,0.000133626782786427,TRUE
0.1,1422,-0.000815565020494822,-0.0000064980977750702,-0.000822063118269892,-0.000943945194575334,TRUE
0.1,1423,-0.00158737347770895,-0.00062102952439495,-0.0022084030021039,-0.00259993181180805,TRUE
0.1,1424,-0.000530518809794868,0.000329252640630702,-0.000201266169164167,-0.000228226940694307,TRUE
0.1,1425,-0.000888267567726346,-0.000110524390389098,-0.000998791958115444,-0.00114461921582625,TRUE
0.1,1426,-0.00138385481039811,-0.000366012850683659,-0.00174986766108177,-0.00206424665747328,TRUE
0.1,1427,0.000208088112858377,-0.000873356924818639,-0.000665268811960262,-0.000773182602590365,TRUE
0.1,1428,-0.000307834598246377,0.000110313381152186,-0.000197521217094191,-0.000220875097657395,TRUE
0.1,1429,0.000023221186999906,-0.000278733526038198,-0.000255512339038291,-0.000287462837536547,TRUE
0.1,1430,-0.000517833279028772,-0.0000326357031875444,-0.000550468982216317,-0.000621565706342204,TRUE
0.1,1431,-0.000471480093530601,0.00000795704547951437,-0.000463523048051087,-0.000524591396242842,TRUE
0.1,1432,-0.00078608871581196,-0.0011339604362076,-0.00192004915201956,-0.00225687933390863,TRUE
0.1,1433,-0.000107364890790472,0.000551983928766563,0.000444619037976091,0.000487543478280906,TRUE
0.1,1434,0.000987679460737474,0.000281766683249532,0.00126944614398701,0.00142874772897195,TRUE
0.1,1435,-0.000335616819368095,0.0000661862651991586,-0.000269430554168936,-0.000303528033939967,TRUE
0.1,1436,-0.000496185617256593,0.0000110007745030555,-0.000485184842753537,-0.000552263666090327,TRUE
0.1,1437,-0.0010679448566812,-0.000715297757636113,-0.00178324261431731,-0.00204809635081592,TRUE
0.1,1438,0.0000811542226300634,0.000556620822140113,0.000637775044770176,0.00070862772826078,TRUE
0.1,1439,-0.00051289790725969,0.0015288452277135,0.00101594732045381,0.00118881489423161,TRUE
0.1,1440,-0.0012735146648474,-0.000353719865891055,-0.00162723453073845,-0.00189229231292593,TRUE
0.1,1441,-0.0000843841939127885,-0.000368221438852105,-0.000452605632764893,-0.000508191559363037,TRUE
0.1,1442,-0.0000748520789426695,-0.000241946533786439,-0.000316798612729108,-0.000353602241526812,TRUE
0.1,1443,-0.00106183891933994,-0.000126239950073784,-0.00118807886941372,-0.00135009670422475,TRUE
0.1,1444,0.000210931806983578,-0.0000242466591516516,0.000186685147831926,0.000206913995177088,TRUE
0.1,1445,-0.000407891136369383,0.000342817965750325,-0.000065073170619058,-0.0000731531256180778,TRUE
0.1,1446,-0.00162118236221143,0.00239153384287426,0.000770351480662829,0.000947503458224489,TRUE
0.1,1447,-0.000965525937741206,-0.000725743818149037,-0.00169126975589024,-0.00195873068354433,TRUE
0.1,1448,-0.00174792064313353,-0.00131549604166172,-0.00306341668479525,-0.00389685352899084,TRUE
0.1,1449,-0.000997763818984684,-0.00108539714165256,-0.00208316096063725,-0.00239717176686484,TRUE
0.1,1450,0.000130405956453669,-0.000289978205165806,-0.000159572248712136,-0.000178863025314884,TRUE
0.1,1451,-0.00114449871600128,-0.000561626926680865,-0.00170612564268215,-0.00199165914048867,TRUE
0.1,1452,-0.000739969695953272,-0.000717868687354614,-0.00145783838330789,-0.0016644157381193,TRUE
0.1,1453,-0.00149794135091844,-0.000799848969110172,-0.00229779032002861,-0.00282247587684628,TRUE
0.1,1454,-0.00041836735742147,0.0000183126459013151,-0.000400054711520154,-0.000447147244805435,TRUE
0.1,1455,-0.00195568672851959,0.000168197724706373,-0.00178748900381322,-0.00220119167398094,TRUE
0.1,1456,0.00104674698692354,0.000154607665586911,0.00120135465251045,0.00135490423506522,TRUE
0.1,1457,0.000167940574310616,-0.000113271620287151,0.000054668954023465,0.0000605836377629352,TRUE
0.1,1458,-0.000337565890384443,0.000304691743130696,-0.000032874147253747,-0.0000369323431804056,TRUE
0.1,1459,-0.00162336143100508,-0.000341520491438795,-0.00196488192244387,-0.00230193828669754,TRUE
0.1,1460,-0.000954944318939156,0.000183346527532743,-0.000771597791406412,-0.000897644167264136,TRUE
0.1,1461,-0.00160391154835282,-0.00142560455594992,-0.00302951610430273,-0.00361567445879095,TRUE
0.1,1462,0.00016403398398143,-0.000219954318313499,-0.0000559203343320693,-0.0000623017510071401,TRUE
0.1,1463,-0.000274483487754469,-0.0000913767744085948,-0.000365860262163064,-0.000410535872285502,TRUE
0.1,1464,-0.00148818700075721,-0.0000400564587550596,-0.00152824345951227,-0.0018442766915868,TRUE
0.1,1465,-0.000401551319828524,0.000624015532886047,0.000222464213057523,0.000249623776589507,TRUE
0.1,1466,-0.000297625681739354,-0.000227750057859282,-0.000525375739598636,-0.000582986659288497,TRUE
0.1,1467,-0.00107822404894637,-0.00166224229588626,-0.00274046634483263,-0.00324430436621485,TRUE
0.1,1468,-0.00128649321002085,0.00098331432766661,-0.000303178882354238,-0.000368289329173628,TRUE
0.1,1469,-0.00111173461326789,0.000807549474796263,-0.000304185138471625,-0.000354250934651984,TRUE
0.1,1470,-0.00115410143985345,0.000334347800337106,-0.000819753639516346,-0.000956368145736059,TRUE
0.1,1471,-0.000382134199755062,-0.000612214807482969,-0.000994349007238031,-0.00111641594395059,TRUE
0.1,1472,0.00121571118132403,0.00208899225145772,0.00330470343278175,0.00346852178606294,TRUE
0.1,1473,0.000513716653703405,0.000598216308439375,0.00111193296214278,0.00121765385687369,TRUE
0.1,1474,-0.000463562373387269,0.0000153749175898264,-0.000448187455797443,-0.000507676851911409,TRUE
0.1,1475,-0.000823189811609407,0.0000208739642195662,-0.000802315847389841,-0.000933537098961745,TRUE
0.1,1476,0.000647351177596556,-0.00052781369283503,0.000119537484761527,0.000133024228928712,TRUE
0.1,1477,-0.0015616159692024,-0.00154818963614818,-0.00310980560535058,-0.00368940003671307,TRUE
0.1,1478,-0.000315873119752694,0.000394655743864312,0.0000787826241116178,0.0000874877697138688,TRUE
0.1,1479,0.000680137453733705,0.00199402260105621,0.00267416005478991,0.00291987159758692,TRUE
0.1,1480,0.00117834870784499,0.000917242611800903,0.0020955913196459,0.00225197998260011,TRUE
0.1,1481,-0.000438535419674345,-0.000141522787071795,-0.00058005820674614,-0.000650753909806981,TRUE
0.1,1482,-0.00154879848494365,-0.00143683996126676,-0.00298563844621041,-0.00340567634252638,TRUE
0.1,1483,-0.000113902945709571,0.000432082632237113,0.000318179686527542,0.000355685804119865,TRUE
0.1,1484,-0.00156894672804655,-0.00163904238593953,-0.00320798911398607,-0.00404182405228786,TRUE
0.1,1485,-0.00160360146766232,0.000607134654452139,-0.000996466813210183,-0.00117498181327076,TRUE
0.1,1486,-0.000964942618271967,-0.0000418948527347958,-0.00100683747100676,-0.00113714978973652,TRUE
0.1,1487,-0.000775468734370144,-0.000173568651056962,-0.000949037385427106,-0.00108638225713277,TRUE
0.1,1488,-0.00062223127774239,-0.000354371399525275,-0.000976602677267665,-0.00110051723328434,TRUE
0.1,1489,-0.0007416956388911,-0.000993619037903702,-0.0017353146767948,-0.00203108122916528,TRUE
0.1,1490,-0.00187945767789742,-0.0000894026554653171,-0.00196886033336273,-0.00238311831585941,TRUE
0.1,1491,0.00150760142011094,0.00119842704658793,0.00270602846669887,0.00285186852945535,TRUE
0.1,1492,-0.000337909174715146,0.0000551656554312766,-0.000282743519283869,-0.000315479097652875,TRUE
0.1,1493,-0.000691029536708982,-0.000858669411894569,-0.00154969894860355,-0.00179710770666111,TRUE
0.1,1494,-0.000337102884424989,0.000301800888377343,-0.0000353019960476455,-0.0000395208939378031,TRUE
0.1,1495,0.00030752696970837,0.000326518474596215,0.000634045444304585,0.000704660647427441,TRUE
0.1,1496,-0.000869428993522961,0.0000669955795269892,-0.000802433413995972,-0.000913429592636651,TRUE
0.1,1497,-0.00169695585164141,-0.00103019188941076,-0.00272714774105216,-0.00316795536686124,TRUE
0.1,1498,0.000376754534420208,0.000693317966543547,0.00107007250096375,0.00116889100524393,TRUE
0.1,1499,-0.000610885033223085,0.000261345217050077,-0.000349539816173008,-0.000397092997073721,TRUE
0.1,1500,-0.000783684148351073,-0.000131319027184881,-0.000915003175535954,-0.00102960445913835,TRUE
0.1,1501,-0.000609973074820565,-0.000268963137569944,-0.000878936212390509,-0.00100763392066281,TRUE
0.1,1502,-0.00127791573194928,-0.000575334728980786,-0.00185325046093006,-0.0021909520841923,TRUE
0.1,1503,0.000563906787713559,-0.000554687151888609,0.00000921963582494931,0.0000101692275395628,TRUE
0.1,1504,-0.000147448938325913,0.000819897769184968,0.000672448830859055,0.000766058991195342,TRUE
0.1,1505,-0.000123673084682625,0.000269923230942896,0.000146250146260271,0.000162654132694149,TRUE
0.1,1506,0.000264724164402947,0.00101432708351855,0.0012790512479215,0.00140637680279155,TRUE
0.1,1507,-0.00126508724658166,-0.000595699199099706,-0.00186078644568137,-0.00212215436143691,TRUE
0.1,1508,0.00068033804825351,0.000227649686645906,0.000907987734899417,0.000989623599324142,TRUE
0.1,1509,-0.000655958705672058,-0.000200442486572128,-0.000856401192244186,-0.000985826497995719,TRUE
0.1,1510,0.00117908481852287,0.00196522179686323,0.0031443066153861,0.00331806232905816,TRUE
0.1,1511,-0.00131526140836878,-0.00144072023687569,-0.00275598164524448,-0.0032670252412766,TRUE
0.1,1512,-0.00119392212275014,-0.000694214219843987,-0.00188813634259413,-0.00219986481889618,TRUE
0.1,1513,0.00030439105529396,0.000300350100443367,0.000604741155737327,0.00067014921930627,TRUE
0.1,1514,0.000595766900791754,0.000577962844651546,0.0011737297454433,0.00127011666387203,TRUE
0.1,1515,-0.00120083251585969,-0.000088170542102805,-0.0012890030579625,-0.00147674724605582,TRUE
0.1,1516,-0.00184300921499754,-0.000159660212843426,-0.00200266942784097,-0.002309752940862,TRUE
0.1,1517,0.0000669296591856444,0.000363993787176544,0.000430923446362188,0.000477239903445325,TRUE
0.1,1518,0.000424801873025763,0.00164321249532425,0.00206801436835002,0.00238902958241043,TRUE
0.1,1519,-0.0010325154056395,-0.000704047076580189,-0.00173656248221969,-0.00199223861680666,TRUE
0.1,1520,0.00102658905503582,0.00014273402556056,0.00116932308059638,0.00126713534573717,TRUE
0.1,1521,-0.000724842174923028,0.00126648780227557,0.000541645627352546,0.000617900823086522,TRUE
0.1,1522,0.0000517189410135941,-0.00098623511927372,-0.000934516178260126,-0.00105483934552981,TRUE
0.1,1523,-0.000225212049128365,-0.000631792903125632,-0.000857004952253997,-0.000955251290203524,TRUE
0.1,1524,0.00124826222896879,0.00066987566626887,0.00191813789523766,0.00203358670629634,TRUE
0.1,1525,-0.00026211803399011,0.000321385879271577,0.0000592678452814669,0.000066804780816436,TRUE
0.1,1526,-0.000530422692753229,-0.000223742268505308,-0.000754164961258536,-0.000858100775699732,TRUE
0.1,1527,-0.00033470188193398,-0.000450499164686907,-0.000785201046620888,-0.000894983150041523,TRUE
0.1,1528,-0.00109701108952071,-0.00124467518859002,-0.00234168627811072,-0.00284119499368846,TRUE
0.1,1529,-0.000846075246623282,-0.00155019087306333,-0.00239626611968662,-0.00289865370557592,TRUE
0.1,1530,-0.000422569777238253,-0.0000498372205213292,-0.000472406997759582,-0.00053142792177862,TRUE
0.1,1531,0.000435885492273204,0.00059422315163817,0.00103010864391137,0.00111309428824462,TRUE
0.1,1532,0.000159273508156902,-0.000891307487941886,-0.000732033979784983,-0.000827614002406921,TRUE
0.1,1533,-0.000366006472114315,0.00145673202038251,0.0010907255482682,0.00122573949027967,TRUE
0.1,1534,-0.00034152428770569,0.000638128591777932,0.000296604304072241,0.0003394977607454,TRUE
0.1,1535,-0.00131815593876402,0.000359479741228375,-0.000958676197535645,-0.00111503112978164,TRUE
0.1,1536,-0.000685726763515158,0.000651680775126217,-0.0000340459883889412,-0.0000391610212720278,TRUE
0.1,1537,0.000192279898994991,-0.00128408612947311,-0.00109180623047812,-0.00125974672023158,TRUE
0.1,1538,0.000683896398582697,0.0013692806606706,0.0020531770592533,0.00228849572574843,TRUE
0.1,1539,-0.00116661184468495,0.000625828124944915,-0.000540783719740036,-0.000613607900241753,TRUE
0.1,1540,0.000927466089951777,0.000614884421776052,0.00154235051172783,0.0017009406057616,TRUE
0.1,1541,-0.000137236374155819,0.000343418059429134,0.000206181685273315,0.000229612755433613,TRUE
0.1,1542,-0.00110975944033287,-0.000727105299918731,-0.0018368647402516,-0.00209819096264863,TRUE
0.1,1543,-0.000667359143743885,-0.000124236306284495,-0.000791595450028379,-0.000900943819917941,TRUE
0.1,1544,-0.00115397712819634,-0.000628249273265168,-0.0017822264014615,-0.00203353349415801,TRUE
0.1,1545,-0.00113045344545152,0.00057696866949585,-0.000553484775955672,-0.000638100740284367,TRUE
0.1,1546,-0.000205638486570083,-0.0000375315615171139,-0.000243170048087197,-0.000271472632555846,TRUE
0.1,1547,0.000478139132849024,0.00136636016192908,0.00184449929477811,0.00200813035859392,TRUE
0.1,1548,-0.000727339711061159,0.00057817471102023,-0.00014916500004093,-0.000171831976161972,TRUE
0.1,1549,-0.00116349180666087,0.000702027225021983,-0.000461464581638885,-0.000545533721794543,TRUE
0.1,1550,-0.000573805470652865,0.000321341698940156,-0.000252463771712709,-0.000282235850786512,TRUE
0.1,1551,-0.000358021095187509,0.000662174846449959,0.00030415375126245,0.000343578777201834,TRUE
0.1,1552,-0.000177965628709577,-0.000531092986139862,-0.000709058614849439,-0.000792018765522437,TRUE
0.1,1553,-0.00105130932595562,0.000398790170805655,-0.000652519155149969,-0.000760911928508008,TRUE
0.1,1554,-0.000407603597927898,-0.00118298999385863,-0.00159059359178653,-0.00183964255727303,TRUE
0.1,1555,-0.00308574747271184,-0.00143440531354284,-0.00452015278625468,-0.00572856977657684,TRUE
0.1,1556,-0.000250369844715645,-0.0000167886703970185,-0.000267158515112663,-0.000299446918250928,TRUE
0.1,1557,0.00027604961724302,0.000303038191382449,0.000579087808625469,0.0006428251688629,TRUE
0.1,1558,-0.000453371187520819,0.000679048667301474,0.000225677479780656,0.000262874935512867,TRUE
0.1,1559,0.000545147941406188,0.00151306915947917,0.00205821710088536,0.00221307206903792,TRUE
0.1,1560,0.0001586423119679,-0.000941289086521728,-0.000782646774553828,-0.000882473642469377,TRUE
0.1,1561,-0.000158501876894822,0.000178289283081496,0.0000197874061866746,0.0000221450540248609,TRUE
0.1,1562,-0.00113977067316438,-0.000300807949217946,-0.00144057862238232,-0.00166601249153632,TRUE
0.1,1563,-0.000347768153716829,-0.000138205208956887,-0.000485973362673716,-0.000545614320008294,TRUE
0.1,1564,-0.000430346176906487,-0.00102035543133109,-0.00145070160823758,-0.00165200939996763,TRUE
0.1,1565,-0.000237501304822084,0.000533367552728707,0.000295866247906623,0.000328037302354797,TRUE
0.1,1566,0.000563846877375279,0.000736518459412458,0.00130036533678774,0.00142210525978252,TRUE
0.1,1567,-0.000570299381872496,-0.000130414195421748,-0.000700713577294244,-0.000794890683380002,TRUE
0.1,1568,0.000771925744685681,0.00154480746632367,0.00231673321100936,0.00251996064766483,TRUE
0.1,1569,-0.00154810435890639,-0.000647875286535224,-0.00219597964544162,-0.00258708496511059,TRUE
0.1,1570,-0.00024518292411029,-0.0000345709431128612,-0.000279753867223151,-0.000314473510472486,TRUE
0.1,1571,-0.000238941889185786,-0.000183292497313842,-0.000422234386499628,-0.000474536690527092,TRUE
0.1,1572,-0.000143738330796415,0.000793440743036499,0.000649702412240083,0.000736147805289921,TRUE
0.1,1573,-0.0023591274731915,0.0000735473025463023,-0.0022855801706452,-0.00271042855597261,TRUE
0.1,1574,-0.000902289742768964,0.000413654422703453,-0.000488635320065511,-0.00056945864421133,TRUE
0.1,1575,-0.000854995530686314,0.000153859368720294,-0.00070113616196602,-0.000801577901831202,TRUE
0.1,1576,-0.000206961692940227,-0.000431949315510868,-0.000638911008451095,-0.000713400485717086,TRUE
0.1,1577,-0.00011213925038276,0.000836512079806674,0.000724372829423915,0.000808671257519888,TRUE
0.1,1578,-0.000506068677587186,0.00035030143673392,-0.000155767240853266,-0.000180354105347863,TRUE
0.1,1579,-0.000574071375080957,0.000825762905253888,0.000251691530172932,0.000290310036879697,TRUE
0.1,1580,-0.000249237312474737,0.000770209227969439,0.000520971915494702,0.000580736701785016,TRUE
0.1,1581,-0.000528333337759507,-0.00022500688711589,-0.000753340224875397,-0.000846972972164139,TRUE
0.1,1582,-0.000615696238677885,0.000830818233890645,0.00021512199521276,0.000248287158559598,TRUE
0.1,1583,-0.00122924929478977,0.000818411880258346,-0.000410837414531427,-0.000472828876222097,TRUE
0.1,1584,-0.00102391071916025,-0.000805408881729886,-0.00182931960089014,-0.00213348183291573,TRUE
0.1,1585,0.000508271808739413,-0.000826913116205654,-0.000318641307466241,-0.0003604222102058,TRUE
0.1,1586,-0.000527674820353749,0.00150513785161349,0.000977463031259745,0.00112723829660928,TRUE
0.1,1587,-0.0000273624676411466,0.000579497565212332,0.000552135097571185,0.000606182311451792,TRUE
0.1,1588,0.0000116949687946726,0.000669314193674178,0.000681009162468851,0.000761320888640659,TRUE
0.1,1589,0.00114229808450715,0.00131258262771863,0.00245488071222579,0.00256776168104034,TRUE
0.1,1590,0.000278035896480588,0.000819399519045395,0.00109743541552598,0.00120687461602987,TRUE
0.1,1591,-0.00100469749834202,-0.000563051954022511,-0.00156774945236453,-0.00185484252036807,TRUE
0.1,1592,-0.00166835725240917,0.00046208414002353,-0.00120627311238564,-0.00143575657817663,TRUE
0.1,1593,-0.000159077532139386,0.000246445965538143,0.0000873684333987566,0.0000980146848338572,TRUE
0.1,1594,-0.00172896139396572,-0.000143875088145242,-0.00187283648211097,-0.00226359769357557,TRUE
0.1,1595,0.000144859699044876,0.000250583628646799,0.000395443327691675,0.000437912060518706,TRUE
0.1,1596,-0.000922394125081449,-0.00048622052588972,-0.00140861465097117,-0.00166938805941702,TRUE
0.1,1597,0.0000584603476902882,0.000563493857962543,0.000621954205652831,0.000701992228840545,TRUE
0.1,1598,-0.000440147589183978,-0.000693374781847286,-0.00113352237103126,-0.00127900044906521,TRUE
0.1,1599,-0.00122204020587788,-0.000589610564265116,-0.00181165077014299,-0.00205749378969599,TRUE
0.1,1600,-0.000991762908216167,-0.000412467514449207,-0.00140423042266537,-0.00163940464680994,TRUE
0.1,1601,-0.00037315696082635,-0.000158786346459197,-0.000531943307285547,-0.000601210706394588,TRUE
0.1,1602,-0.00116339873922131,-0.000683679778996952,-0.00184707851821826,-0.00217624527776105,TRUE
0.1,1603,0.000234606902773752,0.0000927835124237776,0.000327390415197529,0.000363389701572719,TRUE
0.1,1604,0.000394469685532039,0.000165921982307094,0.000560391667839133,0.000621445460886972,TRUE
0.1,1605,0.000144136502779198,0.00121039767954989,0.00135453418232909,0.00152954284681726,TRUE
0.1,1606,0.0000453579987499465,0.000188705031068334,0.00023406302981828,0.000260448786622681,TRUE
0.1,1607,-0.000364157652512763,-0.000175204057985367,-0.000539361710498131,-0.000615742608513704,TRUE
0.1,1608,-0.000621423409756381,0.000719407979494517,0.000097984569738136,0.000111940563558574,TRUE
0.1,1609,-0.000361826835345818,0.0000733282995353606,-0.000288498535810457,-0.000323050709662745,TRUE
0.1,1610,-0.000523935713328486,-0.0000985983757151699,-0.000622534089043656,-0.000697848113187718,TRUE
0.1,1611,0.000338505070686737,-0.000665298655391635,-0.000326793584704899,-0.000370875877438725,TRUE
0.1,1612,-0.000245560846303368,0.00173385941516132,0.00148829856885795,0.00167046170441698,TRUE
0.1,1613,0.00119638303067743,0.000418177732419327,0.00161456076309676,0.00173860117246219,TRUE
0.1,1614,-0.00110762214671409,-0.00226303571566072,-0.00337065786237481,-0.00395070270981192,TRUE
0.1,1615,-0.000896031353270031,0.000388250415730592,-0.000507780937539439,-0.00057388664560676,TRUE
0.1,1616,-0.000810541154972649,0.000701209247670045,-0.000109331907302604,-0.000126756595774689,TRUE
0.1,1617,-0.000455318897967673,-0.000284817338843601,-0.000740136236811274,-0.000834532385174743,TRUE
0.1,1618,-0.00103325146466427,0.000978047671120908,-0.000055203793543358,-0.0000642300998894842,TRUE
0.1,1619,-0.00148030500375251,-0.000475989771390641,-0.00195629477514315,-0.00226228472041627,TRUE
0.1,1620,-0.00253411590339689,-0.00147320038174173,-0.00400731628513863,-0.0049224144439865,TRUE
0.1,1621,-0.000167971159625219,-0.00017428088691434,-0.000342252046539559,-0.000381387168684509,TRUE
0.1,1622,-0.00173612999341378,0.000196595738915289,-0.00153953425449849,-0.00186456980339177,TRUE
0.1,1623,-0.000857032509998346,-0.000165868664025865,-0.00102290117402421,-0.00117116768664687,TRUE
0.1,1624,-0.000370590596649912,-0.000457802786380848,-0.00082839338303076,-0.000936501988196392,TRUE
0.1,1625,0.00144128592708277,0.0000191398763856993,0.00146042580346847,0.00159818370916071,TRUE
0.1,1626,-0.000976749681880865,-0.00015202890052188,-0.00112877858240275,-0.00128433187134157,TRUE
0.1,1627,-0.000150859959024346,0.00129341163369679,0.00114255167467245,0.00129037190295982,TRUE
0.1,1628,-0.000466985709363438,0.00106418541533862,0.000597199705975185,0.000668893767955196,TRUE
0.1,1629,-0.00123229942034818,0.0015426061236717,0.000310306703323521,0.000388554692216065,TRUE
0.1,1630,0.000191073762577206,0.00158682127496257,0.00177789503753978,0.00206939270343766,TRUE
0.1,1631,-0.0000933672442790477,-0.000294569683892513,-0.000387936928171561,-0.000431699589498828,TRUE
0.1,1632,-0.000267037458276111,0.00052507076343239,0.000258033305156278,0.000292085352134526,TRUE
0.1,1633,-0.00125513184688016,-0.00154895317557381,-0.00280408502245398,-0.00316684757409859,TRUE
0.1,1634,-0.000717000948809369,-0.00105786311515303,-0.0017748640639624,-0.00204288701395407,TRUE
0.1,1635,0.0000841921578428447,0.000215823816115942,0.000300015973958787,0.000330948507387307,TRUE
0.1,1636,-0.0013433720535399,-0.000335067512175561,-0.00167843956571546,-0.00200806945767108,TRUE
0.1,1637,0.000462587661242597,0.000128461719984538,0.000591049381227134,0.000646427345921215,TRUE
0.1,1638,-0.000684501166887114,-0.000311899537653352,-0.000996400704540466,-0.00115433219410024,TRUE
0.1,1639,-0.00100863791831257,-0.000910894928658584,-0.00191953284697116,-0.00216774710249006,TRUE
0.1,1640,0.000110515989874139,0.000989458476369006,0.00109997446624314,0.00121437245178539,TRUE
0.1,1641,0.000236616615470211,0.000366385777051062,0.000603002392521273,0.000666521166091727,TRUE
0.1,1642,-0.000199113231010038,0.00111850400069882,0.000919390769688784,0.00104171634903792,TRUE
0.1,1643,0.000871618179133161,0.0016792340755938,0.00255085225472696,0.00270712068443563,TRUE
0.1,1644,-0.00106472081057656,-0.00190169398827839,-0.00296641479885495,-0.00355121267918855,TRUE
0.1,1645,-0.00148942815670678,-0.000882011481261108,-0.00237143963796789,-0.00268987256427793,TRUE
0.1,1646,-0.00143060206606957,0.0000166552198624544,-0.00141394684620712,-0.00163885936155375,TRUE
0.1,1647,0.000115390180072609,-0.0000908199732596068,0.0000245702068130025,0.0000273299585572822,TRUE
0.1,1648,-0.000646491419079584,-0.000879627728929773,-0.00152611914800936,-0.00175850787700502,TRUE
0.1,1649,0.000142205522407215,0.00123939011209679,0.00138159563450401,0.00151595969897091,TRUE
0.1,1650,-0.00127929832391258,-0.00126366571707285,-0.00254296404098543,-0.00298426061227709,TRUE
0.1,1651,-0.000452916068167942,0.0000310337957534096,-0.000421882272414532,-0.000482088187261602,TRUE
0.1,1652,-0.0012165234994773,0.000263896469471876,-0.000952627030005421,-0.00113029444445474,TRUE
0.1,1653,0.00135238497876129,0.00154107608837808,0.00289346106713937,0.00322206381984458,TRUE
0.1,1654,-0.00109327286155967,-0.000667970481806673,-0.00176124334336634,-0.00200567795736119,TRUE
0.1,1655,-0.000554306595782401,-0.000567788892066012,-0.00112209548784841,-0.00131014612218022,TRUE
0.1,1656,-0.000982916892176117,-0.0010832913435482,-0.00206620823572432,-0.00239540749878838,TRUE
0.1,1657,-0.00059364171341545,0.000524454475300508,-0.0000691872381149422,-0.0000796551678578864,TRUE
0.1,1658,-0.000370735699091368,-0.000246630699550064,-0.000617366398641432,-0.000703472451317579,TRUE
0.1,1659,-0.0011129134671304,-0.000804959008705302,-0.0019178724758357,-0.00218626419268565,TRUE
0.1,1660,-0.00106382361574501,0.000534034121037604,-0.000529789494707408,-0.000618803935527497,TRUE
0.1,1661,-0.00157750101182895,-0.00110845901145264,-0.0026859600232816,-0.00308191805945246,TRUE
0.1,1662,-0.0000841949953510362,-0.000492920079347308,-0.000577115074698344,-0.000638104786535096,TRUE
0.1,1663,-0.00120560994661854,-0.000768328766018695,-0.00197393871263723,-0.00233565598956324,TRUE
0.1,1664,0.000179833419844884,0.00131310849031837,0.00149294191016325,0.00166189070089742,TRUE
0.1,1665,0.00107057715614717,-0.0000900368293516143,0.000980540326795553,0.00104261418264206,TRUE
0.1,1666,-0.000884962307439001,0.00068917257817587,-0.00019578972926313,-0.000225386584898877,TRUE
0.1,1667,0.000788791108981848,0.000469028859398813,0.00125781996838066,0.00138365581817461,TRUE
0.1,1668,-0.00223258195000867,-0.00120282031344544,-0.00343540226345411,-0.00438569181239848,TRUE
0.1,1669,0.0000412363571316787,0.000413493121326974,0.000454729478458653,0.000506071867751164,TRUE
0.1,1670,-0.000440826937602099,-0.00043730820190658,-0.000878135139508679,-0.000982452615796739,TRUE
0.1,1671,-0.00140021957574001,0.000188941325071979,-0.00121127825066803,-0.00146648628318192,TRUE
0.1,1672,0.00114747143980757,0.000449027482617735,0.00159649892242531,0.00171600638491488,TRUE
0.1,1673,-0.00102064137497236,-0.000586727712839599,-0.00160736908781196,-0.00182565935562323,TRUE
0.1,1674,0.00015880871052256,0.00205693846898926,0.00221574717951182,0.00247391281172587,TRUE
0.1,1675,-0.000499569491795771,-0.0000866618986120084,-0.000586231390407779,-0.000665602558240763,TRUE
0.1,1676,-0.00218091271012576,-0.00172280336029606,-0.00390371607042182,-0.00525881063943376,TRUE
0.1,1677,-0.00125406314916388,-0.00089071697080948,-0.00214478011997336,-0.00247112036164864,TRUE
0.1,1678,-0.000759115233237236,0.000436141204925131,-0.000322974028312105,-0.000367271228180284,TRUE
0.1,1679,0.000343049013489791,0.000471233650806654,0.000814282664296446,0.00089217596809416,TRUE
0.1,1680,-0.000863143274053694,0.00104904453027405,0.000185901256220356,0.000217839355835495,TRUE
0.1,1681,-0.000134649606867302,0.000737987081199898,0.000603337474332596,0.000687867237091662,TRUE
0.1,1682,-0.001573937188997,0.000104420166169478,-0.00146951702282753,-0.00174784606826559,TRUE
0.1,1683,0.000216040337243337,0.0000495873299425716,0.000265627667185908,0.000293690454807134,TRUE
0.1,1684,-0.000369430075636222,0.000335415016622208,-0.0000340150590140139,-0.0000384246724695838,TRUE
0.1,1685,-0.00142564237460646,-0.00100651168782784,-0.0024321540624343,-0.00283669509445905,TRUE
0.1,1686,-0.00090743812411061,0.000329707104682059,-0.000577731019428551,-0.000674623433045529,TRUE
0.1,1687,-0.000964014943382324,-0.00022507345445931,-0.00118908839784163,-0.00135668921481263,TRUE
0.1,1688,-0.0013917214936474,0.00141358229740195,0.0000218608037545552,0.0000262529872565556,TRUE
0.1,1689,0.000174510829078581,0.000326655894266722,0.000501166723345303,0.000552632964715426,TRUE
0.1,1690,0.0012102268668239,-0.000887216426092011,0.000323010440731889,0.000364975182369179,TRUE
0.1,1691,-0.000708782656446377,0.0000301773648339851,-0.000678605291612391,-0.000778389716250989,TRUE
0.1,1692,0.000295968021178621,-0.000237560536079514,0.0000584074850991064,0.0000656078934503816,TRUE
0.1,1693,-0.000952178222060217,0.000719699887490706,-0.000232478334569511,-0.00026528744922552,TRUE
0.1,1694,-0.000123611410024046,-0.00157264402113546,-0.00169625543115951,-0.00192193809818204,TRUE
0.1,1695,-0.000413132988994162,-0.000199454108878209,-0.000612587097872371,-0.00069524066932591,TRUE
0.1,1696,-0.00165659218302651,-0.000836025344717379,-0.00249261752774389,-0.00285523937580339,TRUE
0.1,1697,-0.00101841009554756,-0.000364452302653554,-0.00138286239820111,-0.00159277828872451,TRUE
0.1,1698,-0.00120229908168967,0.00097068980756239,-0.000231609274127279,-0.000284372181526217,TRUE
0.1,1699,0.000261879478118708,0.000730666732271258,0.000992546210389965,0.00110176430118262,TRUE
0.1,1700,-0.000824416644107791,-0.0000347384333041908,-0.000859155077411982,-0.000967233258772097,TRUE
0.1,1701,-0.000694892509780272,-0.000386182190678905,-0.00108107470045918,-0.00122906858890103,TRUE
0.1,1702,-0.000414878989885389,0.000276319143542541,-0.000138559846342848,-0.000156007045304837,TRUE
0.1,1703,-0.000245411038136884,0.000612880253681104,0.00036746921554422,0.00041729857245009,TRUE
0.1,1704,0.000573775350258219,0.000354458476635234,0.000928233826893454,0.00102111632308288,TRUE
0.1,1705,0.000758238080853057,0.0000214297447098608,0.000779667825562917,0.000852921903825864,TRUE
0.1,1706,0.000274765079316698,0.00104939138649497,0.00132415646581166,0.00145020372111409,TRUE
0.1,1707,-0.000274474782315,0.000364303385042256,0.0000898286027272554,0.000101189099871913,TRUE
0.1,1708,-0.000986569091721555,0.000102264726890131,-0.000884304364831424,-0.00100384579782616,TRUE
0.1,1709,0.000945445593494342,-0.0013147509045457,-0.000369305311051356,-0.000428921185608783,TRUE
0.1,1710,-0.00112590331313475,-0.000162749614886249,-0.001288652928021,-0.00145812275110506,TRUE
0.1,1711,-0.00255298014373147,0.000249324206608398,-0.00230365593712307,-0.00284811470418524,TRUE
0.1,1712,-0.00080916015299032,-0.000227822769725996,-0.00103698292271632,-0.00119395419747907,TRUE
0.1,1713,0.0000122887197276365,0.000523161436123202,0.000535450155850839,0.000598566512012469,TRUE
0.1,1714,-0.000109683203283958,0.000392252215225252,0.000282569011941294,0.000315282087992193,TRUE
0.1,1715,-0.000194375351416736,-0.000165652968243454,-0.00036002831966019,-0.000404280931520215,TRUE
0.1,1716,0.000376973293723306,-0.000537171737620038,-0.000160198443896732,-0.000180823734796563,TRUE
0.1,1717,-0.000312359424777476,-0.000153279376810031,-0.000465638801587507,-0.000527819849487217,TRUE
0.1,1718,0.000126071697644229,0.000302455747778627,0.000428527445422856,0.000472406110650209,TRUE
0.1,1719,-0.000382639666109595,-0.00161802983909517,-0.00200066950520476,-0.0022780040208119,TRUE
0.1,1720,-0.0012090055807591,-0.000770920105942393,-0.00197992568670149,-0.00230689654921867,TRUE
0.1,1721,-0.00019094229493698,0.00015202103234429,-0.0000389212625926899,-0.0000435615183888472,TRUE
0.1,1722,-0.000696652537902051,0.000305161565560973,-0.000391490972341078,-0.000452094857096062,TRUE
0.1,1723,-0.000103095368732144,-0.0000381800657902628,-0.000141275434522406,-0.000157937756152546,TRUE
0.1,1724,0.000503587267206188,0.000623282949526655,0.00112687021673284,0.00121873479483231,TRUE
0.1,1725,0.001351639962257,0.000227989450663423,0.00157962941292042,0.00170288880841641,TRUE
0.1,1726,-0.00121705785127591,-0.00103594045018704,-0.00225299830146295,-0.00276882442943854,TRUE
0.1,1727,-0.000185699344710494,0.000724721743945739,0.000539022399235245,0.000608809035672131,TRUE
0.1,1728,-0.000175580786711754,0.000764295517819185,0.000588714731107431,0.000661389946238573,TRUE
0.1,1729,0.000396378245349233,0.000592890975859138,0.000989269221208371,0.0010764100249089,TRUE
0.1,1730,0.000376582527561076,0.000653218175651939,0.00102980070321301,0.00116026034732045,TRUE
0.1,1731,-0.000882641109638971,-0.00032911444372103,-0.00121175555336,-0.00137202475638686,TRUE
0.1,1732,-0.000909064125270693,0.000290157292981943,-0.00061890683228875,-0.000705838077869805,TRUE
0.1,1733,-0.00138843325727782,-0.000595598888255118,-0.00198403214553294,-0.00233064675535762,TRUE
0.1,1734,-0.000895034629851613,-0.000136832184081079,-0.00103186681393269,-0.00119677413924017,TRUE
0.1,1735,0.00155734736969499,0.00035488763013197,0.00191223499982696,0.00198377860141526,TRUE
0.1,1736,-0.00109204525821863,-0.0011646850744069,-0.00225673033262552,-0.00262445348720279,TRUE
0.1,1737,-0.000749865460182151,-0.000703067607090124,-0.00145293306727228,-0.0016527056544163,TRUE
0.1,1738,-0.00126633510128614,-0.000560633054902903,-0.00182696815618905,-0.00216329843875376,TRUE
0.1,1739,-0.00160527974909144,-0.0000398593707265894,-0.00164513911981803,-0.00204170222359882,TRUE
0.1,1740,-0.00135718070048645,-0.0017745505776232,-0.00313173127810966,-0.00373791082753643,TRUE
0.1,1741,-0.000392632617158513,-0.000571416495939338,-0.00096404911309785,-0.00108267604389263,TRUE
0.1,1742,-0.000430662532779916,-0.000285648627680895,-0.000716311160460811,-0.000814961235704094,TRUE
0.1,1743,-0.00281567073845864,-0.00121151860501049,-0.00402718934346913,-0.00542196021943893,TRUE
0.1,1744,-0.00102349117865336,-0.000829117546635201,-0.00185260872528856,-0.00209721564675113,TRUE
0.1,1745,-0.000731038551397227,0.00115927220290243,0.000428233651505205,0.000487872673795341,TRUE
0.1,1746,-0.000352583862026261,-0.0000518636479264845,-0.000404447509952746,-0.00045435640496168,TRUE
0.1,1747,-0.00109524103047753,-0.00170121774136527,-0.0027964587718428,-0.00323435533646482,TRUE
0.1,1748,-0.00172171056494666,-0.000373190092364578,-0.00209490065731124,-0.00251943344789013,TRUE
0.1,1749,-0.00104137053163002,-0.00120746863369734,-0.00224883916532737,-0.00258790848604844,TRUE
0.1,1750,0.00105709090399724,0.00193878478387868,0.00299587568787592,0.00325883846250649,TRUE
0.1,1751,-0.0000436882053482189,-0.000162732429882249,-0.000206420635230468,-0.000230231197543735,TRUE
0.1,1752,-0.00104845913071135,0.000283276135899006,-0.000765182994812339,-0.000896211355067471,TRUE
0.1,1753,-0.000173913880955124,-0.00110921126271335,-0.00128312514366848,-0.00146736065518129,TRUE
0.1,1754,-0.00149050893829335,-0.000926573313451026,-0.00241708225174438,-0.0028032899743496,TRUE
0.1,1755,-0.000839973061061551,0.0010038311883163,0.000163858127254748,0.000188029779403738,TRUE
0.1,1756,-0.000984125478213772,-0.000682682270388451,-0.00166680774860222,-0.00194893410886424,TRUE
0.1,1757,-0.0010763596695443,-0.000645681573819859,-0.00172204124336416,-0.00197177913965119,TRUE
0.1,1758,-0.00060645821900568,0.000304459341996016,-0.000301998877009665,-0.000342535448015087,TRUE
0.1,1759,-0.000889440427708228,-0.00103179682713683,-0.00192123725484506,-0.00212875641725904,TRUE
0.1,1760,-0.000113353900814243,0.0000112372864998407,-0.000102116614314402,-0.000113984596206981,TRUE
0.1,1761,-0.000635846038600983,-0.000817011607818885,-0.00145285764641987,-0.00172934940658313,TRUE
0.1,1762,0.000528041329375238,0.000371856912295317,0.000899898241670555,0.000969177789370706,TRUE
0.1,1763,-0.00160129599405423,-0.00151621510431774,-0.00311751109837197,-0.00373423204435544,TRUE
0.1,1764,0.000320252144905407,-0.000333631433641999,-0.0000133792887365919,-0.0000147890137229539,TRUE
0.1,1765,-0.000498015490544257,-0.00278055977544647,-0.00327857526599073,-0.00419130522851574,TRUE
0.1,1766,-0.000757647286296243,0.000875296809718783,0.00011764952342254,0.000134952219397193,TRUE
0.1,1767,-0.000617260285280116,-0.000604408885434471,-0.00122166917071459,-0.00138078858392913,TRUE
0.1,1768,-0.000835060570319253,-0.00085176824867733,-0.00168682881899658,-0.00196363839088302,TRUE
0.1,1769,-0.000667496668487981,0.000778977902060579,0.000111481233572598,0.000128751257891123,TRUE
0.1,1770,-0.00212271026932492,-0.000976997236063429,-0.00309970750538835,-0.00377241719518344,TRUE
0.1,1771,-0.00108974703637067,-0.000136969470547817,-0.00122671650691849,-0.00143975513486347,TRUE
0.1,1772,0.000150679936636393,-0.0000142610679208955,0.000136418868715497,0.000151727831761024,TRUE
0.1,1773,-0.000151635555360492,-0.000392108311062864,-0.000543743866423356,-0.000612072585520817,TRUE
0.1,1774,-0.00101762689210453,-0.000992159934647916,-0.00200978682675244,-0.00234953469659544,TRUE
0.1,1775,-0.00184412889778277,-0.00103989582958309,-0.00288402472736586,-0.00331740483471897,TRUE
0.1,1776,0.000952766044126181,0.000326748296525674,0.00127951434065186,0.00140963116116577,TRUE
0.1,1777,-0.00122197000590756,-0.000318240803059561,-0.00154021080896712,-0.00174027038047391,TRUE
0.1,1778,-0.000375847178648781,0.00093964125060441,0.000563794071955629,0.000637576691601011,TRUE
0.1,1779,-0.000973397745023173,0.000402730075217695,-0.000570667669805477,-0.000658859720653439,TRUE
0.1,1780,-0.00116660240275913,-0.00116075291943902,-0.00232735532219815,-0.00259806971924408,TRUE
0.1,1781,-0.00147541098018599,-0.00119825419568753,-0.00267366517587352,-0.00330657993167297,TRUE
0.1,1782,0.000529622062500623,0.000481116226659848,0.00101073828916047,0.00111466936485533,TRUE
0.1,1783,0.00063139249233656,0.000173764024943161,0.000805156517279721,0.000888876932030812,TRUE
0.1,1784,-0.000536871579194721,0.000459667119232341,-0.00007720445996238,-0.0000882315384556745,TRUE
0.1,1785,-0.000711293774402123,-0.000388000549066846,-0.00109929432346897,-0.00125451288521588,TRUE
0.1,1786,-0.000748216278757519,-0.000395501343061564,-0.00114371762181908,-0.00132420337788292,TRUE
0.1,1787,-0.000739328860417069,-0.0000142081518371371,-0.000753537012254206,-0.000881408118390895,TRUE
0.1,1788,-0.0001866089075051,-0.000187351757745744,-0.000373960665250844,-0.000417214588493566,TRUE
0.1,1789,-0.00018601244778798,0.000575130260150116,0.000389117812362136,0.00043615956747561,TRUE
0.1,1790,-0.000796249437970672,0.000229215065604359,-0.000567034372366314,-0.000666548922472529,TRUE
0.1,1791,-0.000074586248615864,-0.000621216030476616,-0.00069580227909248,-0.000789072797118096,TRUE
0.1,1792,-0.000391661017403561,-0.0000494329195005135,-0.000441093936904075,-0.000495771405071508,TRUE
0.1,1793,0.0000820832678783793,-0.0000824798118047661,-0.000000396543926386761,-0.000000441090647978738,TRUE
0.1,1794,-0.000447714576945852,0.0000954604410903458,-0.000352254135855507,-0.00039815750331376,TRUE
0.1,1795,-0.000363328777336229,0.000294190669794257,-0.0000691381075419722,-0.0000777001361435728,TRUE
0.1,1796,0.0000201781461582309,-0.000748476331560825,-0.000728298185402594,-0.000820934004752397,TRUE
0.1,1797,-0.000658388239240574,0.000361550358717341,-0.000296837880523233,-0.000339184575369991,TRUE
0.1,1798,-0.00000118123323598509,0.00043076851065602,0.000429587277420034,0.000478590030747139,TRUE
0.1,1799,-0.00064585267763429,0.000614212393793289,-0.0000316402838410009,-0.0000366687569003619,TRUE
0.1,1800,0.00007980579229609,0.000352241102996182,0.000432046895292273,0.000483181895260018,TRUE
0.1,1801,-0.000286690288125269,-0.00122782714200052,-0.00151451743012579,-0.00179433911830214,TRUE
0.1,1802,-0.000948924978923043,0.000305770850927181,-0.000643154127995861,-0.000732616005300831,TRUE
0.1,1803,0.0000099826395441345,0.0000563182902800787,0.0000663009298242132,0.0000737648076397459,TRUE
0.1,1804,-0.000823432752565941,-0.000465897556844501,-0.00128933030941044,-0.00143646200286664,TRUE
0.1,1805,-0.000611191670644097,-0.000316864677992033,-0.00092805634863613,-0.00105797327066234,TRUE
0.1,1806,0.000106226521866489,0.000717955838864055,0.000824182360730544,0.000924500405391709,TRUE
0.1,1807,-0.00146983396957573,-0.00192048120175473,-0.00339031517133046,-0.00411625659288564,TRUE
0.1,1808,-0.000922044622776,0.000939167585185341,0.0000171229624093408,0.0000199555214878215,TRUE
0.1,1809,-0.000440548013214069,0.000689718832061936,0.000249170818847867,0.000284038024804667,TRUE
0.1,1810,-0.00225850677102825,0.000202941326692268,-0.00205556544433598,-0.00259450779625375,TRUE
0.1,1811,0.000340082793890748,0.000783396137434849,0.0011234789313256,0.00125952798799527,TRUE
0.1,1812,0.000122413186531813,0.00032135795419485,0.000443771140726663,0.00049488101229115,TRUE
0.1,1813,-0.000716588357726964,0.000959425283561355,0.000242836925834391,0.000278663075444412,TRUE
0.1,1814,-0.0000172583325910476,0.000294115983590044,0.000276857650998996,0.000309238814894601,TRUE
0.1,1815,-0.000500754856652221,0.000897639806855793,0.000396884950203572,0.000463325663842598,TRUE
0.1,1816,-0.000132627754873158,0.00169553019499481,0.00156290244012165,0.00180524415856229,TRUE
0.1,1817,-0.000547217045574617,0.000457979434120659,-0.0000892376114539577,-0.000101915102674263,TRUE
0.1,1818,-0.000133931617971293,0.000338574049389328,0.000204642431418035,0.000228685713412088,TRUE
0.1,1819,-0.000287049522619094,-0.0000352979631301245,-0.000322347485749218,-0.000363115401326195,TRUE
0.1,1820,-0.00209328800837324,-0.000999474870637409,-0.00309276287901065,-0.00379547312475509,TRUE
0.1,1821,0.000219195985171296,0.000236034586328658,0.000455230571499955,0.000501499629454669,TRUE
0.1,1822,0.000639056693294013,0.000372624415074934,0.00101168110836895,0.00110870479705457,TRUE
0.1,1823,-0.00109627375030339,0.000445538005493269,-0.000650735744810119,-0.000756692830608893,TRUE
0.1,1824,-0.000943203410725114,0.000730126392540441,-0.000213077018184673,-0.000242971902511255,TRUE
0.1,1825,0.0000467689862346139,0.000828619869727235,0.000875388855961849,0.000949708793635276,TRUE
0.1,1826,-0.000923477509279856,-0.000604564842655648,-0.0015280423519355,-0.00173670639061031,TRUE
0.1,1827,-0.00114455557496795,-0.000531088746261568,-0.00167564432122952,-0.00191680297842533,TRUE
0.1,1828,-0.00139074201380978,-0.00151975546391482,-0.0029104974777246,-0.00345689829483691,TRUE
0.1,1829,-0.00136487479689577,0.00036480942565319,-0.00100006537124258,-0.00119424933899952,TRUE
0.1,1830,-0.00119806794378279,-0.000149543270240809,-0.0013476112140236,-0.00162186834750931,TRUE
0.1,1831,0.000167374149069059,0.00125344831222339,0.00142082246129245,0.00160914450245457,TRUE
0.1,1832,-0.00126995047076651,-0.00176440995933218,-0.00303436043009869,-0.00357822325038405,TRUE
0.1,1833,-0.0000212380819674145,-0.000497628026413318,-0.000518866108380733,-0.000585158905406762,TRUE
0.1,1834,-0.000313873126762268,-0.000689004806473712,-0.00100287793323598,-0.00115214524846232,TRUE
0.1,1835,0.00030171682287281,-0.000769791188529441,-0.000468074365656631,-0.000524684751858123,TRUE
0.1,1836,0.000102784602194993,0.00037242266713601,0.000475207269331003,0.000524411581051079,TRUE
0.1,1837,-0.0000417943131227692,0.000965665093387665,0.000923870780264896,0.00102771641158747,TRUE
0.1,1838,-0.00166113875220866,-0.000477370608685548,-0.00213850936089421,-0.00251979321746484,TRUE
0.1,1839,-0.00185427635048352,-0.000833078665354645,-0.00268735501583816,-0.00322503171388466,TRUE
0.1,1840,-0.00273310269088618,-0.00173697973158531,-0.0044700824224715,-0.00535887049382055,TRUE
0.1,1841,-0.000210765510428351,-0.000520882589615095,-0.000731648100043445,-0.000827129251125661,TRUE
0.1,1842,-0.000631260221869378,-0.000169283468644819,-0.000800543690514197,-0.000929149087896368,TRUE
0.1,1843,0.0000432026722586839,0.000580157333335601,0.000623360005594285,0.000702775694560073,TRUE
0.1,1844,-0.000918824279403683,0.000544545921074885,-0.000374278358328799,-0.000438227088161183,TRUE
0.1,1845,-0.00104537465163054,-0.000794235530955239,-0.00183961018258578,-0.00210237857954535,TRUE
0.1,1846,-0.0011043568418668,0.00113251072850618,0.0000281538866393817,0.0000330858571076478,TRUE
0.1,1847,-0.000676625204801273,0.00103009689286746,0.000353471688066184,0.000409658977850198,TRUE
0.1,1848,-0.000607698767124071,-0.0006862090162662,-0.00129390778339027,-0.00148503276410067,TRUE
0.1,1849,-0.00135930018946404,-0.000304184516701058,-0.0016634847061651,-0.00196211847067592,TRUE
0.1,1850,-0.000801729002977031,0.000343709420797417,-0.000458019582179614,-0.000518589328289647,TRUE
0.1,1851,-0.00106355664356569,0.00125767889521461,0.000194122251648922,0.000221390861447203,TRUE
0.1,1852,-0.00163621985391307,-0.000689003778997785,-0.00232522363291086,-0.00271568775276744,TRUE
0.1,1853,-0.000553779613252835,0.00171130734354063,0.00115752773028779,0.00141565890593194,TRUE
0.1,1854,-0.000999325524828185,0.0000675152733468767,-0.000931810251481308,-0.00106133198389192,TRUE
0.1,1855,-0.000927149142925423,-0.000444473558164287,-0.00137162270108971,-0.00156186895446553,TRUE
0.1,1856,0.0000297462238311722,0.000711767572979452,0.000741513796810625,0.000816279210472269,TRUE
0.1,1857,0.000679597364898378,-0.000416946780371721,0.000262650584526657,0.000292523031779406,TRUE
0.1,1858,-0.000112824895679755,0.000284897132438872,0.000172072236759117,0.000191706961798764,TRUE
0.1,1859,-0.00131066028308321,-0.000527743432716259,-0.00183840371579947,-0.00210436154062483,TRUE
0.1,1860,-0.000690771876623202,-0.000560159194743821,-0.00125093107136702,-0.0014358926606835,TRUE
0.1,1861,0.000488560897032514,-0.00120355372559527,-0.000714992828562751,-0.000807825804243762,TRUE
0.1,1862,-0.000850595209503213,-0.00174174434459512,-0.00259233955409833,-0.00317883036372765,TRUE
0.1,1863,-0.0000439250704688028,-0.00118166648798977,-0.00122559155845858,-0.00142020678147877,TRUE
0.1,1864,0.00114937183752227,0.00156182757795795,0.00271119941548021,0.0030274334444383,TRUE
0.1,1865,-0.000557027505273033,0.00102336225241512,0.000466334747142084,0.000520445817342168,TRUE
0.1,1866,-0.000589789097221845,-0.000248453492654953,-0.000838242589876798,-0.000955588409460804,TRUE
0.1,1867,-0.00263106868331089,0.000718272101158887,-0.001912796582152,-0.00241669841203284,TRUE
0.1,1868,-0.00110331008041952,0.000221537163776609,-0.000881772916642914,-0.00103507485177256,TRUE
0.1,1869,-0.000887635281863567,0.000319860576818345,-0.000567774705045222,-0.000653808401063846,TRUE
0.1,1870,-0.000821888517857262,0.000690010813509125,-0.000131877704348138,-0.000151310947679438,TRUE
0.1,1871,0.0000191202894428608,0.000773256223018623,0.000792376512461484,0.000882459327432827,TRUE
0.1,1872,-0.00081425889947282,-0.000424350205073937,-0.00123860910454676,-0.00146636683817005,TRUE
0.1,1873,-0.0021806413847644,-0.000432565527075266,-0.00261320691183966,-0.00321133679512201,TRUE
0.1,1874,-0.000854939263015828,0.000458950924870987,-0.000395988338144841,-0.000468737464546805,TRUE
0.1,1875,-0.000893169159598123,-0.000509097968942326,-0.00140226712854045,-0.00159588545072371,TRUE
0.1,1876,-0.000980786158142142,-0.00077960797537087,-0.00176039413351301,-0.00199472672031085,TRUE
0.1,1877,0.000137812102657624,0.000566401819427694,0.000704213922085318,0.000776968955214974,TRUE
0.1,1878,0.0000986109439465586,-0.000267751613655479,-0.00016914066970892,-0.000189541743641772,TRUE
0.1,1879,-0.000338337240038614,-0.000688554511418761,-0.00102689175145738,-0.0011777261042533,TRUE
0.1,1880,-0.000422492023896995,0.000234400363277651,-0.000188091660619344,-0.00021397010106659,TRUE
0.1,1881,-0.000954640853738174,-0.000113479929802965,-0.00106812078354114,-0.00123318657635681,TRUE
0.1,1882,-0.000177637389233155,0.00170298480071875,0.0015253474114856,0.00174028180448602,TRUE
0.1,1883,-0.000574383530342167,0.0000848570483638992,-0.000489526481978268,-0.000556473274015868,TRUE
0.1,1884,-0.00135726214047955,-0.000583435566324533,-0.00194069770680408,-0.00223809940518129,TRUE
0.1,1885,-0.000584111353434451,-0.000114883847027726,-0.000698995200462177,-0.000796396348158484,TRUE
0.1,1886,-0.000323982986632486,-0.00088754193746612,-0.00121152492409861,-0.00137210095253897,TRUE
0.1,1887,-0.000232838080304828,0.000150823775994068,-0.000082014304310759,-0.0000917560208510093,TRUE
0.1,1888,-0.000283886865310103,-0.000106124980625229,-0.000390011845935333,-0.000435948929409915,TRUE
0.1,1889,-0.000609330680982008,0.000233095442094766,-0.000376235238887242,-0.000425571165495817,TRUE
0.1,1890,0.000555638477493062,-0.000233687232204688,0.000321951245288374,0.000358030244875244,TRUE
0.1,1891,-0.00101248267612931,-0.000465210302580282,-0.00147769297870959,-0.00172312238826465,TRUE
0.1,1892,-0.000931681707204459,-0.000244928596812211,-0.00117661030401667,-0.00139625806304203,TRUE
0.1,1893,-0.00085826873347381,-0.000812526469341973,-0.00167079520281578,-0.00199584068191435,TRUE
0.1,1894,-0.000876177366858587,0.000503417568340373,-0.000372759798518214,-0.000433854391382469,TRUE
0.1,1895,0.0000347648606030731,-0.000262042194217524,-0.000227277333614451,-0.000253530226143821,TRUE
0.1,1896,-0.00114821168521269,-0.000724614697084953,-0.00187282638229764,-0.00213511150586858,TRUE
0.1,1897,0.00093041408119754,-0.000823637655295627,0.000106776425901913,0.000120319269414926,TRUE
0.1,1898,-0.00220383330838521,0.000521454566660456,-0.00168237874172475,-0.00209926310365831,TRUE
0.1,1899,-0.00115482160512853,0.00081129908364361,-0.000343522521484923,-0.000392508848533626,TRUE
0.1,1900,-0.00158472607141551,-0.0013864318902089,-0.00297115796162441,-0.0034727031009744,TRUE
0.1,1901,-0.000734699617451645,-0.000176049687897384,-0.000910749305349029,-0.00104221169073099,TRUE
0.1,1902,0.00121437821484706,-0.000502589498510967,0.000711788716336098,0.000814277301231443,TRUE
0.1,1903,0.000357348130779623,0.00156011641786625,0.00191746454864588,0.00213865870343269,TRUE
0.1,1904,0.00117097501016742,-0.000770030728618786,0.00040094428154863,0.00044658259693981,TRUE
0.1,1905,0.000668192959586861,-0.000582585693982025,0.0000856072656048359,0.0000952529891856816,TRUE
0.1,1906,0.000366960462248058,-0.00117639795025345,-0.000809437488005393,-0.000919540650846242,TRUE
0.1,1907,-0.000383054879663346,0.00173902487082415,0.00135596999116081,0.00149930784768763,TRUE
0.1,1908,0.00034209578621862,0.0012121720149568,0.00155426780117542,0.00175164625823562,TRUE
0.1,1909,-0.000277412226048065,-0.000350432880732853,-0.000627845106780918,-0.000700740577630458,TRUE
0.1,1910,0.00106856001313432,0.00142795621846057,0.00249651623159489,0.00277400721970135,TRUE
0.1,1911,-0.000613956859377671,0.000274844247058982,-0.000339112612318689,-0.000387071766598528,TRUE
0.1,1912,-0.000688229056603919,0.000595574148715143,-0.0000926549078887765,-0.000107874185341968,TRUE
0.1,1913,-0.000894448240185789,-0.000286417854694865,-0.00118086609488065,-0.0013515139793027,TRUE
0.1,1914,0.000909344590594507,0.000825220644495889,0.0017345652350904,0.00191054934483704,TRUE
0.1,1915,-0.000277947384183202,0.000706241212794073,0.000428293828610871,0.000481474358825243,TRUE
0.1,1916,-0.00029495585941288,-0.0000160517623643149,-0.000311007621777195,-0.000350562183793835,TRUE
0.1,1917,-0.00147671188655648,-0.00105563277202045,-0.00253234465857693,-0.00306051587063906,TRUE
0.1,1918,-0.000737278704034076,0.00103732680315187,0.000300048099117797,0.000341769988991018,TRUE
0.1,1919,-0.000537850310058392,0.000176652095817548,-0.000361198214240844,-0.000406743734545235,TRUE
0.1,1920,-0.00114879729494656,0.0000367494719224765,-0.00111204782302409,-0.00130375339476056,TRUE
0.1,1921,-0.000374358140626432,0.000254499697750518,-0.000119858442875913,-0.000134471408031,TRUE
0.1,1922,-0.000112883352878944,0.00123320639138164,0.0011203230385027,0.00126937586110122,TRUE
0.1,1923,-0.000549194519370624,0.000771431751775583,0.000222237232404959,0.000252904099730511,TRUE
0.1,1924,-0.000243346524314968,-0.000687658253339462,-0.000931004777654429,-0.00105616914933142,TRUE
0.1,1925,-0.000528941060854001,-0.000528674823610027,-0.00105761588446403,-0.00121058338654325,TRUE
0.1,1926,-0.0000438744045970989,0.0000485618065011098,0.00000468740190401092,0.00000522007179449554,TRUE
0.1,1927,0.000674982683520309,0.00121593943186381,0.00189092211538412,0.00204906249731085,TRUE
0.1,1928,-0.0021823574092705,0.000154220737710244,-0.00202813667156025,-0.00250703005523502,TRUE
0.1,1929,-0.000000357607698774492,-0.000111655079347988,-0.000112012687046762,-0.000125022311230901,TRUE
0.1,1930,-0.00125517583087505,-0.000948256355472557,-0.00220343218634761,-0.00265638603407915,TRUE
0.1,1931,0.000463783455097502,0.000346711542441885,0.000810494997539387,0.000887060268908947,TRUE
0.1,1932,0.000522061468872912,0.000133551621060713,0.000655613089933625,0.000726778521030797,TRUE
0.1,1933,-0.00151725863114526,0.000174652315517855,-0.00134260631562741,-0.00158686649577397,TRUE
0.1,1934,0.000311796558007384,-0.000979592031095024,-0.00066779547308764,-0.000766073627367409,TRUE
0.1,1935,-0.00180303280488709,0.000119605113217183,-0.00168342769166991,-0.00194438554142889,TRUE
0.1,1936,-0.000793303152312934,-0.000684177521709126,-0.00147748067402206,-0.00172813812390114,TRUE
0.1,1937,0.000117842654003087,0.000660771756934879,0.000778614410937966,0.000854448340130817,TRUE
0.1,1938,-0.000249112464116895,0.00115943354864162,0.000910321084524728,0.00104042658344798,TRUE
0.1,1939,-0.00126870083837551,0.000105099805880253,-0.00116360103249526,-0.00135614585895203,TRUE
0.1,1940,-0.000609823690115461,-0.000931875452554691,-0.00154169914267015,-0.00169006840950938,TRUE
0.1,1941,-0.000296816511553313,0.000623747378682969,0.000326930867129656,0.000363326598871645,TRUE
0.1,1942,-0.000302710662456317,-0.000594655434325813,-0.00089736609678213,-0.00103461723172703,TRUE
0.1,1943,-0.000241757233336631,-0.000475703406210766,-0.000717460639547397,-0.000809834046211885,TRUE
0.1,1944,0.000224694407859403,0.000830794382771148,0.00105548879063055,0.00114987757738159,TRUE
0.1,1945,-0.000336374453462625,-0.000271941699664415,-0.000608316153127039,-0.000683545277185113,TRUE
0.1,1946,-0.00107063151133398,0.000408581807144072,-0.000662049704189905,-0.000761671312128432,TRUE
0.1,1947,-0.00131478891261342,0.000177541754499496,-0.00113724715811392,-0.0013936398386067,TRUE
0.1,1948,0.000557698688046865,0.000239824771016397,0.000797523459063263,0.000883735465996898,TRUE
0.1,1949,-0.000497838320780044,-0.000141976679374226,-0.00063981500015427,-0.000715658249898824,TRUE
0.1,1950,-0.000840203440400324,0.000245083950010641,-0.000595119490389683,-0.000676091737594916,TRUE
0.1,1951,-0.000361142182294442,-0.000939179386094332,-0.00130032156838877,-0.00149970974038977,TRUE
0.1,1952,-0.00115629471823913,-0.0000765379110474923,-0.00123283262928662,-0.00145190182882565,TRUE
0.1,1953,-0.000226679575639074,0.000246523435047603,0.0000198438594085287,0.000022284165232752,TRUE
0.1,1954,-0.00012345706301378,-0.00112163595900665,-0.00124509302202043,-0.00140519542831446,TRUE
0.1,1955,0.00137208461902853,-0.000886643938456908,0.00048544068057162,0.000552053156717274,TRUE
0.1,1956,0.00000126350041753485,0.000315071697053266,0.000316335197470801,0.000350089730380317,TRUE
0.1,1957,-0.00135918529950017,-0.000419133345584355,-0.00177831864508453,-0.00214398258266929,TRUE
0.1,1958,0.00042884549236681,-0.000844246605278231,-0.000415401112911421,-0.000463800070126559,TRUE
0.1,1959,0.000845033436143277,-0.00117835374517255,-0.000333320309029272,-0.000373226425059085,TRUE
0.1,1960,-0.0012869286277467,-0.00100610500568195,-0.00229303363342865,-0.00266840328406238,TRUE
0.1,1961,-0.00178039005688889,-0.000165259586866793,-0.00194564964375569,-0.00228326134235837,TRUE
0.1,1962,-0.000521797754989404,0.0000781741394715817,-0.000443623615517822,-0.000506338219575708,TRUE
0.1,1963,-0.000657024015304195,-0.00020408503803464,-0.000861109053338835,-0.000987633720428004,TRUE
0.1,1964,-0.00137646469531984,-0.00110284964463756,-0.0024793143399574,-0.00285884492923687,TRUE
0.1,1965,0.000056773803808009,0.00131682958281974,0.00137360338662774,0.00154496355749519,TRUE
0.1,1966,-0.000546053352708315,-0.000382345608082255,-0.00092839896079057,-0.00104072382714144,TRUE
0.1,1967,-0.000292138179004045,0.000152283769358557,-0.000139854409645489,-0.000156722461410442,TRUE
0.1,1968,-0.00141197131502499,-0.000839445556843126,-0.00225141687186812,-0.00264926633985912,TRUE
0.1,1969,0.00040506875090918,-0.000150681224283291,0.000254387526625888,0.000283604381617039,TRUE
0.1,1970,-0.000329871740125716,0.000412058515098006,0.0000821867749722897,0.0000923450918119432,TRUE
0.1,1971,-0.00120367545504529,0.000286963706431689,-0.000916711748613605,-0.00108945281827016,TRUE
0.1,1972,-0.0011714433271714,-0.000575909441651646,-0.00174735276882305,-0.00198734197552808,TRUE
0.1,1973,-0.000318744149550528,-0.000600593930283839,-0.000919338079834367,-0.00105980483488218,TRUE
0.1,1974,-0.00123747113190254,0.00033326800013489,-0.000904203131767653,-0.00107393974405495,TRUE
0.1,1975,0.00117877841457459,0.00191789302550161,0.0030966714400762,0.00334847418416106,TRUE
0.1,1976,-0.000316666693079076,-0.000807602504547528,-0.0011242691976266,-0.00127465423347872,TRUE
0.1,1977,-0.00149875707227098,0.000326184920293493,-0.00117257215197749,-0.00134585009435414,TRUE
0.1,1978,-0.00174420990404228,0.0014174428253087,-0.000326767078733577,-0.000380078055924249,TRUE
0.1,1979,-0.00023287204176779,-0.000242588079099343,-0.000475460120867133,-0.000533758597024355,TRUE
0.1,1980,-0.00106213829591733,-0.000920779975577208,-0.00198291827149454,-0.002256534219987,TRUE
0.1,1981,0.000268076218119907,0.0000666591661604123,0.000334735384280319,0.000372684569384712,TRUE
0.1,1982,0.000865708482609804,0.00127359530656628,0.00213930378917608,0.00233889748758529,TRUE
0.1,1983,-0.0000541299858029095,0.000794920206820597,0.000740790221017688,0.000837716425841112,TRUE
0.1,1984,-0.00102439054465075,0.00060436176394047,-0.000420028780710281,-0.000492048831339385,TRUE
0.1,1985,-0.000574433685119748,-0.00047928408134156,-0.00105371776646131,-0.00119903578752234,TRUE
0.1,1986,0.000178115273544402,0.000756460508164606,0.000934575781709008,0.00102858558134435,TRUE
0.1,1987,-0.0000261348192995318,-0.000322013891834347,-0.000348148711133879,-0.000391659472364542,TRUE
0.1,1988,-0.000671096503977502,-0.000291602731101158,-0.000962699235078661,-0.00109900047235831,TRUE
0.1,1989,-0.00138934759541585,-0.000480509415611919,-0.00186985701102777,-0.00219234816015583,TRUE
0.1,1990,-0.00043472287506118,-0.000281929293195418,-0.000716652168256598,-0.000807584925509552,TRUE
0.1,1991,0.000407667568774844,-0.000304449321515231,0.000103218247259612,0.000115040873129174,TRUE
0.1,1992,-0.000572418725781813,-0.000529981365964924,-0.00110240009174674,-0.00126645247789872,TRUE
0.1,1993,-0.000731964463118445,0.000180289542110545,-0.0005516749210079,-0.000626294951063289,TRUE
0.1,1994,0.0000813012902519591,-0.0000732434248625505,0.00000805786538940854,0.00000896390152635681,TRUE
0.1,1995,-0.00176566500891914,0.000447174818853702,-0.00131849019006544,-0.00162406973640036,TRUE
0.1,1996,-0.000143589576668413,-0.000245333476464963,-0.000388923053133376,-0.000434062007803079,TRUE
0.1,1997,-0.00400369324573561,-0.00203214235631653,-0.00603583560205214,-0.00830497201785632,TRUE
0.1,1998,-0.0017987930690273,-0.0019332676055693,-0.00373206067459661,-0.00462400607484336,TRUE
0.1,1999,-0.000842837692260343,-0.000529725987446289,-0.00137256367970663,-0.00154410990759007,TRUE
0.1,2000,-0.00032981611669071,-0.00142359925382798,-0.00175341537051869,-0.00196825975960206,TRUE
0.2,1,-0.000656839919115192,-0.00112428591086378,-0.00178112582997897,-0.00198487993978783,TRUE
0.2,2,0.000662187562116419,-0.000618269830577537,0.0000439177315388826,0.0000513488571748171,TRUE
0.2,3,0.00030142119453596,0.000407521295809578,0.000708942490345538,0.000767274713199419,TRUE
0.2,4,-0.000022111797135553,-0.00164539539384331,-0.00166750719097886,-0.0018692074999262,TRUE
0.2,5,-0.000421339151911293,-0.000792574553607731,-0.00121391370551902,-0.00140380171267176,TRUE
0.2,6,-0.000316316024493309,-0.000513874573454637,-0.000830190597947946,-0.000911194921647419,TRUE
0.2,7,0.000552260819096781,0.00061129436349396,0.00116355518259074,0.00127264853672266,TRUE
0.2,8,0.00045355411979048,0.000143016359716804,0.000596570479507284,0.000653272011675837,TRUE
0.2,9,-0.00107097527995165,0.00000605246220712576,-0.00106492281774453,-0.00127433012734678,TRUE
0.2,10,-0.000143440089725558,0.0000772803847782638,-0.0000661597049472944,-0.0000738526634780956,TRUE
0.2,11,-0.000484581767816024,-0.00014967676636366,-0.000634258534179685,-0.000712392371538663,TRUE
0.2,12,0.0000535450498273555,0.000313892358117384,0.00036743740794474,0.000403205434949858,TRUE
0.2,13,-0.000888048383383624,-0.000515346610063142,-0.00140339499344677,-0.0016083214203941,TRUE
0.2,14,-0.0000365791252777198,0.000724666439094288,0.000688087313816568,0.000770411830262998,TRUE
0.2,15,-0.000666283030218752,-0.00045698452941147,-0.00112326755963022,-0.00132169912792892,TRUE
0.2,16,-0.000311360277543773,-0.0000201279178607028,-0.000331488195404476,-0.000372653974826411,TRUE
0.2,17,-0.00025324709965596,-0.000192058204426639,-0.0004453053040826,-0.000498198954054181,TRUE
0.2,18,-0.0000147337965725114,0.000304661042146967,0.000289927245574455,0.000328449087946841,TRUE
0.2,19,0.000266792281055698,-0.000697315702655382,-0.000430523421599685,-0.000490533272779022,TRUE
0.2,20,-0.000858042749638882,0.000559581536764436,-0.000298461212874446,-0.000333164926921839,TRUE
0.2,21,-0.00117467156584308,-0.000919019933893552,-0.00209369149973663,-0.00238853996893714,TRUE
0.2,22,-0.00127634591722037,-0.000278264455848464,-0.00155461037306884,-0.00193924143416618,TRUE
0.2,23,-0.00033833772027944,0.000120565323694797,-0.000217772396584643,-0.000244846810887133,TRUE
0.2,24,-0.00026502086912975,0.0000329993341526471,-0.000232021534977103,-0.000258781838204688,TRUE
0.2,25,-0.000149091325398512,0.00060205333946432,0.000452962014065808,0.00049573591971609,TRUE
0.2,26,-0.000108374173315733,0.000679402955820571,0.000571028782504837,0.000635218094274698,TRUE
0.2,27,-0.000340299139014122,-0.0000136895673323552,-0.000353988706346477,-0.000399095784421562,TRUE
0.2,28,-0.000104951411270287,0.000704371474592167,0.00059942006332188,0.000694808697550043,TRUE
0.2,29,0.000269712637708995,0.000994729257463965,0.00126444189517296,0.00140467376303887,TRUE
0.2,30,-0.00114093519857266,0.000286954687789804,-0.000853980510782853,-0.000989066581934959,TRUE
0.2,31,-0.000260972798327675,0.000150117984439415,-0.000110854813888259,-0.000122366081219551,TRUE
0.2,32,0.000194489308610497,-0.00026148673349682,-0.0000669974248863235,-0.0000741896347279206,TRUE
0.2,33,-0.000282334698863078,0.000552505745832244,0.000270171046969166,0.000302194904154018,TRUE
0.2,34,-0.0000841603695944219,0.000760660544619701,0.00067650017502528,0.000758295047055829,TRUE
0.2,35,-0.000318932685769541,0.000215391328093796,-0.000103541357675746,-0.000116214555021517,TRUE
0.2,36,0.000335646878514575,0.000277429167976913,0.000613076046491488,0.000685353865530407,TRUE
0.2,37,-0.0000680252459115082,0.000802029309838838,0.00073400406392733,0.000841636896462108,TRUE
0.2,38,-0.000191516777119675,-0.000420975789269128,-0.000612492566388803,-0.000681188254543083,TRUE
0.2,39,-0.000599091689684316,-0.000681342300795108,-0.00128043399047942,-0.00148896795667361,TRUE
0.2,40,-0.00015180359553214,-0.000431451754314613,-0.000583255349846754,-0.000645504927789318,TRUE
0.2,41,-0.000918400223094898,-0.000431311758714171,-0.00134971198180907,-0.00158705666359586,TRUE
0.2,42,-0.0000441819010533465,0.000086388134912734,0.0000422062338593875,0.000047135216778512,TRUE
0.2,43,-0.000541249888251782,-0.000688428367887864,-0.00122967825613965,-0.00145834222199028,TRUE
0.2,44,-0.0000450612473378385,-0.000210566992604212,-0.00025562823994205,-0.000287142211427506,TRUE
0.2,45,-0.000690576040993494,0.000441927721343988,-0.000248648319649506,-0.000281413852084989,TRUE
0.2,46,-0.000304218288950323,0.000430155759193821,0.000125937470243498,0.000143832614789373,TRUE
0.2,47,0.000339575178341779,-0.000820579860622078,-0.000481004682280298,-0.000557172984692256,TRUE
0.2,48,-0.000267286126566819,-0.00121482673561878,-0.0014821128621856,-0.00168232634875714,TRUE
0.2,49,0.0004919571075753,-0.000126139701735128,0.000365817405840171,0.000402578355290462,TRUE
0.2,50,-0.000600068513947002,-0.000422815464846711,-0.00102288397879371,-0.0011753628317914,TRUE
0.2,51,-0.00101808259900774,-0.000298115013334701,-0.00131619761234244,-0.00155560947029532,TRUE
0.2,52,-0.000337858894949694,0.000361314390803313,0.0000234554958536197,0.0000274548177168876,TRUE
0.2,53,-0.000510120459500719,0.000621384271972177,0.000111263812471458,0.000127777965079836,TRUE
0.2,54,0.000356157672844806,0.000376822830067848,0.000732980502912654,0.000811186301606144,TRUE
0.2,55,-0.000610102237752768,-0.0011385612647463,-0.00174866350249907,-0.00212123192243564,TRUE
0.2,56,-0.000024822682239345,0.000401663140607898,0.000376840458368553,0.000424507770001663,TRUE
0.2,57,-0.000317347250878616,-0.000246136808354014,-0.00056348405923263,-0.000632791678839292,TRUE
0.2,58,-0.00101322804121594,0.000197099278127067,-0.000816128763088869,-0.000987210043934842,TRUE
0.2,59,-0.0000952334923843059,-0.000918713152782712,-0.00101394664516702,-0.00116693618787247,TRUE
0.2,60,0.00074425192988789,0.000374858698089581,0.00111911062797747,0.00125125097029009,TRUE
0.2,61,-0.000717962079288302,-0.000185209368546859,-0.000903171447835161,-0.0010473583843125,TRUE
0.2,62,0.000635569032315378,0.00114516632913843,0.00178073536145381,0.00196844485305095,TRUE
0.2,63,-0.000516557814428638,0.0000776671748680606,-0.000438890639560577,-0.000489037602057316,TRUE
0.2,64,-0.000456123424579153,-0.000191523214738947,-0.000647646639318101,-0.000728291188190289,TRUE
0.2,65,-0.000229763739835325,-0.000403461320776469,-0.000633225060611793,-0.000729837669557236,TRUE
0.2,66,-0.0000952458838063224,-0.00021673923167657,-0.000311985115482892,-0.000348306874854581,TRUE
0.2,67,0.000297783173562064,0.000991996151110599,0.00128977932467266,0.00142370952989934,TRUE
0.2,68,0.000507957417187395,0.000705297974042793,0.00121325539123019,0.00134478908563721,TRUE
0.2,69,-0.000531828660454903,-0.000731311742917119,-0.00126314040337202,-0.0015005297671589,TRUE
0.2,70,0.000022400618104081,-0.00115736024099679,-0.00113495962289271,-0.00136090500210789,TRUE
0.2,71,0.000119650164357131,0.000329994934442065,0.000449645098799197,0.000502110387948456,TRUE
0.2,72,0.0000591081777371723,-0.000277759708364512,-0.000218651530627339,-0.000244308768956823,TRUE
0.2,73,-0.00117525698707167,-0.000293814165083646,-0.00146907115215532,-0.00177846125561813,TRUE
0.2,74,-0.000157333736392937,-0.000364015043290832,-0.000521348779683769,-0.000591381112334026,TRUE
0.2,75,-0.00106657327697131,-0.000678762719574381,-0.00174533599654569,-0.00204843043001523,TRUE
0.2,76,0.00031544739887201,0.0000560073361675573,0.000371454735039567,0.00040845699681742,TRUE
0.2,77,-0.000825852423606041,0.000477059804075959,-0.000348792619530082,-0.000410133624680408,TRUE
0.2,78,-0.000247592558623163,-0.000307961284572199,-0.000555553843195362,-0.000632370712493826,TRUE
0.2,79,0.000979161087930779,0.000761558471317636,0.00174071955924842,0.00190308368935558,TRUE
0.2,80,-0.000211642550771709,0.000693974618642038,0.000482332067870328,0.00055423998500735,TRUE
0.2,81,-0.000873414934370459,-0.000408580373842251,-0.00128199530821271,-0.0014453549960818,TRUE
0.2,82,-0.000121790525877892,0.0000832021445503436,-0.0000385883813275487,-0.000042740694310829,TRUE
0.2,83,-0.00084101336838162,-0.000506342620190705,-0.00134735598857233,-0.0015887942467127,TRUE
0.2,84,-0.000446735360438729,0.0000455008493731597,-0.000401234511065569,-0.00044734127653494,TRUE
0.2,85,0.0000351779474094111,0.000150741348465774,0.000185919295875185,0.000204741964989789,TRUE
0.2,86,0.000165717143426704,0.000157571910360642,0.000323289053787345,0.00035728206254946,TRUE
0.2,87,-0.000692014207926455,-0.000660703140021862,-0.00135271734794832,-0.00149376175238024,TRUE
0.2,88,-0.000471625450013257,0.000078058237160438,-0.000393567212852819,-0.000456785579231864,TRUE
0.2,89,-0.000146668357990956,0.000898045180625302,0.000751376822634346,0.000846277717877093,TRUE
0.2,90,0.000456054905672845,0.000915943490638055,0.0013719983963109,0.00151168080601052,TRUE
0.2,91,0.00134720483094261,0.00096626450508,0.00231346933602261,0.00255021545855084,TRUE
0.2,92,-0.000578816588622102,-0.000277925845329483,-0.000856742433951585,-0.000958603195982419,TRUE
0.2,93,0.000393931919484963,0.000395060401835452,0.000788992321320415,0.000898353317599199,TRUE
0.2,94,-0.000861938080629396,0.000665414118374196,-0.000196523962255199,-0.00023271870681848,TRUE
0.2,95,0.000128345862416837,0.000102313716356377,0.000230659578773214,0.000255136083671319,TRUE
0.2,96,-0.000454360407428907,0.000395240619197969,-0.0000591197882309377,-0.0000667299382023787,TRUE
0.2,97,-0.000237331485262952,-0.000819090120208606,-0.00105642160547156,-0.00120590050414903,TRUE
0.2,98,0.000186680656261227,0.000605791692544268,0.000792472348805495,0.000861386755745085,TRUE
0.2,99,-0.000747208093528906,-0.00135131492770454,-0.00209852302123345,-0.00240435297079236,TRUE
0.2,100,-0.00033879303797364,-0.00107979996386229,-0.00141859300183593,-0.00161053195458455,TRUE
0.2,101,-0.00200811395277233,-0.00000798110805415761,-0.00201609506082649,-0.00250861553584303,TRUE
0.2,102,0.000586315932484258,0.000299721280442199,0.000886037212926457,0.000984748942637045,TRUE
0.2,103,-0.00131393609724758,-0.000186586998560696,-0.00150052309580828,-0.0018016116458548,TRUE
0.2,104,0.000511555260556415,0.000837688384866509,0.00134924364542292,0.00141409882728201,TRUE
0.2,105,-0.000345125294562686,-0.000167861004182856,-0.000512986298745542,-0.000573631617938188,TRUE
0.2,106,-0.000213665571539866,0.00085223474714304,0.000638569175603174,0.000752298364861131,TRUE
0.2,107,-0.000361896730020103,0.000143966893329699,-0.000217929836690403,-0.00024538288342176,TRUE
0.2,108,-0.00161217163290281,-0.00155823800673316,-0.00317040963963597,-0.00362754448851127,TRUE
0.2,109,-0.000331782936491443,-0.000644763180917574,-0.000976546117409017,-0.00110223669268679,TRUE
0.2,110,0.000483520362722517,-0.000772709128344236,-0.000289188765621719,-0.000329792933709792,TRUE
0.2,111,-0.000143518006908372,-0.00108761006054959,-0.00123112806745796,-0.00150325835149738,TRUE
0.2,112,-0.00048686687386179,-0.000162188437840067,-0.000649055311701856,-0.000749593721549447,TRUE
0.2,113,-0.000592970890397576,0.000371106734104769,-0.000221864156292807,-0.000256440230718701,TRUE
0.2,114,0.000543303028193135,-0.0000698667079370468,0.000473436320256088,0.000531423188257442,TRUE
0.2,115,-0.00124792568925447,-0.0000661142257896915,-0.00131403991504417,-0.00148565068466023,TRUE
0.2,116,0.000963608377556631,-0.000657268368127297,0.000306340009429334,0.000361733615808562,TRUE
0.2,117,-0.000202390367867234,0.000442589176358552,0.000240198808491317,0.000271160680781795,TRUE
0.2,118,-0.000181585141926202,-0.000471833060097336,-0.000653418202023538,-0.000773442836953683,TRUE
0.2,119,0.000207026047701615,-0.000529037288419799,-0.000322011240718184,-0.000364809353110557,TRUE
0.2,120,-0.000617673521292072,0.00098601264349498,0.000368339122202908,0.00042209243667157,TRUE
0.2,121,-0.000252425364292186,-0.000418914468380963,-0.000671339832673148,-0.000754237863486131,TRUE
0.2,122,-0.0000542246980798495,-0.000303639553182597,-0.000357864251262446,-0.000393303255455348,TRUE
0.2,123,0.000211455961186978,0.00159567515973858,0.00180713112092556,0.00206642213405588,TRUE
0.2,124,-0.000441708697303967,-0.000387535092103157,-0.000829243789407124,-0.000952246129121665,TRUE
0.2,125,-0.000502010032583696,-0.000531948872867835,-0.00103395890545153,-0.00117992058497283,TRUE
0.2,126,-0.000630065811854579,-0.000471681812725971,-0.00110174762458055,-0.00134666375185364,TRUE
0.2,127,-0.000599390036888649,0.0000230577276407103,-0.000576332309247939,-0.00066853531783956,TRUE
0.2,128,-0.00156663318937641,0.000143701003446976,-0.00142293218592943,-0.00181596566566749,TRUE
0.2,129,0.000661907433105463,0.000443994541135641,0.0011059019742411,0.00121629657627468,TRUE
0.2,130,-0.00131660117091363,0.000158714991980903,-0.00115788617893272,-0.00139072184003051,TRUE
0.2,131,0.000207684481495775,0.000826349181928842,0.00103403366342462,0.00107870642224496,TRUE
0.2,132,-0.000820044776530107,-0.0000888523899501491,-0.000908897166480257,-0.00106599500932466,TRUE
0.2,133,-0.00155555375790302,-0.00120954109344716,-0.00276509485135018,-0.00365010996579419,TRUE
0.2,134,0.000493797432716708,-0.000810721489422534,-0.000316924056705826,-0.000370853488007797,TRUE
0.2,135,0.000248974964669975,0.000103514848617692,0.000352489813287668,0.000391225559674472,TRUE
0.2,136,-0.00022160206716233,0.000296041173906442,0.0000744391067441123,0.0000846750890442939,TRUE
0.2,137,0.0000451254290897689,0.000169537467844636,0.000214662896934405,0.000239366663449975,TRUE
0.2,138,-0.000313485992394462,0.000850808987188778,0.000537322994794316,0.000612278242600607,TRUE
0.2,139,-0.000406538027514072,-0.000245790857731144,-0.000652328885245216,-0.000735569211772818,TRUE
0.2,140,0.000108913511833106,-0.000829994104746539,-0.000721080592913433,-0.000806553070106841,TRUE
0.2,141,-0.00167178841813091,-0.00121618639052165,-0.00288797480865256,-0.00364107541841632,TRUE
0.2,142,-0.000248413347624719,0.0000874664894304487,-0.000160946858194271,-0.000178858660040448,TRUE
0.2,143,-0.000780132461975629,0.00035453508418063,-0.000425597377794999,-0.00049525357415521,TRUE
0.2,144,-0.000659687429295682,-0.0000795619657632024,-0.000739249395058884,-0.000835718991641853,TRUE
0.2,145,-0.000217304172834648,0.0000271905297913104,-0.000190113643043337,-0.000213975416857835,TRUE
0.2,146,-0.000504782799149689,-0.000742364714038763,-0.00124714751318845,-0.00146388628235659,TRUE
0.2,147,0.000493004476794987,0.000160952467780893,0.00065395694457588,0.0007274001078084,TRUE
0.2,148,-0.000420030928291624,-0.000132416080940904,-0.000552447009232527,-0.00061901006201417,TRUE
0.2,149,0.00034789459137577,-0.000706689282747271,-0.000358794691371501,-0.000402707599560681,TRUE
0.2,150,-0.000291182896781074,-0.000407085912915564,-0.000698268809696638,-0.000802034900339863,TRUE
0.2,151,-0.000856277684453038,0.000294869103582409,-0.000561408580870629,-0.000653095410513359,TRUE
0.2,152,0.00028545710396839,0.00101546919732641,0.0013009263012948,0.00146621621001124,TRUE
0.2,153,-0.000631514237723557,0.000305203504447475,-0.000326310733276082,-0.00038700222802122,TRUE
0.2,154,0.00111813102098057,0.000216992394151998,0.00133512341513256,0.00159933872728985,TRUE
0.2,155,0.000150715142614617,0.000504576175218268,0.000655291317832885,0.000737166219926902,TRUE
0.2,156,0.000638166921264436,0.00086667340400061,0.00150484032526505,0.00176812131539602,TRUE
0.2,157,-0.000128985681341426,0.000027866388546574,-0.000101119292794852,-0.000113941053861297,TRUE
0.2,158,-0.000600001134652473,0.000961414007179623,0.000361412872527151,0.000415477673128906,TRUE
0.2,159,0.000218504877422601,0.0000725682220314942,0.000291073099454095,0.00031958606486976,TRUE
0.2,160,-0.000287663408469054,0.000598772462449819,0.000311109053980765,0.000347787991937419,TRUE
0.2,161,-0.000531176543984728,0.000262347944322756,-0.000268828599661973,-0.000305323565643765,TRUE
0.2,162,0.000540616750227873,-0.000188979805054949,0.000351636945172924,0.000394726953397367,TRUE
0.2,163,-0.000451439405974493,0.00000676117825916099,-0.000444678227715332,-0.000507818594482335,TRUE
0.2,164,0.00031901476786604,-0.000177295674676235,0.000141719093189805,0.000156886042236476,TRUE
0.2,165,-0.0000815175008303828,-0.000163675664938071,-0.000245193165768454,-0.000272713292677944,TRUE
0.2,166,0.00012586913022578,-0.0000911858599209148,0.0000346832703048652,0.0000384276956648859,TRUE
0.2,167,-0.000337271292905907,0.000268310962040279,-0.0000689603308656285,-0.0000765697874415994,TRUE
0.2,168,0.000170921578023145,0.000150430525998372,0.000321352104021516,0.000357431959390598,TRUE
0.2,169,-0.000483434777672649,-0.00041418692474733,-0.000897621702419979,-0.00103231571365646,TRUE
0.2,170,-0.00010908175379339,-0.000114956793293009,-0.000224038547086399,-0.00024933225229892,TRUE
0.2,171,0.0000997221967873148,0.0000723055551090504,0.000172027751896365,0.000192837857320741,TRUE
0.2,172,-0.000248206247355712,0.000745364199547689,0.000497157952191977,0.000574972753165874,TRUE
0.2,173,-0.00117521652603641,0.000270074364879664,-0.000905142161156743,-0.00106275341756,TRUE
0.2,174,0.0000594656783937951,0.000313481374471893,0.000372947052865688,0.000417205477818911,TRUE
0.2,175,0.00107760019029129,-0.000212526408305111,0.00086507378198618,0.00101315339498956,TRUE
0.2,176,0.000752017308177103,-0.000524622146982322,0.000227395161194781,0.000246324670859747,TRUE
0.2,177,0.000747606468099383,-0.000261653599937346,0.000485952868162037,0.000549649603743195,TRUE
0.2,178,-0.000935583338261855,0.00115027552251301,0.000214692184251158,0.00027577964753932,TRUE
0.2,179,-0.000452094611159577,0.000628040256862838,0.00017594564570326,0.000200510611436628,TRUE
0.2,180,-0.000107855233488754,0.000413104796994144,0.00030524956350539,0.000338498036312752,TRUE
0.2,181,-0.000280399680443136,0.000643828408289726,0.000363428727846589,0.000410263395846864,TRUE
0.2,182,-0.000557767367906298,-0.0000715032541396795,-0.000629270622045978,-0.000701678475361368,TRUE
0.2,183,-0.00054372622298965,0.0000468597478831177,-0.000496866475106532,-0.000566513438761269,TRUE
0.2,184,0.0000752340361633951,0.00112018214311851,0.0011954161792819,0.00136034977581462,TRUE
0.2,185,-0.000437023699922563,0.000120002340180112,-0.000317021359742452,-0.000362266109397641,TRUE
0.2,186,0.000748794217978046,0.000303128517381275,0.00105192273535932,0.0011473775198802,TRUE
0.2,187,-0.000845078501398799,0.000431879980581326,-0.000413198520817472,-0.00047547183363376,TRUE
0.2,188,0.000619400901697554,0.000836648253834236,0.00145604915553179,0.00165098553187292,TRUE
0.2,189,-0.0009429434143346,-0.000502828925343429,-0.00144577233967803,-0.00172305717083148,TRUE
0.2,190,-0.000212026855017966,-0.0000365873489029679,-0.000248614203920934,-0.000278138814319568,TRUE
0.2,191,-0.000311197258417969,0.000409689124692616,0.0000984918662746464,0.000113625591440776,TRUE
0.2,192,0.0000673964876528641,0.000259683744920984,0.000327080232573848,0.000357509722350002,TRUE
0.2,193,-0.000356276414879548,-0.000515180798210852,-0.000871457213090399,-0.000974360788853017,TRUE
0.2,194,-0.00121664896079951,-0.000346468174174622,-0.00156311713497413,-0.00192803349344685,TRUE
0.2,195,0.000441119815677983,-0.000667465502750528,-0.000226345687072546,-0.000255958468806379,TRUE
0.2,196,0.000772008740191843,-0.000410410962911241,0.000361597777280602,0.000411627761672684,TRUE
0.2,197,0.000461758626603,0.00105295311965152,0.00151471174625452,0.00165854055822394,TRUE
0.2,198,-0.000362971969621977,-0.000370410715720965,-0.000733382685342943,-0.000823941650331929,TRUE
0.2,199,0.000970804081356973,0.000144261441670524,0.0011150655230275,0.00120526098320831,TRUE
0.2,200,-0.000808969025751611,0.000608739147279914,-0.000200229878471696,-0.000228648512730404,TRUE
0.2,201,0.0000312563254583535,0.000198125789758567,0.000229382115216921,0.000252370186449549,TRUE
0.2,202,-0.00050255227323082,0.000489782499685995,-0.0000127697735448249,-0.0000145134939948719,TRUE
0.2,203,-0.000332334231668171,-0.000044659481593727,-0.000376993713261898,-0.000433129477952745,TRUE
0.2,204,-0.000154776358902615,0.000600097850623507,0.000445321491720893,0.000509130248768598,TRUE
0.2,205,-0.000199841725322107,0.000641643719225485,0.000441801993903378,0.000496043307378417,TRUE
0.2,206,-0.000648075682008858,0.000347869613073427,-0.000300206068935431,-0.000340877210942363,TRUE
0.2,207,-0.000220715651821916,0.000758166997135521,0.000537451345313605,0.000614989807616254,TRUE
0.2,208,-0.0000649599755851627,-0.0000079567507349272,-0.0000729167263200899,-0.0000813747782062401,TRUE
0.2,209,0.00074945332591295,0.000490764110130791,0.00124021743604374,0.00139360378208002,TRUE
0.2,210,-0.000469415720645215,-0.000320920697219142,-0.000790336417864356,-0.000896428306685389,TRUE
0.2,211,-0.000850078138347318,0.000109068092899762,-0.000741010045447556,-0.000870228864984426,TRUE
0.2,212,-0.00045785766674167,0.000235973405812423,-0.000221884260929247,-0.00024775337895464,TRUE
0.2,213,-0.00115951819546527,0.000107711640595486,-0.00105180655486979,-0.00122423559002029,TRUE
0.2,214,0.000217853241309236,0.000655853496105711,0.000873706737414947,0.00104168117523096,TRUE
0.2,215,-0.00080331533057149,-0.000133076139501051,-0.000936391470072541,-0.00111091246427827,TRUE
0.2,216,0.000358804302715794,-0.000222009202542106,0.000136795100173688,0.000151699644078566,TRUE
0.2,217,0.000398686117869881,0.000210012208002831,0.000608698325872712,0.000663792026932341,TRUE
0.2,218,-0.000620543797265731,0.000241786008876811,-0.00037875778838892,-0.000441408359806296,TRUE
0.2,219,-0.000716638478698003,0.000307814567480384,-0.000408823911217619,-0.000472076842841167,TRUE
0.2,220,-0.000324749729118071,-0.000166727139192191,-0.000491476868310261,-0.000549117041262429,TRUE
0.2,221,-0.000913390863255437,-0.0008179484155136,-0.00173133927876904,-0.00204964682339957,TRUE
0.2,222,-0.00106608408260739,0.0010932145076696,0.0000271304250622152,0.0000344678004541405,TRUE
0.2,223,-0.000352771017565506,-0.000126237265301702,-0.000479008282867208,-0.000539813198052004,TRUE
0.2,224,-0.000112308074284789,0.0000632894928455241,-0.0000490185814392654,-0.0000546944158680603,TRUE
0.2,225,-0.000552966342757185,0.000313696170472941,-0.000239270172284244,-0.000273130454907804,TRUE
0.2,226,-0.000203609281870013,-0.000556712229361063,-0.000760321511231075,-0.000879081654374229,TRUE
0.2,227,-0.0000907014575391031,0.000327547910097758,0.000236846452558655,0.00026425943936872,TRUE
0.2,228,0.00054763394098118,-0.000222069258493524,0.000325564682487656,0.000362826426397833,TRUE
0.2,229,0.000653622506955087,0.0000348191063596121,0.0006884416133147,0.000754026420188122,TRUE
0.2,230,-0.00023293781899565,-0.000589369489668089,-0.000822307308663739,-0.000947566348984062,TRUE
0.2,231,-0.000532214541211179,-0.000289528229349517,-0.000821742770560696,-0.000923988519077371,TRUE
0.2,232,-0.000759191405608379,-0.000300089601704205,-0.00105928100731258,-0.00120211959297106,TRUE
0.2,233,0.000177859502585402,0.000128152819028217,0.000306012321613618,0.000340110608003714,TRUE
0.2,234,-0.000610650928668165,-0.0000169424098208485,-0.000627593338489014,-0.000699953180417467,TRUE
0.2,235,-0.0000015763200746963,0.0000685320793506969,0.0000669557592760006,0.0000745927614034938,TRUE
0.2,236,-0.000760148643212135,-0.000444048478181497,-0.00120419712139363,-0.00136533255818521,TRUE
0.2,237,-0.000080440365250672,-0.0000477763143335472,-0.000128216679584219,-0.000143145366298937,TRUE
0.2,238,0.000902509666630795,0.000374855222524083,0.00127736488915488,0.00144450049790742,TRUE
0.2,239,-0.000696116922725093,-0.000588391814127794,-0.00128450873685289,-0.00143172106554012,TRUE
0.2,240,0.000367981474997556,0.000991459125331299,0.00135944060032886,0.00158679233430565,TRUE
0.2,241,-0.000174554419385596,0.000267680117307001,0.0000931256979214048,0.000105987196341898,TRUE
0.2,242,0.000180708798629158,-0.00043230952318253,-0.000251600724553372,-0.000283405503631404,TRUE
0.2,243,-0.000917679111670282,-0.001075128962504,-0.00199280807417428,-0.00223596695725581,TRUE
0.2,244,0.0000598324800301038,0.000030420080390038,0.0000902525604201418,0.000100178398690764,TRUE
0.2,245,-0.00049751570068423,0.00000397147035018054,-0.000493544230334049,-0.000562606424429118,TRUE
0.2,246,-0.00029638253155395,-0.000497046233563515,-0.000793428765117465,-0.000885527938500623,TRUE
0.2,247,-0.000136057108575138,-0.000461296131848499,-0.000597353240423637,-0.00068416555636395,TRUE
0.2,248,-0.00134420652531971,-0.0000527024520534692,-0.00139690897737318,-0.0017172722660994,TRUE
0.2,249,-0.000412542219800111,0.00144344884371351,0.0010309066239134,0.00124106196134752,TRUE
0.2,250,0.00133626324009223,0.000509829101718449,0.00184609234181068,0.00213264840053429,TRUE
0.2,251,-0.000123347460453693,-0.000464118303790829,-0.000587465764244522,-0.000668240584009982,TRUE
0.2,252,-0.00017966235007027,-0.0000648345025130158,-0.000244496852583285,-0.00027293995655999,TRUE
0.2,253,-0.000407486554012539,-0.0000460461545607916,-0.00045353270857333,-0.000522766804431043,TRUE
0.2,254,-0.0000427975044478277,-0.00106136810872723,-0.00110416561317506,-0.00122555247601417,TRUE
0.2,255,0.00133856922888088,0.000344446609503962,0.00168301583838484,0.0019720822112334,TRUE
0.2,256,0.000345820589180854,0.00061151245670293,0.000957333045883784,0.00104011624466146,TRUE
0.2,257,0.000249689114363203,-0.0000242851638044769,0.000225403950558726,0.000248583861842615,TRUE
0.2,258,0.000694656726976487,-0.000445806869264625,0.000248849857711862,0.000284118528778066,TRUE
0.2,259,0.000375581546739391,0.000678284605371679,0.00105386615211107,0.00117336800786342,TRUE
0.2,260,-0.000684239351114636,-0.0000962634045439043,-0.00078050275565854,-0.000897590246604009,TRUE
0.2,261,-0.000598400310366276,-0.00125638726309466,-0.00185478757346093,-0.00242805920492803,TRUE
0.2,262,0.000486692041286728,-0.000373452657179172,0.000113239384107556,0.000125466373116903,TRUE
0.2,263,0.000013175383933769,-0.000361577732979103,-0.000348402349045334,-0.00039001817689551,TRUE
0.2,264,-0.000459256010220948,0.000144297783671319,-0.000314958226549629,-0.000350116124091871,TRUE
0.2,265,-0.000656126432898133,-0.000379502954544718,-0.00103562938744285,-0.00116818861985724,TRUE
0.2,266,0.000713820150525361,0.0000544935475863616,0.000768313698111723,0.000850800748370368,TRUE
0.2,267,0.000270538480257199,-0.000227855377671605,0.0000426831025855941,0.0000474169408183933,TRUE
0.2,268,0.000287339429706513,0.000192006154514809,0.000479345584221321,0.000533319280591096,TRUE
0.2,269,-0.000498881212220993,0.0000456909068316421,-0.000453190305389351,-0.000518996555923444,TRUE
0.2,270,-0.000483646441577186,-0.0000234498725552801,-0.000507096314132466,-0.000571865169519905,TRUE
0.2,271,-0.00060833075581797,-0.000424113593043155,-0.00103244434886113,-0.001149006300521,TRUE
0.2,272,0.000630017929413495,-0.00093466348078539,-0.000304645551371895,-0.000356864796566319,TRUE
0.2,273,0.000117264476126799,-0.000329224507369051,-0.000211960031242252,-0.000236075042975225,TRUE
0.2,274,0.0000167562427786983,0.000281822977532742,0.000298579220311441,0.000329565691222106,TRUE
0.2,275,-0.0000590380737656909,0.000477808979599333,0.000418770905833642,0.000458531617117137,TRUE
0.2,276,0.000468100699248708,0.000363782675077201,0.000831883374325909,0.000935044681764831,TRUE
0.2,277,-0.0000147435733326155,-0.0000903483653325495,-0.000105091938665165,-0.000116735249074932,TRUE
0.2,278,0.000663424492098087,0.000603102851661855,0.00126652734375994,0.00139432955185143,TRUE
0.2,279,-0.000516935929070611,0.000521279748751705,0.00000434381968109369,0.00000494764707364287,TRUE
0.2,280,-0.0000723975451135423,-0.000183038067510904,-0.000255435612624446,-0.000285350796187373,TRUE
0.2,281,-0.000241278844476821,0.000581941300275365,0.000340662455798544,0.000387971136638188,TRUE
0.2,282,0.0000389008212716691,-0.000124472172393989,-0.0000855713511223201,-0.0000949871691182498,TRUE
0.2,283,0.000414075200390487,0.0000435589180788418,0.000457634118469329,0.000500911878695056,TRUE
0.2,284,0.000150045981265183,-0.000474153180077416,-0.000324107198812234,-0.000364498811473639,TRUE
0.2,285,-0.000995046156450743,-0.00025056225126343,-0.00124560840771417,-0.00146977489187647,TRUE
0.2,286,0.000696904827305162,0.00138211435547734,0.0020790191827825,0.00221421850792958,TRUE
0.2,287,0.000431519160159552,0.00050360307884836,0.000935122239007912,0.00104624638291827,TRUE
0.2,288,0.000299947903339986,-0.00000608314333199114,0.000293864760007995,0.000323734567287642,TRUE
0.2,289,-0.000812058315291927,0.000183941804069804,-0.000628116511222123,-0.000745054107141705,TRUE
0.2,290,-0.00100877889869808,-0.000745009220672488,-0.00175378811937057,-0.00206416697365936,TRUE
0.2,291,-0.000673766702948395,-0.000384652261055928,-0.00105841896400432,-0.00118289384681708,TRUE
0.2,292,0.000638619838446757,0.000270357745786386,0.000908977584233143,0.00100043008766665,TRUE
0.2,293,-0.000237722157399892,-0.0000461148504383308,-0.000283837007838223,-0.000317416842106357,TRUE
0.2,294,-0.000464201251696052,-0.000566097992343485,-0.00103029924403954,-0.00117758763527457,TRUE
0.2,295,0.000191689046386417,-0.000320469950889229,-0.000128780904502812,-0.000143931376925934,TRUE
0.2,296,0.00031288721699978,-0.00053565980867876,-0.00022277259167898,-0.000257823511114108,TRUE
0.2,297,0.000344206287564267,0.000107946508608217,0.000452152796172484,0.000500437121875235,TRUE
0.2,298,-0.000278472851056086,0.00017376106885041,-0.000104711782205676,-0.00011887545773848,TRUE
0.2,299,0.000210449127521509,-0.000542664867218438,-0.000332215739696929,-0.000376664805692673,TRUE
0.2,300,0.000476899365481081,0.000621606494429139,0.00109850585991022,0.00122387299087121,TRUE
0.2,301,0.000743091202170316,0.000439366842195452,0.00118245804436577,0.0012814829147245,TRUE
0.2,302,-0.00108616869165553,-0.00134460685058577,-0.0024307755422413,-0.00272975658192801,TRUE
0.2,303,0.0000559815161042588,0.000729031292145223,0.000785012808249482,0.000854125463631173,TRUE
0.2,304,-0.000653172089025606,-0.00137298173909264,-0.00202615382811825,-0.00253858173243799,TRUE
0.2,305,-0.000308486361245077,0.000384803980596895,0.0000763176193518185,0.0000842843198222173,TRUE
0.2,306,0.0000108541665828632,-0.000150131684659309,-0.000139277518076446,-0.000155410281995377,TRUE
0.2,307,-0.000396521487074794,-0.000254315677845432,-0.000650837164920226,-0.000738451314437696,TRUE
0.2,308,0.0000108191858579345,0.000496728173491487,0.000507547359349421,0.000564384620767619,TRUE
0.2,309,-0.00174063194392216,-0.000547657111186457,-0.00228828905510862,-0.00291465049161705,TRUE
0.2,310,0.00116773243065604,-0.0000489780815466472,0.0011187543491094,0.00127876107597508,TRUE
0.2,311,-0.000274375399337294,-0.000901712401650202,-0.0011760878009875,-0.00134966365971536,TRUE
0.2,312,0.00184145530113884,0.000861115744349181,0.00270257104548802,0.00301913884109013,TRUE
0.2,313,-0.000374850436383882,-0.00110413179678841,-0.00147898223317229,-0.00170819379247558,TRUE
0.2,314,0.0000678326793801293,-0.0000156793450439677,0.0000521533343361616,0.0000580642985482949,TRUE
0.2,315,-0.000530863852804148,0.000043214297715366,-0.000487649555088782,-0.000557950937866289,TRUE
0.2,316,-0.000445243139604897,0.000555462897939339,0.000110219758334442,0.000126044770406438,TRUE
0.2,317,0.0000377622520382341,-0.0004247168064185,-0.000386954554380266,-0.000438393747945117,TRUE
0.2,318,-0.00106220020781416,0.000375423441287493,-0.000686776766526664,-0.000802548027027614,TRUE
0.2,319,-0.000744128417608452,0.000537972469069208,-0.000206155948539244,-0.000239162044160794,TRUE
0.2,320,-0.000718939963249093,0.000613636836157437,-0.000105303127091656,-0.000122332234674108,TRUE
0.2,321,-0.000788859653504545,0.00083091783986924,0.0000420581863646944,0.0000504246367444893,TRUE
0.2,322,-0.00068535816243424,-0.00102028875333161,-0.00170564691576585,-0.00198774661133593,TRUE
0.2,323,-0.00152466051334358,-0.000296983134818442,-0.00182164364816202,-0.00223010170605767,TRUE
0.2,324,0.000277180018120063,0.000747009584504187,0.00102418960262425,0.00116698110104104,TRUE
0.2,325,-0.000398653236639262,0.000440078611583614,0.0000414253749443511,0.0000471146959492452,TRUE
0.2,326,0.000391587848245227,0.000103278461602639,0.000494866309847866,0.000541103008727551,TRUE
0.2,327,-0.00146498108594475,-0.00113119841302423,-0.00259617949896898,-0.0028451014822713,TRUE
0.2,328,-0.000526551853548299,0.0011689030304267,0.000642351176878399,0.000758807238595829,TRUE
0.2,329,0.000559113179307019,0.000344713461434964,0.000903826640741983,0.000972721649697857,TRUE
0.2,330,-0.000873307475446225,-0.000130038308902052,-0.00100334578434828,-0.00119173788307093,TRUE
0.2,331,0.00111142858466144,0.000912994898462468,0.00202442348312391,0.00212207506841482,TRUE
0.2,332,-0.00056802212395455,-0.000745668853851849,-0.0013136909778064,-0.00147208373232667,TRUE
0.2,333,-0.000218833621410781,-0.000361116726583175,-0.000579950347993957,-0.00065045843922224,TRUE
0.2,334,0.0000286217155978638,-0.000125164632423823,-0.0000965429168259589,-0.000107159467376912,TRUE
0.2,335,0.000105484880402978,0.00138781720688541,0.00149330208728839,0.00170690497921681,TRUE
0.2,336,0.000358729656484624,0.00051364865989244,0.000872378316377064,0.000973571329343409,TRUE
0.2,337,0.000647399605256029,0.000250915002224818,0.000898314607480847,0.000995457066937586,TRUE
0.2,338,-0.0000881213503067747,-0.000161806514345415,-0.000249927864652189,-0.000277626806821651,TRUE
0.2,339,-0.000902647061486064,-0.000804608903855089,-0.00170725596534115,-0.00190885497790176,TRUE
0.2,340,-0.000221246003052807,-0.000564203139057371,-0.000785449142110178,-0.000878050006961065,TRUE
0.2,341,0.000313283575178081,0.000291510984217102,0.000604794559395183,0.000657936213851958,TRUE
0.2,342,-0.000476992485443933,-0.000621763877372796,-0.00109875636281673,-0.00127796583073965,TRUE
0.2,343,-0.000705723187654764,0.0000782044397412433,-0.000627518747913521,-0.000712276371382789,TRUE
0.2,344,-0.000936746990280438,-0.000351788760419394,-0.00128853575069983,-0.00154645306425342,TRUE
0.2,345,-0.00145886052534336,0.00118362113454282,-0.000275239390800534,-0.0003562210274018,TRUE
0.2,346,0.000201609227683988,-0.000162056117228199,0.0000395531104557892,0.0000442007353869468,TRUE
0.2,347,0.0000441617227150866,0.000218794723886837,0.000262956446601923,0.000294386942654812,TRUE
0.2,348,0.0000418983814313876,-0.000633048226877998,-0.00059114984544661,-0.000684575605243907,TRUE
0.2,349,-0.0000896513751913933,0.000388233335565332,0.000298581960373939,0.000333142886019423,TRUE
0.2,350,-0.000209855686628466,0.0000878477254015681,-0.000122007961226898,-0.000135816910165356,TRUE
0.2,351,0.0000121205106828587,0.000462539647706458,0.000474660158389317,0.000527363511370315,TRUE
0.2,352,-0.0000973707569330205,0.000328857186229663,0.000231486429296642,0.000259313105217248,TRUE
0.2,353,-0.00122255417566755,-0.000487385221604917,-0.00170993939727247,-0.00198596353213859,TRUE
0.2,354,-0.000804757585978003,0.000464526722003835,-0.000340230863974168,-0.000394531169503932,TRUE
0.2,355,0.000332438920600447,0.0000679369885221249,0.000400375909122572,0.000438626630054436,TRUE
0.2,356,-0.00100493103907842,-0.000492543729710233,-0.00149747476878865,-0.00178981838599422,TRUE
0.2,357,0.00117684046805009,0.000748972096509606,0.00192581256455969,0.00211374519751086,TRUE
0.2,358,-0.000883546890778787,-0.000982858468463297,-0.00186640535924208,-0.00220109730919664,TRUE
0.2,359,0.000290712827659737,-0.000187412241210767,0.00010330058644897,0.000114815733270244,TRUE
0.2,360,-0.000903067288443205,-0.0000518406627335914,-0.000954907951176796,-0.00106677985578145,TRUE
0.2,361,-0.000135477996269663,0.000291306565393425,0.000155828569123761,0.000175654006856425,TRUE
0.2,362,0.000045284670802034,-0.000173192972209579,-0.000127908301407545,-0.000142845913228742,TRUE
0.2,363,-0.0000880009208486503,0.000139513024763362,0.0000515121039147119,0.0000575856143939479,TRUE
0.2,364,-0.000344082169166554,-0.000843868378480589,-0.00118795054764714,-0.00138668399961127,TRUE
0.2,365,0.000332434430686399,-0.000903011047162917,-0.000570576616476518,-0.000643710064662168,TRUE
0.2,366,-0.000376044261166853,-0.000383315828726473,-0.000759360089893326,-0.000882231757403823,TRUE
0.2,367,0.0000363937344093349,-0.000103163376058518,-0.0000667696416491831,-0.0000747439699526311,TRUE
0.2,368,-0.000952795617529711,-0.0000153601817774819,-0.000968155799307193,-0.00115891972821137,TRUE
0.2,369,-0.000623663501774606,-0.00115614842842642,-0.00177981193020103,-0.00205870559314506,TRUE
0.2,370,-0.000518528001194081,0.000417094588701149,-0.000101433412492932,-0.000114685962787693,TRUE
0.2,371,-0.000414786105122257,-0.000277821213121347,-0.000692607318243605,-0.00076337786968156,TRUE
0.2,372,0.000257632892934912,0.000687326205343014,0.000944959098277926,0.00103990895027199,TRUE
0.2,373,-0.000295317542948623,-0.000331849958603037,-0.00062716750155166,-0.00071509900217103,TRUE
0.2,374,-0.000501437169696244,0.00031852513461922,-0.000182912035077024,-0.000209090046053978,TRUE
0.2,375,0.0000726686420763797,-0.0000956181103969246,-0.0000229494683205449,-0.0000256538738787741,TRUE
0.2,376,-0.000586638929590692,-0.000189650175932228,-0.000776289105522921,-0.000863606206254031,TRUE
0.2,377,0.000221186500958705,-0.000612906680612817,-0.000391720179654113,-0.000440378778897281,TRUE
0.2,378,-0.000465707477733468,-0.00100825799208622,-0.00147396546981968,-0.00166485246059156,TRUE
0.2,379,-0.00110624616649339,0.000272221376665498,-0.000834024789827889,-0.000951438841383129,TRUE
0.2,380,0.000394832004696279,0.000865599027513303,0.00126043103220958,0.00144026610264147,TRUE
0.2,381,-0.000407125002783253,-0.000265821836187971,-0.000672946838971224,-0.000759440125195163,TRUE
0.2,382,-0.000331643046124399,-0.00028971328865127,-0.000621356334775668,-0.000715605700258082,TRUE
0.2,383,-0.000189590483584923,-0.000115998245057122,-0.000305588728642044,-0.000343917719022836,TRUE
0.2,384,-0.000253015358647664,-0.000827183636457843,-0.00108019899510551,-0.00123854247564175,TRUE
0.2,385,-0.000717007822795064,0.000250060549823324,-0.00046694727297174,-0.000524338248535362,TRUE
0.2,386,0.000417519645532169,-0.0000709316435177263,0.000346588002014443,0.000383517876985051,TRUE
0.2,387,-0.000362870188544328,0.000156951650901772,-0.000205918537642556,-0.000232128149736565,TRUE
0.2,388,-0.000748577336566614,-0.00146005620608545,-0.00220863354265206,-0.00261951914319574,TRUE
0.2,389,-0.00100353906924658,-0.000640417250189221,-0.0016439563194358,-0.00188236851362522,TRUE
0.2,390,0.000102432104611816,-0.000748915660514142,-0.000646483555902326,-0.000737244623430863,TRUE
0.2,391,0.0000925599448250726,0.00085293264676219,0.000945492591587263,0.00105560890961289,TRUE
0.2,392,-0.000162185701401142,0.000000753491054745384,-0.000161432210346397,-0.000180650420166042,TRUE
0.2,393,-0.000501723385707012,0.0000276250661250089,-0.000474098319582003,-0.000545446648882347,TRUE
0.2,394,-0.000443506647741496,-0.000259754474470187,-0.000703261122211683,-0.000806189631059181,TRUE
0.2,395,0.000166944971025573,0.000231683243142879,0.000398628214168451,0.000446707066769253,TRUE
0.2,396,0.000186714906446497,0.0000988036947143263,0.000285518601160823,0.000315994842186727,TRUE
0.2,397,-0.00130230267660553,0.0000213205015277591,-0.00128098217507777,-0.00158525647171499,TRUE
0.2,398,-0.00022663003795813,0.000704724347625632,0.000478094309667502,0.000537164358451209,TRUE
0.2,399,0.0000237512143639079,0.000548694566666043,0.000572445781029951,0.000656863603114834,TRUE
0.2,400,0.000778206007116553,-0.000582012109990005,0.000196193897126549,0.000224977302293582,TRUE
0.2,401,-0.000111489857443995,0.000910603964193237,0.000799114106749241,0.000921849798724979,TRUE
0.2,402,-0.000713233134273291,-0.000492088695175956,-0.00120532182944925,-0.00139044647145165,TRUE
0.2,403,0.0000751854695082401,0.000883448786497797,0.000958634256006037,0.00108908177991051,TRUE
0.2,404,-0.000697533880544081,0.000123604395316317,-0.000573929485227764,-0.000645177047680242,TRUE
0.2,405,-0.000749842911522885,-0.000117115183218055,-0.00086695809474094,-0.00100893975071837,TRUE
0.2,406,-0.000357311657845842,-0.000578495442372353,-0.000935807100218195,-0.00102876209329046,TRUE
0.2,407,-0.000530397972228899,-0.000215935199850257,-0.000746333172079156,-0.000861711701256825,TRUE
0.2,408,-0.000298764931336654,0.00102753744212396,0.000728772510787306,0.000850008867887093,TRUE
0.2,409,-0.00012553234450583,0.000156060197725833,0.0000305278532200027,0.0000344615157629459,TRUE
0.2,410,-0.00042623051753222,0.0000150889030596511,-0.000411141614472569,-0.000469135757592141,TRUE
0.2,411,-0.000159554772360254,0.000302285804165848,0.000142731031805594,0.000162716141479815,TRUE
0.2,412,0.000572453020863021,0.000834493080149464,0.00140694610101249,0.00154038378014132,TRUE
0.2,413,-0.000692186211687815,-0.000661406553303857,-0.00135359276499167,-0.00153582518921619,TRUE
0.2,414,-0.0000167876502669438,0.000721227608735804,0.00070443995846886,0.000818037972093511,TRUE
0.2,415,-0.000943817580215531,-0.000481923398591791,-0.00142574097880732,-0.00159239882189354,TRUE
0.2,416,-0.000156998142409649,0.00134854241412881,0.00119154427171916,0.00135175256200783,TRUE
0.2,417,-0.000113331412681167,-0.000768703414918084,-0.00088203482759925,-0.0010549631139703,TRUE
0.2,418,-0.00123906332658551,-0.000696891085282557,-0.00193595441186806,-0.00217992663250479,TRUE
0.2,419,-0.000330559470761518,0.0000345892400373504,-0.000295970230724167,-0.000336013898257999,TRUE
0.2,420,-0.00017295762265222,-0.000734294751653875,-0.000907252374306095,-0.00100748540929505,TRUE
0.2,421,-0.000613226815737839,-0.00023993832477251,-0.000853165140510349,-0.000951997504021926,TRUE
0.2,422,0.000820881627248921,0.000240568313450185,0.00106144994069911,0.00124127234312226,TRUE
0.2,423,-0.00108037557307361,-0.00129141752004706,-0.00237179309312067,-0.00277962767632726,TRUE
0.2,424,-0.000794237751667666,0.000166503253468435,-0.00062773449819923,-0.000710852017657573,TRUE
0.2,425,-0.000565940071696314,0.000161502262448591,-0.000404437809247723,-0.000476603779162566,TRUE
0.2,426,-0.0000693156950863988,0.000335687859042555,0.000266372163956156,0.000296231318364358,TRUE
0.2,427,-0.000665986417105818,0.000309592181416514,-0.000356394235689304,-0.000418734141758408,TRUE
0.2,428,0.000439373379998993,0.000641994944791385,0.00108136832479038,0.00120241708262942,TRUE
0.2,429,-0.0000888083059425009,0.0000727662252467689,-0.000016042080695732,-0.0000179638022111051,TRUE
0.2,430,-0.000825805828580477,0.000090503275205861,-0.000735302553374616,-0.000850379080608488,TRUE
0.2,431,0.000388423772378375,-0.000465016939666572,-0.0000765931672881968,-0.0000877018830713995,TRUE
0.2,432,-0.000239350608666433,0.000439782287933398,0.000200431679266965,0.000228252415274918,TRUE
0.2,433,-0.000492636969321663,0.000661212419502926,0.000168575450181263,0.000191601233871666,TRUE
0.2,434,-0.000175724472910539,0.000127270866051609,-0.0000484536068589296,-0.0000542145789851269,TRUE
0.2,435,-0.000128897928492687,0.000370561059114175,0.000241663130621488,0.000270717892366118,TRUE
0.2,436,0.0000941626115768107,0.000760680145303565,0.000854842756880376,0.000958343736637025,TRUE
0.2,437,0.000135911601294133,0.000165521422383161,0.000301433023677294,0.000338223423670662,TRUE
0.2,438,-0.000467793624107261,0.000737709617259341,0.00026991599315208,0.000302751655712373,TRUE
0.2,439,-0.0000268730413776717,0.000343098777732779,0.000316225736355108,0.000359546085242043,TRUE
0.2,440,0.0001395245384534,0.0000576354742068353,0.000197160012660236,0.000218988919277167,TRUE
0.2,441,-0.000592039933004061,-0.0000287235132135958,-0.000620763446217657,-0.000699376700450792,TRUE
0.2,442,0.00058462309973339,-0.00120601925501035,-0.000621396155276963,-0.000716351633308887,TRUE
0.2,443,-0.00072737817558783,-0.00136348531058296,-0.00209086348617079,-0.00235950607557352,TRUE
0.2,444,-0.0000579145595904072,0.000606021695288689,0.000548107135698282,0.000597045640566951,TRUE
0.2,445,-0.000368842668155973,0.000401573016099353,0.0000327303479433797,0.000036384150684226,TRUE
0.2,446,-0.000246270270358833,0.000351438103935497,0.000105167833576664,0.000118015763277149,TRUE
0.2,447,-0.000148362798128547,-0.000829439202157472,-0.000977802000286018,-0.00112443802299017,TRUE
0.2,448,-0.000686568394616413,-0.000101996125862871,-0.000788564520479284,-0.000887900705231388,TRUE
0.2,449,-0.000154383002169267,0.000177910730921511,0.000023527728752244,0.0000262882404910518,TRUE
0.2,450,-0.00082273661981443,-0.00044798908224491,-0.00127072570205934,-0.00141335484933236,TRUE
0.2,451,-0.00131345455602528,-0.000392916822101265,-0.00170637137812655,-0.00189662825446759,TRUE
0.2,452,-0.0000135968183764424,-0.000623377716015391,-0.000636974534391834,-0.00071396355428731,TRUE
0.2,453,-0.000535105875691925,0.000857952320384888,0.000322846444692963,0.00037964604932485,TRUE
0.2,454,-0.000657368261918224,0.000388633214111617,-0.000268735047806607,-0.000312159062853192,TRUE
0.2,455,0.0000568794101852731,-0.000224670449993414,-0.000167791039808141,-0.000189902671109537,TRUE
0.2,456,-0.0000503122457780641,-0.0000857321804652011,-0.000136044426243265,-0.000151401289933116,TRUE
0.2,457,0.000150274376044308,0.000186794907950282,0.00033706928399459,0.000374193838827605,TRUE
0.2,458,-0.00108179847357884,0.0000813654786320854,-0.00100043299494676,-0.00121585233027263,TRUE
0.2,459,-0.000507969493703233,-0.000275424083969937,-0.00078339357767317,-0.000878894700331675,TRUE
0.2,460,-0.00045854565135255,-0.000690337344192748,-0.0011488829955453,-0.00130798746722721,TRUE
0.2,461,-0.000235807279146362,-0.000370545857938938,-0.0006063531370853,-0.000689786751302671,TRUE
0.2,462,0.000724652526731841,0.00043237530007937,0.00115702782681121,0.00120595533979396,TRUE
0.2,463,-0.0000710563972106408,-0.00161027623349935,-0.00168133263070999,-0.00199883013723026,TRUE
0.2,464,-0.00126972623990431,-0.00123018410046102,-0.00249991034036533,-0.00291299159573696,TRUE
0.2,465,0.000200392585498448,0.00117163604674802,0.00137202863224646,0.00150111047740954,TRUE
0.2,466,0.000743666269119705,0.000132128649217201,0.000875794918336907,0.000940860122840167,TRUE
0.2,467,0.000028935371079113,0.000276171424955035,0.000305106796034149,0.000342018995399683,TRUE
0.2,468,-0.00116106211365521,0.0003093757297148,-0.000851686383940414,-0.000971854876109562,TRUE
0.2,469,-0.00085962788461869,-0.000567337676574717,-0.00142696556119341,-0.00161371857008199,TRUE
0.2,470,-0.000237370796088852,-0.000554121406935594,-0.000791492203024446,-0.00095247796205597,TRUE
0.2,471,0.00015697428577357,-0.000450932221018738,-0.000293957935245168,-0.000328980960041753,TRUE
0.2,472,0.000235005814428145,0.0000681185180585813,0.000303124332486726,0.00033330007720013,TRUE
0.2,473,0.000116591542844236,-0.000418284782408066,-0.00030169323956383,-0.000336173755571334,TRUE
0.2,474,-0.000226386898163296,0.00131118483052264,0.00108479793235934,0.00137598472404364,TRUE
0.2,475,-0.000574158708403767,0.000465295186721178,-0.000108863521682589,-0.000123756915153935,TRUE
0.2,476,-0.000849417431855225,0.00066287207756117,-0.000186545354294055,-0.000215025272866781,TRUE
0.2,477,0.000840875527045791,0.00032854401864779,0.00116941954569358,0.00128321912660543,TRUE
0.2,478,0.000116973159168086,-0.00123994509369871,-0.00112297193453063,-0.00132652906344108,TRUE
0.2,479,-0.00030899726537219,-0.0000368260675846107,-0.000345823332956801,-0.000386328849676051,TRUE
0.2,480,0.0000391495402928056,0.000498944165026459,0.000538093705319265,0.000593160720215585,TRUE
0.2,481,0.000625728218317601,0.00127055664075669,0.00189628485907429,0.00203166370304956,TRUE
0.2,482,-0.00135610542389886,0.000163069833897581,-0.00119303559000128,-0.00152808892017269,TRUE
0.2,483,0.000322800190601184,0.0000101338138122042,0.000332934004413389,0.000370701801776954,TRUE
0.2,484,-0.000508751346721578,-0.0000325388896646928,-0.000541290236386271,-0.000612034722881739,TRUE
0.2,485,-0.000264649318390353,0.000050471453486055,-0.000214177864904298,-0.000239790711858358,TRUE
0.2,486,-0.000250394717454132,0.000724315052868615,0.000473920335414483,0.000541879853430665,TRUE
0.2,487,-0.000382441621533342,0.000472347664562667,0.0000899060430293251,0.000101650101586463,TRUE
0.2,488,0.00000877514540798877,0.000639173633736832,0.00064794877914482,0.000742368782419328,TRUE
0.2,489,0.000882720613271545,0.000211167683860601,0.00109388829713215,0.00122198542175494,TRUE
0.2,490,0.000514063245967266,0.000319151465301378,0.000833214711268644,0.000892082107398105,TRUE
0.2,491,-0.000219639488690581,0.000599284418675451,0.000379644929984869,0.000429639631754999,TRUE
0.2,492,0.00113784066311423,0.000291674299632185,0.00142951496274641,0.0015251042372715,TRUE
0.2,493,-0.000162609213953218,-0.000611172171511134,-0.000773781385464352,-0.000878017361585761,TRUE
0.2,494,-0.000631349288794038,0.000862032464615748,0.00023068317582171,0.000262203882080576,TRUE
0.2,495,-0.000363501836330983,-0.000859917453622155,-0.00122341928995314,-0.00142285240402991,TRUE
0.2,496,-0.0000965023380398821,0.00068100421518774,0.000584501877147858,0.000659479951146471,TRUE
0.2,497,0.000856991474913904,-0.0000756661241404639,0.00078132535077344,0.000838066444113526,TRUE
0.2,498,-0.000203065545164147,-0.0000236292034326584,-0.000226694748596805,-0.000255239620065804,TRUE
0.2,499,-0.000898068963287275,-0.000813046751634861,-0.00171111571492214,-0.00197725847685509,TRUE
0.2,500,0.000362607824254586,-0.000257860642324803,0.000104747181929783,0.000116128123429315,TRUE
0.2,501,-0.00115854298086081,0.000410549586290566,-0.000747993394570243,-0.000928727084888462,TRUE
0.2,502,-0.00124504278925449,-0.0010970177533187,-0.00234206054257319,-0.0028609982129505,TRUE
0.2,503,-0.00162522102924082,-0.000397108122132706,-0.00202232915137353,-0.00251127120411254,TRUE
0.2,504,-0.000945623334364717,-0.00108410205509041,-0.00202972538945513,-0.00243934340456132,TRUE
0.2,505,-0.000407488449459567,-0.000440979803089736,-0.000848468252549303,-0.000938659648675283,TRUE
0.2,506,0.000310136300634983,0.000753434629541715,0.0010635709301767,0.00117521160085384,TRUE
0.2,507,-0.00032426009265662,0.000376144366670098,0.0000518842740134778,0.0000583252852085156,TRUE
0.2,508,-0.00110762836910235,-0.000789009342958447,-0.00189663771206079,-0.00213498519575856,TRUE
0.2,509,-0.0013637644962888,0.00135418102782837,-0.00000958346846043306,-0.0000126334325949375,TRUE
0.2,510,-0.000140390778369131,-0.000360146568285037,-0.000500537346654168,-0.000571343397762536,TRUE
0.2,511,-0.00146501609728093,-0.000780127167240561,-0.00224514326452149,-0.00260407127040957,TRUE
0.2,512,0.0000353053774991857,-0.00107130816117584,-0.00103600278367666,-0.00123468704586399,TRUE
0.2,513,-0.000271949534170905,0.0000171863165201374,-0.000254763217650767,-0.000285473675989051,TRUE
0.2,514,0.00014901521371737,0.00000165800300088968,0.000150673216718259,0.000165452452016632,TRUE
0.2,515,-0.000672678348746316,-0.000344474562669676,-0.00101715291141599,-0.00118926199534879,TRUE
0.2,516,0.000324265996520585,0.000143487063096597,0.000467753059617182,0.000511837815101856,TRUE
0.2,517,0.000450257307597236,0.000526645091955674,0.00097690239955291,0.00109376574960723,TRUE
0.2,518,0.000195361649411205,-0.000219117514828396,-0.0000237558654171913,-0.0000268578886648056,TRUE
0.2,519,-0.000627240336456655,0.000780536505136247,0.000153296168679592,0.000180399641564756,TRUE
0.2,520,0.000274366047655955,0.000675678363864557,0.000950044411520512,0.00106693443452883,TRUE
0.2,521,0.00105850310315738,0.00087829815318886,0.00193680125634624,0.0021492437260521,TRUE
0.2,522,0.000487666667320571,0.000221898438008842,0.000709565105329413,0.00079768471689885,TRUE
0.2,523,-0.000620162693826042,-0.000329138583135533,-0.000949301276961576,-0.00106605780027775,TRUE
0.2,524,0.000798260794330242,-0.000841920459724849,-0.0000436596653946075,-0.0000486553437022153,TRUE
0.2,525,-0.000386264681669601,0.000815894400621124,0.000429629718951523,0.000523535191497711,TRUE
0.2,526,-0.000690023679494025,-0.000884501017169852,-0.00157452469666388,-0.00184746414546567,TRUE
0.2,527,-0.000354503586855774,0.0000108256876295536,-0.00034367789922622,-0.000385454118633861,TRUE
0.2,528,-0.000984604875891219,0.000607705224780388,-0.000376899651110831,-0.000446514234024388,TRUE
0.2,529,-0.000753094821579819,-0.000470905864407313,-0.00122400068598713,-0.00142338431410957,TRUE
0.2,530,-0.000561216822889351,0.000891710568465653,0.000330493745576302,0.000372226087289054,TRUE
0.2,531,-0.000467075240062183,-0.000459772879102277,-0.00092684811916446,-0.00103832792828728,TRUE
0.2,532,-0.000572959136793923,-0.000114685184252222,-0.000687644321046145,-0.000796582964821054,TRUE
0.2,533,0.000439925653604731,-0.000635387360230889,-0.000195461706626158,-0.000219723539382713,TRUE
0.2,534,-0.00000788199918845671,-0.000841330036220096,-0.000849212035408553,-0.000931156255136162,TRUE
0.2,535,-0.000353696692224183,-0.0000796478080409148,-0.000433344500265097,-0.000489112315873138,TRUE
0.2,536,0.000715648328396186,-0.000381564174994656,0.00033408415340153,0.000390146237181329,TRUE
0.2,537,-0.000636300442385199,0.000098428701686316,-0.000537871740698883,-0.000622592706577153,TRUE
0.2,538,0.000455377011882991,-0.000274830505862108,0.000180546506020882,0.00020159000158586,TRUE
0.2,539,-0.000302859443149816,-0.00114618307603216,-0.00144904251918197,-0.00167874264876133,TRUE
0.2,540,-0.00039051969087487,0.000000538867369964459,-0.000389980823504906,-0.000447104582279549,TRUE
0.2,541,-0.00066128412545855,0.0000357079938547048,-0.000625576131603845,-0.000733874194897655,TRUE
0.2,542,0.0000951264155456589,-0.000836063538989518,-0.000740937123443859,-0.000842053639062995,TRUE
0.2,543,-0.000294929856536196,0.000364875280678717,0.0000699454241425204,0.0000791057995754731,TRUE
0.2,544,-0.000426559859734652,-0.000792059866978456,-0.00121861972671311,-0.00134492559800347,TRUE
0.2,545,-0.000819230796690222,-0.0000165865876803903,-0.000835817384370612,-0.00100659543459075,TRUE
0.2,546,-0.000489791973891498,0.000572811049126492,0.0000830190752349935,0.000098917295206796,TRUE
0.2,547,-0.000121091249403892,0.0000957008604637515,-0.000025390388940141,-0.0000286517353710164,TRUE
0.2,548,-0.0000203756300631172,0.000647481574153229,0.000627105944090112,0.00072511887004541,TRUE
0.2,549,-0.000217819737221234,-0.000221701557401834,-0.000439521294623068,-0.000495925418188675,TRUE
0.2,550,-0.000253641232195024,0.000276752684670693,0.0000231114524756695,0.0000257604531988476,TRUE
0.2,551,-0.000557050462899899,0.000491571473648936,-0.0000654789892509632,-0.0000757348950713672,TRUE
0.2,552,-0.000367608749409692,0.000148346248578874,-0.000219262500830818,-0.00024923239650519,TRUE
0.2,553,-0.000541488473821153,-0.00117157424488078,-0.00171306271870193,-0.00214162162750348,TRUE
0.2,554,-0.000439390048278768,0.000238855852845462,-0.000200534195433305,-0.000226498786081243,TRUE
0.2,555,0.0000678498596261048,0.000168104378303641,0.000235954237929746,0.000262016896039202,TRUE
0.2,556,-0.000531483276594583,0.000367055115895223,-0.000164428160699361,-0.0001934546287579,TRUE
0.2,557,0.00074409121626777,0.000662233859691365,0.00140632507595913,0.00162848799915096,TRUE
0.2,558,-0.00117337206127513,-0.000466565590528173,-0.0016399376518033,-0.00208018298120766,TRUE
0.2,559,-0.00032057879847774,0.000039468060101553,-0.000281110738376187,-0.00031809763692896,TRUE
0.2,560,-0.000958031412465094,-0.000491063718387265,-0.00144909513085236,-0.00167924870240132,TRUE
0.2,561,-0.000998315715240106,0.000206005622247105,-0.000792310092993001,-0.000957912787103762,TRUE
0.2,562,-0.000377417693020166,0.000374964700300872,-0.00000245299271929442,-0.00000280672135761714,TRUE
0.2,563,0.000382780651674658,0.00142682969455349,0.00180961034622814,0.0019262316926907,TRUE
0.2,564,-0.000748582884839389,0.00063547721794458,-0.00011310566689481,-0.000130198890960603,TRUE
0.2,565,0.00069503654264888,-0.000778827310143461,-0.0000837907674945813,-0.0000980760653058231,TRUE
0.2,566,-0.000538294452505088,-0.000473803430352313,-0.0010120978828574,-0.0011572470643813,TRUE
0.2,567,-0.00041459949835944,-0.0000307098120887303,-0.00044530931044817,-0.000491621118711439,TRUE
0.2,568,-0.000389115346299071,0.000561471742029849,0.000172356395730778,0.00019592481613867,TRUE
0.2,569,-0.000383981188671474,0.0000379747578444861,-0.000346006430826988,-0.000388085218139036,TRUE
0.2,570,-0.000714909785373537,0.000912441892516853,0.000197532107143316,0.000235433595436621,TRUE
0.2,571,0.0000348746705182209,-0.0000851992737093232,-0.0000503246031911023,-0.0000561444889016162,TRUE
0.2,572,-0.00037940148399336,-0.000392499884749278,-0.000771901368742638,-0.000891541489045823,TRUE
0.2,573,-0.0000833205444993986,0.000186567958257236,0.000103247413757838,0.000116266619085064,TRUE
0.2,574,-0.00117654539557773,0.0000500254515551393,-0.00112651994402259,-0.00136808359711862,TRUE
0.2,575,-0.000401867116156039,-0.000232586873537437,-0.000634453989693476,-0.000709730696951281,TRUE
0.2,576,-0.000800991593370637,-0.00104398719625139,-0.00184497878962203,-0.00219445425872417,TRUE
0.2,577,-0.000217662000174847,-0.000695029974072153,-0.000912691974247,-0.00102594411399487,TRUE
0.2,578,-0.000209102207916905,-0.000139828121936221,-0.000348930329853126,-0.000391850697575118,TRUE
0.2,579,-0.000966989753725599,-0.00000899415547463922,-0.000975983909200239,-0.00113040043340786,TRUE
0.2,580,0.000326730052219867,-0.00056818571098978,-0.000241455658769913,-0.000269922003057303,TRUE
0.2,581,-0.0012387710506037,-0.000440771977100417,-0.00167954302770412,-0.00202525704046698,TRUE
0.2,582,0.000119621351566837,-0.000421600031582538,-0.000301978680015701,-0.000338138405740539,TRUE
0.2,583,-0.00121573551036735,-0.0006080731791266,-0.00182380868949395,-0.00221496608331721,TRUE
0.2,584,-0.0006762774931154,-0.000504902514132145,-0.00118118000724754,-0.00134831059416296,TRUE
0.2,585,-0.000218202668608109,0.000725041935992672,0.000506839267384563,0.000570790619577131,TRUE
0.2,586,0.000134026721928635,-0.0000000374495045057391,0.00013398927242413,0.000148228910890445,TRUE
0.2,587,-0.00069829807765192,-0.000480872792539904,-0.00117917087019182,-0.00137741535213691,TRUE
0.2,588,-0.000689709302213458,-0.000341221382316558,-0.00103093068453002,-0.00118584432906437,TRUE
0.2,589,0.000336102805441781,-0.000415345782925147,-0.0000792429774833657,-0.0000894035550084524,TRUE
0.2,590,-0.00133124430138827,0.000889747669415174,-0.000441496631973094,-0.000600746554175927,TRUE
0.2,591,-0.000108433325113838,-0.00045032002195775,-0.000558753347071588,-0.000625396153752743,TRUE
0.2,592,-0.000175781715555503,-0.0000750959721099299,-0.000250877687665433,-0.000284062794902163,TRUE
0.2,593,-0.000507053637803065,0.000268186054186708,-0.000238867583616358,-0.000273592187568543,TRUE
0.2,594,0.000211521046987063,0.0011431623820379,0.00135468342902496,0.00156200980227724,TRUE
0.2,595,-0.000874737276510861,-0.000181116938761384,-0.00105585421527224,-0.00123785657136684,TRUE
0.2,596,0.000528966888826819,-0.000227005569880442,0.000301961318946377,0.000347265724891551,TRUE
0.2,597,-0.000258347559787173,0.000624284949256459,0.000365937389469286,0.00040758594785879,TRUE
0.2,598,-0.00000935949802712149,0.0000459664929344678,0.0000366069949073463,0.0000407965702047175,TRUE
0.2,599,-0.00111352851366582,-0.000401583410591203,-0.00151511192425703,-0.001790748154076,TRUE
0.2,600,0.000377303977577688,0.000442345627376703,0.000819649604954391,0.000897351525522952,TRUE
0.2,601,-0.000288456089475677,-0.000118298518811874,-0.000406754608287551,-0.00045819581285262,TRUE
0.2,602,-0.000134609417128418,0.000517900614868191,0.000383291197739774,0.000432904167794316,TRUE
0.2,603,-0.000633229800130152,0.0000334865500553954,-0.000599743250074756,-0.000678174883218149,TRUE
0.2,604,-0.000924389194546316,-0.000506101583953187,-0.0014304907784995,-0.00163499556448385,TRUE
0.2,605,-0.000500499246066719,0.000622466893285373,0.000121967647218654,0.000142403142302816,TRUE
0.2,606,-0.000323672715601354,0.000399298908233916,0.0000756261926325616,0.0000864747796577453,TRUE
0.2,607,-0.000229704992031733,-0.000326888987515578,-0.000556593979547312,-0.000619400409534925,TRUE
0.2,608,0.000633272929776166,0.000217483299811927,0.000850756229588093,0.000942761084790638,TRUE
0.2,609,-0.000617855962074126,0.000669415134324137,0.0000515591722500107,0.0000585094859790978,TRUE
0.2,610,0.000114813217080152,0.000211347459564786,0.000326160676644938,0.000360957350317445,TRUE
0.2,611,0.000533987051544019,0.000439460716629748,0.000973447768173767,0.0010469554978814,TRUE
0.2,612,-0.000609859322588407,0.000546226601223092,-0.0000636327213653159,-0.0000728120862056317,TRUE
0.2,613,0.000153007646426987,-0.000474158327755057,-0.000321150681328069,-0.000361417064540278,TRUE
0.2,614,-0.000476854956472572,-0.000351939265201704,-0.000828794221674276,-0.000947730605991003,TRUE
0.2,615,-0.000374483471488629,-0.000779426875606745,-0.00115391034709537,-0.00135083327224669,TRUE
0.2,616,0.000106284958628507,0.000176233055172878,0.000282518013801385,0.000314462969888205,TRUE
0.2,617,-0.000165643307167466,-0.000247747838677692,-0.000413391145845158,-0.000465655351201329,TRUE
0.2,618,-0.00144551682535644,-0.00026722133530864,-0.00171273816066508,-0.00204319445522177,TRUE
0.2,619,-0.000990360330410678,0.0000309162011200543,-0.000959444129290624,-0.0011402782155293,TRUE
0.2,620,-0.00106753820860634,-0.00177965940972743,-0.00284719761833378,-0.00338730826963368,TRUE
0.2,621,-0.0000635729597820165,0.000305757402294417,0.000242184442512401,0.000272606432651509,TRUE
0.2,622,0.000853648671858501,0.000252410504151204,0.00110605917600971,0.00126962796336605,TRUE
0.2,623,0.000582110899382387,0.000165201747320387,0.000747312646702774,0.000807327489403702,TRUE
0.2,624,-0.000363259060423537,0.000448379474388123,0.000085120413964586,0.0000957572890616082,TRUE
0.2,625,-0.00173526096559307,-0.0002231478757066,-0.00195840884129967,-0.00271004446488765,TRUE
0.2,626,0.000276592804737769,-0.0000722091318159951,0.000204383672921774,0.000227216512456084,TRUE
0.2,627,0.000418636337686218,0.000159784449430284,0.000578420787116501,0.000640242130325533,TRUE
0.2,628,-0.000746124106706315,-0.0000466098410647997,-0.000792733947771115,-0.000914033956775428,TRUE
0.2,629,0.00029136354149723,0.000265840400021343,0.000557203941518573,0.000640218305865746,TRUE
0.2,630,-0.00105023553522175,-0.000338240979088285,-0.00138847651431003,-0.0016317746947863,TRUE
0.2,631,-0.000259114085960521,0.0000328329480566635,-0.000226281137903858,-0.000253155917471679,TRUE
0.2,632,-0.0000671384094014214,-0.000184182021866447,-0.000251320431267869,-0.000284438792371947,TRUE
0.2,633,0.000401474000505796,-0.000214921485451594,0.000186552515054201,0.000206378941191014,TRUE
0.2,634,0.0000573183508122475,0.000463329891889674,0.000520648242701922,0.000557120474276972,TRUE
0.2,635,0.000210161222833665,0.00111237984077985,0.00132254106361351,0.00147809353268552,TRUE
0.2,636,0.000150188434764509,0.000968025350727121,0.00111821378549163,0.00122843380237734,TRUE
0.2,637,0.000140381747690688,0.000786184410200384,0.000926566157891072,0.00100357138997031,TRUE
0.2,638,0.000285756033393259,0.000643237010669921,0.00092899304406318,0.00100465790254674,TRUE
0.2,639,-0.00104609846071928,-0.000134418749489081,-0.00118051721020836,-0.00131352881970653,TRUE
0.2,640,-0.0000123014500255317,0.0000151239362494957,0.00000282248622396399,0.0000031436489643794,TRUE
0.2,641,0.000250279691974074,-0.000589967447825808,-0.000339687755851734,-0.000381563483256049,TRUE
0.2,642,-0.000514259903423329,0.000725428934149385,0.000211169030726056,0.000247977825773752,TRUE
0.2,643,-0.000960601360373046,-0.000785459678250058,-0.0017460610386231,-0.00196249241114752,TRUE
0.2,644,-0.000259637296223641,0.00045575627718024,0.000196118980956599,0.000219630109353256,TRUE
0.2,645,0.000290030095887202,0.000721745730779128,0.00101177582666633,0.00113125717827168,TRUE
0.2,646,-0.000585864499108775,0.000134139486171071,-0.000451725012937704,-0.000531483891008771,TRUE
0.2,647,-0.000600701531856464,0.000541474792847557,-0.0000592267390089075,-0.0000677344215850263,TRUE
0.2,648,-0.000588798265802269,0.000276814240497263,-0.000311984025305007,-0.000360107771584122,TRUE
0.2,649,0.000152698210287879,0.0000733269832515193,0.000226025193539398,0.000252136994682623,TRUE
0.2,650,-0.000220806725718301,-0.00123249755100688,-0.00145330427672518,-0.00174941527274059,TRUE
0.2,651,0.000455886606367747,0.000325270123761167,0.000781156730128914,0.000876752465334663,TRUE
0.2,652,-0.000901076437146927,-0.00106047469961152,-0.00196155113675845,-0.00228630828907319,TRUE
0.2,653,-0.000807726751803579,0.000724095639674763,-0.000083631112128815,-0.0000957635068846966,TRUE
0.2,654,0.000371288813094808,0.000634247390325923,0.00100553620342073,0.00109847065269536,TRUE
0.2,655,0.000390397144068462,0.00063415391780322,0.00102455106187168,0.00112946894111653,TRUE
0.2,656,-0.000888701576926923,-0.00102667818564939,-0.00191537976257632,-0.00237463710458211,TRUE
0.2,657,-0.00040627994825996,0.000122630884713571,-0.000283649063546389,-0.000319258959546509,TRUE
0.2,658,-0.000205120687370909,0.00054063500659505,0.000335514319224141,0.000373574992837792,TRUE
0.2,659,-0.000434003189646212,-0.000247773502276317,-0.000681776691922529,-0.000785548341244292,TRUE
0.2,660,-0.000721222733296737,-0.000525672593017354,-0.00124689532631409,-0.00138109487288923,TRUE
0.2,661,-0.00025936885092843,0.000694134289397007,0.000434765438468578,0.00051249780979316,TRUE
0.2,662,-0.0000414594864419876,0.000175943447028264,0.000134483960586277,0.000151531966717531,TRUE
0.2,663,-0.000968975919723173,-0.000331022331144859,-0.00129999825086803,-0.00147848881260551,TRUE
0.2,664,-0.000668860475946593,0.000122350363384838,-0.000546510112561755,-0.000640063121432735,TRUE
0.2,665,-0.000771337544556947,-0.000358987136332372,-0.00113032468088932,-0.00133008777263722,TRUE
0.2,666,-0.000342601640279684,0.00045647579819201,0.000113874157912326,0.000129937180901772,TRUE
0.2,667,-0.000190091232008698,-0.00176439056977547,-0.00195448180178417,-0.00220984168515045,TRUE
0.2,668,-0.0000502519202113339,-0.000362464648979014,-0.000412716569190348,-0.000470210196290072,TRUE
0.2,669,0.000967172013453332,0.000879646642524532,0.00184681865597786,0.00212765799149623,TRUE
0.2,670,0.000184046088832604,-0.000719161503513619,-0.000535115414681014,-0.000604397932224531,TRUE
0.2,671,-0.000432689136499326,0.000735503988012419,0.000302814851513093,0.000343239291184897,TRUE
0.2,672,-0.000368987322592919,0.000720517929836008,0.000351530607243089,0.000405651100484409,TRUE
0.2,673,-0.000134216751065632,-0.000025740990707778,-0.00015995774177341,-0.000179309537998614,TRUE
0.2,674,0.000154826474594192,0.000716282976012807,0.000871109450606999,0.000970156791620654,TRUE
0.2,675,-0.000136879951368652,-0.0004306735107204,-0.000567553462089052,-0.000647032782807086,TRUE
0.2,676,-0.000603762385852774,0.000417874753270864,-0.00018588763258191,-0.000218071071491486,TRUE
0.2,677,-0.000952286686828108,0.000512384003360243,-0.000439902683467865,-0.000505939941782133,TRUE
0.2,678,-0.00143154974274803,-0.000994983662851549,-0.00242653340559958,-0.00309683787517305,TRUE
0.2,679,-0.000167146057947784,-0.000459861165989345,-0.00062700722393713,-0.000699717883641315,TRUE
0.2,680,-0.00017109302995861,-0.000633032645436818,-0.000804125675395428,-0.000919181336474325,TRUE
0.2,681,-0.00112260218756925,-0.000805119549692564,-0.00192772173726182,-0.00239268010329613,TRUE
0.2,682,-0.0000178091424974222,-0.000214032768923571,-0.000231841911420993,-0.000258605684001845,TRUE
0.2,683,0.000292869282567526,0.000326613388119329,0.000619482670686855,0.000693853048185255,TRUE
0.2,684,-0.000932397344562408,0.0000364109927118919,-0.000895986351850516,-0.00102545317883032,TRUE
0.2,685,-0.000217105193535432,0.000245171824928079,0.0000280666313926473,0.0000318305889744924,TRUE
0.2,686,-0.000217667304262409,0.000526007860699067,0.000308340556436659,0.00035210156114365,TRUE
0.2,687,0.000305561484033709,-0.000531033517334312,-0.000225472033300603,-0.000253849359678914,TRUE
0.2,688,0.0000705947585282727,0.000847785823359104,0.000918380581887377,0.00103488530916243,TRUE
0.2,689,-0.000278996087075957,-0.000668947115659171,-0.000947943202735128,-0.00103759734435263,TRUE
0.2,690,-0.000103889142615388,-0.00108058890931692,-0.00118447805193231,-0.00137781481426034,TRUE
0.2,691,-0.000784968700396199,-0.0000537319332549648,-0.000838700633651163,-0.000953344809417133,TRUE
0.2,692,-0.00049946784568084,0.000428735069742596,-0.0000707327759382444,-0.0000801479257553304,TRUE
0.2,693,-0.000243812121623143,-0.000232166928345022,-0.000475979049968166,-0.000544710735300877,TRUE
0.2,694,-0.000823553503406069,-0.000438490145430693,-0.00126204364883676,-0.0015007209354773,TRUE
0.2,695,-0.000493401056996969,0.000602951959147016,0.000109550902150047,0.000126619722259765,TRUE
0.2,696,0.000213709733758344,-0.000407116170775875,-0.000193406437017531,-0.000217886080249602,TRUE
0.2,697,-0.000183178291959291,-0.00000899678803775477,-0.000192175079997046,-0.000217251322001994,TRUE
0.2,698,-0.000103441622378592,0.0000507625798178736,-0.0000526790425607188,-0.0000588127773973948,TRUE
0.2,699,0.000151369411162295,0.000279255585097751,0.000430624996260046,0.000473286624545692,TRUE
0.2,700,0.00011393680901129,-0.000370184916850522,-0.000256248107839232,-0.000289764666576079,TRUE
0.2,701,-0.0001179721843772,-0.000440063516511177,-0.000558035700888377,-0.000616871744170414,TRUE
0.2,702,0.000275512170728609,-0.0000511698353723621,0.000224342335356247,0.000247878153916857,TRUE
0.2,703,-0.000970084207559637,0.000149127038720586,-0.00082095716883905,-0.000985360040432269,TRUE
0.2,704,-0.00011957782282773,0.00066378114953437,0.000544203326706639,0.000618148332858578,TRUE
0.2,705,0.000204947461143251,0.000910315632471353,0.0011152630936146,0.00127067339799561,TRUE
0.2,706,-0.000410659925447468,-0.0000782202048124318,-0.0004888801302599,-0.000548371769406184,TRUE
0.2,707,-0.000716414325717103,0.000095249212933584,-0.000621165112783519,-0.000691470768164536,TRUE
0.2,708,-0.000598827279708045,-0.000255877670806547,-0.000854704950514592,-0.000965787072356906,TRUE
0.2,709,-0.000359646322759878,-0.000852675794457245,-0.00121232211721712,-0.00142752360908547,TRUE
0.2,710,-0.000196983811720739,-0.000284743021540301,-0.00048172683326104,-0.000544274459758662,TRUE
0.2,711,-0.00142630734501388,-0.00026563359159763,-0.00169194093661151,-0.00202430310284232,TRUE
0.2,712,-0.000137923886528405,0.000555584839746052,0.000417660953217648,0.000479300899578737,TRUE
0.2,713,-0.000385154596838318,-0.000279826124623879,-0.000664980721462197,-0.000745401877703435,TRUE
0.2,714,-0.000287515599986605,0.000532705112682091,0.000245189512695486,0.000280915371331071,TRUE
0.2,715,0.000120787418595178,-0.000130353678895269,-0.00000956626030009117,-0.0000106608967043411,TRUE
0.2,716,-0.000452112106269838,0.000640971785063535,0.000188859678793697,0.00021818960803604,TRUE
0.2,717,0.000631626466360052,0.00166950444584448,0.00230113091220454,0.0025310199729984,TRUE
0.2,718,-0.000714062567766404,-0.000644562327338144,-0.00135862489510455,-0.00165095682838629,TRUE
0.2,719,0.00000450233937162737,-0.0000996898065697141,-0.0000951874671980868,-0.000105620301274227,TRUE
0.2,720,0.000495127443548692,0.000200936604840346,0.000696064048389038,0.000761154382842842,TRUE
0.2,721,-0.000205584800008522,0.000963195071601688,0.000757610271593166,0.000878466531320253,TRUE
0.2,722,0.00018671494376074,0.0000568961348279225,0.000243611078588662,0.000270663528771094,TRUE
0.2,723,0.000109653776976733,-0.00058151687354414,-0.000471863096567407,-0.00053085208833314,TRUE
0.2,724,0.000032776071145017,0.000267647955928331,0.000300424027073348,0.000337038707383209,TRUE
0.2,725,0.000196601979921419,0.000199285729862815,0.000395887709784234,0.00043555736241238,TRUE
0.2,726,0.000476994517337967,0.000284884798088399,0.000761879315426366,0.000825353564857448,TRUE
0.2,727,-0.000611863368651683,-0.000198469479105671,-0.000810332847757354,-0.000945374407753219,TRUE
0.2,728,-0.0000104021170471933,0.000412093590528934,0.000401691473481741,0.000448392419433068,TRUE
0.2,729,0.000201162405289806,-0.00030682894147307,-0.000105666536183265,-0.000118987755334887,TRUE
0.2,730,0.000459135224078085,-0.000445327429576861,0.0000138077945012239,0.0000151689420364442,TRUE
0.2,731,-0.000789410330389229,-0.000649489265863802,-0.00143889959625303,-0.00161542726136005,TRUE
0.2,732,-0.000582996541203963,0.000683361036954518,0.000100364495750556,0.000118143000442518,TRUE
0.2,733,0.000833831134872561,-0.000140665145802292,0.000693165989070269,0.000758892854283233,TRUE
0.2,734,-0.0000243100494331728,-0.000543220237131543,-0.000567530286564716,-0.000658199062593587,TRUE
0.2,735,-0.0010173722737312,-0.000180678518365332,-0.00119805079209653,-0.00147455277227458,TRUE
0.2,736,-0.0004896531339978,0.000731919116951247,0.000242265982953447,0.000277455413567889,TRUE
0.2,737,-0.000236400001078593,0.000433223131783882,0.000196823130705288,0.000225821262773388,TRUE
0.2,738,-0.00102944987763481,-0.0006890195754018,-0.00171846945303661,-0.00212392276688671,TRUE
0.2,739,-0.000700361161888529,0.000668058466075894,-0.0000323026958126357,-0.000038854327090866,TRUE
0.2,740,-0.000882647592724989,-0.000734485761637148,-0.00161713335436214,-0.00190961395808784,TRUE
0.2,741,0.000433578920387531,0.00110376507748706,0.00153734399787459,0.00164262937376613,TRUE
0.2,742,0.00000177017918917252,-0.00058519899748768,-0.000583428818298507,-0.000659208575120856,TRUE
0.2,743,-0.0000616602494558157,-0.000308106513404607,-0.000369766762860423,-0.000411796842352101,TRUE
0.2,744,-0.000155039956184362,-0.000384777905232817,-0.000539817861417179,-0.000595273644901849,TRUE
0.2,745,-0.00116441434076682,-0.00156675257889505,-0.00273116691966187,-0.00346125161933626,TRUE
0.2,746,0.000148872321668042,0.000728242005692707,0.000877114327360749,0.000973056012123522,TRUE
0.2,747,-0.000467661671847827,-0.000704077305283837,-0.00117173897713166,-0.00134965804830701,TRUE
0.2,748,-0.000760728776142981,-0.000693198914436809,-0.00145392769057979,-0.0016776295318643,TRUE
0.2,749,0.000455776848231754,0.0000227004218171949,0.000478477270048948,0.000522852529831582,TRUE
0.2,750,0.000917805103994082,0.000996428087872904,0.00191423319186699,0.00220613923520141,TRUE
0.2,751,-0.00170812825178733,-0.000986980057029682,-0.00269510830881701,-0.00310773613538834,TRUE
0.2,752,-0.000280893445262775,-0.000880396090931001,-0.00116128953619378,-0.0012868893942493,TRUE
0.2,753,-0.000329033516186984,-0.000987924304859048,-0.00131695782104603,-0.00147511487868368,TRUE
0.2,754,-0.0000748094983994047,-0.000692311628976992,-0.000767121127376397,-0.000851225816868799,TRUE
0.2,755,0.000970549303023506,0.00118954301044977,0.00216009231347327,0.00241191040835236,TRUE
0.2,756,0.000313311563059127,0.000481424402158711,0.000794735965217838,0.000870010956469464,TRUE
0.2,757,-0.000204859546056908,0.000141843929736758,-0.0000630156163201505,-0.0000706293041686309,TRUE
0.2,758,-0.000598747289819092,-0.000392821228041893,-0.000991568517860985,-0.00112661981753756,TRUE
0.2,759,0.000657176243704233,0.000388591157876519,0.00104576740158075,0.00115332893830982,TRUE
0.2,760,-0.000190659957215385,-0.000310186290248273,-0.000500846247463659,-0.00055569112675351,TRUE
0.2,761,-0.00019939371693499,-0.00124430532133379,-0.00144369903826878,-0.00175284877100001,TRUE
0.2,762,-0.00107230134919332,0.000363652409831677,-0.00070864893936164,-0.000826274805048447,TRUE
0.2,763,-0.000537803134439387,-0.00115792316238674,-0.00169572629682613,-0.00190395695274927,TRUE
0.2,764,0.000286075622831649,0.000153915180580242,0.000439990803411892,0.000494379899854156,TRUE
0.2,765,-0.000398014053257269,0.000203215708434144,-0.000194798344823125,-0.000219348086747245,TRUE
0.2,766,-0.000544575968670883,-0.000795243177209786,-0.00133981914588067,-0.00152139094569588,TRUE
0.2,767,-0.000871363172501361,0.000184008813319494,-0.000687354359181866,-0.000833988852958662,TRUE
0.2,768,0.00046829131561791,0.000764691720382112,0.00123298303600002,0.00143420484316559,TRUE
0.2,769,-0.000124690259093173,0.00126443557838546,0.00113974531929229,0.00130468815848521,TRUE
0.2,770,-0.000828134125567645,-0.000215868315281708,-0.00104400244084935,-0.0012441520810104,TRUE
0.2,771,0.000818549106080162,0.000573087971919854,0.00139163707800002,0.00146522421855376,TRUE
0.2,772,-0.0000421289352325683,0.0000100835430484701,-0.0000320453921840981,-0.0000358432032035207,TRUE
0.2,773,0.00000275588443498774,-0.0000895508146206997,-0.0000867949301857119,-0.0000968294343564239,TRUE
0.2,774,-0.000605730791295553,0.000717005910766817,0.000111275119471265,0.000131942530112311,TRUE
0.2,775,0.000607469738082271,0.000134367284997967,0.000741837023080238,0.000810985393915379,TRUE
0.2,776,-0.000192604866197379,0.000665487204217575,0.000472882338020196,0.000540505994595114,TRUE
0.2,777,-0.00036293212758401,0.000223137318115692,-0.000139794809468318,-0.000158519430463266,TRUE
0.2,778,0.000713182270317441,0.00061736350065882,0.00133054577097626,0.0014224093111999,TRUE
0.2,779,0.000337241087934946,0.000373599073887541,0.000710840161822487,0.000765297748397728,TRUE
0.2,780,-0.000855733697488927,0.000190279191037577,-0.00066545450645135,-0.000761685768902377,TRUE
0.2,781,0.000174126703241438,0.00129844449240423,0.00147257119564567,0.00179211801701493,TRUE
0.2,782,0.00111389763256271,0.000950147548658451,0.00206404518122116,0.00229222902169427,TRUE
0.2,783,0.00132889482004224,0.000295422605624832,0.00162431742566708,0.00175950813752301,TRUE
0.2,784,-0.00000576529476962391,0.000555318014110727,0.000549552719341104,0.000612732367692297,TRUE
0.2,785,0.000830969538320372,0.000808728491102664,0.00163969802942304,0.00171836398108962,TRUE
0.2,786,-0.000869950318110633,-0.000763189765332605,-0.00163314008344324,-0.00187228623736944,TRUE
0.2,787,-0.000305861759909304,-0.000780149938612963,-0.00108601169852227,-0.00135637534879992,TRUE
0.2,788,0.000437138486782303,0.000497784729452366,0.000934923216234668,0.0010330822725713,TRUE
0.2,789,-0.000295547282605734,-0.000467294022203839,-0.000762841304809573,-0.00086087256605742,TRUE
0.2,790,-0.000801024591343857,0.000239537145297047,-0.00056148744604681,-0.000629076569696614,TRUE
0.2,791,-0.00121593980118189,-0.000784138872094842,-0.00200007867327674,-0.00222198938283478,TRUE
0.2,792,0.000103749148263864,0.000206704896277675,0.000310454044541539,0.000345990004710649,TRUE
0.2,793,-0.000021653952166206,-0.0000118176187377599,-0.000033471570903966,-0.0000373853595942334,TRUE
0.2,794,0.00057190626516201,0.000270701323796886,0.000842607588958896,0.000949096706078428,TRUE
0.2,795,0.0000877109324400699,0.000163532238988101,0.000251243171428171,0.000276698795428932,TRUE
0.2,796,0.0012699130732513,0.000711523617777126,0.00198143669102843,0.00224753483240162,TRUE
0.2,797,-0.000522273417755965,-0.000130933506960686,-0.00065320692471665,-0.000742331075288743,TRUE
0.2,798,-0.00122550886952393,-0.00198305895459745,-0.00320856782412138,-0.00407720318484649,TRUE
0.2,799,-0.000521997115504151,0.00048311277076171,-0.0000388843447424408,-0.0000456953172572872,TRUE
0.2,800,-0.0000652216554999355,-0.000149446516821726,-0.000214668172321662,-0.000240113948881739,TRUE
0.2,801,-0.00016347555794462,-0.00020813654623711,-0.000371612104181731,-0.000411675215758268,TRUE
0.2,802,0.000235542908065812,-0.0000763452739157147,0.000159197634150098,0.000176008399916717,TRUE
0.2,803,-0.000294866789805329,0.000136157812456587,-0.000158708977348742,-0.00017772449540265,TRUE
0.2,804,-0.0000825343127116682,-0.0000665808786569218,-0.00014911519136859,-0.000167779062177675,TRUE
0.2,805,-0.00125359807588416,-0.000839722507811025,-0.00209332058369519,-0.00254602368812023,TRUE
0.2,806,-0.0000769929176427612,-0.000366147710253271,-0.000443140627896032,-0.000495748539898872,TRUE
0.2,807,0.000647212364447898,0.000378190941233463,0.00102540330568136,0.00116344041603519,TRUE
0.2,808,0.000200434432814091,0.000191856166664043,0.000392290599478134,0.000429180639141879,TRUE
0.2,809,-0.00114407721249806,-0.00037413239459632,-0.00151820960709438,-0.00177793469265748,TRUE
0.2,810,0.000112552210026149,-0.0000727883121013862,0.0000397638979247631,0.0000445907008185073,TRUE
0.2,811,0.000616243017208676,0.000159593931762693,0.000775836948971369,0.00087327493288751,TRUE
0.2,812,-0.000665879585847984,0.000284754919814843,-0.000381124666033141,-0.000449060089336364,TRUE
0.2,813,-0.000432305722117576,0.000213862479818356,-0.00021844324229922,-0.000248802091971562,TRUE
0.2,814,-0.000412560482271316,0.000104177717805433,-0.000308382764465883,-0.000351685804730975,TRUE
0.2,815,0.00016107874704497,0.00107524280040881,0.00123632154745378,0.00149751469654199,TRUE
0.2,816,-0.000225396455912656,0.000382843104748125,0.000157446648835469,0.000178980260918343,TRUE
0.2,817,0.000780686734044105,0.00114792364051773,0.00192861037456183,0.00213788576314324,TRUE
0.2,818,-0.000283726662850234,-0.000245440423150319,-0.000529167086000553,-0.0005920445919867,TRUE
0.2,819,0.000580031458781547,-0.000123393016205704,0.000456638442575843,0.000510479156911223,TRUE
0.2,820,-0.000204982559710185,-0.000362997121524544,-0.000567979681234728,-0.000621666508296896,TRUE
0.2,821,0.000770561147445876,0.000346268218341038,0.00111682936578691,0.00119139834143687,TRUE
0.2,822,-0.000744011098653406,-0.000381648283046037,-0.00112565938169944,-0.0013124954213307,TRUE
0.2,823,0.000448821779502807,0.000613097223252221,0.00106191900275503,0.00121770975336962,TRUE
0.2,824,0.000767161370102373,0.000720873439229086,0.00148803480933146,0.00158461506739195,TRUE
0.2,825,0.0000633852917572226,0.000854996494182016,0.000918381785939239,0.00101442894104323,TRUE
0.2,826,0.000226886253347973,0.0000890259138319387,0.000315912167179911,0.000348138931987798,TRUE
0.2,827,0.000235400234267091,0.000327379072755083,0.000562779307022174,0.000630511594561854,TRUE
0.2,828,-0.00112480223359826,-0.000328047048835781,-0.00145284928243404,-0.00178275865960159,TRUE
0.2,829,-0.000186614686615863,0.000617868417969123,0.000431253731353259,0.000495953298281589,TRUE
0.2,830,-0.000357577945334285,0.000591078407009593,0.000233500461675307,0.000266369747839086,TRUE
0.2,831,0.000199738200440597,-0.000252020608804954,-0.0000522824083643576,-0.0000581860091390265,TRUE
0.2,832,-0.000390991408029705,0.000104968048769839,-0.000286023359259866,-0.000330494509898799,TRUE
0.2,833,-0.000284987452342538,0.000287229786003138,0.00000224233366059943,0.00000253427393966381,TRUE
0.2,834,-0.00038296070474713,-0.000445988150936331,-0.000828948855683461,-0.000943905075236275,TRUE
0.2,835,-0.00106035826026972,-0.0000297037597757474,-0.00109006202004547,-0.00120993827266981,TRUE
0.2,836,0.000517749720309288,0.000826450413303965,0.00134420013361325,0.00151398551913549,TRUE
0.2,837,-0.000559651102066057,0.000620202082899007,0.0000605509808329505,0.0000696332614436764,TRUE
0.2,838,-0.000559902580514482,-0.000168558505441065,-0.000728461085955547,-0.000819635461886402,TRUE
0.2,839,-0.00018540735680417,-0.000454134479590304,-0.000639541836394474,-0.00070480177126407,TRUE
0.2,840,-0.000700737368891492,-0.00051967911853384,-0.00122041648742533,-0.00141557266050417,TRUE
0.2,841,0.00000953789097129157,-0.000765390193676425,-0.000755852302705133,-0.000832933556971759,TRUE
0.2,842,0.000156190121620464,-0.000796279800964264,-0.000640089679343799,-0.000739233410444019,TRUE
0.2,843,-0.000277481406093388,-0.000349674151097168,-0.000627155557190556,-0.000701469954549093,TRUE
0.2,844,0.0000131356590547735,-0.000182041356990321,-0.000168905697935548,-0.000188509383848452,TRUE
0.2,845,0.0000342330016794534,-0.000784689270034394,-0.000750456268354941,-0.00082571110963026,TRUE
0.2,846,0.000540702590183078,0.000339477854118763,0.000880180444301842,0.001002382718494,TRUE
0.2,847,-0.00018804908761747,-0.0000121774220489763,-0.000200226509666446,-0.000224506043034496,TRUE
0.2,848,-0.000953108882423701,0.0000604586832531882,-0.000892650199170513,-0.00104000536184808,TRUE
0.2,849,-0.0000109136107533334,0.000691639645333643,0.000680726034580309,0.000757226330113886,TRUE
0.2,850,0.000102765420899042,0.00066666547832887,0.000769430899227912,0.00087325819302436,TRUE
0.2,851,0.000240168547829869,0.000468061794289325,0.000708230342119194,0.000790694306947519,TRUE
0.2,852,-0.00026502447151385,0.000316830215917859,0.0000518057444040097,0.0000592019004961027,TRUE
0.2,853,-0.0000287426219584646,0.000180916015809683,0.000152173393851219,0.000170229659402903,TRUE
0.2,854,-0.000214000147091731,0.000256900173950786,0.0000429000268590552,0.0000486039802979405,TRUE
0.2,855,0.000575064142896286,0.000710647304311616,0.0012857114472079,0.00142664385993924,TRUE
0.2,856,-0.000489152430316441,-0.000483606585604109,-0.00097275901592055,-0.00110347436711249,TRUE
0.2,857,-0.000227427003413418,0.000279619258798628,0.0000521922553852101,0.0000590013711311538,TRUE
0.2,858,0.000297556759403236,0.0000164446652603559,0.000314001424663592,0.000347700001775438,TRUE
0.2,859,-0.000206322919944595,-0.000372586759303523,-0.000578909679248119,-0.000658951037879717,TRUE
0.2,860,0.000377399947853707,-0.000166344196370359,0.000211055751483348,0.000233305464646966,TRUE
0.2,861,-0.0000462726692064822,0.000673184569995546,0.000626911900789064,0.000689571382139438,TRUE
0.2,862,-0.000320259834852707,0.000860181163497446,0.000539921328644739,0.000623110131928375,TRUE
0.2,863,-0.000243256950731157,-0.000600960795769629,-0.000844217746500786,-0.000954408068891038,TRUE
0.2,864,0.000677621227848728,-0.000478608806038799,0.000199012421809929,0.000232713930370322,TRUE
0.2,865,0.000505384435926327,0.000303433254511852,0.000808817690438179,0.000897605882895576,TRUE
0.2,866,0.000108486748027611,-0.0000671347957904605,0.0000413519522371501,0.0000459228323411701,TRUE
0.2,867,-0.000115064490262213,0.0011020592500059,0.000986994759743688,0.00114081503552258,TRUE
0.2,868,-0.000544110078013099,0.000198589044468168,-0.000345521033544932,-0.000396344496674417,TRUE
0.2,869,-0.000195817598944487,0.000484692847110351,0.000288875248165863,0.000324325042005756,TRUE
0.2,870,0.000518526214994667,0.0000951296321412458,0.000613655847135913,0.000657671622698046,TRUE
0.2,871,-0.000168211341193271,0.000280882790481736,0.000112671449288465,0.00012700258638772,TRUE
0.2,872,-0.000537916852906969,0.00044693923537188,-0.0000909776175350887,-0.000107782087485728,TRUE
0.2,873,-0.000161990224387585,-0.00010624218229029,-0.000268232406677875,-0.000297920714648744,TRUE
0.2,874,0.000412465697987523,-0.000425378279513449,-0.000012912581525926,-0.0000145363605275666,TRUE
0.2,875,-0.000232174495130046,0.000434936741706772,0.000202762246576725,0.000230468345693171,TRUE
0.2,876,0.000891781836396555,0.000199912395103255,0.00109169423149981,0.00126637553930109,TRUE
0.2,877,-0.00108454612979774,-0.000181162781184017,-0.00126570891098175,-0.0015067702412704,TRUE
0.2,878,0.000316414696673351,-0.000621761056096453,-0.000305346359423101,-0.000343648080384581,TRUE
0.2,879,-0.0007033053475526,-0.0000509620562620997,-0.000754267403814699,-0.000858922210993234,TRUE
0.2,880,0.000435863043060842,-0.000391410995105832,0.0000444520479550108,0.0000506690874102279,TRUE
0.2,881,-0.0000913910835508932,0.000493733936903338,0.000402342853352444,0.000444204178428174,TRUE
0.2,882,0.000322765189225261,0.000522933834412093,0.000845699023637354,0.000946682202418013,TRUE
0.2,883,-0.00010719075805725,0.00117198103597926,0.00106479027792201,0.00121348174190993,TRUE
0.2,884,-0.000703278414022887,-0.00052770126890903,-0.00123097968293192,-0.00141684939252175,TRUE
0.2,885,-0.00024517222777503,0.0000832524958692994,-0.000161919731905731,-0.000183484121467417,TRUE
0.2,886,0.000251949352447147,0.000185280558916211,0.000437229911363359,0.000483753760049256,TRUE
0.2,887,-0.000278958441613442,0.000150065872288557,-0.000128892569324886,-0.000148275955926934,TRUE
0.2,888,-0.000938607134117878,-0.000155446712873041,-0.00109405384699092,-0.00120694522419268,TRUE
0.2,889,0.0000540420543860594,0.000765916975184382,0.000819959029570441,0.000926568207414992,TRUE
0.2,890,-0.00177319118549797,-0.0000318570713015321,-0.00180504825679951,-0.0020749419530375,TRUE
0.2,891,-0.0000309064160766556,-0.000721557351630451,-0.000752463767707107,-0.000850990124057814,TRUE
0.2,892,-0.000279724968833859,-0.000162372231848371,-0.000442097200682229,-0.000495542035532721,TRUE
0.2,893,0.0000470687816926971,0.000223418502670754,0.000270487284363451,0.000300336535348786,TRUE
0.2,894,-0.000889513394530814,-0.000321597928420111,-0.00121111132295093,-0.00136715264860371,TRUE
0.2,895,-0.0000942615366698188,0.000603694344360004,0.000509432807690186,0.000569578793105544,TRUE
0.2,896,0.00118723830349429,-0.0000408798737304076,0.00114635842976388,0.00129338569479417,TRUE
0.2,897,0.00030665900654864,-0.000527762013964915,-0.000221103007416275,-0.000252636883559564,TRUE
0.2,898,-0.000691506521558996,0.000121633586834686,-0.00056987293472431,-0.00066551969423967,TRUE
0.2,899,-0.000170973387602707,0.000384932757047447,0.00021395936944474,0.000243004326957149,TRUE
0.2,900,-0.000379939224693826,-0.000180038563861882,-0.000559977788555708,-0.000642715880048089,TRUE
0.2,901,-0.000296338396777899,-0.000433161579347651,-0.00072949997612555,-0.000829058170679085,TRUE
0.2,902,-0.00123286490311244,0.000218930862789281,-0.00101393404032315,-0.00117701426542034,TRUE
0.2,903,0.0000158669558583965,-0.000315014264400247,-0.00029914730854185,-0.000336539559524702,TRUE
0.2,904,0.000987582514182854,0.000984109784796952,0.00197169229897981,0.00212131360334513,TRUE
0.2,905,0.0000939277976311079,0.000184456771300063,0.000278384568931171,0.000308658730537315,TRUE
0.2,906,0.000495902158992032,0.00000892170044305466,0.000504823859435086,0.000550486895848218,TRUE
0.2,907,-0.000535290969154298,-0.000810901081102204,-0.0013461920502565,-0.00147480808178832,TRUE
0.2,908,-0.000138065201756442,0.000188746023156211,0.0000506808213997687,0.0000565913248946415,TRUE
0.2,909,-0.000622553697686406,-0.000310612479750231,-0.000933166177436637,-0.00106029508416595,TRUE
0.2,910,-0.00075773941824297,0.000715303837480283,-0.0000424355807626875,-0.000052231565992495,TRUE
0.2,911,-0.000876517094147585,-0.000764723928884682,-0.00164124102303227,-0.00197959397205603,TRUE
0.2,912,-0.00098111495949691,0.000110663065025065,-0.000870451894471845,-0.00101864751868285,TRUE
0.2,913,-0.00101408617080615,-0.000959185829896407,-0.00197327200070256,-0.00223132684998138,TRUE
0.2,914,0.000485857511086704,0.000408271086537107,0.000894128597623811,0.00101075803690148,TRUE
0.2,915,-0.0000674498478148781,0.000360807806088058,0.00029335795827318,0.000327599712493608,TRUE
0.2,916,0.000166492566458255,-0.000979004411655586,-0.000812511845197332,-0.000984189893618244,TRUE
0.2,917,0.000401229196116574,-0.000281323400396924,0.00011990579571965,0.000134099105004205,TRUE
0.2,918,-0.0000738326971158014,-0.000974666586371603,-0.0010484992834874,-0.00121174571559738,TRUE
0.2,919,-0.000211582801354208,0.00017024125844797,-0.0000413415429062381,-0.0000469488605537995,TRUE
0.2,920,-0.000813057540869926,-0.000293363445595655,-0.00110642098646558,-0.00124970631370644,TRUE
0.2,921,-0.000225431366865751,-0.000349787430901978,-0.000575218797767729,-0.000652410534626919,TRUE
0.2,922,-0.00109189132190222,0.000122297957767235,-0.000969593364134984,-0.00118090413766961,TRUE
0.2,923,-0.0000466708593642267,0.000163673397115805,0.000117002537751578,0.000130243736873106,TRUE
0.2,924,0.000213088159251763,-0.000335536046793056,-0.000122447887541293,-0.000138930813537012,TRUE
0.2,925,-0.000117508228608447,0.000355039281123294,0.000237531052514847,0.000265804025125482,TRUE
0.2,926,-0.000438272872288889,0.000166538905344002,-0.000271733966944887,-0.00030753477587214,TRUE
0.2,927,-0.000320102453325546,-0.000626101092918561,-0.000946203546244107,-0.0010856439173623,TRUE
0.2,928,0.000265327683740072,-0.000350838246231246,-0.0000855105624911737,-0.0000948527613667186,TRUE
0.2,929,-0.000574310701847337,-0.000742473325814595,-0.00131678402766193,-0.00152551018553532,TRUE
0.2,930,0.000188038242541546,-0.000496314339276462,-0.000308276096734916,-0.000350776078151288,TRUE
0.2,931,-0.00000437113147921111,-0.000326831625090762,-0.000331202756569973,-0.000370865996109147,TRUE
0.2,932,-0.000553566440761676,0.000923651316739544,0.000370084875977867,0.000438936187509007,TRUE
0.2,933,-0.0000980855825061629,0.000165858739671838,0.0000677731571656747,0.0000757504846970848,TRUE
0.2,934,0.0000290048647346524,0.000140967796712522,0.000169972661447175,0.000190122718623564,TRUE
0.2,935,-0.0000299241147370314,-0.000130073846705368,-0.000159997961442399,-0.000179727231347451,TRUE
0.2,936,0.000974271020456818,0.00172333115552622,0.00269760217598303,0.00296003064281569,TRUE
0.2,937,0.000190560182073748,0.000189818184384809,0.000380378366458557,0.000425054059769426,TRUE
0.2,938,-0.0000924338993536072,-0.000569316178733209,-0.000661750078086816,-0.000764338823946141,TRUE
0.2,939,-0.000313426645453476,0.000166983142928311,-0.000146443502525165,-0.0001647023340081,TRUE
0.2,940,0.000152083639123539,-0.000252946095563083,-0.000100862456439543,-0.00011313232659025,TRUE
0.2,941,-0.000339965386360272,0.000702685710184901,0.000362720323824629,0.000404797342727151,TRUE
0.2,942,-0.000304519082386816,-0.00102099882974481,-0.00132551791213163,-0.00149572061626491,TRUE
0.2,943,0.000717134897357293,0.000486626333568758,0.00120376123092605,0.00139619733807072,TRUE
0.2,944,-0.000909466034830653,-0.000816676425003624,-0.00172614245983428,-0.00205546075991157,TRUE
0.2,945,-0.000347219580836598,0.000156878710291975,-0.000190340870544622,-0.000219941286583649,TRUE
0.2,946,-0.0000852449300015408,-0.0000207246950218708,-0.000105969625023412,-0.000118806641864129,TRUE
0.2,947,-0.00015538070670971,-0.000590036817238129,-0.000745417523947839,-0.000846730536776065,TRUE
0.2,948,0.000022751727979486,0.000894790213311507,0.000917541941290993,0.00101717015815157,TRUE
0.2,949,-0.0000855759601751949,0.000030909448648008,-0.0000546665115271869,-0.000061122881887732,TRUE
0.2,950,-0.000883328916849491,-0.000984834568379882,-0.00186816348522937,-0.00220050057024407,TRUE
0.2,951,-0.000408494931076093,-0.000703647090883938,-0.00111214202196003,-0.00130981798078013,TRUE
0.2,952,-0.00040860743022745,-0.000535808321047737,-0.000944415751275187,-0.00108262123566861,TRUE
0.2,953,-0.000731695398400842,-0.000581836284194677,-0.00131353168259552,-0.00146942751569133,TRUE
0.2,954,-0.00121865469937513,-0.00114896154060113,-0.00236761623997626,-0.00301867015728255,TRUE
0.2,955,-0.000814067806692505,-0.000720453384568057,-0.00153452119126056,-0.00173560816800982,TRUE
0.2,956,0.00024918842124368,0.000487471057534702,0.000736659478778382,0.000817629379045685,TRUE
0.2,957,-0.000840895347070274,0.000363600000847383,-0.000477295346222891,-0.000575530040519501,TRUE
0.2,958,0.000161536166617623,0.000478694333601548,0.000640230500219172,0.00071032776739032,TRUE
0.2,959,-0.000505119055511799,-0.00009232545426252,-0.000597444509774319,-0.000674518035617856,TRUE
0.2,960,0.00138017943437899,0.000393682819055004,0.001773862253434,0.00220703925832021,TRUE
0.2,961,-0.000189933322192374,-0.000247107746129491,-0.000437041068321865,-0.000478742498218785,TRUE
0.2,962,-0.0002956599007668,-0.00151575964319587,-0.00181141954396267,-0.00203901391634762,TRUE
0.2,963,-0.000584034152909814,0.0000286376645060055,-0.000555396488403808,-0.000630461425152059,TRUE
0.2,964,-0.00059006379393843,-0.00123950238520154,-0.00182956617913997,-0.0022968237542269,TRUE
0.2,965,-0.000120034867933926,-0.000231720232909082,-0.000351755100843008,-0.000393756999985804,TRUE
0.2,966,-0.000178841055304132,0.00102408733834853,0.000845246283044396,0.00101049664654219,TRUE
0.2,967,0.000580876903354943,0.000631663461547995,0.00121254036490294,0.00128986798068667,TRUE
0.2,968,-0.0000164808290059359,0.000174951286241311,0.000158470457235375,0.000175442664055367,TRUE
0.2,969,0.00012639216815966,0.00107175818048674,0.0011981503486464,0.00137855237292679,TRUE
0.2,970,0.000544184428336732,-0.000688386336033911,-0.000144201907697179,-0.000172312220371484,TRUE
0.2,971,-0.000495013747858783,0.000230847440503744,-0.000264166307355039,-0.000299396937638649,TRUE
0.2,972,-0.000265988600547239,-0.00101951431070801,-0.00128550291125525,-0.00145576772682083,TRUE
0.2,973,0.000603244680552969,0.000357296965927647,0.000960541646480615,0.00111804978484486,TRUE
0.2,974,0.000839847811700631,-0.0003434510609264,0.00049639675077423,0.000548475116021478,TRUE
0.2,975,0.0000763910021517563,0.000563125160815628,0.000639516162967384,0.000706899459291056,TRUE
0.2,976,-0.00093442884679364,0.000280407512834162,-0.000654021333959478,-0.000756023255554142,TRUE
0.2,977,-0.000230826002584485,0.000567393856234534,0.00033656785365005,0.000378104116964053,TRUE
0.2,978,-0.000229036384665078,-0.000874758140676165,-0.00110379452534124,-0.00123540052152035,TRUE
0.2,979,-0.000590859294805457,-0.00144554153374229,-0.00203640082854775,-0.00258327081163002,TRUE
0.2,980,-0.000501135999648119,-0.000477006537040067,-0.000978142536688186,-0.00107610960482463,TRUE
0.2,981,0.000574891782839864,-0.0000719043249173144,0.00050298745792255,0.000563914718983784,TRUE
0.2,982,-0.00154917845965017,-0.000817320777653098,-0.00236649923730327,-0.00294369330775033,TRUE
0.2,983,0.000122717202421453,0.000661447553395507,0.000784164755816961,0.000868241204339092,TRUE
0.2,984,-0.000319526869087493,-0.000435971853614204,-0.000755498722701697,-0.00085810038015717,TRUE
0.2,985,-0.000208761931166842,0.000265485284449235,0.0000567233532823931,0.0000634538497820601,TRUE
0.2,986,0.0000139099580702379,0.00139679250790603,0.00141070246597627,0.00162958946269943,TRUE
0.2,987,-0.000240557633790657,-0.000170694118118912,-0.000411251751909569,-0.000460647504497472,TRUE
0.2,988,-0.000279021742729153,-0.000394624220643847,-0.000673645963373,-0.000752075046372244,TRUE
0.2,989,-0.000371705832878297,-0.00042950626723772,-0.000801212100116016,-0.000931869826159438,TRUE
0.2,990,-0.000881071804269983,-0.00036539450908235,-0.00124646631335233,-0.00148131475862399,TRUE
0.2,991,-0.000544992300347308,0.000353785285518181,-0.000191207014829127,-0.000226417019820593,TRUE
0.2,992,-0.000348670136682439,0.000376891213783483,0.000028221077101044,0.0000318725321155325,TRUE
0.2,993,-0.000351174332823782,-0.000403732679676241,-0.000754907012500023,-0.000881488015284513,TRUE
0.2,994,0.00110807228384604,0.000788807733146574,0.00189688001699262,0.00205784782808068,TRUE
0.2,995,-0.000786061710016664,0.000185968676167158,-0.000600093033849506,-0.00068060084400929,TRUE
0.2,996,-0.000643023519781503,-0.00096690557478909,-0.00160992909457059,-0.00190935718628781,TRUE
0.2,997,-0.000753114781638482,0.0000301337676740764,-0.000722981013964406,-0.000837268439436472,TRUE
0.2,998,0.000215513974409621,0.000328094447539939,0.00054360842194956,0.000592861593747843,TRUE
0.2,999,0.000135755255809046,0.000477413950715255,0.000613169206524301,0.000681157082880621,TRUE
0.2,1000,-0.000155801687037919,0.000174030829225808,0.0000182291421878883,0.0000202848258819076,TRUE
0.2,1001,-0.000863028040389964,0.00121257395137769,0.000349545910987723,0.00044237459621805,TRUE
0.2,1002,0.000536030473335842,0.000291203433196954,0.000827233906532796,0.00092462600997379,TRUE
0.2,1003,-0.000481007039367905,-0.000837954982823413,-0.00131896202219132,-0.00146328579812886,TRUE
0.2,1004,-0.000469254031189238,0.000631309375964683,0.000162055344775445,0.000188473707809929,TRUE
0.2,1005,0.000865756507632073,0.000230509722593668,0.00109626623022574,0.00127109647720277,TRUE
0.2,1006,-0.00057393845599731,0.000223697920171278,-0.000350240535826032,-0.000397569865424837,TRUE
0.2,1007,-0.000695675202476871,-0.000643142957591958,-0.00133881816006883,-0.00147671989374,TRUE
0.2,1008,0.000978734118541269,0.000305653751592496,0.00128438787013377,0.00138360351438971,TRUE
0.2,1009,-0.000948342772525309,-0.000942210689570884,-0.00189055346209619,-0.00217589676953975,TRUE
0.2,1010,0.000858753453711989,0.000600346684292454,0.00145910013800444,0.00161422644243471,TRUE
0.2,1011,-0.0004073069553196,-0.00073505541956408,-0.00114236237488368,-0.00132401599250172,TRUE
0.2,1012,0.000248193247958801,-0.0000248318545566024,0.000223361393402198,0.000247235136794302,TRUE
0.2,1013,0.000154511369467378,-0.000254324931621306,-0.0000998135621539275,-0.000111422167668097,TRUE
0.2,1014,-0.000403638163504067,0.000572561820577947,0.000168923657073879,0.000196734367752075,TRUE
0.2,1015,-0.000829307920977606,0.000500182217191921,-0.000329125703785685,-0.000396924862339744,TRUE
0.2,1016,-0.000506198816820359,-0.000523220249158637,-0.001029419065979,-0.00116960292467242,TRUE
0.2,1017,0.000458286529166456,0.000649165205493606,0.00110745173466006,0.00120241537443833,TRUE
0.2,1018,0.000536255403927799,0.0000916700395829259,0.000627925443510725,0.000702266662106034,TRUE
0.2,1019,-0.000414912840470417,0.0000863541889322913,-0.000328558651538125,-0.000372317994693671,TRUE
0.2,1020,-0.00072374205238122,-0.000455321552317265,-0.00117906360469849,-0.00130593599866574,TRUE
0.2,1021,-0.000984487855414157,-0.000879966411243877,-0.00186445426665803,-0.00210013587242074,TRUE
0.2,1022,-0.0000685420428533043,-0.000969635090743797,-0.0010381771335971,-0.00117669931832557,TRUE
0.2,1023,-0.000754789542229499,0.000235779861934068,-0.000519009680295431,-0.00062079465267643,TRUE
0.2,1024,0.000111519519413166,0.00086211877680881,0.000973638296221976,0.00111579033554577,TRUE
0.2,1025,-0.000802533974462301,-0.000258241103493675,-0.00106077507795598,-0.00120584379396861,TRUE
0.2,1026,-0.000224895592735428,-0.000902616392725776,-0.0011275119854612,-0.00133296680425846,TRUE
0.2,1027,-0.00120036311388508,-0.0000105967319111313,-0.00121095984579621,-0.00142710718005056,TRUE
0.2,1028,-0.000812998961982467,-0.000333816163635408,-0.00114681512561788,-0.00131999812600338,TRUE
0.2,1029,-0.00136683726208633,-0.000181348234191509,-0.00154818549627784,-0.00187013634242153,TRUE
0.2,1030,0.0000106324251616988,-0.000137183052787834,-0.000126550627626136,-0.000141348415475825,TRUE
0.2,1031,-0.000285784641217994,-0.000283531940383032,-0.000569316581601026,-0.00064578445743296,TRUE
0.2,1032,-0.000410793747447428,-0.000160450488524898,-0.000571244235972326,-0.00066426188904931,TRUE
0.2,1033,-0.0010234155900551,-0.000259295334179488,-0.00128271092423459,-0.0014405924814505,TRUE
0.2,1034,-0.000885799114138264,0.00047657273849686,-0.000409226375641405,-0.000486546206396646,TRUE
0.2,1035,-0.000212873534592764,-0.0000189742310147186,-0.000231847765607483,-0.000259507347307957,TRUE
0.2,1036,-0.000857446710058052,-0.000723020725663262,-0.00158046743572131,-0.00183798451611677,TRUE
0.2,1037,0.000559808417140275,0.000211295436102483,0.000771103853242758,0.000808903855660324,TRUE
0.2,1038,0.000269795274762779,0.000748336847580057,0.00101813212234284,0.00113386003147228,TRUE
0.2,1039,-0.000303930223605625,0.000196489828228193,-0.000107440395377432,-0.000121749890264078,TRUE
0.2,1040,-0.000617559698430344,0.000257454317910885,-0.000360105380519458,-0.000403332041816302,TRUE
0.2,1041,0.0000882382187196784,0.000324562826250126,0.000412801044969805,0.000459183726230826,TRUE
0.2,1042,-0.0000757071660634088,0.0000739096192536,-0.00000179754680980883,-0.00000201395663393997,TRUE
0.2,1043,-0.000299223784494252,-0.0000632398872417937,-0.000362463671736045,-0.000417007624588508,TRUE
0.2,1044,-0.000278581313165307,-0.0000186176974236097,-0.000297199010588917,-0.000333707930354592,TRUE
0.2,1045,-0.00147509321229732,0.000464518701383258,-0.00101057451091406,-0.00127040765471133,TRUE
0.2,1046,-0.000626272518385598,-0.000514632772830347,-0.00114090529121595,-0.00130279592054882,TRUE
0.2,1047,0.000518805529705913,-0.0000996698692625655,0.000419135660443348,0.000455595153373102,TRUE
0.2,1048,-0.00047408031460687,-0.0000199475485173202,-0.000494027863124191,-0.000564070060611456,TRUE
0.2,1049,-0.000275686969586892,0.000169814095978268,-0.000105872873608624,-0.000119842509908526,TRUE
0.2,1050,-0.000694995199377917,-0.000693076220791575,-0.00138807142016949,-0.00150644737516237,TRUE
0.2,1051,-0.000101109550489332,0.00105144328285148,0.000950333732362151,0.00107422867658993,TRUE
0.2,1052,-0.000449032694253657,0.000445708315305146,-0.00000332437894851121,-0.00000386858715438492,TRUE
0.2,1053,0.000333959743600344,0.000293624392368594,0.000627584135968938,0.00067048986470323,TRUE
0.2,1054,-0.000467651178439275,-0.00044483717237712,-0.000912488350816395,-0.00100945548339406,TRUE
0.2,1055,-0.000119627383453286,-0.000619708423000297,-0.000739335806453583,-0.000834203231553677,TRUE
0.2,1056,-0.000225007783780124,0.000578029795921126,0.000353022012141002,0.000392276768209389,TRUE
0.2,1057,0.0000638078898368237,0.000630158700757189,0.000693966590594013,0.000766030402900673,TRUE
0.2,1058,0.000103458671679106,-0.000591742894932059,-0.000488284223252952,-0.000547251974176805,TRUE
0.2,1059,0.000802776748798809,0.000233445300471488,0.0010362220492703,0.00116431807311836,TRUE
0.2,1060,-0.000449743826678658,-0.000241106430896657,-0.000690850257575315,-0.000773006556999091,TRUE
0.2,1061,-0.000461623132296777,-0.000396451935977169,-0.000858075068273945,-0.000975269075417623,TRUE
0.2,1062,-0.0011411091678423,0.000365585588797436,-0.000775523579044862,-0.000868045806639316,TRUE
0.2,1063,-0.000455746386386517,0.0000669268196502068,-0.00038881956673631,-0.000446221821487207,TRUE
0.2,1064,-0.000285334518755526,-0.0000804927214988967,-0.000365827240254423,-0.000412128348752547,TRUE
0.2,1065,-0.00057961863518485,0.000113967462115653,-0.000465651173069197,-0.000535360762980295,TRUE
0.2,1066,0.000025366941034523,-0.000117224434065091,-0.0000918574930305682,-0.000102417463970786,TRUE
0.2,1067,0.00071576645392701,0.000240094124891931,0.000955860578818941,0.001095477588972,TRUE
0.2,1068,-0.000204109816213351,0.0000836350766404931,-0.000120474739572858,-0.000135172373354501,TRUE
0.2,1069,0.000103707552311645,-0.000537669358815187,-0.000433961806503542,-0.0004810346820991,TRUE
0.2,1070,0.0000990863295074127,-0.000269030692572488,-0.000169944363065075,-0.000190856907959155,TRUE
0.2,1071,-0.00012214276751996,-0.000210672402653065,-0.000332815170173024,-0.000370601361870712,TRUE
0.2,1072,-0.000167548791561302,0.000870028704045386,0.000702479912484085,0.000826482357674841,TRUE
0.2,1073,0.0000230802206051995,-0.000123441433173203,-0.000100361212568003,-0.000111277745870828,TRUE
0.2,1074,-0.000753538669783088,-0.000715430199968382,-0.00146896886975147,-0.00165065682422515,TRUE
0.2,1075,-0.000649368846172378,-0.000444183285841563,-0.00109355213201394,-0.00132094582845784,TRUE
0.2,1076,-0.000536768892331032,-0.000294672074272527,-0.000831440966603559,-0.000967853228208465,TRUE
0.2,1077,-0.0000965580602797947,-0.000266804800609009,-0.000363362860888804,-0.000411212878803096,TRUE
0.2,1078,0.000406816997599805,-0.000768178695156342,-0.000361361697556537,-0.000413656318686998,TRUE
0.2,1079,0.000175871378463864,0.000567913680774485,0.000743785059238349,0.000841814257007833,TRUE
0.2,1080,-0.000123945181393466,-0.000309719793027918,-0.000433664974421385,-0.000483672574055508,TRUE
0.2,1081,0.000298759148999321,0.000803707234140464,0.00110246638313978,0.00123312955537159,TRUE
0.2,1082,-0.000901939802809508,0.00116447449183694,0.000262534689027432,0.000300656380833021,TRUE
0.2,1083,0.000341531823312372,0.00121387110139587,0.00155540292470824,0.00170562935016072,TRUE
0.2,1084,-0.000654153780170183,0.000368580481391576,-0.000285573298778607,-0.000328836734520155,TRUE
0.2,1085,-0.00046860321104378,-0.000691738825154773,-0.00116034203619855,-0.00128569229546904,TRUE
0.2,1086,0.000210696397944355,-0.000338975989414694,-0.000128279591470339,-0.000145952106946435,TRUE
0.2,1087,-0.000751697799363671,0.000322869669796828,-0.000428828129566844,-0.000505608156566517,TRUE
0.2,1088,-0.000220101735488413,-0.00000413442955197485,-0.000224236165040388,-0.000251510821740989,TRUE
0.2,1089,-0.000178532691426945,0.000119068708411505,-0.0000594639830154396,-0.0000665650934380768,TRUE
0.2,1090,-0.0000429658805835954,-0.000472121417163073,-0.000515087297746669,-0.000591872597545644,TRUE
0.2,1091,0.000314916475511316,-0.000269361081457628,0.0000455553940536872,0.0000510407502560055,TRUE
0.2,1092,-0.00127291991690163,-0.000112630847307871,-0.00138555076420951,-0.00162521643215944,TRUE
0.2,1093,-0.000101679753928958,0.000189029540047569,0.0000873497861186109,0.0000961508014821795,TRUE
0.2,1094,-0.00103533117179802,-0.000719013223796299,-0.00175434439559432,-0.00197698784310936,TRUE
0.2,1095,0.0000169564880536827,0.0000770916316366505,0.0000940481196903332,0.000104716787584058,TRUE
0.2,1096,-0.000140065909120393,-0.000485730364216023,-0.000625796273336415,-0.000710097895814295,TRUE
0.2,1097,0.00107298200519395,0.0000270419337426587,0.00110002393893661,0.00118780651985195,TRUE
0.2,1098,0.000546081057501883,-0.000312462913983106,0.000233618143518777,0.000256834532489974,TRUE
0.2,1099,-0.000103425682292989,0.000034444762174598,-0.0000689809201183909,-0.0000771985758187361,TRUE
0.2,1100,0.00108524234464968,0.000411448255276342,0.00149669059992602,0.00170285246726746,TRUE
0.2,1101,-0.000144514732000018,0.000151068442570301,0.00000655371057028381,0.00000733877167830347,TRUE
0.2,1102,-0.000170588549076274,-0.000198534898001661,-0.000369123447077935,-0.000414379758504136,TRUE
0.2,1103,0.00100225935657493,0.000658322557392246,0.00166058191396718,0.00182078986970599,TRUE
0.2,1104,0.000183951329603219,0.000789213140914933,0.000973164470518151,0.00108079374378124,TRUE
0.2,1105,0.0000474776472848345,-0.000682412833468899,-0.000634935186184065,-0.000733199814984871,TRUE
0.2,1106,0.0000138002131606322,0.000407766514904339,0.000421566728064971,0.000456381339588449,TRUE
0.2,1107,-0.000164700791511301,0.000444557885838842,0.000279857094327541,0.000317394147883375,TRUE
0.2,1108,-0.000942527177420087,0.000811130714063108,-0.000131396463356979,-0.000154857260160178,TRUE
0.2,1109,-0.0000148555496520772,0.000520329776967012,0.000505474227314935,0.000576191483713908,TRUE
0.2,1110,-0.000618265628079578,-0.0000815010222581728,-0.000699766650337751,-0.0008128662106631,TRUE
0.2,1111,0.000151992344494752,0.000286475326859668,0.000438467671354421,0.000491354693463511,TRUE
0.2,1112,-0.00026513823669106,-0.000406583681926212,-0.000671721918617272,-0.00075574079957545,TRUE
0.2,1113,-0.000147924000954503,-0.0014745245062388,-0.0016224485071933,-0.00178892363594957,TRUE
0.2,1114,0.000460486669092497,0.000245509631653723,0.00070599630074622,0.000780922978068753,TRUE
0.2,1115,-0.000798700050591763,-0.000924742337601619,-0.00172344238819338,-0.00188782381312607,TRUE
0.2,1116,0.0000915786872197383,0.000218569760098485,0.000310148447318223,0.000345652377768688,TRUE
0.2,1117,-0.000161411466521877,0.00106947012174722,0.000908058655225338,0.00103196377422773,TRUE
0.2,1118,-0.000262466405999619,-0.000170833431629237,-0.000433299837628855,-0.000484396047100867,TRUE
0.2,1119,0.000254367080025712,0.000536578730608359,0.000790945810634071,0.000908915434493043,TRUE
0.2,1120,-0.000523463822839378,0.000132905738875804,-0.000390558083963574,-0.0004428480588134,TRUE
0.2,1121,0.000532051081020857,0.000388647889307003,0.00092069897032786,0.00100740981470048,TRUE
0.2,1122,-0.000613073097451532,-0.00144105618688963,-0.00205412928434117,-0.00238644246333713,TRUE
0.2,1123,-0.000161481251425574,0.000540355208310416,0.000378873956884842,0.00042015154934336,TRUE
0.2,1124,0.00109096053593166,0.00167203867301985,0.00276299920895151,0.00328908068224979,TRUE
0.2,1125,0.0000435994145848866,0.0000922431143983668,0.000135842528983253,0.000150573016558771,TRUE
0.2,1126,-0.000908872959340086,-0.000347744164627011,-0.0012566171239671,-0.00142994395421738,TRUE
0.2,1127,0.000167108702592189,-0.000130971124550922,0.0000361375780412673,0.0000402836072320363,TRUE
0.2,1128,-0.000630574140842289,-0.00048395481752468,-0.00111452895836697,-0.00123144550865351,TRUE
0.2,1129,-0.00035001130850544,-0.000124235722620913,-0.000474247031126352,-0.000525111181164074,TRUE
0.2,1130,0.000682621414340701,0.000539120704487092,0.00122174211882779,0.00134513521224529,TRUE
0.2,1131,-0.0000308228511191902,-0.000509154848906841,-0.000539977700026032,-0.000606492470330795,TRUE
0.2,1132,-0.000509196337663116,-0.000193082998597084,-0.0007022793362602,-0.000804703358277067,TRUE
0.2,1133,0.000072845385564481,-0.000505251289689533,-0.000432405904125052,-0.000499813067801826,TRUE
0.2,1134,0.000193242049161945,-0.000200915809547284,-0.00000767376038533874,-0.00000854951654192336,TRUE
0.2,1135,0.000103622711621182,-0.000135371029321039,-0.0000317483176998572,-0.0000353634305174065,TRUE
0.2,1136,-0.000297671760788226,-0.000687166814626576,-0.000984838575414802,-0.00112260171097363,TRUE
0.2,1137,0.000442686655553404,0.000481491097689342,0.000924177753242746,0.00102896845431466,TRUE
0.2,1138,0.000510809315876902,0.000945527010536102,0.001456336326413,0.0015506203623029,TRUE
0.2,1139,0.00156092923353137,0.00119196729571804,0.00275289652924942,0.0033213634567744,TRUE
0.2,1140,0.000408722743654941,0.000645415148428038,0.00105413789208298,0.00114349848852237,TRUE
0.2,1141,0.000109347470549207,-0.000197173246482123,-0.0000878257759329168,-0.0000981020294152893,TRUE
0.2,1142,0.000196032439102392,0.000444088749340409,0.000640121188442801,0.000706768382292541,TRUE
0.2,1143,0.000341251640030775,0.000398932564022841,0.000740184204053616,0.00081109201931963,TRUE
0.2,1144,-0.00026891408456214,-0.000477017553621727,-0.000745931638183867,-0.000839742570447356,TRUE
0.2,1145,-0.000880489285151882,-0.000677023161681789,-0.00155751244683367,-0.00183218064174179,TRUE
0.2,1146,-0.00017197123255861,0.000788287423626179,0.000616316191067569,0.000705513838681057,TRUE
0.2,1147,0.000512085795931934,0.000320338680394449,0.000832424476326383,0.000905794904644794,TRUE
0.2,1148,-0.000695578744283685,-0.00104255556048754,-0.00173813430477122,-0.00204886628069275,TRUE
0.2,1149,-0.000151974928362824,0.00061051550373614,0.000458540575373315,0.00052426382968727,TRUE
0.2,1150,-0.000483927511793444,0.00000323395251694255,-0.000480693559276502,-0.000535962677230515,TRUE
0.2,1151,-0.000728200293636211,-0.000178139952052518,-0.000906340245688729,-0.00102637084458117,TRUE
0.2,1152,-0.00105810835074794,-0.000372003049998165,-0.00143011140074611,-0.00169455360777773,TRUE
0.2,1153,-0.00000783266706053157,-0.000541699724487175,-0.000549532391547707,-0.000614522736017532,TRUE
0.2,1154,-0.00042923859772116,-0.000922579813548646,-0.00135181841126981,-0.00154372142000234,TRUE
0.2,1155,-0.00034443316961137,-0.000486863941322045,-0.000831297110933415,-0.000924363847830952,TRUE
0.2,1156,-0.0000249365474951751,0.000314829030259493,0.000289892482764318,0.000328179678831012,TRUE
0.2,1157,0.0000499722132534148,0.000508437831955772,0.000558410045209187,0.000630447038809157,TRUE
0.2,1158,-0.00047373810366801,-0.000375778269205002,-0.000849516372873012,-0.000991193738110822,TRUE
0.2,1159,-0.00113809698680166,-0.000481773462128763,-0.00161987044893042,-0.00184856266860926,TRUE
0.2,1160,-0.000153076910459848,0.000877196600937637,0.000724119690477789,0.000802702865070618,TRUE
0.2,1161,0.000260921069009178,0.000194250457589946,0.000455171526599124,0.000509448174303538,TRUE
0.2,1162,0.00116362721615453,-0.0004490598887588,0.000714567327395727,0.000814525617570469,TRUE
0.2,1163,-0.000868152387890976,-0.00126594133762609,-0.00213409372551707,-0.00245091065580954,TRUE
0.2,1164,-0.000417754966401502,-0.000681731714579209,-0.00109948668098071,-0.00116309860344884,TRUE
0.2,1165,0.0000798004986370087,0.000649812426595789,0.000729612925232797,0.000817217650334749,TRUE
0.2,1166,-0.000388134235608794,0.000703346654889184,0.00031521241928039,0.000363798078509681,TRUE
0.2,1167,0.0000580850310144929,-0.000777102137858115,-0.000719017106843622,-0.000814602641921725,TRUE
0.2,1168,-0.000980908462796823,-0.000166197797484695,-0.00114710626028152,-0.00127510141194567,TRUE
0.2,1169,-0.00113250205485026,0.000261973427102404,-0.00087052862774786,-0.000981630543324898,TRUE
0.2,1170,-0.000692276706210091,-0.00135503879150279,-0.00204731549771288,-0.00244387945039558,TRUE
0.2,1171,-0.000110441862493744,0.0000746625444711909,-0.0000357793180225535,-0.0000398134978761412,TRUE
0.2,1172,0.000165633340516154,0.000444478344582299,0.000610111685098453,0.000675430454635536,TRUE
0.2,1173,-0.000378748864046006,-0.000587194492909159,-0.000965943356955165,-0.00110129355697655,TRUE
0.2,1174,0.000183514925292735,0.0000573016787395513,0.000240816604032286,0.000267502000400169,TRUE
0.2,1175,0.000318772055785239,0.000180098559724989,0.000498870615510229,0.000551154463656655,TRUE
0.2,1176,-0.000417735742756397,-0.000407002065574169,-0.000824737808330566,-0.000947449602298932,TRUE
0.2,1177,-0.000764167890671963,0.000282952102592288,-0.000481215788079675,-0.000570344974479049,TRUE
0.2,1178,0.000640487466749725,-0.000048915820598975,0.00059157164615075,0.000646647564475274,TRUE
0.2,1179,0.000127227588587647,-0.000642122392375957,-0.00051489480378831,-0.000589371714831766,TRUE
0.2,1180,-0.00130433788396467,-0.000260228944635626,-0.0015645668286003,-0.00189029694294122,TRUE
0.2,1181,-0.00111774808567967,-0.000658701991162829,-0.0017764500768425,-0.00196674807358594,TRUE
0.2,1182,0.0001627642768588,0.0000758342998149454,0.000238598576673746,0.000264134190761723,TRUE
0.2,1183,-0.000467847891793233,0.0000144205015458498,-0.000453427390247383,-0.000496024431692711,TRUE
0.2,1184,0.0000973099138184417,0.000385076325328634,0.000482386239147076,0.000532338739848907,TRUE
0.2,1185,-0.00138074691946262,-0.00104761709416402,-0.00242836401362664,-0.0028736797227816,TRUE
0.2,1186,-0.0000283444984442977,0.000721988188121308,0.00069364368967701,0.000795931216843862,TRUE
0.2,1187,0.000422595886709027,-0.00054979532652978,-0.000127199439820753,-0.000144626854112135,TRUE
0.2,1188,0.00113235327373434,0.000371679932545363,0.0015040332062797,0.00158230571962664,TRUE
0.2,1189,-0.000403959117290766,-0.000948775294326877,-0.00135273441161764,-0.00152676380852515,TRUE
0.2,1190,0.000266654695890498,-0.000141189062593196,0.000125465633297302,0.000139976561563522,TRUE
0.2,1191,0.00247467340202989,0.00019481261028904,0.00266948601231893,0.00304073170770736,TRUE
0.2,1192,-0.000469791660732543,-0.000469070652185839,-0.000938862312918382,-0.00104703716398092,TRUE
0.2,1193,0.000352396757518501,-0.000171774137683349,0.000180622619835151,0.000201308690159272,TRUE
0.2,1194,-0.00122580429160208,-0.000462465771045905,-0.00168827006264799,-0.00189499227501442,TRUE
0.2,1195,-0.0000224010579926639,0.000104870941442897,0.0000824698834502326,0.0000917078265228998,TRUE
0.2,1196,-0.000455154015057368,-0.000440261480524117,-0.000895415495581485,-0.00101923576734288,TRUE
0.2,1197,-0.000263828572424834,0.000309712522828123,0.0000458839504032894,0.0000524626916562376,TRUE
0.2,1198,-0.0000718979172945109,0.0000294550566678475,-0.0000424428606266634,-0.000047199197623359,TRUE
0.2,1199,0.0000117413183895798,-0.000107378913582805,-0.0000956375951932248,-0.00010653525457436,TRUE
0.2,1200,-0.000923496679434604,-0.000360985657697967,-0.00128448233713257,-0.00148980374297004,TRUE
0.2,1201,-0.000106777815429453,0.000403722828369331,0.000296945012939878,0.000329645080485546,TRUE
0.2,1202,-0.00073090889712122,-0.000853455335306579,-0.0015843642324278,-0.00192619553224433,TRUE
0.2,1203,-0.000129581252254722,-0.000491993762642873,-0.000621575014897596,-0.000684407219649485,TRUE
0.2,1204,-0.00043290449935148,-0.000359882329692096,-0.000792786829043576,-0.000912260660485913,TRUE
0.2,1205,-0.000881851790828348,-0.00029899796348693,-0.00118084975431528,-0.00143572464296076,TRUE
0.2,1206,-0.000255982512796799,-0.000215021816556105,-0.000471004329352904,-0.00053303694569574,TRUE
0.2,1207,0.0000989803493439531,0.000730336074740684,0.000829316424084637,0.000911289216087301,TRUE
0.2,1208,0.000441807307139372,0.000538355479946897,0.00098016278708627,0.00105306376170677,TRUE
0.2,1209,0.000466300371925559,-0.000345781234148785,0.000120519137776774,0.000135584377777387,TRUE
0.2,1210,-0.000407010678592653,0.000363462434798698,-0.0000435482437939549,-0.0000498821770684443,TRUE
0.2,1211,-0.000432771253950062,0.00110200509377841,0.000669233839828349,0.000753215738260201,TRUE
0.2,1212,0.000657546711984471,0.000518873836699917,0.00117642054868439,0.00129320170772421,TRUE
0.2,1213,-0.000879593108102599,-0.000137474439880376,-0.00101706754798297,-0.00112491875959969,TRUE
0.2,1214,-0.000149622541393254,0.000149207705886727,-0.000000414835506526662,-0.000000460748028165131,TRUE
0.2,1215,0.000603996296730329,0.000367747588478648,0.000971743885208977,0.00107014725701456,TRUE
0.2,1216,-0.000748236254868476,-0.000157239736960142,-0.000905475991828619,-0.00104300387264108,TRUE
0.2,1217,-0.0000356741913036221,0.00107725669197858,0.00104158250067495,0.00121562146394182,TRUE
0.2,1218,-0.000313422427531571,-0.000576064534638363,-0.000889486962169934,-0.00101368447701677,TRUE
0.2,1219,0.000383657325517629,0.000505388653177066,0.000889045978694695,0.00100325022046004,TRUE
0.2,1220,0.000536163600782763,0.000431803293982836,0.000967966894765599,0.00111630325475744,TRUE
0.2,1221,0.000263083177811529,0.000386140501596104,0.000649223679407633,0.000721791219878678,TRUE
0.2,1222,-0.000101874083941429,-0.00028448425867977,-0.0003863583426212,-0.000423336321095935,TRUE
0.2,1223,0.0000998933060879254,-0.000797888999590883,-0.000697995693502958,-0.000816161130464415,TRUE
0.2,1224,-0.00162294855650913,-0.000661024319844236,-0.00228397287635337,-0.00271627375511516,TRUE
0.2,1225,-0.0000880067673213752,0.000701590897745289,0.000613584130423914,0.000722808137022055,TRUE
0.2,1226,-0.00111929598772633,0.000956294562405116,-0.000163001425321213,-0.000195848536659598,TRUE
0.2,1227,0.00116952844021937,-0.000395256105835704,0.000774272334383668,0.000876110623614331,TRUE
0.2,1228,0.0000497144765426991,0.000543801016711813,0.000593515493254513,0.000660571286467537,TRUE
0.2,1229,-0.000152680658896597,0.000542383207551354,0.000389702548654757,0.000434099314210535,TRUE
0.2,1230,-0.000968407948922584,-0.00132998116094352,-0.0022983891098661,-0.00254173438623911,TRUE
0.2,1231,-0.000574310742529885,0.0000165142804872635,-0.000557796462042621,-0.000635568819764282,TRUE
0.2,1232,0.000635878653647665,-0.000209691650299639,0.000426187003348026,0.000469904591273164,TRUE
0.2,1233,0.000608322405053329,-0.00103635437966083,-0.000428031974607505,-0.000491471113872955,TRUE
0.2,1234,0.0000474621457821688,-0.000832923723511412,-0.000785461577729243,-0.000922717547254286,TRUE
0.2,1235,0.000577404875924484,0.000268088829871321,0.000845493705795805,0.000925458378328708,TRUE
0.2,1236,-0.000496255746961755,-0.000915927048657733,-0.00141218279561949,-0.00167200196786257,TRUE
0.2,1237,-0.000529459849390313,-0.000139256667561772,-0.000668716516952084,-0.000757168465956032,TRUE
0.2,1238,0.0000254214091039063,-0.00000117067574058707,0.0000242507333633193,0.0000270001464991444,TRUE
0.2,1239,0.000174379560978593,-0.0010711493928379,-0.000896769831859304,-0.00108517289005641,TRUE
0.2,1240,-0.00112768453958695,-0.000275521500879192,-0.00140320604046614,-0.00164747222252303,TRUE
0.2,1241,-0.000930926428914702,-0.0000773706925823663,-0.00100829712149707,-0.0011297798780207,TRUE
0.2,1242,0.000293844096282897,0.000511810488450841,0.000805654584733738,0.000926927475557813,TRUE
0.2,1243,0.00007084203988219,-0.000111881467967119,-0.0000410394280849295,-0.0000459941000964574,TRUE
0.2,1244,0.00030674626231684,0.000451836820214571,0.000758583082531411,0.000834183815675978,TRUE
0.2,1245,-0.000488083862813794,-0.000163923861771005,-0.000652007724584799,-0.000734529391579943,TRUE
0.2,1246,-0.000126335015948393,0.000271048360861505,0.000144713344913113,0.000161445843381665,TRUE
0.2,1247,-0.000209512636529883,-0.0000357523590282575,-0.000245264995558141,-0.000274373937288151,TRUE
0.2,1248,-0.000978638605990379,0.000464011913048359,-0.000514626692942019,-0.000598756893020734,TRUE
0.2,1249,-0.000567466556899314,-0.000612616973603045,-0.00118008353050236,-0.00136419547081862,TRUE
0.2,1250,-0.00123290977823925,0.0000244236969700581,-0.00120848608126919,-0.00148531279898555,TRUE
0.2,1251,-0.000250183635512429,0.000656981183629816,0.000406797548117387,0.000466669352448838,TRUE
0.2,1252,-0.000345413363443582,-0.0000990524961936544,-0.000444465859637237,-0.000500428259172455,TRUE
0.2,1253,-0.00047602221868489,-0.0000486142271736287,-0.000524636445858519,-0.000603849805613667,TRUE
0.2,1254,-0.000414406146114429,0.000223947147499116,-0.000190458998615313,-0.000212561545921851,TRUE
0.2,1255,0.000262211051692521,-0.000129056769550042,0.000133154282142479,0.0001491473145608,TRUE
0.2,1256,0.000115099728056065,0.000384485705032985,0.00049958543308905,0.000551946635817886,TRUE
0.2,1257,-0.0000840350091798987,0.0000821520282064827,-0.00000188298097341604,-0.00000210129846036994,TRUE
0.2,1258,-0.00000151565319423638,0.00120161934622558,0.00120010369303135,0.00136436094793655,TRUE
0.2,1259,-0.000159412015794769,-0.000432537249047803,-0.000591949264842572,-0.000677224761928212,TRUE
0.2,1260,-0.000226904666712568,-0.000596342862396453,-0.000823247529109021,-0.000953426852237641,TRUE
0.2,1261,-0.0000336219017823979,0.000298490113768704,0.000264868211986306,0.000287204873873366,TRUE
0.2,1262,-0.000308544594770183,-0.000726623586098117,-0.0010351681808683,-0.00116684364282333,TRUE
0.2,1263,-0.000263830863902582,-0.000353208221269585,-0.000617039085172167,-0.000711270567862618,TRUE
0.2,1264,-0.000281830431257676,0.000159870897978031,-0.000121959533279645,-0.000136961891429212,TRUE
0.2,1265,-0.000340583049512043,0.000139482854640369,-0.000201100194871674,-0.000226490262406965,TRUE
0.2,1266,0.0000903275896825105,0.000467910646804601,0.000558238236487111,0.000628294482527669,TRUE
0.2,1267,-0.00044402881995705,-0.0000132652431090405,-0.00045729406306609,-0.000531707838847193,TRUE
0.2,1268,0.000793528792630394,-0.000506661109354135,0.000286867683276258,0.000324960817844929,TRUE
0.2,1269,0.000613640936153709,-0.000135550345654833,0.000478090590498876,0.000530973396400129,TRUE
0.2,1270,-0.00044307810241912,0.000301329713565588,-0.000141748388853532,-0.000160727650227673,TRUE
0.2,1271,-0.000325508246554775,-0.000177808458729331,-0.000503316705284105,-0.000567582303093551,TRUE
0.2,1272,-0.00113870940545141,-0.000233488914518312,-0.00137219831996972,-0.00160922201593877,TRUE
0.2,1273,-0.000713853711549742,-0.000653233247711036,-0.00136708695926078,-0.00159772400387186,TRUE
0.2,1274,-0.000771588189446013,-0.000236324645677314,-0.00100791283512333,-0.00113463985731548,TRUE
0.2,1275,0.000192780695361134,-0.000100347269786547,0.0000924334255745866,0.000102465483465171,TRUE
0.2,1276,-0.000210320956611539,0.000448079128669238,0.000237758172057699,0.000269152485366023,TRUE
0.2,1277,0.000120160169599896,-0.00021838540290386,-0.0000982252333039633,-0.000108254935948184,TRUE
0.2,1278,-0.000236470147077766,0.000943257838283478,0.000706787691205712,0.000854997271490397,TRUE
0.2,1279,-0.000423442832634596,0.000294552738657242,-0.000128890093977354,-0.000145659686691002,TRUE
0.2,1280,-0.000688821655032565,-0.000772194075961995,-0.00146101573099456,-0.00167510301258519,TRUE
0.2,1281,-0.000506700894299302,0.000993728239718262,0.00048702734541896,0.000553492881060285,TRUE
0.2,1282,-0.000433612131117082,-0.000671913788506495,-0.00110552591962358,-0.00130971945849329,TRUE
0.2,1283,0.000573750403906158,0.000171486716746082,0.00074523712065224,0.000813111019270419,TRUE
0.2,1284,0.000486411535365022,-0.000658901671227964,-0.000172490135862941,-0.000194977468482292,TRUE
0.2,1285,0.0000852497295057006,0.000121686978254103,0.000206936707759804,0.000228191324252133,TRUE
0.2,1286,0.00105892648860606,0.000943175796319266,0.00200210228492533,0.00221032773933847,TRUE
0.2,1287,-0.00108514431090867,-0.000443186102012651,-0.00152833041292133,-0.00176203247848868,TRUE
0.2,1288,0.00035049380104204,-0.0000660991593410682,0.000284394641700972,0.000319957909122658,TRUE
0.2,1289,0.000347432660235751,-0.0000914037705001626,0.000256028889735589,0.0002823912009321,TRUE
0.2,1290,-0.00120749679316885,-0.00110478316414017,-0.00231227995730902,-0.00258467196185181,TRUE
0.2,1291,0.000722720445350306,0.000558713867486765,0.00128143431283707,0.0013435987859362,TRUE
0.2,1292,-0.00048580888811828,-0.000446361511705921,-0.000932170399824201,-0.00108376512672988,TRUE
0.2,1293,0.0000477635834939202,0.000507688057534976,0.000555451641028897,0.000613508976846208,TRUE
0.2,1294,-0.0000342645567584539,0.000504857084028043,0.000470592527269589,0.000539466292732837,TRUE
0.2,1295,0.0000855933580663323,0.00124671515018283,0.00133230850824917,0.00154695455497506,TRUE
0.2,1296,0.000101359827495223,-0.000103986219307244,-0.0000026263918120205,-0.00000290833438373031,TRUE
0.2,1297,-0.000103275915772941,-0.0000197273699515719,-0.000123003285724513,-0.000136958270458626,TRUE
0.2,1298,0.000483053128670998,-0.000320316980131233,0.000162736148539765,0.000182196031942732,TRUE
0.2,1299,-0.000581109011848195,-0.000470119845320387,-0.00105122885716858,-0.0012188035501261,TRUE
0.2,1300,-0.000984644160268386,-0.000187343879316636,-0.00117198803958502,-0.00142329008507851,TRUE
0.2,1301,-0.000245905324695932,-0.00053171385489086,-0.000777619179586792,-0.000878255287402279,TRUE
0.2,1302,-0.0004550733540345,-0.000394973912167405,-0.000850047266201905,-0.00100814779990356,TRUE
0.2,1303,0.000142016524889462,0.000211554287169951,0.000353570812059413,0.00039392085885026,TRUE
0.2,1304,-0.000646907436702725,0.000361469711608726,-0.000285437725093999,-0.000339136487717257,TRUE
0.2,1305,0.0000818740997780453,-0.000676984670340893,-0.000595110570562848,-0.000675768476750281,TRUE
0.2,1306,0.000924435697457019,-0.000440775157072679,0.00048366054038434,0.0005309332938103,TRUE
0.2,1307,-0.000204629649687609,0.00110195742732279,0.00089732777763518,0.00103904965599627,TRUE
0.2,1308,0.000157270514670773,0.000233184147937845,0.000390454662608618,0.000429528124146282,TRUE
0.2,1309,-0.000880305824546366,-0.000577334899167372,-0.00145764072371374,-0.0016758814729125,TRUE
0.2,1310,0.000854381056853115,0.000304432017667889,0.001158813074521,0.00122715460211598,TRUE
0.2,1311,-0.000172008226568194,-0.000307969978352518,-0.000479978204920712,-0.000549683323260133,TRUE
0.2,1312,0.000138576630485369,0.0000927723559136307,0.000231348986398999,0.000256824211019098,TRUE
0.2,1313,-0.000298146946078256,-0.0000596871340224912,-0.000357834080100747,-0.000400093712612003,TRUE
0.2,1314,0.000179706734283217,-0.000962854734406555,-0.000783148000123337,-0.000892349150504332,TRUE
0.2,1315,0.000803687483257208,0.000528682896749063,0.00133237038000627,0.0015234770474431,TRUE
0.2,1316,-0.00113735737691842,-0.000240159784374959,-0.00137751716129338,-0.00171976882949846,TRUE
0.2,1317,0.00076489081431533,0.000838368123722812,0.00160325893803814,0.00170044688332867,TRUE
0.2,1318,-0.000103403888447093,-0.000877650566570136,-0.000981054455017229,-0.00111195655182967,TRUE
0.2,1319,-0.00186775547675211,0.00050764615209724,-0.00136010932465487,-0.00194609529264938,TRUE
0.2,1320,-0.0000667595097694976,0.000764435992714448,0.00069767648294495,0.000792407833298285,TRUE
0.2,1321,0.000157867684743094,0.000460991388243283,0.000618859072986377,0.000680306758764641,TRUE
0.2,1322,-0.000000452519319587502,-0.0000418047793664101,-0.0000422572986859976,-0.0000470511916438305,TRUE
0.2,1323,-0.00041363857699068,-0.000615627367653363,-0.00102926594464404,-0.00115218875918241,TRUE
0.2,1324,-0.0000778574079472895,-0.000486462313764435,-0.000564319721711724,-0.000634880585966606,TRUE
0.2,1325,0.000690826629043181,-0.000755093206740353,-0.0000642665776971725,-0.000073363423467373,TRUE
0.2,1326,-0.000710746640742904,0.000250488954201282,-0.000460257686541622,-0.000536535154868927,TRUE
0.2,1327,-0.000127922382854048,-0.000925470452481929,-0.00105339283533598,-0.00123086475039051,TRUE
0.2,1328,-0.00014373934385212,0.0000996116280419818,-0.000044127715810138,-0.000049700947672722,TRUE
0.2,1329,-0.000205612824688188,0.0000369908379539274,-0.000168621986734261,-0.000188440514427014,TRUE
0.2,1330,-0.000842320137598914,0.0000184182282514937,-0.00082390190934742,-0.000969796855277903,TRUE
0.2,1331,0.000373669405610316,0.000428700365022158,0.000802369770632475,0.000880388448686222,TRUE
0.2,1332,0.000439549460587502,-0.000348118429556675,0.0000914310310308268,0.000103688421914134,TRUE
0.2,1333,-0.00028152255255997,0.000093408359184405,-0.000188114193375565,-0.000209085799394458,TRUE
0.2,1334,-0.00012432489133864,0.0000711597885776226,-0.000053165102761017,-0.0000592750014746342,TRUE
0.2,1335,-0.00104840744874745,0.000150879528689654,-0.000897527920057792,-0.00104869909910232,TRUE
0.2,1336,-0.000412189326305527,0.000127647736168495,-0.000284541590137032,-0.000316293086823959,TRUE
0.2,1337,0.000352204969904968,-0.000211514214584983,0.000140690755319985,0.000157115264465574,TRUE
0.2,1338,-0.000540971098231512,0.000747860796110023,0.000206889697878511,0.000244735127829501,TRUE
0.2,1339,-0.00059716615770497,0.0000994122084487934,-0.000497753949256176,-0.000579783454949734,TRUE
0.2,1340,-0.00152176352748048,-0.000917491993397758,-0.00243925552087824,-0.00288212982190917,TRUE
0.2,1341,-0.00111716886037865,-0.000445333028785068,-0.00156250188916372,-0.001829876943671,TRUE
0.2,1342,-0.000170037044313614,-0.000405983341207566,-0.000576020385521179,-0.000629203438950973,TRUE
0.2,1343,-0.000751189668826123,-0.000256822065509052,-0.00100801173433517,-0.00120052242077522,TRUE
0.2,1344,0.000217294593728664,0.000338397489874112,0.000555692083602775,0.000605911050652987,TRUE
0.2,1345,-0.00106118327284316,-0.00064083890960629,-0.00170202218244945,-0.00200814146008278,TRUE
0.2,1346,-0.000207601849858095,-0.00028916121881577,-0.000496763068673864,-0.000563403142762571,TRUE
0.2,1347,-0.000620843117492664,0.000208376264588579,-0.000412466852904085,-0.000481789055761248,TRUE
0.2,1348,0.000415658112126874,-0.000432091002772034,-0.0000164328906451598,-0.0000187866865255635,TRUE
0.2,1349,0.000598040115463494,-0.000388906076917587,0.000209134038545908,0.000229013571666407,TRUE
0.2,1350,-0.0000264999451782038,0.0000278682910387874,0.0000013683458605836,0.00000152582366359208,TRUE
0.2,1351,-0.0000654349619659558,0.000283057510708582,0.000217622548742627,0.000243577190174147,TRUE
0.2,1352,0.00000620495025029392,0.000638927814181159,0.000645132764431453,0.000713127535501726,TRUE
0.2,1353,-0.0000734837328827776,0.00157365210427866,0.00150016837139588,0.00164835551409831,TRUE
0.2,1354,-0.0000460652848796725,0.000201450102796472,0.0001553848179168,0.000171564998980102,TRUE
0.2,1355,-0.0011162958700682,0.000476701503511963,-0.000639594366556233,-0.000763932847873969,TRUE
0.2,1356,0.0000999849846063006,-0.000588470643961874,-0.000488485659355574,-0.000544261532284417,TRUE
0.2,1357,-0.000540358579515767,-0.00020207296097176,-0.000742431540487527,-0.000848144909196206,TRUE
0.2,1358,0.0000931308546426296,-0.0000837489114895965,0.00000938194315303305,0.0000104641096430534,TRUE
0.2,1359,0.0000995049447404189,-0.00044169844798431,-0.000342193503243891,-0.000386275358883643,TRUE
0.2,1360,-0.000443429733778184,0.000896044647068279,0.000452614913290094,0.000492344801284377,TRUE
0.2,1361,-0.00043199301073692,0.0000904109435426334,-0.000341582067194286,-0.00038697460837647,TRUE
0.2,1362,0.000074851782084719,-0.00000142822915398544,0.0000734235529307336,0.0000818342693201119,TRUE
0.2,1363,-0.000445441421153082,-0.0000345274740408186,-0.000479968895193901,-0.000547015269113804,TRUE
0.2,1364,-0.000427540573298201,0.00155020237757907,0.00112266180428087,0.0012752203922371,TRUE
0.2,1365,-0.000727541891203327,-0.000884327134752389,-0.00161186902595572,-0.00190209375023275,TRUE
0.2,1366,-0.00106554405599474,-0.00113465912398261,-0.00220020317997736,-0.00250189549293779,TRUE
0.2,1367,-0.0000181590386241502,-0.000117346196740799,-0.000135505235364949,-0.000150970597754248,TRUE
0.2,1368,-0.00076378384192064,-0.000293095128746783,-0.00105687897066742,-0.00122074804145067,TRUE
0.2,1369,-0.000215474491788569,-0.000615823807731696,-0.000831298299520265,-0.000949160076187623,TRUE
0.2,1370,-0.000192378080448973,-0.0000655488102117708,-0.000257926890660744,-0.000292056935784127,TRUE
0.2,1371,-0.000466114881160557,-0.000728164538130509,-0.00119427941929107,-0.00137979920030034,TRUE
0.2,1372,-0.000360203360407965,-0.00103471587522691,-0.00139491923563488,-0.00153225557875351,TRUE
0.2,1373,-0.000244486658322999,-0.000805838620453048,-0.00105032527877605,-0.00119427701356266,TRUE
0.2,1374,0.000121697221784231,0.000282203864321699,0.000403901086105931,0.000453219283030144,TRUE
0.2,1375,0.000957638739960279,0.00113608294595013,0.00209372168591041,0.0025534673247797,TRUE
0.2,1376,-0.0000815569396177506,0.000643972238609138,0.000562415298991388,0.000639647474651496,TRUE
0.2,1377,-0.000219224196840336,0.000908299869883924,0.000689075673043588,0.000807671177651549,TRUE
0.2,1378,-0.000486191348666699,-0.000198992324756014,-0.000685183673422713,-0.000791431664306882,TRUE
0.2,1379,0.000727899244376967,-0.000375864993245397,0.00035203425113157,0.000395808053298782,TRUE
0.2,1380,-0.000557937770414026,0.0012954882859002,0.000737550515486172,0.000859589724204822,TRUE
0.2,1381,-0.00123132011437995,-0.000130839403082669,-0.00136215951746262,-0.0016878713905218,TRUE
0.2,1382,0.000569241175396449,-0.000384852244424457,0.000184388930971992,0.000207039439286277,TRUE
0.2,1383,-0.000365977370210141,0.0000570247986712394,-0.000308952571538901,-0.000358698912034178,TRUE
0.2,1384,0.000682471235737533,0.000148943094939689,0.000831414330677222,0.00092258006426712,TRUE
0.2,1385,0.000382626344780786,0.000425335223147328,0.000807961567928114,0.000892693553854939,TRUE
0.2,1386,-0.000485187422566595,0.000104194612481365,-0.00038099281008523,-0.000432293464126101,TRUE
0.2,1387,-0.000209976075120664,0.0000661337132443422,-0.000143842361876321,-0.000160725013511092,TRUE
0.2,1388,-0.000564574651853744,-0.000125867496239995,-0.00069044214809374,-0.000787198340562018,TRUE
0.2,1389,-0.000302486713341381,-0.000411747526183197,-0.000714234239524578,-0.00079458453316031,TRUE
0.2,1390,0.000549087251094952,-0.000503149824314692,0.0000459374267802599,0.0000523461362799617,TRUE
0.2,1391,0.000418593924701684,0.000489917608644324,0.000908511533346008,0.000996687488910394,TRUE
0.2,1392,-0.000658605280940527,-0.00105000953839572,-0.00170861481933624,-0.00191278599960061,TRUE
0.2,1393,0.000221104309113653,-0.000161128893990628,0.0000599754151230256,0.0000671217475021021,TRUE
0.2,1394,0.000442476572675319,0.000500292138517364,0.000942768711192683,0.00104565203672066,TRUE
0.2,1395,-0.000795279035591151,-0.000252413961466712,-0.00104769299705786,-0.00123631890883017,TRUE
0.2,1396,-0.000645220892242552,0.000489999533020499,-0.000155221359222053,-0.000172958895713278,TRUE
0.2,1397,-0.00127089266946439,-0.000824913436521163,-0.00209580610598555,-0.00264243492977032,TRUE
0.2,1398,0.00113514096274625,0.000154383619209603,0.00128952458195585,0.00134988955394587,TRUE
0.2,1399,-0.000509041032940896,-0.000694349803811382,-0.00120339083675228,-0.00141254163047981,TRUE
0.2,1400,0.000423498964362027,0.000458633965555585,0.000882132929917612,0.000994379873700311,TRUE
0.2,1401,-0.000176978142636396,-0.00035813839350958,-0.000535116536145976,-0.000598211818268716,TRUE
0.2,1402,-0.00116271147830391,0.000677355543530325,-0.000485355934773581,-0.000579554717677879,TRUE
0.2,1403,-0.000749564156012749,0.000483203853559509,-0.00026636030245324,-0.000306190746725077,TRUE
0.2,1404,-0.000229460360762784,-0.0000161808821236217,-0.000245641242886406,-0.000274212386531483,TRUE
0.2,1405,-0.000545492355809325,0.000034211624649491,-0.000511280731159834,-0.000586338911487681,TRUE
0.2,1406,-0.000628692019498081,-0.000632762391891658,-0.00126145441138974,-0.00152627334962379,TRUE
0.2,1407,0.000177242828012856,-0.000448301908773648,-0.000271059080760792,-0.000292854872437274,TRUE
0.2,1408,0.000945606605017766,0.000397158783713248,0.00134276538873101,0.00158757984299924,TRUE
0.2,1409,-0.000545311442920631,-0.000762971034566657,-0.00130828247748729,-0.00150428292205811,TRUE
0.2,1410,0.0000422682919129716,0.000294203020598004,0.000336471312510975,0.000372017982014005,TRUE
0.2,1411,0.000404279161209644,-0.000171837383062259,0.000232441778147385,0.000258851079595768,TRUE
0.2,1412,0.000367520467919691,0.000273046238106311,0.000640566706026002,0.000711977391742339,TRUE
0.2,1413,-0.000317054919196909,-0.0000792472196159158,-0.000396302138812825,-0.000446461286553526,TRUE
0.2,1414,0.000100905941532042,-0.0000603799715488152,0.000040525969983227,0.0000451174517405567,TRUE
0.2,1415,0.000932540070365426,0.000507499952058989,0.00144004002242441,0.00148212049857735,TRUE
0.2,1416,-0.000312880936652277,-0.000312028084407463,-0.00062490902105974,-0.000703263041684166,TRUE
0.2,1417,-0.000520563159301256,-0.0000486806992245878,-0.000569243858525844,-0.000648048020804558,TRUE
0.2,1418,-0.000508112072109295,-0.000398084364097811,-0.000906196436207106,-0.00102707138819835,TRUE
0.2,1419,-0.000156969393724043,0.000470217467966168,0.000313248074242125,0.000352831748520319,TRUE
0.2,1420,-0.0000735380667554744,-0.00109430216010787,-0.00116784022686335,-0.00130993745445086,TRUE
0.2,1421,-0.000295612301013423,0.000342375591009175,0.0000467632899957522,0.0000529312750150425,TRUE
0.2,1422,0.000247745449448797,0.000464377388476988,0.000712122837925786,0.000785908147031953,TRUE
0.2,1423,-0.000405422882511751,0.000104313922800641,-0.00030110895971111,-0.000337608455499968,TRUE
0.2,1424,0.000991438972696965,0.00165152554964538,0.00264296452234234,0.00270949648914378,TRUE
0.2,1425,0.000846748841383814,0.000115482838682645,0.000962231680066459,0.00105460188925471,TRUE
0.2,1426,-0.000834223809973621,0.000784939358790524,-0.0000492844511830969,-0.0000567218267939379,TRUE
0.2,1427,-0.000104805832411233,0.000323663083019443,0.00021885725060821,0.000241341723776763,TRUE
0.2,1428,0.0000426647778011477,0.00154723863354434,0.00158990341134549,0.0018274132591083,TRUE
0.2,1429,-0.00007453423782525,-0.000383026335169186,-0.000457560572994436,-0.000514411179510238,TRUE
0.2,1430,0.000193414824279952,0.000601181981002026,0.000794596805281978,0.00087110873375447,TRUE
0.2,1431,-0.000463080211367116,-0.00126873288576167,-0.00173181309712879,-0.00203616527532248,TRUE
0.2,1432,-0.000793503185164401,0.00126275769173825,0.000469254506573851,0.000567940212002462,TRUE
0.2,1433,0.000822719730578458,0.000808565576143819,0.00163128530672228,0.00179267234757781,TRUE
0.2,1434,0.000962921440480685,0.000366582549274061,0.00132950398975475,0.00148199120944791,TRUE
0.2,1435,-0.000462832686759883,-0.0000901491856478348,-0.000552981872407717,-0.000637756499318114,TRUE
0.2,1436,0.000196152861714577,-0.000351680397374759,-0.000155527535660182,-0.000173600056879562,TRUE
0.2,1437,-0.00105560293725642,-0.00034263711348712,-0.00139824005074354,-0.00169992542964446,TRUE
0.2,1438,-0.000809981874351304,0.00102681466007216,0.000216832785720852,0.000260690331631864,TRUE
0.2,1439,-0.0000161187692794047,-0.000581730390462535,-0.00059784915974194,-0.000672594674393188,TRUE
0.2,1440,-0.0010509469511217,-0.000233100513191458,-0.00128404746431315,-0.00143096236954717,TRUE
0.2,1441,-0.00124538170033304,-0.000394279840140665,-0.00163966154047371,-0.00200610388281106,TRUE
0.2,1442,0.000198231357418765,0.000400804670204041,0.000599036027622806,0.000672525261069192,TRUE
0.2,1443,0.000302252856488882,-0.0000424869878865507,0.000259765868602331,0.00028655452330751,TRUE
0.2,1444,-0.000986242156210645,-0.000244722078022722,-0.00123096423423337,-0.0014541602514923,TRUE
0.2,1445,-0.000353564383611986,0.00106129461427019,0.000707730230658204,0.000829078401373863,TRUE
0.2,1446,0.000220044266107719,-0.000198743414163028,0.0000213008519446913,0.0000239598399153167,TRUE
0.2,1447,-0.0000763593823934573,0.000313653334193656,0.000237293951800199,0.00026738559971857,TRUE
0.2,1448,-0.00135559027084795,-0.00194439147916654,-0.00329998175001449,-0.00416029901085363,TRUE
0.2,1449,-0.000788932836797862,-0.000856797438533078,-0.00164573027533094,-0.00177615555634369,TRUE
0.2,1450,-0.000590142893249747,0.000609612258990462,0.0000194693657407148,0.0000234979028905942,TRUE
0.2,1451,-0.000351934194163497,0.000390973072536091,0.0000390388783725938,0.0000449952199609774,TRUE
0.2,1452,-0.000707038161353474,-0.0010868079412914,-0.00179384610264487,-0.00212753181919924,TRUE
0.2,1453,0.000837920909614464,0.000171066566592478,0.00100898747620694,0.00108902240224601,TRUE
0.2,1454,0.000966448787162609,0.000859803837147116,0.00182625262430973,0.00197436651220571,TRUE
0.2,1455,-0.000583541189119568,-0.00039661416168191,-0.000980155350801478,-0.00112496580589845,TRUE
0.2,1456,0.000272738831882331,0.000213535206065405,0.000486274037947736,0.000544606206255848,TRUE
0.2,1457,-0.000117261858145149,-0.000452422678090743,-0.000569684536235892,-0.000625628051455801,TRUE
0.2,1458,0.000391053025419399,0.000235544039503835,0.000626597064923234,0.000688925446194549,TRUE
0.2,1459,-0.000113505790088991,-0.000759925700781542,-0.000873431490870533,-0.000999125703013835,TRUE
0.2,1460,0.0000186264334073894,0.000418763720651883,0.000437390154059273,0.000484960631612408,TRUE
0.2,1461,-0.00127255176502142,-0.000312474397177294,-0.00158502616219872,-0.00199539561413022,TRUE
0.2,1462,0.000750125441453225,0.00110395573213418,0.00185408117358741,0.00197266020437212,TRUE
0.2,1463,-0.000575025356627877,-0.000344209434671359,-0.000919234791299236,-0.00105176259443498,TRUE
0.2,1464,-0.000587762739451432,-0.000158683182188796,-0.000746445921640228,-0.000837897539458011,TRUE
0.2,1465,-0.00100047853093237,-0.000163974430297617,-0.00116445296122998,-0.00128163825730465,TRUE
0.2,1466,-0.000755356015993312,0.000601364303417658,-0.000153991712575654,-0.000184767571903457,TRUE
0.2,1467,0.0000409661655068905,-0.000159156265115798,-0.000118190099608907,-0.000131756523761803,TRUE
0.2,1468,0.000372243215705883,-0.000172624051484853,0.00019961916422103,0.000222271858148934,TRUE
0.2,1469,-0.000526621647169285,0.00075156643400111,0.000224944786831825,0.000250711403928976,TRUE
0.2,1470,0.000067079112219279,-0.000462602178055895,-0.000395523065836616,-0.000446404927312043,TRUE
0.2,1471,-0.000162268718787821,0.000812512514187825,0.000650243795400004,0.000719666683182931,TRUE
0.2,1472,-0.00111920652297053,-0.00077970931094633,-0.00189891583391686,-0.00224019759681966,TRUE
0.2,1473,-0.000729708728909293,0.000384478448767742,-0.000345230280141551,-0.000400441853395409,TRUE
0.2,1474,-0.000558851370517178,-0.000390589017123169,-0.000949440387640347,-0.0010693689918941,TRUE
0.2,1475,-0.000994978728624104,-0.000119461081683962,-0.00111443981030807,-0.00126829773044263,TRUE
0.2,1476,0.000148975520241754,-0.0000635173779258501,0.0000854581423159039,0.0000947339511336022,TRUE
0.2,1477,-0.000527321633195237,-0.000561327583711108,-0.00108864921690635,-0.00120959383107686,TRUE
0.2,1478,0.00158313115992938,0.000994331172194689,0.00257746233212407,0.00262643721891793,TRUE
0.2,1479,-0.0000244255289115305,-0.000172958278019843,-0.000197383806931373,-0.000220709635359983,TRUE
0.2,1480,-0.000170541380979924,-0.0000987024082822658,-0.00026924378926219,-0.000298723219798019,TRUE
0.2,1481,0.000277253902970522,0.000221402370827183,0.000498656273797705,0.000557284760404395,TRUE
0.2,1482,0.000982500658247818,-0.0000622379277218187,0.000920262730525999,0.00102637600465957,TRUE
0.2,1483,0.00055841573877499,-0.0000249133609438526,0.000533502377831138,0.000584673124028979,TRUE
0.2,1484,0.000575389013353642,0.000703547795115683,0.00127893680846933,0.00138714415385702,TRUE
0.2,1485,-0.000919687442146088,0.000717391841564105,-0.000202295600581983,-0.000238926550797591,TRUE
0.2,1486,-0.000358486567888069,-0.000360362534316636,-0.000718849102204704,-0.00079548296268541,TRUE
0.2,1487,-0.000287987545068789,0.000179171140355783,-0.000108816404713007,-0.000121985148382574,TRUE
0.2,1488,-0.000643458395309305,-0.0000910776776922421,-0.000734536073001547,-0.000845602085394621,TRUE
0.2,1489,-0.000295281366126105,0.000372013490112652,0.0000767321239865471,0.0000855940354015887,TRUE
0.2,1490,0.000460447519289624,0.000498103368321299,0.000958550887610923,0.00108615817505882,TRUE
0.2,1491,-0.000605356546330607,0.0000205899808652595,-0.000584766565465348,-0.000687572905116407,TRUE
0.2,1492,0.000260237721505,0.000337679537291352,0.000597917258796352,0.000656009234500731,TRUE
0.2,1493,-0.000809444804349562,0.000576303914721538,-0.000233140889628024,-0.00026821838771971,TRUE
0.2,1494,0.000888882162334776,0.0000776571879816425,0.000966539350316418,0.00105054095325285,TRUE
0.2,1495,-0.000949405166610783,0.000581702630393787,-0.000367702536216996,-0.000457060672207527,TRUE
0.2,1496,-0.00119005660575748,-0.000215867550916435,-0.00140592415667392,-0.0015819343343113,TRUE
0.2,1497,-0.0000399784457051905,-0.000526145013936912,-0.000566123459642102,-0.000640802690354834,TRUE
0.2,1498,0.00016113040138602,-0.000168959358131696,-0.00000782895674567542,-0.00000873291633143378,TRUE
0.2,1499,-0.000142151556500659,0.000418090766713786,0.000275939210213127,0.000314595594047286,TRUE
0.2,1500,-0.00122690064367654,-0.00111076058065859,-0.00233766122433513,-0.0027629751220551,TRUE
0.2,1501,-0.000524171393606267,0.000825933059754978,0.000301761666148711,0.0003448083993719,TRUE
0.2,1502,0.000101146563760689,0.00029837508832922,0.000399521652089909,0.000441488189180731,TRUE
0.2,1503,-0.000526706138453887,0.000235017751604015,-0.000291688386849872,-0.00032935390270485,TRUE
0.2,1504,0.000426722952653894,0.00217687273050135,0.00260359568315525,0.00298337864952199,TRUE
0.2,1505,-0.000939304334539877,-0.00091866012989413,-0.00185796446443401,-0.00225724792229399,TRUE
0.2,1506,0.000396315612613186,-0.000121975604082269,0.000274340008530917,0.000306254727841423,TRUE
0.2,1507,-0.000389389550493228,-0.000479046142152702,-0.00086843569264593,-0.00097771238811535,TRUE
0.2,1508,0.000262230466760904,-0.000218274828210339,0.0000439556385505648,0.0000488118307360595,TRUE
0.2,1509,-0.000580982057133036,0.000634094794804854,0.0000531127376718172,0.0000620501807809635,TRUE
0.2,1510,-0.0000735206698848681,-0.000236735017251362,-0.000310255687136231,-0.000347671129874087,TRUE
0.2,1511,-0.000208829130938512,-0.000447002113981985,-0.000655831244920497,-0.000739034218350345,TRUE
0.2,1512,-0.000694392808194544,-0.000531372654718398,-0.00122576546291294,-0.00135179466965905,TRUE
0.2,1513,-0.0000736504565056618,0.000639090004494843,0.000565439547989181,0.000631862748816997,TRUE
0.2,1514,0.000146405740315133,-0.000242234587699859,-0.0000958288473847256,-0.00010636018450719,TRUE
0.2,1515,0.000149684578092439,0.000166762336539995,0.000316446914632434,0.000352611601744028,TRUE
0.2,1516,-0.000332704323896369,-0.000662516129977118,-0.000995220453873488,-0.00113019871684857,TRUE
0.2,1517,0.000409930293631882,-0.000153963809031737,0.000255966484600145,0.000289172506346483,TRUE
0.2,1518,0.000216472262125384,0.000266492050108765,0.00048296431223415,0.000528860016404886,TRUE
0.2,1519,-0.000453334362027603,-0.000487600231475988,-0.00094093459350359,-0.00110930695146521,TRUE
0.2,1520,-0.000641213958610508,0.0000936644567844322,-0.000547549501826076,-0.000634109434555837,TRUE
0.2,1521,-0.000469324750743251,0.000258284475881296,-0.000211040274861955,-0.000238407240295323,TRUE
0.2,1522,0.000694458607915464,-0.00108197691261113,-0.000387518304695668,-0.000470683527164505,TRUE
0.2,1523,0.000479814987405369,0.000586849520788372,0.00106666450819374,0.00120751482223643,TRUE
0.2,1524,-0.000256927540065263,-0.000432863138261369,-0.000689790678326633,-0.000776327504485271,TRUE
0.2,1525,0.0000809071056891092,-0.000181159113803869,-0.00010025200811476,-0.000111806025449399,TRUE
0.2,1526,0.000153282632914441,-0.000304912429310819,-0.000151629796396378,-0.000171537845705009,TRUE
0.2,1527,0.000230766640708114,0.000718333495493119,0.000949100136201233,0.00105271775656933,TRUE
0.2,1528,-0.000203063814434126,0.000135935376419701,-0.0000671284380144247,-0.0000758152623742091,TRUE
0.2,1529,0.00101099729155114,0.000347206297806096,0.00135820358935724,0.00150774404375045,TRUE
0.2,1530,-0.000446084709970501,-0.000402404852320822,-0.000848489562291323,-0.00099794571065767,TRUE
0.2,1531,-0.000496810362565913,0.000707278485137959,0.000210468122572046,0.000241325328268659,TRUE
0.2,1532,-0.0000488561434824692,-0.000514641436042982,-0.000563497579525452,-0.000630408185235814,TRUE
0.2,1533,-0.00126859491435783,-0.000538137263251128,-0.00180673217760896,-0.00227850717049113,TRUE
0.2,1534,-0.000409325902420298,-0.000708551168926654,-0.00111787707134695,-0.0012662254739113,TRUE
0.2,1535,-0.000182189574980416,0.000273860479919818,0.0000916709049394024,0.000103031605770808,TRUE
0.2,1536,-0.000983096572821512,-0.000629725906206506,-0.00161282247902802,-0.0018201284451864,TRUE
0.2,1537,-0.0000169789969094119,0.00114014658160221,0.0011231675846928,0.00120008877935956,TRUE
0.2,1538,0.000197174273164755,-0.000310560595110934,-0.000113386321946179,-0.000128769506274532,TRUE
0.2,1539,0.0000594602150095064,0.0010147879407629,0.0010742481557724,0.00119490257953946,TRUE
0.2,1540,-0.00055912059810339,-0.00090508652044021,-0.0014642071185436,-0.00171705091718029,TRUE
0.2,1541,-0.000125971835015186,0.00102547720961844,0.000899505374603252,0.00101204625179511,TRUE
0.2,1542,-0.000351653091991956,-0.000376688789957899,-0.000728341881949855,-0.000832977733841107,TRUE
0.2,1543,-0.000341108046400526,0.000187840358518989,-0.000153267687881537,-0.000170793932777707,TRUE
0.2,1544,-0.00025231052716464,-0.000176179192391105,-0.000428489719555745,-0.00048431685669974,TRUE
0.2,1545,-0.00138744674938895,-0.000280728371028821,-0.00166817512041777,-0.00188918553360129,TRUE
0.2,1546,-0.000316802033744641,-0.000225745901106536,-0.000542547934851177,-0.000619141933025744,TRUE
0.2,1547,-0.00087453482660988,0.00144861517320971,0.00057408034659983,0.000710818839180833,TRUE
0.2,1548,-0.000857685334454287,0.000329059877950967,-0.00052862545650332,-0.000646087620797341,TRUE
0.2,1549,-0.000122232329993495,-0.000135072006733712,-0.000257304336727206,-0.000285792910488475,TRUE
0.2,1550,0.000525600824714093,0.000408077271090522,0.000933678095804616,0.00103830882262246,TRUE
0.2,1551,-0.00123252550500652,-0.000707566068357263,-0.00194009157336378,-0.0022363367529278,TRUE
0.2,1552,-0.000452433607117203,-0.000270273658160831,-0.000722707265278034,-0.000818074402535584,TRUE
0.2,1553,-0.000564052612859471,-0.000707788343819282,-0.00127184095667875,-0.00147649511067635,TRUE
0.2,1554,-0.00000938019121290657,0.000306129880945641,0.000296749689732735,0.000329600811547947,TRUE
0.2,1555,0.000321001022925994,0.00134544061726797,0.00166644164019396,0.00185940341078027,TRUE
0.2,1556,-0.0000586752273151118,0.00000628048591294673,-0.000052394741402165,-0.0000585057415741823,TRUE
0.2,1557,-0.000533976121995084,0.00041732033034599,-0.000116655791649093,-0.000134934924133429,TRUE
0.2,1558,0.000104678897005325,0.000456325599015107,0.000561004496020432,0.000606003211271892,TRUE
0.2,1559,-0.00133441749306967,0.000182442302142581,-0.00115197519092709,-0.00135576298139075,TRUE
0.2,1560,0.000350882558254009,0.000483487433282476,0.000834369991536484,0.000903398911626084,TRUE
0.2,1561,-0.000160369586953974,-0.000567052867067289,-0.000727422454021263,-0.000814966846335521,TRUE
0.2,1562,0.000649076716614584,-0.000238041749090815,0.000411034967523769,0.000454690275964442,TRUE
0.2,1563,0.000558009835171076,-0.000106398157989348,0.000451611677181728,0.000501602880747157,TRUE
0.2,1564,-0.00130951305775616,0.000515617217628866,-0.000793895840127295,-0.00095351534398132,TRUE
0.2,1565,0.0000283461882612817,-0.000893481166388493,-0.000865134978127211,-0.00096957827804408,TRUE
0.2,1566,-0.000848689731721597,0.000154445905237101,-0.000694243826484496,-0.000774958053171242,TRUE
0.2,1567,-0.000114654334757501,-0.000447822884385745,-0.000562477219143246,-0.000643515682978263,TRUE
0.2,1568,-0.000057243396597946,-0.000898713393066253,-0.000955956789664199,-0.00113624866587878,TRUE
0.2,1569,-0.000699804895534611,-0.000917964331654611,-0.00161776922718922,-0.00187918600956793,TRUE
0.2,1570,-0.000289056642745531,-0.000305492387066701,-0.000594549029812233,-0.000679897413559039,TRUE
0.2,1571,-0.000868382744795198,0.000247515160177112,-0.000620867584618086,-0.000721945580914713,TRUE
0.2,1572,0.000962208243491266,-0.000639541704336454,0.000322666539154813,0.000373751118274045,TRUE
0.2,1573,-0.000186912802722754,0.0010311761935583,0.000844263390835544,0.00096230875504645,TRUE
0.2,1574,-0.000507965722948188,0.00026178974195316,-0.000246175980995027,-0.000286727340239283,TRUE
0.2,1575,-0.0000215956829362703,0.000160417853112526,0.000138822170176256,0.000154284087273571,TRUE
0.2,1576,0.000394646184265039,-0.000103577438396881,0.000291068745868158,0.000322076663356442,TRUE
0.2,1577,0.000794092367202226,-0.000811286630662532,-0.0000171942634603064,-0.000020757970954763,TRUE
0.2,1578,-0.000627472672038375,-0.00121752625929963,-0.001844998931338,-0.00221762995225831,TRUE
0.2,1579,-0.000371207587793844,0.000371835389416255,0.000000627801622410276,0.000000707150173788788,TRUE
0.2,1580,-0.0000713806359644482,0.000367326695604759,0.000295946059640311,0.000333964837830686,TRUE
0.2,1581,0.000282180171076953,0.0000174429944910524,0.000299623165568005,0.000333618243035085,TRUE
0.2,1582,-0.000617656709656811,0.000297072387799456,-0.000320584321857355,-0.00037647333215826,TRUE
0.2,1583,0.000640786811568792,0.00065555160191884,0.00129633841348763,0.00145311987095463,TRUE
0.2,1584,-0.000391012046661215,-0.0000537175994998775,-0.000444729646161092,-0.000505501964002807,TRUE
0.2,1585,-0.0000910583335858533,0.000531357807157362,0.000440299473571509,0.000492735661782638,TRUE
0.2,1586,-0.000398006265955612,0.000127851906184525,-0.000270154359771087,-0.000306018816120642,TRUE
0.2,1587,0.000000785740720125716,0.000314597063561372,0.000315382804281498,0.00035053946185933,TRUE
0.2,1588,-0.000330089654261176,-0.000359907083232794,-0.00068999673749397,-0.000760113446367055,TRUE
0.2,1589,-0.0000640006360203813,0.000231820744387485,0.000167820108367103,0.000187623552537529,TRUE
0.2,1590,-0.000149197850425473,0.00033606779458875,0.000186869944163277,0.000207167471652987,TRUE
0.2,1591,-0.00076799097762457,-0.00033541329564801,-0.00110340427327258,-0.00127325905696317,TRUE
0.2,1592,-0.00108021886301005,0.0000484141229110031,-0.00103180474009904,-0.00117097270388265,TRUE
0.2,1593,-0.000211111117754771,0.000993541599820546,0.000782430482065775,0.000892501392551826,TRUE
0.2,1594,-0.000724426771299313,-0.000895196696158334,-0.00161962346745765,-0.00192159217246189,TRUE
0.2,1595,-0.000181864392073474,0.00080746813034519,0.000625603738271716,0.000723901548482756,TRUE
0.2,1596,-0.000745672368630078,-0.000807426176734604,-0.00155309854536468,-0.00167219780509023,TRUE
0.2,1597,0.000344640129807593,0.000671568108662734,0.00101620823847033,0.00110985100304817,TRUE
0.2,1598,-0.00067944757521225,0.000190596078640323,-0.000488851496571927,-0.000563356546117756,TRUE
0.2,1599,0.000129041849195263,-0.000540450620136061,-0.000411408770940799,-0.000454300975331541,TRUE
0.2,1600,-0.000408485120665147,-0.000106483131390379,-0.000514968252055526,-0.000586634992529602,TRUE
0.2,1601,-0.000482240972240457,0.000215833499834273,-0.000266407472406184,-0.000304784287486066,TRUE
0.2,1602,0.000514000383275447,0.000295430599709031,0.000809430982984478,0.000907497057758251,TRUE
0.2,1603,0.000477539074280287,-0.0004009854929243,0.0000765535813559875,0.0000839261280843241,TRUE
0.2,1604,0.00017234777613857,0.000318684866007315,0.000491032642145885,0.000544736685343459,TRUE
0.2,1605,-0.000296567125587152,0.000377309025235685,0.0000807418996485338,0.0000921735589088854,TRUE
0.2,1606,0.000204971997514544,-0.0000574686714317689,0.000147503326082775,0.000163295462862394,TRUE
0.2,1607,-0.000183541803972968,-0.000875695778310323,-0.00105923758228329,-0.00118256363377724,TRUE
0.2,1608,-0.0000234124561763246,0.0000522262828415201,0.0000288138266651954,0.0000321247714992428,TRUE
0.2,1609,0.000321245029782795,-0.0000679918796086427,0.000253253150174152,0.000279444839900194,TRUE
0.2,1610,0.000681376106416368,0.00063571747523085,0.00131709358164722,0.00145602471873736,TRUE
0.2,1611,-0.000389531839989655,-0.000445047214752351,-0.000834579054742005,-0.000965578433765444,TRUE
0.2,1612,-0.00110244549760527,0.000313343390602831,-0.000789102107002435,-0.00103678218007438,TRUE
0.2,1613,-0.000883171778748113,0.000944546151447825,0.0000613743726997114,0.0000697598854332622,TRUE
0.2,1614,0.000462418910662358,0.000898285359063424,0.00136070426972578,0.00154009863850482,TRUE
0.2,1615,-0.00082439315094352,0.000394756410455294,-0.000429636740488226,-0.000510966381912634,TRUE
0.2,1616,0.000234987728072378,-0.000377621672636037,-0.00014263394456366,-0.000161353207568072,TRUE
0.2,1617,0.0000657235154214976,0.000457374544348301,0.000523098059769798,0.000592004413625428,TRUE
0.2,1618,0.000465687901362033,-0.00031184717714499,0.000153840724217043,0.000171904268931304,TRUE
0.2,1619,-0.00084948737738276,-0.000215918100941217,-0.00106540547832398,-0.00123010624637676,TRUE
0.2,1620,-0.000339542084181254,0.0000113204660649044,-0.00032822161811635,-0.000367024184652179,TRUE
0.2,1621,-0.000474695351030451,-0.000959494777878441,-0.00143419012890889,-0.00157010800004251,TRUE
0.2,1622,0.000156109079623602,-0.000414228444201713,-0.000258119364578111,-0.000288859707464225,TRUE
0.2,1623,-0.000300691009426362,-0.000312612858669012,-0.000613303868095374,-0.000686366874018001,TRUE
0.2,1624,0.00027870020123675,0.000346801330151923,0.000625501531388673,0.000699065616830725,TRUE
0.2,1625,0.000178815456421909,0.0000604916567568757,0.000239307113178784,0.000269477765237452,TRUE
0.2,1626,-0.0010425954863424,0.000182082046033497,-0.000860513440308904,-0.00103320741544154,TRUE
0.2,1627,0.0000822137254545486,0.000621560432736383,0.000703774158190931,0.000806071522167227,TRUE
0.2,1628,-0.000525093298662387,0.00147514026416626,0.000950046965503873,0.00113969517872439,TRUE
0.2,1629,-0.000588528565513363,0.0000245931633500022,-0.000563935402163361,-0.000661766844956787,TRUE
0.2,1630,-0.00053055012381719,-0.000859849073779485,-0.00139039919759668,-0.00163622698048812,TRUE
0.2,1631,-0.0000156236065568317,-0.000508104977680149,-0.000523728584236981,-0.000595491320010779,TRUE
0.2,1632,-0.000467075106083696,0.000600041925717416,0.000132966819633719,0.000149036484510344,TRUE
0.2,1633,-0.0000935579291884228,0.000539595323010726,0.000446037393822303,0.000490901206791416,TRUE
0.2,1634,-0.000181023844780383,-0.000871824339940053,-0.00105284818472044,-0.00121273066982914,TRUE
0.2,1635,0.000142041245084442,0.000451380481746459,0.000593421726830901,0.00064144073557611,TRUE
0.2,1636,-0.00000442882489630774,-0.0000256575366224041,-0.0000300863615187118,-0.0000334928667963482,TRUE
0.2,1637,-0.000214042849871268,-0.000167152546825193,-0.000381195396696461,-0.000424445232896169,TRUE
0.2,1638,-0.000213943843235367,-0.000848580388449043,-0.00106252423168441,-0.00122643232023068,TRUE
0.2,1639,-0.00160921878353956,-0.000730800481795037,-0.0023400192653346,-0.00301336874874832,TRUE
0.2,1640,-0.00118316367209034,0.000328557341921018,-0.000854606330169325,-0.00105326991380686,TRUE
0.2,1641,-0.000531771575974973,0.000726838586449972,0.000195067010474999,0.00022460457845042,TRUE
0.2,1642,0.000436935726496212,-0.000436959376824959,-0.0000000236503287469997,-0.0000000271947076787367,TRUE
0.2,1643,-0.000537680397093144,0.000226133983494023,-0.000311546413599121,-0.000357221058099994,TRUE
0.2,1644,0.00000923097508098148,-0.000466495401063922,-0.00045726442598294,-0.000520368599963372,TRUE
0.2,1645,-0.000991567277821613,-0.000309184336591452,-0.00130075161441306,-0.00149105502896468,TRUE
0.2,1646,-0.000902608686131254,0.000740431050373753,-0.000162177635757501,-0.000194955800924976,TRUE
0.2,1647,-0.000202511398350708,-0.0000137524752800126,-0.00021626387363072,-0.000241006394690241,TRUE
0.2,1648,-0.000431033099064415,-0.000562876300188472,-0.000993909399252887,-0.0011213570234178,TRUE
0.2,1649,-0.00111871587942862,-0.00110933283750195,-0.00222804871693056,-0.00270813388410545,TRUE
0.2,1650,-0.000981785559994713,0.000522569650991189,-0.000459215909003525,-0.000539971238742854,TRUE
0.2,1651,-0.00131240054967427,-0.000119643157766417,-0.00143204370744069,-0.00174302529659736,TRUE
0.2,1652,-0.000250846143983064,-0.000839958240772011,-0.00109080438475507,-0.00128866408592747,TRUE
0.2,1653,-0.0000769937416086586,0.000587143859405061,0.000510150117796403,0.000569207467308417,TRUE
0.2,1654,-0.000345758313929392,0.00124529991737077,0.000899541603441374,0.00108987927634811,TRUE
0.2,1655,-0.000925529452465756,0.000344016358151305,-0.000581513094314452,-0.000705199240767861,TRUE
0.2,1656,0.000309991817771065,0.0000785233734640735,0.000388515191235138,0.00043341637223939,TRUE
0.2,1657,-0.000213606013493286,-0.0000422909768123518,-0.000255896990305637,-0.000290109222533404,TRUE
0.2,1658,-0.000694439370770246,0.000392238127409151,-0.000302201243361095,-0.000357900458361637,TRUE
0.2,1659,-0.000613059329705771,-0.000888479081282747,-0.00150153841098852,-0.00182104125978267,TRUE
0.2,1660,-0.000459936439510733,0.000150757816468479,-0.000309178623042254,-0.000352395505724362,TRUE
0.2,1661,-0.000414166274307996,-0.000303188872474882,-0.000717355146782878,-0.000813499153396238,TRUE
0.2,1662,-0.000425515248747737,-0.000277643233568567,-0.000703158482316304,-0.000806654669600951,TRUE
0.2,1663,0.000479060466620669,0.000458199879639755,0.000937260346260423,0.00101539622993633,TRUE
0.2,1664,0.000247213123648832,0.000286042057223733,0.000533255180872566,0.000576602338170704,TRUE
0.2,1665,-0.0000708403643736338,0.00010226682764443,0.0000314264632707966,0.0000350519507289131,TRUE
0.2,1666,-0.000379164375605649,-0.000500132105348983,-0.000879296480954632,-0.00100662842995936,TRUE
0.2,1667,-0.000302445023511642,-0.0000989928435264161,-0.000401437867038058,-0.000453778429170154,TRUE
0.2,1668,0.0001526711735915,-0.000282676389168911,-0.00013000521557741,-0.000145679144730509,TRUE
0.2,1669,-0.000453395939185572,-0.0000243258988799733,-0.000477721838065546,-0.000536673198012936,TRUE
0.2,1670,-0.000444379549208876,-0.000203048682997822,-0.000647428232206698,-0.000726311074316745,TRUE
0.2,1671,-0.000568635656326422,-0.000395021363009633,-0.000963657019336054,-0.00111667830520322,TRUE
0.2,1672,0.000489469716854662,0.000617400397822839,0.0011068701146775,0.00119841191327796,TRUE
0.2,1673,-0.0000561525148422481,0.000486445259615104,0.000430292744772856,0.000484578652031752,TRUE
0.2,1674,0.000488334249268975,0.000175029594840925,0.0006633638441099,0.000719795825887704,TRUE
0.2,1675,-0.000377716522749246,0.000139027916099414,-0.000238688606649832,-0.000269920013959542,TRUE
0.2,1676,-0.00000551969963606413,-0.0006156363700021,-0.000621156069638164,-0.000678165886855634,TRUE
0.2,1677,-0.000621830245650662,0.000528942134107935,-0.0000928881115427261,-0.000105651769954924,TRUE
0.2,1678,-0.00121204185220342,-0.000914488536481808,-0.00212653038868523,-0.00236054683186441,TRUE
0.2,1679,-0.000117130908367353,-0.0000719400340020349,-0.000189070942369388,-0.000210391415143558,TRUE
0.2,1680,-0.000363453025946593,-0.000467864025365728,-0.000831317051312321,-0.000921217128285351,TRUE
0.2,1681,0.000469224700815115,-0.000506911070185538,-0.0000376863693704236,-0.0000426997966634231,TRUE
0.2,1682,0.000591250346187863,0.00037329419775455,0.000964544543942413,0.00105362268814602,TRUE
0.2,1683,-0.000223476065561649,0.000243254017715563,0.0000197779521539139,0.0000221626379976236,TRUE
0.2,1684,-0.0000167586655685427,-0.000372384824562385,-0.000389143490130928,-0.000436327252044885,TRUE
0.2,1685,0.000461083860484965,-0.000503238711588401,-0.0000421548511034357,-0.0000478629062449128,TRUE
0.2,1686,-0.000665942414203559,-0.000166241649266237,-0.000832184063469796,-0.000991418206448109,TRUE
0.2,1687,0.000620887416289168,0.000503569275573882,0.00112445669186305,0.00121164618406404,TRUE
0.2,1688,0.000301909014794158,-0.000417855342598086,-0.000115946327803929,-0.000129745566524299,TRUE
0.2,1689,-0.00101851654826964,0.000280747933098468,-0.000737768615171174,-0.000862631776486948,TRUE
0.2,1690,-0.000302306348410724,0.000274771659885243,-0.000027534688525481,-0.0000313070307955386,TRUE
0.2,1691,0.000304786433362887,-0.00159040639973342,-0.00128561996637053,-0.00155378320625687,TRUE
0.2,1692,0.00064002159893834,0.000573370051876763,0.0012133916508151,0.0012775899851383,TRUE
0.2,1693,0.0000050978977142844,0.000118150731703338,0.000123248629417623,0.000136240618674123,TRUE
0.2,1694,-0.000280630255594616,0.000730615874760911,0.000449985619166296,0.000551737527749121,TRUE
0.2,1695,-0.000418705870547229,-0.000344890541170839,-0.000763596411718069,-0.000859199135083622,TRUE
0.2,1696,0.0000101747843069869,0.000386121545576591,0.000396296329883578,0.000434074792410724,TRUE
0.2,1697,0.000372827717560141,0.000527442604940726,0.000900270322500867,0.000975451865162054,TRUE
0.2,1698,-0.0004749776737573,0.000648854794107824,0.000173877120350524,0.00019905574826454,TRUE
0.2,1699,0.000497279451870931,0.000322784356473228,0.000820063808344159,0.000888140555340678,TRUE
0.2,1700,-0.000182258663675522,0.000178136864299055,-0.00000412179937646633,-0.00000463118572688754,TRUE
0.2,1701,-0.000280726340723874,0.00015553518222157,-0.000125191158502304,-0.000143963883515147,TRUE
0.2,1702,-0.000644256146090041,-0.00011987477742965,-0.000764130923519691,-0.000886601836506316,TRUE
0.2,1703,0.000191844414729306,0.000490732546238011,0.000682576960967317,0.000765750811036453,TRUE
0.2,1704,-0.000104517790463478,0.0000457047615887938,-0.0000588130288746839,-0.0000657019899111225,TRUE
0.2,1705,-0.000413005735616958,-0.000185052525362473,-0.00059805826097943,-0.000679792259565437,TRUE
0.2,1706,-0.00104262578575005,-0.000581650233782586,-0.00162427601953264,-0.00202004377614904,TRUE
0.2,1707,-0.000976305311026912,0.0000704548141890501,-0.000905850496837862,-0.00102214689197568,TRUE
0.2,1708,-0.000401711773368142,-0.00137756832930413,-0.00177928010267227,-0.00217263447236494,TRUE
0.2,1709,0.000186414159391219,0.000572306255092519,0.000758720414483738,0.000813496763492601,TRUE
0.2,1710,-0.000630010569357043,0.000651173043637504,0.0000211624742804616,0.0000250638892619199,TRUE
0.2,1711,0.000846508203745574,-0.0000864550403726022,0.000760053163372972,0.00083915814126498,TRUE
0.2,1712,-0.000326522874869378,-0.000159702360574298,-0.000486225235443676,-0.000548051745632228,TRUE
0.2,1713,0.000438942325771084,-0.000297261552331473,0.000141680773439611,0.000156125896548407,TRUE
0.2,1714,0.000476770114679453,0.000359081652754396,0.000835851767433849,0.00094889647145566,TRUE
0.2,1715,0.00101415752757039,0.000537680542710387,0.00155183807028078,0.00176741969624112,TRUE
0.2,1716,0.000419773809653602,0.000382139742555865,0.000801913552209467,0.00089941150075756,TRUE
0.2,1717,-0.00111831042864655,-0.000589300133847196,-0.00170761056249375,-0.00189711889694132,TRUE
0.2,1718,-0.000837298927840563,-0.000976802872099638,-0.0018141017999402,-0.00229139682365657,TRUE
0.2,1719,-0.00112859005226454,-0.0000655212397128735,-0.00119411129197741,-0.00141967184029747,TRUE
0.2,1720,0.000883121759331122,0.00136766165881872,0.00225078341814984,0.00252573537040486,TRUE
0.2,1721,0.000876415436626847,0.000649714297813948,0.00152612973444079,0.00169056247877783,TRUE
0.2,1722,0.000602719745528994,0.000886177650965065,0.00148889739649406,0.00162930206250312,TRUE
0.2,1723,-0.000813830216792527,-0.000529593766005669,-0.0013434239827982,-0.00159080396948635,TRUE
0.2,1724,-0.000407298130452427,0.0000983839119474701,-0.000308914218504957,-0.000349728717793771,TRUE
0.2,1725,-0.000178163092612546,0.000651437732058354,0.000473274639445808,0.000535944017900824,TRUE
0.2,1726,-0.000254630958186271,-0.000482675676777295,-0.000737306634963566,-0.000818758720110119,TRUE
0.2,1727,-0.0000225244112273745,-0.000555899214107777,-0.000578423625335152,-0.000646089424646305,TRUE
0.2,1728,-0.00133720111382735,-0.000297414107721834,-0.00163461522154918,-0.00185775655182578,TRUE
0.2,1729,-0.0012558459764549,-0.000678115510539833,-0.00193396148699473,-0.00232243913817201,TRUE
0.2,1730,-0.0000557194186929088,0.000177520445441339,0.000121801026748431,0.000135708261683934,TRUE
0.2,1731,-0.000415726548638889,0.000163567804866124,-0.000252158743772765,-0.000288267924308517,TRUE
0.2,1732,0.000874066204339471,0.00039141423073839,0.00126548043507786,0.00133834645798352,TRUE
0.2,1733,-0.000493132900797389,-0.0000647099728018682,-0.000557842873599258,-0.00063959002255588,TRUE
0.2,1734,-0.00145215493062561,-0.000273453237486388,-0.001725608168112,-0.00204024542874422,TRUE
0.2,1735,0.000282627954110736,0.000135707186148506,0.000418335140259242,0.000463650878757847,TRUE
0.2,1736,0.0000284571756678268,-0.000258735921575224,-0.000230278745907397,-0.000253642614461207,TRUE
0.2,1737,0.000298718005614844,-0.000368555536479284,-0.0000698375308644404,-0.0000784828534645464,TRUE
0.2,1738,-0.0000881220912300976,-0.000425629443143741,-0.000513751534373839,-0.000576362229828248,TRUE
0.2,1739,-0.000107571138161267,-0.000757242635710365,-0.000864813773871632,-0.000966485031746397,TRUE
0.2,1740,0.000459639411071208,0.000177468619368321,0.000637108030439529,0.000707369077713865,TRUE
0.2,1741,-0.00214746672387507,-0.00197402218666766,-0.00412148891054273,-0.00527356631876912,TRUE
0.2,1742,0.000534029194818773,-0.000294717792712576,0.000239311402106197,0.000265703827126753,TRUE
0.2,1743,0.0000124609875966528,0.0000596485838987785,0.0000721095714954313,0.000080321284326214,TRUE
0.2,1744,-0.00078160204261504,0.000478980586728585,-0.000302621455886455,-0.000363001915151883,TRUE
0.2,1745,0.000256898906346117,0.0000621370698193232,0.00031903597616544,0.000352370205986415,TRUE
0.2,1746,-0.000982790775597401,0.000367860961901387,-0.000614929813696014,-0.00075466951450608,TRUE
0.2,1747,-0.000200721149933622,0.000211813215138885,0.0000110920652052634,0.0000123981575326034,TRUE
0.2,1748,-0.000738626226422713,-0.000178733270260899,-0.000917359496683612,-0.0010775751778179,TRUE
0.2,1749,0.000899704097756265,-0.00038017152741838,0.000519532570337884,0.000634752068506917,TRUE
0.2,1750,-0.00130258317921442,0.000281586477950114,-0.00102099670126431,-0.00129327382660334,TRUE
0.2,1751,0.000365771447442582,-0.000576016850899113,-0.000210245403456531,-0.000239069002580773,TRUE
0.2,1752,-0.000427627323243019,-0.000335805275627417,-0.000763432598870436,-0.000866668862521041,TRUE
0.2,1753,-0.000183108477834477,-0.000206405875415305,-0.000389514353249781,-0.000444689223708394,TRUE
0.2,1754,0.0000794043010722658,-0.000351864928589564,-0.000272460627517299,-0.00030141783922011,TRUE
0.2,1755,0.000975102354922973,-0.0000422008774928623,0.000932901477430111,0.000987302954321988,TRUE
0.2,1756,-0.000483079883150095,-0.000562584582925367,-0.00104566446607546,-0.00118747760915341,TRUE
0.2,1757,-0.00098105495264908,-0.000198450921785293,-0.00117950587443437,-0.00136198783634378,TRUE
0.2,1758,-0.00011118195450892,0.000589843944210243,0.000478661989701322,0.00052146626501502,TRUE
0.2,1759,0.00020156751610752,0.00032748354663082,0.00052905106273834,0.000581155099158929,TRUE
0.2,1760,0.000194553071120385,0.00025855934444903,0.000453112415569414,0.00049366754849098,TRUE
0.2,1761,0.000229489233420919,0.000766658120545909,0.000996147353966829,0.00107919988210042,TRUE
0.2,1762,0.000182322358886868,0.000153920846573434,0.000336243205460301,0.000373044992294622,TRUE
0.2,1763,-0.000987184643582686,-0.000909189617696004,-0.00189637426127869,-0.00214077842073044,TRUE
0.2,1764,-0.0011720288597193,-0.000461402679096523,-0.00163343153881582,-0.00202264500792358,TRUE
0.2,1765,-0.00117958728078701,0.00013125125357927,-0.00104833602720774,-0.00127527881946691,TRUE
0.2,1766,0.000133456540962597,0.000570981673534359,0.000704438214496956,0.000798029183641799,TRUE
0.2,1767,0.000190902589251183,-0.000204457744234836,-0.0000135551549836534,-0.0000151324598773586,TRUE
0.2,1768,-0.000734033846159606,0.000217950891561566,-0.00051608295459804,-0.000614109141328871,TRUE
0.2,1769,-0.00122790976405965,-0.000461483493602138,-0.00168939325766178,-0.00193784945822804,TRUE
0.2,1770,-0.0000164862337724917,0.000428286688629312,0.00041180045485682,0.000463811442086866,TRUE
0.2,1771,-0.000188080773168477,-0.000475193452171642,-0.000663274225340119,-0.000757693232306175,TRUE
0.2,1772,-0.00107103545378919,-0.000791395213529533,-0.00186243066731873,-0.00216430191381996,TRUE
0.2,1773,-0.001843024382604,0.0000345202816434393,-0.00180850410096056,-0.00225696256565018,TRUE
0.2,1774,-0.000854036673214593,-0.00067024761798424,-0.00152428429119883,-0.00171532279139604,TRUE
0.2,1775,0.000109875442542073,-0.000711123298839173,-0.0006012478562971,-0.00068159013627433,TRUE
0.2,1776,-0.0000630867348683368,-0.000635357551533602,-0.000698444286401939,-0.000797424605905656,TRUE
0.2,1777,0.000377304427336093,-0.00000329545726201225,0.000374008970074081,0.00041800533390735,TRUE
0.2,1778,-0.000625031783705718,0.000373784817845945,-0.000251246965859773,-0.000294908506092417,TRUE
0.2,1779,-0.000375951509188893,-0.000590232965921183,-0.000966184475110076,-0.00111042293804699,TRUE
0.2,1780,-0.000326501224230952,0.00144163014638441,0.00111512892215346,0.00138398509634709,TRUE
0.2,1781,-0.00161275562535952,0.000135272537754382,-0.00147748308760514,-0.00183084372832928,TRUE
0.2,1782,-0.00136638283005174,0.000443322892995677,-0.000923059937056062,-0.00117757591186489,TRUE
0.2,1783,-0.0000840765127855376,-0.000119486917664233,-0.00020356343044977,-0.00022816323713103,TRUE
0.2,1784,0.000110662519950181,0.000335512511212171,0.000446175031162352,0.000498341398754758,TRUE
0.2,1785,-0.000331724089641507,0.000500533142802647,0.00016880905316114,0.00019360326009081,TRUE
0.2,1786,-0.000641466641424292,-0.0000917128217272232,-0.000733179463151515,-0.000833767541998394,TRUE
0.2,1787,0.00110878452994072,0.00046300783600629,0.00157179236594701,0.00171825158792387,TRUE
0.2,1788,-0.000671896982984103,-0.000188281103493613,-0.000860178086477717,-0.00096960790640743,TRUE
0.2,1789,0.000149768039691527,0.0000356795950288342,0.000185447634720361,0.000206225573688569,TRUE
0.2,1790,0.000533656279844492,-0.000512486885882543,0.0000211693939619489,0.0000243364205112418,TRUE
0.2,1791,-0.00063074447076476,0.00138051311059361,0.00074976863982885,0.000897018766336758,TRUE
0.2,1792,0.000122203768194114,-0.000446548085691169,-0.000324344317497055,-0.000364589771003539,TRUE
0.2,1793,-0.000930129061152454,-0.000514172603470078,-0.00144430166462253,-0.00159084851385114,TRUE
0.2,1794,-0.000629647212014354,0.000111208843358972,-0.000518438368655382,-0.000589920425246521,TRUE
0.2,1795,0.000130184631511274,0.0011763777286058,0.00130656236011707,0.00150963582714423,TRUE
0.2,1796,-0.000228717284122449,0.00108149777881769,0.000852780494695246,0.000990046447705172,TRUE
0.2,1797,-0.000446400722565334,-0.000292342600459925,-0.000738743323025258,-0.000853428584267824,TRUE
0.2,1798,-0.000575996575011402,0.00044553077062284,-0.000130465804388561,-0.00014974050548854,TRUE
0.2,1799,0.0000367784464177967,0.000498086882630503,0.0005348653290483,0.000604495804829708,TRUE
0.2,1800,0.000167752608474829,-0.000537906924891651,-0.000370154316416821,-0.000418735580664383,TRUE
0.2,1801,0.00086339836695422,0.0000615983375889168,0.000924996704543137,0.00104697322475687,TRUE
0.2,1802,-0.000786624449146751,0.000355661092894902,-0.000430963356251849,-0.00050071048696506,TRUE
0.2,1803,0.000480899176954347,0.00083297540799485,0.0013138745849492,0.00145782957984042,TRUE
0.2,1804,-0.000575920087221837,-0.00118611269370588,-0.00176203278092772,-0.0020836874510585,TRUE
0.2,1805,-0.00221263553057121,0.000587306317420141,-0.00162532921315107,-0.0020524984590138,TRUE
0.2,1806,0.000182395740090163,-0.000263533809494151,-0.0000811380694039884,-0.0000911848209031095,TRUE
0.2,1807,-0.000385768726952755,-0.000593003121628044,-0.000978771848580799,-0.00109680213344513,TRUE
0.2,1808,-0.000231638056800609,-0.000690374615248141,-0.00092201267204875,-0.00108463143931622,TRUE
0.2,1809,-0.000525367628939663,0.000188871256101434,-0.00033649637283823,-0.000386478484997764,TRUE
0.2,1810,-0.000698365565651073,0.000130808051963234,-0.000567557513687839,-0.00067089119354565,TRUE
0.2,1811,0.000725985461303261,-0.000559337865307933,0.000166647595995328,0.000187015594073053,TRUE
0.2,1812,-0.000330179542022081,-0.0000657768781630095,-0.00039595642018509,-0.000434151862535381,TRUE
0.2,1813,-0.000586089574443646,0.000118400064642533,-0.000467689509801113,-0.00053472430116341,TRUE
0.2,1814,-0.000337610359358414,-0.000489816304041511,-0.000827426663399925,-0.000962739205580637,TRUE
0.2,1815,0.0000703508907249497,0.0000237930690230757,0.0000941439597480254,0.00010496207124794,TRUE
0.2,1816,0.000177088029870874,-0.000270417091066466,-0.0000933290611955921,-0.00010399928887915,TRUE
0.2,1817,-0.00124910143455442,-0.00052521801073449,-0.00177431944528891,-0.00199324801171106,TRUE
0.2,1818,-0.00125919626423402,0.00005252444263397,-0.00120667182160005,-0.00155725190145936,TRUE
0.2,1819,0.000970967648286179,0.00020986881127246,0.00118083645955864,0.00131984658501199,TRUE
0.2,1820,-0.000839823651909494,0.00024542981297253,-0.000594393838936964,-0.000676644905741119,TRUE
0.2,1821,-0.0000751088901229011,-0.000926702025153174,-0.00100181091527607,-0.00115898784308995,TRUE
0.2,1822,-0.00036433564948584,-0.000396214554364052,-0.000760550203849892,-0.000891261589782409,TRUE
0.2,1823,-0.000520295974984659,0.000505454096295952,-0.0000148418786887069,-0.0000170953251842508,TRUE
0.2,1824,0.000388697365862204,0.000493878992466854,0.000882576358329058,0.000957315185073643,TRUE
0.2,1825,-0.000241833194525826,0.00013025568832721,-0.000111577506198617,-0.000126753849491676,TRUE
0.2,1826,-0.000264448400009206,0.000411689176898957,0.000147240776889751,0.000170754500787836,TRUE
0.2,1827,-0.000325914982435029,-0.000099050850996743,-0.000424965833431772,-0.000477546667395051,TRUE
0.2,1828,0.000369579609709993,0.000834671869466972,0.00120425147917697,0.00127045516191964,TRUE
0.2,1829,-0.000698064744614543,-0.000786238793282792,-0.00148430353789733,-0.00169109197486244,TRUE
0.2,1830,-0.00124232537684286,-0.000222093746836649,-0.00146441912367951,-0.00174619804075209,TRUE
0.2,1831,0.000316633685642119,-0.0000189027597815537,0.000297730925860566,0.000326374832002871,TRUE
0.2,1832,-0.000411248071529147,0.000301338480912208,-0.000109909590616939,-0.000126152104344093,TRUE
0.2,1833,-0.000150795961363524,0.000316956351832566,0.000166160390469042,0.000185553716617734,TRUE
0.2,1834,-0.000696588720201596,-0.000597430899586454,-0.00129401961978805,-0.00148351942497983,TRUE
0.2,1835,-0.000438169642117439,-0.000410408406500226,-0.000848578048617665,-0.000998068194097345,TRUE
0.2,1836,0.000711578060093593,-0.0000822855910468599,0.000629292469046734,0.000709451104667981,TRUE
0.2,1837,-0.000363703153468475,-0.000118091912247493,-0.000481795065715968,-0.000538390710236958,TRUE
0.2,1838,-0.00092126562787916,-0.00154039859309604,-0.0024616642209752,-0.0029595346269145,TRUE
0.2,1839,-0.0000710834874800928,-0.000819423043919784,-0.000890506531399877,-0.00102032332213925,TRUE
0.2,1840,-0.00000859168798662864,0.000451612061636315,0.000443020373649686,0.000486454984092911,TRUE
0.2,1841,-0.000805146563575977,-0.000438322414795384,-0.00124346897837136,-0.00147638376662062,TRUE
0.2,1842,-0.0000769122597635928,-0.000102995541456391,-0.000179907801219984,-0.000201147892288811,TRUE
0.2,1843,0.0000915024820931901,-0.000583417457883055,-0.000491914975789865,-0.000561155558299644,TRUE
0.2,1844,-0.000466939786541084,0.000504254143909378,0.0000373143573682945,0.0000416377009618794,TRUE
0.2,1845,0.0000792315646620803,0.000783938002857985,0.000863169567520065,0.00099079288380107,TRUE
0.2,1846,-0.0000386157424424686,-0.00011676864324393,-0.000155384385686399,-0.00017452323210979,TRUE
0.2,1847,-0.000289565424692266,-0.000179168748768659,-0.000468734173460925,-0.000523795081959934,TRUE
0.2,1848,0.000169395578279225,-0.000453618742861028,-0.000284223164581803,-0.000321419929966827,TRUE
0.2,1849,-0.00126062973659934,-0.000778797458106269,-0.00203942719470561,-0.0024031250577718,TRUE
0.2,1850,-0.000938666131420221,-0.000828875391320654,-0.00176754152274088,-0.00221200843631821,TRUE
0.2,1851,0.000105509752653049,0.000099218813527795,0.000204728566180844,0.000226705133928947,TRUE
0.2,1852,0.00143510368969173,0.00112113143984277,0.0025562351295345,0.00298216711579998,TRUE
0.2,1853,0.000775863664152603,0.00107827872389285,0.00185414238804545,0.00196727226533066,TRUE
0.2,1854,-0.000323692232394634,0.000119929837609396,-0.000203762394785238,-0.000227803638414238,TRUE
0.2,1855,-0.000298103456898627,0.00095387365642971,0.000655770199531083,0.000777573310149037,TRUE
0.2,1856,-0.000541801065499164,0.0000596292152440763,-0.000482171850255088,-0.000544716211233906,TRUE
0.2,1857,-0.000441676355653494,-0.000269441929883959,-0.000711118285537453,-0.000793861915495327,TRUE
0.2,1858,0.000309637863989502,-0.00042119852419829,-0.000111560660208788,-0.000125581052246686,TRUE
0.2,1859,-0.000769346786033833,-0.000200227497736489,-0.000969574283770321,-0.00110937809105236,TRUE
0.2,1860,-0.000148336522509138,-0.0000236368795466112,-0.000171973402055749,-0.000193885497641109,TRUE
0.2,1861,-0.000431520269357496,0.000206719316443188,-0.000224800952914307,-0.000253459816172384,TRUE
0.2,1862,0.000104830837126788,-0.000548340571772567,-0.000443509734645779,-0.00050652640419682,TRUE
0.2,1863,0.000143764165954312,0.000405363170922111,0.000549127336876423,0.000601942201335906,TRUE
0.2,1864,0.000407016127530352,0.000675177546746787,0.00108219367427714,0.00117756073412896,TRUE
0.2,1865,-0.00114038879225796,-0.0000827679339591296,-0.00122315672621709,-0.00143736444504733,TRUE
0.2,1866,-0.000238519191951412,-0.000119027192501033,-0.000357546384452444,-0.00039980269995547,TRUE
0.2,1867,-0.0000602782107382818,0.000563090074974366,0.000502811864236084,0.000567934879783847,TRUE
0.2,1868,-0.000459595318951244,0.00052552504873472,0.0000659297297834762,0.0000758844010753275,TRUE
0.2,1869,-0.000524393885640012,-0.000497878604467112,-0.00102227249010712,-0.00121928559742333,TRUE
0.2,1870,-0.000951073207936872,-0.000354228199671398,-0.00130530140760827,-0.00151996382478642,TRUE
0.2,1871,-0.000682740593186625,-0.000903539449816471,-0.0015862800430031,-0.0018288748609087,TRUE
0.2,1872,0.000676694704668455,0.0000442326329241073,0.000720927337592562,0.000789106081773385,TRUE
0.2,1873,-0.000115193664698252,0.000406084444219318,0.000290890779521066,0.000320926126114244,TRUE
0.2,1874,-0.000204441621202414,0.000846998379635041,0.000642556758432628,0.000732082039943693,TRUE
0.2,1875,-0.000343471904026457,-0.000204233442404983,-0.00054770534643144,-0.000607310852866208,TRUE
0.2,1876,-0.000132155285567103,-0.00012446318129571,-0.000256618466862812,-0.000287112519284851,TRUE
0.2,1877,-0.00165864276318077,0.000366927140899143,-0.00129171562228163,-0.00170073648031875,TRUE
0.2,1878,-0.000239568374574243,-0.000844245402362023,-0.00108381377693627,-0.00126822717013819,TRUE
0.2,1879,-0.000786442026455991,0.000431760402899628,-0.000354681623556363,-0.000428555096348225,TRUE
0.2,1880,-0.00103498820484942,-0.000523326726583752,-0.00155831493143317,-0.00168487631191529,TRUE
0.2,1881,-0.00128000617322838,-0.000590459064925585,-0.00187046523815397,-0.00230366008409733,TRUE
0.2,1882,-0.000993692138144619,0.0000256571682488196,-0.000968034969895799,-0.00112704440400439,TRUE
0.2,1883,0.00023792867590904,0.000526051852487989,0.000763980528397029,0.00084493238765419,TRUE
0.2,1884,-0.000042244503494438,0.000278417540953152,0.000236173037458714,0.000259341281663777,TRUE
0.2,1885,0.00056650043374042,0.00051838491967588,0.0010848853534163,0.00116154773590029,TRUE
0.2,1886,-0.00102452761280475,0.000331637221838937,-0.000692890390965809,-0.000864097306502386,TRUE
0.2,1887,0.000489833723091867,0.000792703946373472,0.00128253766946534,0.00138836263523187,TRUE
0.2,1888,0.000626436127385966,-0.0000932520087178366,0.00053318411866813,0.000613453559588021,TRUE
0.2,1889,-0.0000973188872818314,0.000573676870689577,0.000476357983407745,0.000539842587705222,TRUE
0.2,1890,-0.000752194513570786,-0.000562818717941209,-0.00131501323151199,-0.00141787453358574,TRUE
0.2,1891,-0.00038244094991362,-0.000295292231416457,-0.000677733181330077,-0.000765316565426734,TRUE
0.2,1892,-0.000910289681389349,-0.00167710483002261,-0.00258739451141196,-0.00298158056101341,TRUE
0.2,1893,-0.000991483433287502,-0.000738653356066491,-0.00173013678935399,-0.00207272028682296,TRUE
0.2,1894,0.000529028852160033,-0.00109943809328258,-0.000570409241122544,-0.000649885103148584,TRUE
0.2,1895,-0.000731473876567604,0.000747653935212442,0.0000161800586448377,0.0000185416955806906,TRUE
0.2,1896,-0.000159964306938403,-0.0000305046973264419,-0.000190469004264845,-0.000213304048709821,TRUE
0.2,1897,0.000942080475830825,0.000627353010287506,0.00156943348611833,0.00168147771407642,TRUE
0.2,1898,0.000243406877233495,-0.000168067176683404,0.0000753397005500909,0.0000832877364204567,TRUE
0.2,1899,-0.000136848817910249,0.000719760229168841,0.000582911411258592,0.000674374459173262,TRUE
0.2,1900,0.000291949376354132,-0.0000654282740935584,0.000226521102260574,0.000253641394630563,TRUE
0.2,1901,-0.000622055002891984,0.0000341183073510294,-0.000587936695540955,-0.000686981782230029,TRUE
0.2,1902,0.000471640469842502,-0.00053365992347088,-0.0000620194536283777,-0.000071654990366905,TRUE
0.2,1903,-0.0000966304709346476,0.000495168021986479,0.000398537551051831,0.000447550935018672,TRUE
0.2,1904,-0.000467986891839153,0.000463796525112297,-0.0000041903667268558,-0.00000481137653321641,TRUE
0.2,1905,-0.0000325429470131347,0.0000653335645432086,0.0000327906175300739,0.0000364797102160394,TRUE
0.2,1906,-0.0000288701059613047,0.0000549084412049588,0.0000260383352436541,0.0000290034304895757,TRUE
0.2,1907,0.000308018444188425,-0.0010936048715801,-0.000785586427391673,-0.000900110697997321,TRUE
0.2,1908,-0.000521433648107251,-0.000417851358796096,-0.000939285006903347,-0.00109717668903317,TRUE
0.2,1909,0.000159524802509588,0.00017218368650204,0.000331708489011628,0.000367594050520364,TRUE
0.2,1910,-0.000026050392160202,0.00061268250321656,0.000586632111056358,0.000667356214874423,TRUE
0.2,1911,0.000299379920035644,0.000674191997538685,0.000973571917574328,0.00109240744128218,TRUE
0.2,1912,-0.000820203380138913,-0.000051554637192266,-0.000871758017331179,-0.00102839821835393,TRUE
0.2,1913,0.0000522316182806111,-0.000791787356532873,-0.000739555738252262,-0.000827129612365269,TRUE
0.2,1914,0.00000243321010734337,0.000390170024118196,0.000392603234225539,0.000429302956013088,TRUE
0.2,1915,0.000017484912671835,0.000225719214096652,0.000243204126768487,0.000272396381299967,TRUE
0.2,1916,-0.000748714240253944,-0.000338713007222186,-0.00108742724747613,-0.00124478749135079,TRUE
0.2,1917,-0.0000443953752317774,-0.00122951550106039,-0.00127391087629217,-0.00157492487174329,TRUE
0.2,1918,-0.000975248532936908,-0.000289586964551495,-0.0012648354974884,-0.00150745417305337,TRUE
0.2,1919,0.000160394922506503,-0.000949891815771425,-0.000789496893264922,-0.000910580605856091,TRUE
0.2,1920,-0.00118033352989985,-0.000142125685334476,-0.00132245921523433,-0.00153302135945198,TRUE
0.2,1921,-0.000505666281185033,-0.00112426217880166,-0.00162992845998669,-0.00191654171624339,TRUE
0.2,1922,-0.000620361748297377,-0.000226316380506808,-0.000846678128804185,-0.000981712876245989,TRUE
0.2,1923,0.0000356963224330074,-0.000212315406278545,-0.000176619083845537,-0.000197386459112389,TRUE
0.2,1924,-0.000768069480982366,-0.0000545272507432925,-0.000822596731725658,-0.000956702083899278,TRUE
0.2,1925,-0.000354500618333219,-0.000435842824549499,-0.000790343442882718,-0.000875045200255505,TRUE
0.2,1926,0.000824860625178466,0.000163640846402851,0.000988501471581317,0.00109543927109818,TRUE
0.2,1927,-0.000576897362299702,-0.0000820545286560435,-0.000658951890955745,-0.000767537437580378,TRUE
0.2,1928,-0.000767659917119066,-0.000816974382318875,-0.00158463429943794,-0.00188164320476108,TRUE
0.2,1929,-0.000340276811163641,0.000299590550519646,-0.0000406862606439958,-0.0000458145759020198,TRUE
0.2,1930,0.000443058148980961,0.000590110419762361,0.00103316856874332,0.0011379536428707,TRUE
0.2,1931,-0.000809934885520761,-0.000919025391301993,-0.00172896027682275,-0.00219574964462219,TRUE
0.2,1932,-0.000650050681284649,0.000746543642766791,0.0000964929614821419,0.000117948941878079,TRUE
0.2,1933,0.000172970815874246,0.000747392683675865,0.000920363499550112,0.00101613596772806,TRUE
0.2,1934,-0.000377331225086883,-0.000074774590813315,-0.000452105815900198,-0.000516120799074067,TRUE
0.2,1935,0.0000467999483845214,0.000198421737764032,0.000245221686148553,0.000273178588880865,TRUE
0.2,1936,-0.000173785006617645,-0.000928943167927682,-0.00110272817454533,-0.00133158335914249,TRUE
0.2,1937,0.000442256200424706,0.000171839328693404,0.00061409552911811,0.000684958697227533,TRUE
0.2,1938,-0.000487335705595985,-0.000332304161420915,-0.0008196398670169,-0.000942878332681605,TRUE
0.2,1939,0.000643892987981666,-0.000469847412296286,0.00017404557568538,0.000195570505959828,TRUE
0.2,1940,-0.00031099628289203,-0.000503461881963899,-0.00081445816485593,-0.000934404485553751,TRUE
0.2,1941,0.00000500980246829192,0.000819603310663052,0.000824613113131344,0.00094522645538729,TRUE
0.2,1942,-0.000723273883961258,-0.0000894798100475741,-0.000812753694008832,-0.000919208187216786,TRUE
0.2,1943,-0.000475100553048644,0.0000246267847932738,-0.00045047376825537,-0.000515039629355278,TRUE
0.2,1944,0.000036488366021,0.000503849549530242,0.000540337915551242,0.000603390131913463,TRUE
0.2,1945,-0.000730546149696197,-0.000216197858545172,-0.00094674400824137,-0.00107893684045025,TRUE
0.2,1946,-0.000470491194926938,-0.000825717721150406,-0.00129620891607734,-0.00146742440384462,TRUE
0.2,1947,-0.000905194561451444,0.000104175310378212,-0.000801019251073232,-0.000978493873554282,TRUE
0.2,1948,0.000194600695177664,0.00000846168942771347,0.000203062384605378,0.00022631434066765,TRUE
0.2,1949,-0.000417623981713117,-0.000146439481614653,-0.00056406346332777,-0.000646103625487442,TRUE
0.2,1950,0.000477118707130792,0.00124186995491985,0.00171898866205064,0.00190483582821038,TRUE
0.2,1951,-0.00127712702564488,-0.000140688154061347,-0.00141781517970622,-0.00173227028989941,TRUE
0.2,1952,-0.00000899304237948349,0.000333210640141563,0.00032421759776208,0.000360263102226037,TRUE
0.2,1953,-0.000559140053848694,-0.000401294374814002,-0.000960434428662697,-0.00110144807432604,TRUE
0.2,1954,0.000154959820875664,0.000136086552451124,0.000291046373326788,0.000320534106585056,TRUE
0.2,1955,0.000158979288860236,-0.00163357905996427,-0.00147459977110403,-0.00174947095189224,TRUE
0.2,1956,0.00000822964175399543,-0.000298336747068846,-0.000290107105314851,-0.000326088317239944,TRUE
0.2,1957,0.0000463129609457326,0.000208030404687902,0.000254343365633635,0.000278542272823063,TRUE
0.2,1958,0.000379912619913731,0.000553116580323677,0.000933029200237408,0.00104739141714286,TRUE
0.2,1959,-0.000497353737749647,0.000118993211659056,-0.000378360526090592,-0.0004373134917941,TRUE
0.2,1960,-0.000512183944165093,-0.000992113100693983,-0.00150429704485908,-0.00177843303645684,TRUE
0.2,1961,-0.00117628779501906,0.000350462392889112,-0.000825825402129947,-0.000984660209715779,TRUE
0.2,1962,-0.000434950998942805,-0.000219795901995012,-0.000654746900937817,-0.000739528105039946,TRUE
0.2,1963,-0.000953412482831224,0.000165223187579702,-0.000788189295251522,-0.000927476626878327,TRUE
0.2,1964,-0.00012193542568087,0.00093071966628364,0.00080878424060277,0.000941995674516447,TRUE
0.2,1965,-0.00038329062622674,0.000719760012066296,0.000336469385839557,0.000385695476883335,TRUE
0.2,1966,-0.000523504409543817,0.000641863288560801,0.000118358879016984,0.000138801696502961,TRUE
0.2,1967,-0.000700216229596216,-0.000346373142645537,-0.00104658937224175,-0.0012089657336388,TRUE
0.2,1968,-0.000499214274393188,-0.0000474199085818941,-0.000546634182975082,-0.000620526658174729,TRUE
0.2,1969,0.000713307938128517,-0.00074354300658568,-0.0000302350684571632,-0.0000341471671411857,TRUE
0.2,1970,-0.0002190146970668,0.00136741561448621,0.00114840091741941,0.0013363283807769,TRUE
0.2,1971,-0.000901874770144354,-0.000266813408126539,-0.00116868817827089,-0.0013604381939532,TRUE
0.2,1972,-0.000457219407095016,-0.000445789687709074,-0.00090300909480409,-0.000972666819016923,TRUE
0.2,1973,-0.000540055642160297,0.0000518450256359189,-0.000488210616524378,-0.000561017321881029,TRUE
0.2,1974,0.000121269956797645,0.000193427104395416,0.000314697061193061,0.000348846188759457,TRUE
0.2,1975,0.000540514771610461,-0.0000967718860908723,0.000443742885519589,0.000489097784857457,TRUE
0.2,1976,0.000219236161975478,0.000396928345551423,0.000616164507526901,0.000673183814923015,TRUE
0.2,1977,-0.00104824554400662,-0.000375060819350246,-0.00142330636335687,-0.00168181306728422,TRUE
0.2,1978,-0.000114393723328511,-0.00101991923864566,-0.00113431296197417,-0.00132745836023358,TRUE
0.2,1979,-0.00142910363103771,-0.00017193281746414,-0.00160103644850185,-0.00204143732813499,TRUE
0.2,1980,0.000162422345340961,-0.000625170148500537,-0.000462747803159576,-0.000521559497465168,TRUE
0.2,1981,0.00151551395764613,0.000174938378127164,0.00169045233577329,0.00197173971679233,TRUE
0.2,1982,-0.00000322926949339225,0.00101288320362976,0.00100965393413637,0.00119531294264294,TRUE
0.2,1983,-0.0000756335811855596,-0.000176786509584988,-0.000252420090770548,-0.000287264880975385,TRUE
0.2,1984,-0.00219288926841108,-0.000544584245389964,-0.00273747351380105,-0.00326935760149414,TRUE
0.2,1985,-0.000278331009387542,-0.000233921946600756,-0.000512252955988297,-0.00057416895297924,TRUE
0.2,1986,-0.000503983580357665,-0.00053669068186899,-0.00104067426222665,-0.00114754759631714,TRUE
0.2,1987,-0.000385454114650713,0.000132650898327318,-0.000252803216323395,-0.000289467270633845,TRUE
0.2,1988,-0.0003995168326035,-0.00100236190137612,-0.00140187873397962,-0.00161934906966924,TRUE
0.2,1989,0.000725303001158026,-0.000632957255703492,0.000092345745454534,0.000106590666335146,TRUE
0.2,1990,0.000468359035315441,0.00013117737854053,0.000599536413855972,0.00065998726238977,TRUE
0.2,1991,-0.00100646558186586,-0.000460393979552037,-0.0014668595614179,-0.00171165606482547,TRUE
0.2,1992,-0.000760728250491907,-0.00107823305349468,-0.00183896130398658,-0.00208260171870544,TRUE
0.2,1993,0.0000716266237598108,-0.000531341594108127,-0.000459714970348316,-0.000520018356623687,TRUE
0.2,1994,-0.000401814758548699,-0.00000452180176550647,-0.000406336560314206,-0.000469469897646977,TRUE
0.2,1995,-0.00071384426438829,0.000251205129025695,-0.000462639135362594,-0.000550436625000215,TRUE
0.2,1996,-0.00137869113072829,-0.000199953291503893,-0.00157864442223218,-0.00190195843077351,TRUE
0.2,1997,0.000192146186306152,0.000711620101306311,0.000903766287612462,0.00097666751555386,TRUE
0.2,1998,-0.00084654661117129,-0.000675100728933696,-0.00152164734010499,-0.00181109096150573,TRUE
0.2,1999,0.000586724659899287,0.000355827638301275,0.000942552298200562,0.00103243431542967,TRUE
0.2,2000,0.000325111477822695,-0.000154322632430144,0.000170788845392551,0.000187894686822638,TRUE
