"Código","Unidade Territorial","Referência","Número de famílias beneficiárias do Programa Bolsa Família (até outubro/2021)","Número de famílias beneficiárias do Programa Bolsa Família (a partir de março/2023)","Valor total repassado às famílias beneficiárias do Programa Bolsa Família (até outubro/2021)","Valor total repassado às famílias beneficiárias do Programa Bolsa Família (a partir de março/2023)","Valor médio do benefício do Programa Bolsa Família (até outubro/2021)","Valor médio do benefício do Programa Bolsa Família (a partir de março/2023)"
"11","RONDÔNIA","01/2004","19833","","1483660","","74,81",""
"12","ACRE","01/2004","17375","","1279735","","73,65",""
"13","AMAZONAS","01/2004","56601","","4381165","","77,40",""
"14","RORAIMA","01/2004","4617","","358960","","77,75",""
"15","PARÁ","01/2004","139248","","11076520","","79,55",""
"16","AMAPÁ","01/2004","7528","","606115","","80,51",""
"17","TOCANTINS","01/2004","33929","","2552025","","75,22",""
"21","MARANHÃO","01/2004","268776","","20838770","","77,53",""
"22","PIAUÍ","01/2004","159312","","12116055","","76,05",""
"23","CEARÁ","01/2004","393510","","29223265","","74,26",""
"24","RIO GRANDE DO NORTE","01/2004","130484","","9296690","","71,25",""
"25","PARAÍBA","01/2004","180609","","13414685","","74,27",""
"26","PERNAMBUCO","01/2004","287259","","20998575","","73,10",""
"27","ALAGOAS","01/2004","127612","","9761110","","76,49",""
"28","SERGIPE","01/2004","64009","","4855305","","75,85",""
"29","BAHIA","01/2004","519268","","38586110","","74,31",""
"31","MINAS GERAIS","01/2004","387859","","27111450","","69,90",""
"32","ESPÍRITO SANTO","01/2004","39615","","2809010","","70,91",""
"33","RIO DE JANEIRO","01/2004","49937","","3515475","","70,40",""
"35","SÃO PAULO","01/2004","255351","","17231850","","67,48",""
"41","PARANÁ","01/2004","136262","","8968695","","65,82",""
"42","SANTA CATARINA","01/2004","57389","","3915545","","68,23",""
"43","RIO GRANDE DO SUL","01/2004","158571","","10575885","","66,69",""
"50","MATO GROSSO DO SUL","01/2004","27824","","1919925","","69,00",""
"51","MATO GROSSO","01/2004","30514","","2170655","","71,14",""
"52","GOIÁS","01/2004","60509","","4073565","","67,32",""
"53","DISTRITO FEDERAL","01/2004","2060","","144515","","70,15",""
"11","RONDÔNIA","02/2004","19833","","1483660","","74,81",""
"12","ACRE","02/2004","17375","","1279735","","73,65",""
"13","AMAZONAS","02/2004","56601","","4381165","","77,40",""
"14","RORAIMA","02/2004","4617","","358960","","77,75",""
"15","PARÁ","02/2004","139248","","11076520","","79,55",""
"16","AMAPÁ","02/2004","7528","","606115","","80,51",""
"17","TOCANTINS","02/2004","33929","","2552025","","75,22",""
"21","MARANHÃO","02/2004","268776","","20838770","","77,53",""
"22","PIAUÍ","02/2004","159312","","12116055","","76,05",""
"23","CEARÁ","02/2004","393510","","29223265","","74,26",""
"24","RIO GRANDE DO NORTE","02/2004","130484","","9289940","","71,20",""
"25","PARAÍBA","02/2004","180609","","13414685","","74,27",""
"26","PERNAMBUCO","02/2004","287259","","20998575","","73,10",""
"27","ALAGOAS","02/2004","127612","","9761110","","76,49",""
"28","SERGIPE","02/2004","64009","","4855305","","75,85",""
"29","BAHIA","02/2004","519268","","38586110","","74,31",""
"31","MINAS GERAIS","02/2004","387859","","27111450","","69,90",""
"32","ESPÍRITO SANTO","02/2004","39615","","2809010","","70,91",""
"33","RIO DE JANEIRO","02/2004","49937","","3515475","","70,40",""
"35","SÃO PAULO","02/2004","255351","","17231850","","67,48",""
"41","PARANÁ","02/2004","136262","","8968695","","65,82",""
"42","SANTA CATARINA","02/2004","57389","","3915545","","68,23",""
"43","RIO GRANDE DO SUL","02/2004","158571","","10575885","","66,69",""
"50","MATO GROSSO DO SUL","02/2004","27824","","1919925","","69,00",""
"51","MATO GROSSO","02/2004","30514","","2170655","","71,14",""
"52","GOIÁS","02/2004","60509","","4073565","","67,32",""
"53","DISTRITO FEDERAL","02/2004","2060","","144515","","70,15",""
"11","RONDÔNIA","03/2004","19833","","1483660","","74,81",""
"12","ACRE","03/2004","17375","","1279735","","73,65",""
"13","AMAZONAS","03/2004","56601","","4381165","","77,40",""
"14","RORAIMA","03/2004","4617","","358960","","77,75",""
"15","PARÁ","03/2004","141324","","11223000","","79,41",""
"16","AMAPÁ","03/2004","7528","","606115","","80,51",""
"17","TOCANTINS","03/2004","33929","","2551980","","75,22",""
"21","MARANHÃO","03/2004","269422","","20880210","","77,50",""
"22","PIAUÍ","03/2004","160950","","12206630","","75,84",""
"23","CEARÁ","03/2004","393510","","29223115","","74,26",""
"24","RIO GRANDE DO NORTE","03/2004","130484","","9289895","","71,20",""
"25","PARAÍBA","03/2004","182127","","13492365","","74,08",""
"26","PERNAMBUCO","03/2004","289225","","21116385","","73,01",""
"27","ALAGOAS","03/2004","128062","","9788715","","76,44",""
"28","SERGIPE","03/2004","64009","","4855305","","75,85",""
"29","BAHIA","03/2004","519267","","38585765","","74,31",""
"31","MINAS GERAIS","03/2004","387859","","27111360","","69,90",""
"32","ESPÍRITO SANTO","03/2004","41465","","2916950","","70,35",""
"33","RIO DE JANEIRO","03/2004","51505","","3628835","","70,46",""
"35","SÃO PAULO","03/2004","287172","","18659625","","64,98",""
"41","PARANÁ","03/2004","140406","","9173030","","65,33",""
"42","SANTA CATARINA","03/2004","57388","","3915455","","68,23",""
"43","RIO GRANDE DO SUL","03/2004","161056","","10715830","","66,53",""
"50","MATO GROSSO DO SUL","03/2004","27824","","1919925","","69,00",""
"51","MATO GROSSO","03/2004","30514","","2170655","","71,14",""
"52","GOIÁS","03/2004","60508","","4073550","","67,32",""
"53","DISTRITO FEDERAL","03/2004","2060","","144515","","70,15",""
"11","RONDÔNIA","04/2004","19831","","1473595","","74,31",""
"12","ACRE","04/2004","17369","","1272220","","73,25",""
"13","AMAZONAS","04/2004","56570","","4355350","","76,99",""
"14","RORAIMA","04/2004","4796","","366040","","76,32",""
"15","PARÁ","04/2004","144292","","11340715","","78,60",""
"16","AMAPÁ","04/2004","7528","","602395","","80,02",""
"17","TOCANTINS","04/2004","33923","","2534010","","74,70",""
"21","MARANHÃO","04/2004","269346","","20702255","","76,86",""
"22","PIAUÍ","04/2004","160891","","12102145","","75,22",""
"23","CEARÁ","04/2004","438746","","31471905","","71,73",""
"24","RIO GRANDE DO NORTE","04/2004","130988","","9246825","","70,59",""
"25","PARAÍBA","04/2004","183986","","13494760","","73,35",""
"26","PERNAMBUCO","04/2004","293060","","21193685","","72,32",""
"27","ALAGOAS","04/2004","133725","","9992510","","74,72",""
"28","SERGIPE","04/2004","63986","","4819270","","75,32",""
"29","BAHIA","04/2004","544534","","39762770","","73,02",""
"31","MINAS GERAIS","04/2004","396591","","27368850","","69,01",""
"32","ESPÍRITO SANTO","04/2004","43296","","3003595","","69,37",""
"33","RIO DE JANEIRO","04/2004","51463","","3606020","","70,07",""
"35","SÃO PAULO","04/2004","289713","","18696335","","64,53",""
"41","PARANÁ","04/2004","141745","","9185385","","64,80",""
"42","SANTA CATARINA","04/2004","57620","","3900820","","67,70",""
"43","RIO GRANDE DO SUL","04/2004","161931","","10700575","","66,08",""
"50","MATO GROSSO DO SUL","04/2004","27788","","1904625","","68,54",""
"51","MATO GROSSO","04/2004","30505","","2154020","","70,61",""
"52","GOIÁS","04/2004","60457","","4047075","","66,94",""
"53","DISTRITO FEDERAL","04/2004","2057","","144185","","70,09",""
"11","RONDÔNIA","05/2004","21677","","1584805","","73,11",""
"12","ACRE","05/2004","17367","","1270465","","73,15",""
"13","AMAZONAS","05/2004","68460","","5188140","","75,78",""
"14","RORAIMA","05/2004","4795","","365545","","76,23",""
"15","PARÁ","05/2004","157416","","12123320","","77,01",""
"16","AMAPÁ","05/2004","8762","","666855","","76,11",""
"17","TOCANTINS","05/2004","33921","","2530200","","74,59",""
"21","MARANHÃO","05/2004","281755","","21411685","","75,99",""
"22","PIAUÍ","05/2004","165870","","12318220","","74,26",""
"23","CEARÁ","05/2004","443344","","31671425","","71,44",""
"24","RIO GRANDE DO NORTE","05/2004","133071","","9346040","","70,23",""
"25","PARAÍBA","05/2004","192643","","13936935","","72,35",""
"26","PERNAMBUCO","05/2004","317401","","22521575","","70,96",""
"27","ALAGOAS","05/2004","147084","","10716650","","72,86",""
"28","SERGIPE","05/2004","73193","","5278525","","72,12",""
"29","BAHIA","05/2004","557442","","40440080","","72,55",""
"31","MINAS GERAIS","05/2004","408755","","27939965","","68,35",""
"32","ESPÍRITO SANTO","05/2004","52997","","3519975","","66,42",""
"33","RIO DE JANEIRO","05/2004","51447","","3600275","","69,98",""
"35","SÃO PAULO","05/2004","318687","","20096190","","63,06",""
"41","PARANÁ","05/2004","156324","","9943085","","63,61",""
"42","SANTA CATARINA","05/2004","58637","","3948375","","67,34",""
"43","RIO GRANDE DO SUL","05/2004","170274","","11160250","","65,54",""
"50","MATO GROSSO DO SUL","05/2004","27781","","1901445","","68,44",""
"51","MATO GROSSO","05/2004","36218","","2475450","","68,35",""
"52","GOIÁS","05/2004","60451","","4041690","","66,86",""
"53","DISTRITO FEDERAL","05/2004","2057","","144080","","70,04",""
"11","RONDÔNIA","06/2004","22471","","1625680","","72,35",""
"12","ACRE","06/2004","17366","","1268695","","73,06",""
"13","AMAZONAS","06/2004","70246","","5311450","","75,61",""
"14","RORAIMA","06/2004","11717","","862635","","73,62",""
"15","PARÁ","06/2004","159869","","12270370","","76,75",""
"16","AMAPÁ","06/2004","8884","","672675","","75,72",""
"17","TOCANTINS","06/2004","33919","","2526090","","74,47",""
"21","MARANHÃO","06/2004","281922","","21389360","","75,87",""
"22","PIAUÍ","06/2004","165805","","12293665","","74,15",""
"23","CEARÁ","06/2004","443996","","31667555","","71,32",""
"24","RIO GRANDE DO NORTE","06/2004","134535","","9406810","","69,92",""
"25","PARAÍBA","06/2004","197479","","14246160","","72,14",""
"26","PERNAMBUCO","06/2004","337339","","23645290","","70,09",""
"27","ALAGOAS","06/2004","147605","","10727990","","72,68",""
"28","SERGIPE","06/2004","73225","","5272740","","72,01",""
"29","BAHIA","06/2004","572265","","41134660","","71,88",""
"31","MINAS GERAIS","06/2004","417895","","28453805","","68,09",""
"32","ESPÍRITO SANTO","06/2004","58037","","3816020","","65,75",""
"33","RIO DE JANEIRO","06/2004","51432","","3595060","","69,90",""
"35","SÃO PAULO","06/2004","377774","","23886565","","63,23",""
"41","PARANÁ","06/2004","161262","","10274820","","63,72",""
"42","SANTA CATARINA","06/2004","58676","","3945965","","67,25",""
"43","RIO GRANDE DO SUL","06/2004","172810","","11323435","","65,53",""
"50","MATO GROSSO DO SUL","06/2004","27767","","1897995","","68,35",""
"51","MATO GROSSO","06/2004","36219","","2471515","","68,24",""
"52","GOIÁS","06/2004","60441","","4036005","","66,78",""
"53","DISTRITO FEDERAL","06/2004","2057","","143945","","69,98",""
"11","RONDÔNIA","07/2004","24638","","1759085","","71,40",""
"12","ACRE","07/2004","23064","","1643470","","71,26",""
"13","AMAZONAS","07/2004","70447","","5320145","","75,52",""
"14","RORAIMA","07/2004","11717","","861975","","73,57",""
"15","PARÁ","07/2004","160462","","12295220","","76,62",""
"16","AMAPÁ","07/2004","8990","","680015","","75,64",""
"17","TOCANTINS","07/2004","35342","","2592855","","73,36",""
"21","MARANHÃO","07/2004","282069","","21366285","","75,75",""
"22","PIAUÍ","07/2004","165783","","12272185","","74,03",""
"23","CEARÁ","07/2004","450995","","32099235","","71,17",""
"24","RIO GRANDE DO NORTE","07/2004","135681","","9453080","","69,67",""
"25","PARAÍBA","07/2004","197559","","14227955","","72,02",""
"26","PERNAMBUCO","07/2004","340078","","23781910","","69,93",""
"27","ALAGOAS","07/2004","147638","","10714985","","72,58",""
"28","SERGIPE","07/2004","73192","","5262620","","71,90",""
"29","BAHIA","07/2004","573897","","41174015","","71,74",""
"31","MINAS GERAIS","07/2004","428068","","29009235","","67,77",""
"32","ESPÍRITO SANTO","07/2004","62149","","4037330","","64,96",""
"33","RIO DE JANEIRO","07/2004","113909","","7555350","","66,33",""
"35","SÃO PAULO","07/2004","405167","","25676950","","63,37",""
"41","PARANÁ","07/2004","169695","","10664105","","62,84",""
"42","SANTA CATARINA","07/2004","64673","","4267765","","65,99",""
"43","RIO GRANDE DO SUL","07/2004","174104","","11388505","","65,41",""
"50","MATO GROSSO DO SUL","07/2004","31466","","2088795","","66,38",""
"51","MATO GROSSO","07/2004","36208","","2466925","","68,13",""
"52","GOIÁS","07/2004","60707","","4046700","","66,66",""
"53","DISTRITO FEDERAL","07/2004","31844","","1752790","","55,04",""
"11","RONDÔNIA","08/2004","33698","","2281975","","67,72",""
"12","ACRE","08/2004","27825","","1958635","","70,39",""
"13","AMAZONAS","08/2004","79667","","5958610","","74,79",""
"14","RORAIMA","08/2004","11709","","839535","","71,70",""
"15","PARÁ","08/2004","187394","","14119720","","75,35",""
"16","AMAPÁ","08/2004","9331","","692370","","74,20",""
"17","TOCANTINS","08/2004","36462","","2664255","","73,07",""
"21","MARANHÃO","08/2004","284767","","21514725","","75,55",""
"22","PIAUÍ","08/2004","168157","","12399215","","73,74",""
"23","CEARÁ","08/2004","456660","","32410795","","70,97",""
"24","RIO GRANDE DO NORTE","08/2004","140082","","9684775","","69,14",""
"25","PARAÍBA","08/2004","200020","","14344845","","71,72",""
"26","PERNAMBUCO","08/2004","359068","","24752370","","68,94",""
"27","ALAGOAS","08/2004","152821","","11032255","","72,19",""
"28","SERGIPE","08/2004","74425","","5322405","","71,51",""
"29","BAHIA","08/2004","601945","","42951085","","71,35",""
"31","MINAS GERAIS","08/2004","445694","","30082275","","67,50",""
"32","ESPÍRITO SANTO","08/2004","74051","","4670250","","63,07",""
"33","RIO DE JANEIRO","08/2004","142352","","9369165","","65,82",""
"35","SÃO PAULO","08/2004","448308","","28705165","","64,03",""
"41","PARANÁ","08/2004","178825","","11164830","","62,43",""
"42","SANTA CATARINA","08/2004","66231","","4337980","","65,50",""
"43","RIO GRANDE DO SUL","08/2004","181918","","11857090","","65,18",""
"50","MATO GROSSO DO SUL","08/2004","31458","","2085390","","66,29",""
"51","MATO GROSSO","08/2004","39218","","2645080","","67,45",""
"52","GOIÁS","08/2004","74696","","4772715","","63,90",""
"53","DISTRITO FEDERAL","08/2004","43684","","2402105","","54,99",""
"11","RONDÔNIA","09/2004","39270","","2607365","","66,40",""
"12","ACRE","09/2004","29329","","2054435","","70,05",""
"13","AMAZONAS","09/2004","88608","","6609320","","74,59",""
"14","RORAIMA","09/2004","13912","","983735","","70,71",""
"15","PARÁ","09/2004","207651","","15476920","","74,53",""
"16","AMAPÁ","09/2004","9587","","712935","","74,36",""
"17","TOCANTINS","09/2004","44619","","3188420","","71,46",""
"21","MARANHÃO","09/2004","320837","","24036940","","74,92",""
"22","PIAUÍ","09/2004","183459","","13437350","","73,24",""
"23","CEARÁ","09/2004","491063","","34726290","","70,72",""
"24","RIO GRANDE DO NORTE","09/2004","152762","","10467310","","68,52",""
"25","PARAÍBA","09/2004","219967","","15631570","","71,06",""
"26","PERNAMBUCO","09/2004","400828","","27562215","","68,76",""
"27","ALAGOAS","09/2004","172894","","12333000","","71,33",""
"28","SERGIPE","09/2004","86363","","6158610","","71,31",""
"29","BAHIA","09/2004","676699","","48011330","","70,95",""
"31","MINAS GERAIS","09/2004","516316","","34490760","","66,80",""
"32","ESPÍRITO SANTO","09/2004","88594","","5656930","","63,85",""
"33","RIO DE JANEIRO","09/2004","142323","","9357555","","65,75",""
"35","SÃO PAULO","09/2004","473667","","30218820","","63,80",""
"41","PARANÁ","09/2004","203424","","12634310","","62,11",""
"42","SANTA CATARINA","09/2004","72595","","4709560","","64,87",""
"43","RIO GRANDE DO SUL","09/2004","199133","","12864415","","64,60",""
"50","MATO GROSSO DO SUL","09/2004","31447","","2081760","","66,20",""
"51","MATO GROSSO","09/2004","48659","","3235040","","66,48",""
"52","GOIÁS","09/2004","79221","","5103290","","64,42",""
"53","DISTRITO FEDERAL","09/2004","42430","","2336460","","55,07",""
"11","RONDÔNIA","10/2004","40152","","2630924","","65,52",""
"12","ACRE","10/2004","29609","","2071835","","69,97",""
"13","AMAZONAS","10/2004","89948","","6649860","","73,93",""
"14","RORAIMA","10/2004","14057","","988016","","70,29",""
"15","PARÁ","10/2004","213881","","15662698","","73,23",""
"16","AMAPÁ","10/2004","10016","","725653","","72,45",""
"17","TOCANTINS","10/2004","45619","","3212495","","70,42",""
"21","MARANHÃO","10/2004","332374","","24667533","","74,22",""
"22","PIAUÍ","10/2004","203232","","14658351","","72,13",""
"23","CEARÁ","10/2004","543194","","38164576","","70,26",""
"24","RIO GRANDE DO NORTE","10/2004","169709","","11480176","","67,65",""
"25","PARAÍBA","10/2004","241528","","17012906","","70,44",""
"26","PERNAMBUCO","10/2004","445531","","30311248","","68,03",""
"27","ALAGOAS","10/2004","190744","","13489045","","70,72",""
"28","SERGIPE","10/2004","92146","","6513205","","70,68",""
"29","BAHIA","10/2004","727153","","51047796","","70,20",""
"31","MINAS GERAIS","10/2004","551480","","36437092","","66,07",""
"32","ESPÍRITO SANTO","10/2004","90876","","5729124","","63,04",""
"33","RIO DE JANEIRO","10/2004","163280","","10721655","","65,66",""
"35","SÃO PAULO","10/2004","486642","","30809313","","63,31",""
"41","PARANÁ","10/2004","212127","","12893474","","60,78",""
"42","SANTA CATARINA","10/2004","76231","","4844712","","63,55",""
"43","RIO GRANDE DO SUL","10/2004","205595","","13102551","","63,73",""
"50","MATO GROSSO DO SUL","10/2004","33170","","2209260","","66,60",""
"51","MATO GROSSO","10/2004","50779","","3301616","","65,02",""
"52","GOIÁS","10/2004","84419","","5275578","","62,49",""
"53","DISTRITO FEDERAL","10/2004","42105","","2319010","","55,08",""
"11","RONDÔNIA","11/2004","47623","","3087641","","64,84",""
"12","ACRE","11/2004","29599","","2069570","","69,92",""
"13","AMAZONAS","11/2004","98535","","7223353","","73,31",""
"14","RORAIMA","11/2004","14321","","999043","","69,76",""
"15","PARÁ","11/2004","233356","","16814490","","72,06",""
"16","AMAPÁ","11/2004","10425","","738262","","70,82",""
"17","TOCANTINS","11/2004","49506","","3415993","","69,00",""
"21","MARANHÃO","11/2004","355454","","26047191","","73,28",""
"22","PIAUÍ","11/2004","215489","","15273804","","70,88",""
"23","CEARÁ","11/2004","560619","","38973309","","69,52",""
"24","RIO GRANDE DO NORTE","11/2004","176950","","11811901","","66,75",""
"25","PARAÍBA","11/2004","258468","","17835722","","69,01",""
"26","PERNAMBUCO","11/2004","474987","","31693272","","66,72",""
"27","ALAGOAS","11/2004","203443","","14139551","","69,50",""
"28","SERGIPE","11/2004","106363","","7391809","","69,50",""
"29","BAHIA","11/2004","771989","","53477045","","69,27",""
"31","MINAS GERAIS","11/2004","644129","","40665747","","63,13",""
"32","ESPÍRITO SANTO","11/2004","108768","","6617297","","60,84",""
"33","RIO DE JANEIRO","11/2004","166961","","10843685","","64,95",""
"35","SÃO PAULO","11/2004","573631","","34890472","","60,82",""
"41","PARANÁ","11/2004","258907","","15117125","","58,39",""
"42","SANTA CATARINA","11/2004","90548","","5444178","","60,12",""
"43","RIO GRANDE DO SUL","11/2004","245924","","15070196","","61,28",""
"50","MATO GROSSO DO SUL","11/2004","33155","","2205555","","66,52",""
"51","MATO GROSSO","11/2004","62937","","3882550","","61,69",""
"52","GOIÁS","11/2004","114255","","6726530","","58,87",""
"53","DISTRITO FEDERAL","11/2004","42541","","2336950","","54,93",""
"11","RONDÔNIA","12/2004","54942","","3537964","","64,39",""
"12","ACRE","12/2004","28851","","2082680","","72,19",""
"13","AMAZONAS","12/2004","104135","","7786036","","74,77",""
"14","RORAIMA","12/2004","14522","","1014268","","69,84",""
"15","PARÁ","12/2004","259641","","18796330","","72,39",""
"16","AMAPÁ","12/2004","10256","","737502","","71,91",""
"17","TOCANTINS","12/2004","55305","","3803357","","68,77",""
"21","MARANHÃO","12/2004","380742","","28307445","","74,35",""
"22","PIAUÍ","12/2004","217931","","15777799","","72,40",""
"23","CEARÁ","12/2004","572730","","40617841","","70,92",""
"24","RIO GRANDE DO NORTE","12/2004","190116","","12917442","","67,95",""
"25","PARAÍBA","12/2004","273135","","19243076","","70,45",""
"26","PERNAMBUCO","12/2004","518956","","35478038","","68,36",""
"27","ALAGOAS","12/2004","214726","","15267302","","71,10",""
"28","SERGIPE","12/2004","113147","","7996762","","70,68",""
"29","BAHIA","12/2004","838963","","58927705","","70,24",""
"31","MINAS GERAIS","12/2004","756335","","48149162","","63,66",""
"32","ESPÍRITO SANTO","12/2004","120911","","7500572","","62,03",""
"33","RIO DE JANEIRO","12/2004","196330","","12666225","","64,51",""
"35","SÃO PAULO","12/2004","657099","","39653479","","60,35",""
"41","PARANÁ","12/2004","308754","","18042936","","58,44",""
"42","SANTA CATARINA","12/2004","101247","","6188142","","61,12",""
"43","RIO GRANDE DO SUL","12/2004","290660","","17838054","","61,37",""
"50","MATO GROSSO DO SUL","12/2004","32588","","2198575","","67,47",""
"51","MATO GROSSO","12/2004","82116","","5070141","","61,74",""
"52","GOIÁS","12/2004","135758","","7968297","","58,69",""
"53","DISTRITO FEDERAL","12/2004","41943","","2303475","","54,92",""
"11","RONDÔNIA","01/2005","54848","","3455953","","63,01",""
"12","ACRE","01/2005","28898","","2016490","","69,78",""
"13","AMAZONAS","01/2005","104361","","7602254","","72,85",""
"14","RORAIMA","01/2005","14538","","1002017","","68,92",""
"15","PARÁ","01/2005","259904","","18580609","","71,49",""
"16","AMAPÁ","01/2005","10276","","722565","","70,32",""
"17","TOCANTINS","01/2005","55396","","3737905","","67,48",""
"21","MARANHÃO","01/2005","381473","","27807633","","72,90",""
"22","PIAUÍ","01/2005","218550","","15320121","","70,10",""
"23","CEARÁ","01/2005","573835","","39757358","","69,28",""
"24","RIO GRANDE DO NORTE","01/2005","190688","","12669284","","66,44",""
"25","PARAÍBA","01/2005","273865","","18773575","","68,55",""
"26","PERNAMBUCO","01/2005","520057","","34613144","","66,56",""
"27","ALAGOAS","01/2005","215296","","14854800","","69,00",""
"28","SERGIPE","01/2005","113415","","7754334","","68,37",""
"29","BAHIA","01/2005","840009","","57885815","","68,91",""
"31","MINAS GERAIS","01/2005","757492","","47288912","","62,43",""
"32","ESPÍRITO SANTO","01/2005","121016","","7296623","","60,29",""
"33","RIO DE JANEIRO","01/2005","196422","","12527240","","63,78",""
"35","SÃO PAULO","01/2005","657582","","39017969","","59,34",""
"41","PARANÁ","01/2005","308991","","17773180","","57,52",""
"42","SANTA CATARINA","01/2005","101387","","6073252","","59,90",""
"43","RIO GRANDE DO SUL","01/2005","291072","","17540268","","60,26",""
"50","MATO GROSSO DO SUL","01/2005","32658","","2166380","","66,34",""
"51","MATO GROSSO","01/2005","82160","","5021082","","61,11",""
"52","GOIÁS","01/2005","135752","","7840637","","57,76",""
"53","DISTRITO FEDERAL","01/2005","32119","","1741990","","54,24",""
"11","RONDÔNIA","02/2005","54600","","3441664","","63,03",""
"12","ACRE","02/2005","28877","","2015270","","69,79",""
"13","AMAZONAS","02/2005","103937","","7573086","","72,86",""
"14","RORAIMA","02/2005","14521","","1001119","","68,94",""
"15","PARÁ","02/2005","259453","","18552189","","71,51",""
"16","AMAPÁ","02/2005","10281","","723085","","70,33",""
"17","TOCANTINS","02/2005","55287","","3731497","","67,49",""
"21","MARANHÃO","02/2005","380738","","27756102","","72,90",""
"22","PIAUÍ","02/2005","218312","","15304369","","70,10",""
"23","CEARÁ","02/2005","573051","","39701942","","69,28",""
"24","RIO GRANDE DO NORTE","02/2005","190312","","12646008","","66,45",""
"25","PARAÍBA","02/2005","272953","","18711337","","68,55",""
"26","PERNAMBUCO","02/2005","518602","","34518987","","66,56",""
"27","ALAGOAS","02/2005","214738","","14819427","","69,01",""
"28","SERGIPE","02/2005","113171","","7738817","","68,38",""
"29","BAHIA","02/2005","838260","","57770887","","68,92",""
"31","MINAS GERAIS","02/2005","755503","","47170831","","62,44",""
"32","ESPÍRITO SANTO","02/2005","120586","","7271267","","60,30",""
"33","RIO DE JANEIRO","02/2005","195979","","12500780","","63,79",""
"35","SÃO PAULO","02/2005","655884","","38926557","","59,35",""
"41","PARANÁ","02/2005","307897","","17710744","","57,52",""
"42","SANTA CATARINA","02/2005","101106","","6056594","","59,90",""
"43","RIO GRANDE DO SUL","02/2005","290324","","17497328","","60,27",""
"50","MATO GROSSO DO SUL","02/2005","32656","","2166370","","66,34",""
"51","MATO GROSSO","02/2005","81731","","4996336","","61,13",""
"52","GOIÁS","02/2005","135239","","7813659","","57,78",""
"53","DISTRITO FEDERAL","02/2005","32133","","1747385","","54,38",""
"11","RONDÔNIA","03/2005","54601","","3441729","","63,03",""
"12","ACRE","03/2005","28877","","2015270","","69,79",""
"13","AMAZONAS","03/2005","103861","","7566864","","72,86",""
"14","RORAIMA","03/2005","14597","","1006960","","68,98",""
"15","PARÁ","03/2005","259463","","18552873","","71,50",""
"16","AMAPÁ","03/2005","10294","","723459","","70,28",""
"17","TOCANTINS","03/2005","55248","","3727982","","67,48",""
"21","MARANHÃO","03/2005","381362","","27795772","","72,89",""
"22","PIAUÍ","03/2005","218976","","15347487","","70,09",""
"23","CEARÁ","03/2005","572758","","39681923","","69,28",""
"24","RIO GRANDE DO NORTE","03/2005","190330","","12647413","","66,45",""
"25","PARAÍBA","03/2005","273081","","18719950","","68,55",""
"26","PERNAMBUCO","03/2005","518322","","34501278","","66,56",""
"27","ALAGOAS","03/2005","214742","","14819720","","69,01",""
"28","SERGIPE","03/2005","113492","","7762467","","68,40",""
"29","BAHIA","03/2005","839255","","57841765","","68,92",""
"31","MINAS GERAIS","03/2005","756130","","47213278","","62,44",""
"32","ESPÍRITO SANTO","03/2005","120778","","7277231","","60,25",""
"33","RIO DE JANEIRO","03/2005","197597","","12547755","","63,50",""
"35","SÃO PAULO","03/2005","655813","","38923885","","59,35",""
"41","PARANÁ","03/2005","307717","","17701520","","57,53",""
"42","SANTA CATARINA","03/2005","100880","","6044969","","59,92",""
"43","RIO GRANDE DO SUL","03/2005","289875","","17473320","","60,28",""
"50","MATO GROSSO DO SUL","03/2005","33699","","2213507","","65,68",""
"51","MATO GROSSO","03/2005","81720","","4995790","","61,13",""
"52","GOIÁS","03/2005","135286","","7816578","","57,78",""
"53","DISTRITO FEDERAL","03/2005","33398","","1837365","","55,01",""
"11","RONDÔNIA","04/2005","56220","","3540885","","62,98",""
"12","ACRE","04/2005","28948","","2019490","","69,76",""
"13","AMAZONAS","04/2005","106621","","7742468","","72,62",""
"14","RORAIMA","04/2005","15082","","1043496","","69,19",""
"15","PARÁ","04/2005","264922","","18889972","","71,30",""
"16","AMAPÁ","04/2005","10432","","733947","","70,36",""
"17","TOCANTINS","04/2005","56531","","3792838","","67,09",""
"21","MARANHÃO","04/2005","387468","","28171557","","72,71",""
"22","PIAUÍ","04/2005","223975","","15621851","","69,75",""
"23","CEARÁ","04/2005","596692","","40984467","","68,69",""
"24","RIO GRANDE DO NORTE","04/2005","192132","","12748789","","66,35",""
"25","PARAÍBA","04/2005","275683","","18856147","","68,40",""
"26","PERNAMBUCO","04/2005","525976","","34954669","","66,46",""
"27","ALAGOAS","04/2005","217985","","15012687","","68,87",""
"28","SERGIPE","04/2005","117960","","8029625","","68,07",""
"29","BAHIA","04/2005","849586","","58457683","","68,81",""
"31","MINAS GERAIS","04/2005","768961","","47757935","","62,11",""
"32","ESPÍRITO SANTO","04/2005","125229","","7499217","","59,88",""
"33","RIO DE JANEIRO","04/2005","209066","","13100444","","62,66",""
"35","SÃO PAULO","04/2005","683056","","40578853","","59,41",""
"41","PARANÁ","04/2005","316813","","18046443","","56,96",""
"42","SANTA CATARINA","04/2005","102842","","6123607","","59,54",""
"43","RIO GRANDE DO SUL","04/2005","295525","","17722081","","59,97",""
"50","MATO GROSSO DO SUL","04/2005","45892","","2798618","","60,98",""
"51","MATO GROSSO","04/2005","84707","","5135122","","60,62",""
"52","GOIÁS","04/2005","139692","","7996729","","57,25",""
"53","DISTRITO FEDERAL","04/2005","34126","","1890600","","55,40",""
"11","RONDÔNIA","05/2005","58232","","3691635","","63,40",""
"12","ACRE","05/2005","29039","","2025683","","69,76",""
"13","AMAZONAS","05/2005","116208","","8475821","","72,94",""
"14","RORAIMA","05/2005","15187","","1055604","","69,51",""
"15","PARÁ","05/2005","274884","","19653787","","71,50",""
"16","AMAPÁ","05/2005","10804","","763477","","70,67",""
"17","TOCANTINS","05/2005","57757","","3869540","","67,00",""
"21","MARANHÃO","05/2005","407255","","29569767","","72,61",""
"22","PIAUÍ","05/2005","235459","","16475560","","69,97",""
"23","CEARÁ","05/2005","614215","","42187882","","68,69",""
"24","RIO GRANDE DO NORTE","05/2005","198574","","13178003","","66,36",""
"25","PARAÍBA","05/2005","286850","","19594085","","68,31",""
"26","PERNAMBUCO","05/2005","542318","","36074265","","66,52",""
"27","ALAGOAS","05/2005","223790","","15423327","","68,92",""
"28","SERGIPE","05/2005","122915","","8383569","","68,21",""
"29","BAHIA","05/2005","880498","","60662296","","68,90",""
"31","MINAS GERAIS","05/2005","800947","","49896388","","62,30",""
"32","ESPÍRITO SANTO","05/2005","132991","","8049484","","60,53",""
"33","RIO DE JANEIRO","05/2005","226392","","14257756","","62,98",""
"35","SÃO PAULO","05/2005","715862","","42793644","","59,78",""
"41","PARANÁ","05/2005","335918","","19266992","","57,36",""
"42","SANTA CATARINA","05/2005","107423","","6420991","","59,77",""
"43","RIO GRANDE DO SUL","05/2005","310751","","18726268","","60,26",""
"50","MATO GROSSO DO SUL","05/2005","50752","","3123786","","61,55",""
"51","MATO GROSSO","05/2005","90108","","5498779","","61,02",""
"52","GOIÁS","05/2005","150407","","8667363","","57,63",""
"53","DISTRITO FEDERAL","05/2005","37617","","2084220","","55,41",""
"11","RONDÔNIA","06/2005","58169","","3689040","","63,42",""
"12","ACRE","06/2005","29608","","2060091","","69,58",""
"13","AMAZONAS","06/2005","116388","","8485692","","72,91",""
"14","RORAIMA","06/2005","15184","","1055479","","69,51",""
"15","PARÁ","06/2005","275374","","19683628","","71,48",""
"16","AMAPÁ","06/2005","10847","","765064","","70,53",""
"17","TOCANTINS","06/2005","57752","","3868912","","66,99",""
"21","MARANHÃO","06/2005","407638","","29589365","","72,59",""
"22","PIAUÍ","06/2005","235881","","16507292","","69,98",""
"23","CEARÁ","06/2005","614488","","42212031","","68,69",""
"24","RIO GRANDE DO NORTE","06/2005","198571","","13180128","","66,37",""
"25","PARAÍBA","06/2005","286894","","19598491","","68,31",""
"26","PERNAMBUCO","06/2005","542374","","36105817","","66,57",""
"27","ALAGOAS","06/2005","223755","","15422415","","68,93",""
"28","SERGIPE","06/2005","122981","","8390046","","68,22",""
"29","BAHIA","06/2005","879820","","60643320","","68,93",""
"31","MINAS GERAIS","06/2005","800560","","49887361","","62,32",""
"32","ESPÍRITO SANTO","06/2005","132642","","8035448","","60,58",""
"33","RIO DE JANEIRO","06/2005","230237","","14466326","","62,83",""
"35","SÃO PAULO","06/2005","711363","","42454201","","59,68",""
"41","PARANÁ","06/2005","335571","","19242745","","57,34",""
"42","SANTA CATARINA","06/2005","107069","","6405315","","59,82",""
"43","RIO GRANDE DO SUL","06/2005","310044","","18700067","","60,31",""
"50","MATO GROSSO DO SUL","06/2005","51321","","3141524","","61,21",""
"51","MATO GROSSO","06/2005","90233","","5502881","","60,99",""
"52","GOIÁS","06/2005","150735","","8679077","","57,58",""
"53","DISTRITO FEDERAL","06/2005","36170","","1996350","","55,19",""
"11","RONDÔNIA","07/2005","60396","","3793057","","62,80",""
"12","ACRE","07/2005","29671","","2064116","","69,57",""
"13","AMAZONAS","07/2005","121385","","8804310","","72,53",""
"14","RORAIMA","07/2005","14818","","1028664","","69,42",""
"15","PARÁ","07/2005","289480","","20466498","","70,70",""
"16","AMAPÁ","07/2005","10866","","766072","","70,50",""
"17","TOCANTINS","07/2005","61698","","4057240","","65,76",""
"21","MARANHÃO","07/2005","429804","","30980004","","72,08",""
"22","PIAUÍ","07/2005","242729","","16886565","","69,57",""
"23","CEARÁ","07/2005","630250","","43217000","","68,57",""
"24","RIO GRANDE DO NORTE","07/2005","207331","","13588012","","65,54",""
"25","PARAÍBA","07/2005","294140","","20008414","","68,02",""
"26","PERNAMBUCO","07/2005","558504","","36944126","","66,15",""
"27","ALAGOAS","07/2005","229728","","15728912","","68,47",""
"28","SERGIPE","07/2005","125728","","8542122","","67,94",""
"29","BAHIA","07/2005","913982","","62490322","","68,37",""
"31","MINAS GERAIS","07/2005","840542","","51874732","","61,72",""
"32","ESPÍRITO SANTO","07/2005","139036","","8313709","","59,80",""
"33","RIO DE JANEIRO","07/2005","236303","","14770088","","62,50",""
"35","SÃO PAULO","07/2005","742351","","43848351","","59,07",""
"41","PARANÁ","07/2005","355409","","20204633","","56,85",""
"42","SANTA CATARINA","07/2005","114000","","6748240","","59,20",""
"43","RIO GRANDE DO SUL","07/2005","325174","","19455834","","59,83",""
"50","MATO GROSSO DO SUL","07/2005","51230","","3135969","","61,21",""
"51","MATO GROSSO","07/2005","97286","","5804165","","59,66",""
"52","GOIÁS","07/2005","161863","","9099711","","56,22",""
"53","DISTRITO FEDERAL","07/2005","36010","","1969855","","54,70",""
"11","RONDÔNIA","08/2005","61109","","3844870","","62,92",""
"12","ACRE","08/2005","31198","","2182343","","69,95",""
"13","AMAZONAS","08/2005","122957","","8932353","","72,65",""
"14","RORAIMA","08/2005","15442","","1078747","","69,86",""
"15","PARÁ","08/2005","295122","","20907043","","70,84",""
"16","AMAPÁ","08/2005","11057","","778555","","70,41",""
"17","TOCANTINS","08/2005","63907","","4206912","","65,83",""
"21","MARANHÃO","08/2005","441728","","31897405","","72,21",""
"22","PIAUÍ","08/2005","246934","","17206252","","69,68",""
"23","CEARÁ","08/2005","646834","","44381618","","68,61",""
"24","RIO GRANDE DO NORTE","08/2005","212255","","13933238","","65,64",""
"25","PARAÍBA","08/2005","299333","","20397033","","68,14",""
"26","PERNAMBUCO","08/2005","566237","","37519809","","66,26",""
"27","ALAGOAS","08/2005","232118","","15895389","","68,48",""
"28","SERGIPE","08/2005","127452","","8671767","","68,04",""
"29","BAHIA","08/2005","932254","","63833828","","68,47",""
"31","MINAS GERAIS","08/2005","863547","","53306206","","61,73",""
"32","ESPÍRITO SANTO","08/2005","141276","","8456104","","59,86",""
"33","RIO DE JANEIRO","08/2005","264329","","16297782","","61,66",""
"35","SÃO PAULO","08/2005","762304","","45192492","","59,28",""
"41","PARANÁ","08/2005","371777","","21129428","","56,83",""
"42","SANTA CATARINA","08/2005","118712","","7053019","","59,41",""
"43","RIO GRANDE DO SUL","08/2005","337748","","20264504","","60,00",""
"50","MATO GROSSO DO SUL","08/2005","56694","","3500286","","61,74",""
"51","MATO GROSSO","08/2005","100324","","6003872","","59,84",""
"52","GOIÁS","08/2005","164386","","9244041","","56,23",""
"53","DISTRITO FEDERAL","08/2005","36761","","2012195","","54,74",""
"11","RONDÔNIA","09/2005","63719","","3988384","","62,59",""
"12","ACRE","09/2005","32839","","2294497","","69,87",""
"13","AMAZONAS","09/2005","125805","","9127148","","72,55",""
"14","RORAIMA","09/2005","15716","","1096152","","69,75",""
"15","PARÁ","09/2005","300843","","21258790","","70,66",""
"16","AMAPÁ","09/2005","11231","","787335","","70,10",""
"17","TOCANTINS","09/2005","66156","","4316723","","65,25",""
"21","MARANHÃO","09/2005","452580","","32643743","","72,13",""
"22","PIAUÍ","09/2005","248852","","17332853","","69,65",""
"23","CEARÁ","09/2005","653662","","44775303","","68,50",""
"24","RIO GRANDE DO NORTE","09/2005","214130","","14045095","","65,59",""
"25","PARAÍBA","09/2005","302716","","20613111","","68,09",""
"26","PERNAMBUCO","09/2005","571867","","37845252","","66,18",""
"27","ALAGOAS","09/2005","234687","","16037544","","68,34",""
"28","SERGIPE","09/2005","135091","","9141118","","67,67",""
"29","BAHIA","09/2005","952758","","64982191","","68,20",""
"31","MINAS GERAIS","09/2005","872064","","53703514","","61,58",""
"32","ESPÍRITO SANTO","09/2005","144780","","8638954","","59,67",""
"33","RIO DE JANEIRO","09/2005","271971","","16660804","","61,26",""
"35","SÃO PAULO","09/2005","778235","","45927115","","59,01",""
"41","PARANÁ","09/2005","377428","","21369034","","56,62",""
"42","SANTA CATARINA","09/2005","120154","","7121569","","59,27",""
"43","RIO GRANDE DO SUL","09/2005","342941","","20507221","","59,80",""
"50","MATO GROSSO DO SUL","09/2005","68089","","4086864","","60,02",""
"51","MATO GROSSO","09/2005","102584","","6108033","","59,54",""
"52","GOIÁS","09/2005","170422","","9498822","","55,74",""
"53","DISTRITO FEDERAL","09/2005","36682","","2003490","","54,62",""
"11","RONDÔNIA","10/2005","66760","","4151169","","62,18",""
"12","ACRE","10/2005","34728","","2412736","","69,48",""
"13","AMAZONAS","10/2005","130797","","9463975","","72,36",""
"14","RORAIMA","10/2005","15922","","1108907","","69,65",""
"15","PARÁ","10/2005","314772","","22192500","","70,50",""
"16","AMAPÁ","10/2005","11341","","794061","","70,02",""
"17","TOCANTINS","10/2005","70389","","4510743","","64,08",""
"21","MARANHÃO","10/2005","476669","","34155155","","71,65",""
"22","PIAUÍ","10/2005","260708","","17912405","","68,71",""
"23","CEARÁ","10/2005","678634","","45913757","","67,66",""
"24","RIO GRANDE DO NORTE","10/2005","222129","","14324299","","64,49",""
"25","PARAÍBA","10/2005","312732","","21045898","","67,30",""
"26","PERNAMBUCO","10/2005","588069","","38465117","","65,41",""
"27","ALAGOAS","10/2005","243573","","16443423","","67,51",""
"28","SERGIPE","10/2005","144644","","9638429","","66,64",""
"29","BAHIA","10/2005","992942","","67076765","","67,55",""
"31","MINAS GERAIS","10/2005","905221","","55068616","","60,83",""
"32","ESPÍRITO SANTO","10/2005","152640","","9019316","","59,09",""
"33","RIO DE JANEIRO","10/2005","284965","","17366929","","60,94",""
"35","SÃO PAULO","10/2005","811132","","47514086","","58,58",""
"41","PARANÁ","10/2005","400472","","22470677","","56,11",""
"42","SANTA CATARINA","10/2005","126757","","7452527","","58,79",""
"43","RIO GRANDE DO SUL","10/2005","358396","","21307377","","59,45",""
"50","MATO GROSSO DO SUL","10/2005","77387","","4485827","","57,97",""
"51","MATO GROSSO","10/2005","109264","","6414517","","58,71",""
"52","GOIÁS","10/2005","178600","","9877674","","55,31",""
"53","DISTRITO FEDERAL","10/2005","36069","","1971190","","54,65",""
"11","RONDÔNIA","11/2005","66226","","4105770","","62,00",""
"12","ACRE","11/2005","38242","","2596321","","67,89",""
"13","AMAZONAS","11/2005","130906","","9477341","","72,40",""
"14","RORAIMA","11/2005","16468","","1142773","","69,39",""
"15","PARÁ","11/2005","320384","","22527411","","70,31",""
"16","AMAPÁ","11/2005","11236","","787483","","70,09",""
"17","TOCANTINS","11/2005","71608","","4567682","","63,79",""
"21","MARANHÃO","11/2005","500857","","35644565","","71,17",""
"22","PIAUÍ","11/2005","267759","","18372743","","68,62",""
"23","CEARÁ","11/2005","701944","","47171774","","67,20",""
"24","RIO GRANDE DO NORTE","11/2005","228636","","14650780","","64,08",""
"25","PARAÍBA","11/2005","318341","","21354488","","67,08",""
"26","PERNAMBUCO","11/2005","611440","","39812549","","65,11",""
"27","ALAGOAS","11/2005","244763","","16484692","","67,35",""
"28","SERGIPE","11/2005","146162","","9729440","","66,57",""
"29","BAHIA","11/2005","1014581","","68306384","","67,32",""
"31","MINAS GERAIS","11/2005","931540","","56209538","","60,34",""
"32","ESPÍRITO SANTO","11/2005","153179","","9034573","","58,98",""
"33","RIO DE JANEIRO","11/2005","292264","","17751168","","60,74",""
"35","SÃO PAULO","11/2005","813438","","47383338","","58,25",""
"41","PARANÁ","11/2005","400593","","22400763","","55,92",""
"42","SANTA CATARINA","11/2005","126062","","7364559","","58,42",""
"43","RIO GRANDE DO SUL","11/2005","365183","","21654782","","59,30",""
"50","MATO GROSSO DO SUL","11/2005","79009","","4548419","","57,57",""
"51","MATO GROSSO","11/2005","110177","","6404755","","58,13",""
"52","GOIÁS","11/2005","177920","","9814987","","55,17",""
"53","DISTRITO FEDERAL","11/2005","36622","","2004455","","54,73",""
"11","RONDÔNIA","12/2005","68343","","4233565","","61,95",""
"12","ACRE","12/2005","38908","","2639743","","67,85",""
"13","AMAZONAS","12/2005","147266","","10384571","","70,52",""
"14","RORAIMA","12/2005","17583","","1230042","","69,96",""
"15","PARÁ","12/2005","337694","","23596402","","69,88",""
"16","AMAPÁ","12/2005","11429","","799585","","69,96",""
"17","TOCANTINS","12/2005","76421","","4829070","","63,19",""
"21","MARANHÃO","12/2005","532126","","37609150","","70,68",""
"22","PIAUÍ","12/2005","284297","","19333052","","68,00",""
"23","CEARÁ","12/2005","742454","","49486288","","66,65",""
"24","RIO GRANDE DO NORTE","12/2005","240828","","15376636","","63,85",""
"25","PARAÍBA","12/2005","337001","","22484021","","66,72",""
"26","PERNAMBUCO","12/2005","633500","","41111877","","64,90",""
"27","ALAGOAS","12/2005","253745","","17000052","","67,00",""
"28","SERGIPE","12/2005","154332","","10196673","","66,07",""
"29","BAHIA","12/2005","1067291","","71409768","","66,91",""
"31","MINAS GERAIS","12/2005","998011","","59605746","","59,72",""
"32","ESPÍRITO SANTO","12/2005","160836","","9425868","","58,61",""
"33","RIO DE JANEIRO","12/2005","302733","","18261466","","60,32",""
"35","SÃO PAULO","12/2005","863799","","49767031","","57,61",""
"41","PARANÁ","12/2005","447186","","24459496","","54,70",""
"42","SANTA CATARINA","12/2005","141744","","8105341","","57,18",""
"43","RIO GRANDE DO SUL","12/2005","398132","","23184507","","58,23",""
"50","MATO GROSSO DO SUL","12/2005","85098","","4781965","","56,19",""
"51","MATO GROSSO","12/2005","118663","","6810707","","57,40",""
"52","GOIÁS","12/2005","186866","","10271952","","54,97",""
"53","DISTRITO FEDERAL","12/2005","54159","","2990953","","55,23",""
"11","RONDÔNIA","01/2006","71539","","4433757","","61,98",""
"12","ACRE","01/2006","39325","","2626373","","66,79",""
"13","AMAZONAS","01/2006","152941","","10589250","","69,24",""
"14","RORAIMA","01/2006","17803","","1231410","","69,17",""
"15","PARÁ","01/2006","340507","","23494274","","69,00",""
"16","AMAPÁ","01/2006","11355","","781830","","68,85",""
"17","TOCANTINS","01/2006","76334","","4717432","","61,80",""
"21","MARANHÃO","01/2006","533818","","37201000","","69,69",""
"22","PIAUÍ","01/2006","282471","","18963400","","67,13",""
"23","CEARÁ","01/2006","733662","","48089850","","65,55",""
"24","RIO GRANDE DO NORTE","01/2006","237454","","14926006","","62,86",""
"25","PARAÍBA","01/2006","335072","","21964081","","65,55",""
"26","PERNAMBUCO","01/2006","635812","","40785602","","64,15",""
"27","ALAGOAS","01/2006","254517","","16708495","","65,65",""
"28","SERGIPE","01/2006","153751","","9968687","","64,84",""
"29","BAHIA","01/2006","1070103","","70441776","","65,83",""
"31","MINAS GERAIS","01/2006","978562","","57314720","","58,57",""
"32","ESPÍRITO SANTO","01/2006","158308","","9150879","","57,80",""
"33","RIO DE JANEIRO","01/2006","307802","","18280921","","59,39",""
"35","SÃO PAULO","01/2006","849563","","48299504","","56,85",""
"41","PARANÁ","01/2006","435662","","23380595","","53,67",""
"42","SANTA CATARINA","01/2006","138247","","7728358","","55,90",""
"43","RIO GRANDE DO SUL","01/2006","390140","","22534980","","57,76",""
"50","MATO GROSSO DO SUL","01/2006","85002","","4715296","","55,47",""
"51","MATO GROSSO","01/2006","116985","","6561112","","56,09",""
"52","GOIÁS","01/2006","184918","","10000859","","54,08",""
"53","DISTRITO FEDERAL","01/2006","52543","","2891459","","55,03",""
"11","RONDÔNIA","02/2006","73684","","4517145","","61,30",""
"12","ACRE","02/2006","39519","","2622005","","66,35",""
"13","AMAZONAS","02/2006","155341","","10730872","","69,08",""
"14","RORAIMA","02/2006","18315","","1267684","","69,22",""
"15","PARÁ","02/2006","351788","","24269768","","68,99",""
"16","AMAPÁ","02/2006","11374","","783104","","68,85",""
"17","TOCANTINS","02/2006","77653","","4767942","","61,40",""
"21","MARANHÃO","02/2006","537023","","37420521","","69,68",""
"22","PIAUÍ","02/2006","284319","","19097028","","67,17",""
"23","CEARÁ","02/2006","733025","","47876306","","65,31",""
"24","RIO GRANDE DO NORTE","02/2006","236816","","14834622","","62,64",""
"25","PARAÍBA","02/2006","334967","","21865717","","65,28",""
"26","PERNAMBUCO","02/2006","644876","","41313444","","64,06",""
"27","ALAGOAS","02/2006","255421","","16676026","","65,29",""
"28","SERGIPE","02/2006","154845","","10032394","","64,79",""
"29","BAHIA","02/2006","1084818","","71183859","","65,62",""
"31","MINAS GERAIS","02/2006","980893","","57154064","","58,27",""
"32","ESPÍRITO SANTO","02/2006","159240","","9156454","","57,50",""
"33","RIO DE JANEIRO","02/2006","317229","","18785606","","59,22",""
"35","SÃO PAULO","02/2006","850849","","48153436","","56,59",""
"41","PARANÁ","02/2006","433931","","23195585","","53,45",""
"42","SANTA CATARINA","02/2006","137421","","7639022","","55,59",""
"43","RIO GRANDE DO SUL","02/2006","389721","","22421781","","57,53",""
"50","MATO GROSSO DO SUL","02/2006","85861","","4752596","","55,35",""
"51","MATO GROSSO","02/2006","117329","","6550579","","55,83",""
"52","GOIÁS","02/2006","187797","","10031982","","53,42",""
"53","DISTRITO FEDERAL","02/2006","53001","","2922014","","55,13",""
"11","RONDÔNIA","03/2006","74600","","4568805","","61,24",""
"12","ACRE","03/2006","40502","","2662653","","65,74",""
"13","AMAZONAS","03/2006","157843","","10912109","","69,13",""
"14","RORAIMA","03/2006","18890","","1304736","","69,07",""
"15","PARÁ","03/2006","359322","","24756058","","68,90",""
"16","AMAPÁ","03/2006","12738","","865786","","67,97",""
"17","TOCANTINS","03/2006","78754","","4799890","","60,95",""
"21","MARANHÃO","03/2006","547977","","38072065","","69,48",""
"22","PIAUÍ","03/2006","285875","","19188153","","67,12",""
"23","CEARÁ","03/2006","739070","","48111384","","65,10",""
"24","RIO GRANDE DO NORTE","03/2006","239544","","14959668","","62,45",""
"25","PARAÍBA","03/2006","335557","","21830251","","65,06",""
"26","PERNAMBUCO","03/2006","671653","","42841020","","63,78",""
"27","ALAGOAS","03/2006","259226","","16824053","","64,90",""
"28","SERGIPE","03/2006","155418","","10061117","","64,74",""
"29","BAHIA","03/2006","1106057","","72322705","","65,39",""
"31","MINAS GERAIS","03/2006","974452","","56613594","","58,10",""
"32","ESPÍRITO SANTO","03/2006","160178","","9181758","","57,32",""
"33","RIO DE JANEIRO","03/2006","321277","","18977615","","59,07",""
"35","SÃO PAULO","03/2006","854189","","48089488","","56,30",""
"41","PARANÁ","03/2006","429025","","22902189","","53,38",""
"42","SANTA CATARINA","03/2006","136090","","7548457","","55,47",""
"43","RIO GRANDE DO SUL","03/2006","386549","","22167564","","57,35",""
"50","MATO GROSSO DO SUL","03/2006","86206","","4763820","","55,26",""
"51","MATO GROSSO","03/2006","117242","","6511054","","55,54",""
"52","GOIÁS","03/2006","188740","","10039726","","53,19",""
"53","DISTRITO FEDERAL","03/2006","52558","","2903938","","55,25",""
"11","RONDÔNIA","04/2006","75635","","4626854,00","","61,17",""
"12","ACRE","04/2006","40434","","2657616,00","","65,73",""
"13","AMAZONAS","04/2006","161386","","11161012,00","","69,16",""
"14","RORAIMA","04/2006","20081","","1383823,00","","68,91",""
"15","PARÁ","04/2006","375191","","25810827,00","","68,79",""
"16","AMAPÁ","04/2006","15668","","1045997,00","","66,76",""
"17","TOCANTINS","04/2006","81201","","4931316,00","","60,73",""
"21","MARANHÃO","04/2006","565983","","39253061,00","","69,35",""
"22","PIAUÍ","04/2006","296753","","19803476,00","","66,73",""
"23","CEARÁ","04/2006","755412","","48975084,00","","64,83",""
"24","RIO GRANDE DO NORTE","04/2006","247898","","15399734,00","","62,12",""
"25","PARAÍBA","04/2006","344145","","22341573,00","","64,92",""
"26","PERNAMBUCO","04/2006","693546","","44082359,00","","63,56",""
"27","ALAGOAS","04/2006","268634","","17377289,00","","64,69",""
"28","SERGIPE","04/2006","158727","","10255244,00","","64,61",""
"29","BAHIA","04/2006","1133554","","74001492,00","","65,28",""
"31","MINAS GERAIS","04/2006","978436","","56839407,00","","58,09",""
"32","ESPÍRITO SANTO","04/2006","161976","","9273776,00","","57,25",""
"33","RIO DE JANEIRO","04/2006","345307","","20305893,00","","58,81",""
"35","SÃO PAULO","04/2006","870089","","48859407,00","","56,15",""
"41","PARANÁ","04/2006","428534","","22866920,00","","53,36",""
"42","SANTA CATARINA","04/2006","136334","","7561002,00","","55,46",""
"43","RIO GRANDE DO SUL","04/2006","388402","","22264498,00","","57,32",""
"50","MATO GROSSO DO SUL","04/2006","88058","","4858456,00","","55,17",""
"51","MATO GROSSO","04/2006","118136","","6554415,00","","55,48",""
"52","GOIÁS","04/2006","196263","","10384705,00","","52,91",""
"53","DISTRITO FEDERAL","04/2006","52238","","2903608,00","","55,58",""
"11","RONDÔNIA","05/2006","78281","","4787903,00","","61,16",""
"12","ACRE","05/2006","42825","","2759018,00","","64,43",""
"13","AMAZONAS","05/2006","175909","","12001885,00","","68,23",""
"14","RORAIMA","05/2006","21111","","1427898,00","","67,64",""
"15","PARÁ","05/2006","426321","","28919687,00","","67,84",""
"16","AMAPÁ","05/2006","16670","","1083755,00","","65,01",""
"17","TOCANTINS","05/2006","84684","","5109022,00","","60,33",""
"21","MARANHÃO","05/2006","600588","","41457296,00","","69,03",""
"22","PIAUÍ","05/2006","302841","","20135209,00","","66,49",""
"23","CEARÁ","05/2006","768639","","49505320,00","","64,41",""
"24","RIO GRANDE DO NORTE","05/2006","253635","","15628908,00","","61,62",""
"25","PARAÍBA","05/2006","351551","","22755967,00","","64,73",""
"26","PERNAMBUCO","05/2006","713707","","45163488,00","","63,28",""
"27","ALAGOAS","05/2006","284710","","18182522,00","","63,86",""
"28","SERGIPE","05/2006","158679","","10283470,00","","64,81",""
"29","BAHIA","05/2006","1177108","","76271945,00","","64,80",""
"31","MINAS GERAIS","05/2006","970687","","55990091,00","","57,68",""
"32","ESPÍRITO SANTO","05/2006","164686","","9334485,00","","56,68",""
"33","RIO DE JANEIRO","05/2006","354698","","20683719,00","","58,31",""
"35","SÃO PAULO","05/2006","885677","","49443003,00","","55,83",""
"41","PARANÁ","05/2006","419760","","22355541,00","","53,26",""
"42","SANTA CATARINA","05/2006","132191","","7279344,00","","55,07",""
"43","RIO GRANDE DO SUL","05/2006","383615","","21878125,00","","57,03",""
"50","MATO GROSSO DO SUL","05/2006","88366","","4817831,00","","54,52",""
"51","MATO GROSSO","05/2006","117749","","6460429,00","","54,87",""
"52","GOIÁS","05/2006","202344","","10679253,00","","52,78",""
"53","DISTRITO FEDERAL","05/2006","52292","","2903562,00","","55,53",""
"11","RONDÔNIA","06/2006","93343","","5766059","","61,77",""
"12","ACRE","06/2006","56005","","3655238","","65,27",""
"13","AMAZONAS","06/2006","203222","","13908507","","68,44",""
"14","RORAIMA","06/2006","31309","","2171312","","69,35",""
"15","PARÁ","06/2006","495880","","34018126","","68,60",""
"16","AMAPÁ","06/2006","20928","","1397005","","66,75",""
"17","TOCANTINS","06/2006","109743","","6619748","","60,32",""
"21","MARANHÃO","06/2006","713854","","49252890","","69,00",""
"22","PIAUÍ","06/2006","365606","","24106738","","65,94",""
"23","CEARÁ","06/2006","919135","","58455014","","63,60",""
"24","RIO GRANDE DO NORTE","06/2006","309911","","18887958","","60,95",""
"25","PARAÍBA","06/2006","424526","","27224417","","64,13",""
"26","PERNAMBUCO","06/2006","868551","","54761689","","63,05",""
"27","ALAGOAS","06/2006","343799","","21636103","","62,93",""
"28","SERGIPE","06/2006","192399","","12524868","","65,10",""
"29","BAHIA","06/2006","1415090","","91360065","","64,56",""
"31","MINAS GERAIS","06/2006","1189525","","67917529","","57,10",""
"32","ESPÍRITO SANTO","06/2006","193790","","10798949","","55,73",""
"33","RIO DE JANEIRO","06/2006","421553","","24276916","","57,59",""
"35","SÃO PAULO","06/2006","1127353","","61915963","","54,92",""
"41","PARANÁ","06/2006","462367","","24677179","","53,37",""
"42","SANTA CATARINA","06/2006","144513","","7946720","","54,99",""
"43","RIO GRANDE DO SUL","06/2006","455739","","25822455","","56,66",""
"50","MATO GROSSO DO SUL","06/2006","118445","","6480603","","54,71",""
"51","MATO GROSSO","06/2006","142596","","7832405","","54,93",""
"52","GOIÁS","06/2006","264098","","13803979","","52,27",""
"53","DISTRITO FEDERAL","06/2006","83644","","4642542","","55,50",""
"11","RONDÔNIA","07/2006","93657","","5833762,00","","62,29",""
"12","ACRE","07/2006","54739","","3582908,00","","65,45",""
"13","AMAZONAS","07/2006","202499","","13939302,00","","68,84",""
"14","RORAIMA","07/2006","31466","","2176354,00","","69,17",""
"15","PARÁ","07/2006","499657","","34509184,00","","69,07",""
"16","AMAPÁ","07/2006","20932","","1392194,00","","66,51",""
"17","TOCANTINS","07/2006","109018","","6650244,00","","61,00",""
"21","MARANHÃO","07/2006","715691","","49628520,00","","69,34",""
"22","PIAUÍ","07/2006","364188","","24144144,00","","66,30",""
"23","CEARÁ","07/2006","918630","","58725062,00","","63,93",""
"24","RIO GRANDE DO NORTE","07/2006","306906","","18777787,00","","61,18",""
"25","PARAÍBA","07/2006","420348","","27193433,00","","64,69",""
"26","PERNAMBUCO","07/2006","863821","","54845737,00","","63,49",""
"27","ALAGOAS","07/2006","342091","","21691727,00","","63,41",""
"28","SERGIPE","07/2006","192804","","12627353,00","","65,49",""
"29","BAHIA","07/2006","1410131","","91680817,00","","65,02",""
"31","MINAS GERAIS","07/2006","1177427","","67514250,00","","57,34",""
"32","ESPÍRITO SANTO","07/2006","193559","","10844227,00","","56,03",""
"33","RIO DE JANEIRO","07/2006","422905","","24468093,00","","57,86",""
"35","SÃO PAULO","07/2006","1113244","","61371207,00","","55,13",""
"41","PARANÁ","07/2006","462937","","24880351,00","","53,74",""
"42","SANTA CATARINA","07/2006","140720","","7789631,00","","55,36",""
"43","RIO GRANDE DO SUL","07/2006","453956","","25841588,00","","56,93",""
"50","MATO GROSSO DO SUL","07/2006","117201","","6454706,00","","55,07",""
"51","MATO GROSSO","07/2006","142021","","7843081,00","","55,22",""
"52","GOIÁS","07/2006","266080","","14047612,00","","52,79",""
"53","DISTRITO FEDERAL","07/2006","83725","","4677229,00","","55,86",""
"11","RONDÔNIA","08/2006","93566","","5836292,00","","62,38",""
"12","ACRE","08/2006","54659","","3584558,00","","65,58",""
"13","AMAZONAS","08/2006","202924","","13955137,00","","68,77",""
"14","RORAIMA","08/2006","31473","","2176602,00","","69,16",""
"15","PARÁ","08/2006","499879","","34539638,00","","69,10",""
"16","AMAPÁ","08/2006","20927","","1394937,00","","66,66",""
"17","TOCANTINS","08/2006","108667","","6635227,00","","61,06",""
"21","MARANHÃO","08/2006","715257","","49657203,00","","69,43",""
"22","PIAUÍ","08/2006","362336","","24047638,00","","66,37",""
"23","CEARÁ","08/2006","916958","","58715070,00","","64,03",""
"24","RIO GRANDE DO NORTE","08/2006","306300","","18765252,00","","61,26",""
"25","PARAÍBA","08/2006","419602","","27192170,00","","64,80",""
"26","PERNAMBUCO","08/2006","862651","","54862318,00","","63,60",""
"27","ALAGOAS","08/2006","342383","","21720068,00","","63,44",""
"28","SERGIPE","08/2006","192947","","12657509,00","","65,60",""
"29","BAHIA","08/2006","1408387","","91671379,00","","65,09",""
"31","MINAS GERAIS","08/2006","1172908","","67326724,00","","57,40",""
"32","ESPÍRITO SANTO","08/2006","192942","","10816220,00","","56,06",""
"33","RIO DE JANEIRO","08/2006","422521","","24444310,00","","57,85",""
"35","SÃO PAULO","08/2006","1110492","","61249740,00","","55,16",""
"41","PARANÁ","08/2006","463678","","24942319,00","","53,79",""
"42","SANTA CATARINA","08/2006","143103","","7917681,00","","55,33",""
"43","RIO GRANDE DO SUL","08/2006","451798","","25753787,00","","57,00",""
"50","MATO GROSSO DO SUL","08/2006","117036","","6456491,00","","55,17",""
"51","MATO GROSSO","08/2006","141775","","7836887,00","","55,28",""
"52","GOIÁS","08/2006","265271","","14010524,00","","52,82",""
"53","DISTRITO FEDERAL","08/2006","80740","","4497992,00","","55,71",""
"11","RONDÔNIA","09/2006","92758","","5798784,00","","62,52",""
"12","ACRE","09/2006","54157","","3561013,00","","65,75",""
"13","AMAZONAS","09/2006","201631","","13869274,00","","68,79",""
"14","RORAIMA","09/2006","31331","","2167760,00","","69,19",""
"15","PARÁ","09/2006","497169","","34391158,00","","69,17",""
"16","AMAPÁ","09/2006","20876","","1392778,00","","66,72",""
"17","TOCANTINS","09/2006","107615","","6573508,00","","61,08",""
"21","MARANHÃO","09/2006","709092","","49259987,00","","69,47",""
"22","PIAUÍ","09/2006","358886","","23828301,00","","66,40",""
"23","CEARÁ","09/2006","908483","","58187347,00","","64,05",""
"24","RIO GRANDE DO NORTE","09/2006","304497","","18687379,00","","61,37",""
"25","PARAÍBA","09/2006","416046","","27006182,00","","64,91",""
"26","PERNAMBUCO","09/2006","857273","","54621398,00","","63,72",""
"27","ALAGOAS","09/2006","339671","","21547660,00","","63,44",""
"28","SERGIPE","09/2006","192186","","12632854,00","","65,73",""
"29","BAHIA","09/2006","1399217","","91190034,00","","65,17",""
"31","MINAS GERAIS","09/2006","1159665","","66573983,00","","57,41",""
"32","ESPÍRITO SANTO","09/2006","191082","","10724259,00","","56,12",""
"33","RIO DE JANEIRO","09/2006","420244","","24337872,00","","57,91",""
"35","SÃO PAULO","09/2006","1103314","","60888582,00","","55,19",""
"41","PARANÁ","09/2006","465058","","24984609,00","","53,72",""
"42","SANTA CATARINA","09/2006","141047","","7823705,00","","55,47",""
"43","RIO GRANDE DO SUL","09/2006","447256","","25524548,00","","57,07",""
"50","MATO GROSSO DO SUL","09/2006","116133","","6412639,00","","55,22",""
"51","MATO GROSSO","09/2006","140348","","7759377,00","","55,29",""
"52","GOIÁS","09/2006","263342","","13914083,00","","52,84",""
"53","DISTRITO FEDERAL","09/2006","79312","","4439235,00","","55,97",""
"11","RONDÔNIA","10/2006","92999","","5853550","","62,94",""
"12","ACRE","10/2006","54164","","3586191","","66,21",""
"13","AMAZONAS","10/2006","201609","","13893566","","68,91",""
"14","RORAIMA","10/2006","31292","","2171435","","69,39",""
"15","PARÁ","10/2006","497105","","34492232","","69,39",""
"16","AMAPÁ","10/2006","20878","","1398205","","66,97",""
"17","TOCANTINS","10/2006","107770","","6599298","","61,24",""
"21","MARANHÃO","10/2006","708060","","49372062","","69,73",""
"22","PIAUÍ","10/2006","358855","","23916672","","66,65",""
"23","CEARÁ","10/2006","907662","","58366925","","64,30",""
"24","RIO GRANDE DO NORTE","10/2006","304308","","18751433","","61,62",""
"25","PARAÍBA","10/2006","415622","","27114333","","65,24",""
"26","PERNAMBUCO","10/2006","856342","","54842681","","64,04",""
"27","ALAGOAS","10/2006","339644","","21643193","","63,72",""
"28","SERGIPE","10/2006","194213","","12828896","","66,06",""
"29","BAHIA","10/2006","1398470","","91552955","","65,47",""
"31","MINAS GERAIS","10/2006","1157884","","66588086","","57,51",""
"32","ESPÍRITO SANTO","10/2006","190577","","10739912","","56,35",""
"33","RIO DE JANEIRO","10/2006","420090","","24379519","","58,03",""
"35","SÃO PAULO","10/2006","1101148","","60902724","","55,31",""
"41","PARANÁ","10/2006","466471","","25154181","","53,92",""
"42","SANTA CATARINA","10/2006","140944","","7829198","","55,55",""
"43","RIO GRANDE DO SUL","10/2006","445975","","25536693","","57,26",""
"50","MATO GROSSO DO SUL","10/2006","115884","","6424897","","55,44",""
"51","MATO GROSSO","10/2006","140248","","7780178","","55,47",""
"52","GOIÁS","10/2006","262553","","13965570","","53,19",""
"53","DISTRITO FEDERAL","10/2006","78574","","4396003","","55,95",""
"11","RONDÔNIA","11/2006","95771","","6055394","","63,23",""
"12","ACRE","11/2006","55010","","3667268","","66,67",""
"13","AMAZONAS","11/2006","204213","","14100724","","69,05",""
"14","RORAIMA","11/2006","32192","","2248796","","69,86",""
"15","PARÁ","11/2006","507451","","35331496","","69,63",""
"16","AMAPÁ","11/2006","22822","","1544387","","67,67",""
"17","TOCANTINS","11/2006","108254","","6653077","","61,46",""
"21","MARANHÃO","11/2006","713734","","49913651","","69,93",""
"22","PIAUÍ","11/2006","362938","","24224951","","66,75",""
"23","CEARÁ","11/2006","906851","","58482084","","64,49",""
"24","RIO GRANDE DO NORTE","11/2006","304793","","18828689","","61,78",""
"25","PARAÍBA","11/2006","415600","","27204760","","65,46",""
"26","PERNAMBUCO","11/2006","862447","","55455076","","64,30",""
"27","ALAGOAS","11/2006","342196","","21892545","","63,98",""
"28","SERGIPE","11/2006","194435","","12899288","","66,34",""
"29","BAHIA","11/2006","1413332","","92758714","","65,63",""
"31","MINAS GERAIS","11/2006","1156554","","66655196","","57,63",""
"32","ESPÍRITO SANTO","11/2006","195170","","10982586","","56,27",""
"33","RIO DE JANEIRO","11/2006","439825","","25497504","","57,97",""
"35","SÃO PAULO","11/2006","1108586","","61408499","","55,39",""
"41","PARANÁ","11/2006","465040","","25148935","","54,08",""
"42","SANTA CATARINA","11/2006","141571","","7886584","","55,71",""
"43","RIO GRANDE DO SUL","11/2006","446743","","25669955","","57,46",""
"50","MATO GROSSO DO SUL","11/2006","116956","","6504119","","55,61",""
"51","MATO GROSSO","11/2006","140870","","7837947","","55,64",""
"52","GOIÁS","11/2006","264642","","14142646","","53,44",""
"53","DISTRITO FEDERAL","11/2006","80080","","4469951","","55,82",""
"11","RONDÔNIA","12/2006","94953","","6124750","","64,50",""
"12","ACRE","12/2006","53404","","3613324","","67,66",""
"13","AMAZONAS","12/2006","204075","","14238511","","69,77",""
"14","RORAIMA","12/2006","31850","","2251533","","70,69",""
"15","PARÁ","12/2006","506444","","35698177","","70,49",""
"16","AMAPÁ","12/2006","26244","","1795756","","68,43",""
"17","TOCANTINS","12/2006","106537","","6599166","","61,94",""
"21","MARANHÃO","12/2006","706878","","49767342","","70,40",""
"22","PIAUÍ","12/2006","366906","","24644594","","67,17",""
"23","CEARÁ","12/2006","882220","","57467000","","65,14",""
"24","RIO GRANDE DO NORTE","12/2006","298643","","18580200","","62,22",""
"25","PARAÍBA","12/2006","406904","","26791484","","65,84",""
"26","PERNAMBUCO","12/2006","860546","","55834607","","64,88",""
"27","ALAGOAS","12/2006","339921","","21879095","","64,37",""
"28","SERGIPE","12/2006","189304","","12708348","","67,13",""
"29","BAHIA","12/2006","1391245","","91941563","","66,09",""
"31","MINAS GERAIS","12/2006","1128261","","65684111","","58,22",""
"32","ESPÍRITO SANTO","12/2006","191421","","10940628","","57,15",""
"33","RIO DE JANEIRO","12/2006","441667","","26228211","","59,38",""
"35","SÃO PAULO","12/2006","1114328","","62663336","","56,23",""
"41","PARANÁ","12/2006","452172","","24861645","","54,98",""
"42","SANTA CATARINA","12/2006","139098","","7836577","","56,34",""
"43","RIO GRANDE DO SUL","12/2006","436169","","25457032","","58,37",""
"50","MATO GROSSO DO SUL","12/2006","114876","","6469076","","56,31",""
"51","MATO GROSSO","12/2006","136495","","7719999","","56,56",""
"52","GOIÁS","12/2006","259524","","14085610","","54,27",""
"53","DISTRITO FEDERAL","12/2006","85725","","4820137","","56,23",""
"11","RONDÔNIA","01/2007","94847","","6108763","","64,41",""
"12","ACRE","01/2007","53324","","3612471","","67,75",""
"13","AMAZONAS","01/2007","205207","","14270677","","69,54",""
"14","RORAIMA","01/2007","32031","","2255506","","70,42",""
"15","PARÁ","01/2007","507434","","35676954","","70,31",""
"16","AMAPÁ","01/2007","26465","","1815498","","68,60",""
"17","TOCANTINS","01/2007","105880","","6570989","","62,06",""
"21","MARANHÃO","01/2007","708948","","49660009","","70,05",""
"22","PIAUÍ","01/2007","366907","","24522252","","66,84",""
"23","CEARÁ","01/2007","879075","","57188573","","65,06",""
"24","RIO GRANDE DO NORTE","01/2007","297372","","18555675","","62,40",""
"25","PARAÍBA","01/2007","406396","","26639631","","65,55",""
"26","PERNAMBUCO","01/2007","858529","","55552705","","64,71",""
"27","ALAGOAS","01/2007","339410","","21888757","","64,49",""
"28","SERGIPE","01/2007","189819","","12711319","","66,97",""
"29","BAHIA","01/2007","1399563","","91925767","","65,68",""
"31","MINAS GERAIS","01/2007","1112636","","65255470","","58,65",""
"32","ESPÍRITO SANTO","01/2007","189520","","10914319","","57,59",""
"33","RIO DE JANEIRO","01/2007","437053","","25976981","","59,44",""
"35","SÃO PAULO","01/2007","1090861","","61301127","","56,20",""
"41","PARANÁ","01/2007","448424","","24849882","","55,42",""
"42","SANTA CATARINA","01/2007","138794","","7898807","","56,91",""
"43","RIO GRANDE DO SUL","01/2007","429897","","25274996","","58,79",""
"50","MATO GROSSO DO SUL","01/2007","113516","","6457614","","56,89",""
"51","MATO GROSSO","01/2007","135128","","7713950","","57,09",""
"52","GOIÁS","01/2007","257071","","14116818","","54,91",""
"53","DISTRITO FEDERAL","01/2007","84345","","4740564","","56,20",""
"11","RONDÔNIA","02/2007","95830","","6176935","","64,46",""
"12","ACRE","02/2007","53449","","3621303","","67,75",""
"13","AMAZONAS","02/2007","207908","","14462734","","69,56",""
"14","RORAIMA","02/2007","32336","","2285881","","70,69",""
"15","PARÁ","02/2007","513826","","36268017","","70,58",""
"16","AMAPÁ","02/2007","27936","","1917533","","68,64",""
"17","TOCANTINS","02/2007","106977","","6642891","","62,10",""
"21","MARANHÃO","02/2007","720174","","50625511","","70,30",""
"22","PIAUÍ","02/2007","367860","","24632222","","66,96",""
"23","CEARÁ","02/2007","886882","","57800772","","65,17",""
"24","RIO GRANDE DO NORTE","02/2007","303503","","18920344","","62,34",""
"25","PARAÍBA","02/2007","414344","","27274166","","65,82",""
"26","PERNAMBUCO","02/2007","867218","","56259379","","64,87",""
"27","ALAGOAS","02/2007","343353","","22200329","","64,66",""
"28","SERGIPE","02/2007","190270","","12784899","","67,19",""
"29","BAHIA","02/2007","1408796","","92792965","","65,87",""
"31","MINAS GERAIS","02/2007","1120631","","65585793","","58,53",""
"32","ESPÍRITO SANTO","02/2007","191584","","11040995","","57,63",""
"33","RIO DE JANEIRO","02/2007","448011","","26663918","","59,52",""
"35","SÃO PAULO","02/2007","1113158","","62773530","","56,39",""
"41","PARANÁ","02/2007","452873","","25047624","","55,31",""
"42","SANTA CATARINA","02/2007","140137","","7946532","","56,71",""
"43","RIO GRANDE DO SUL","02/2007","431156","","25319422","","58,72",""
"50","MATO GROSSO DO SUL","02/2007","114372","","6496825","","56,80",""
"51","MATO GROSSO","02/2007","136250","","7777583","","57,08",""
"52","GOIÁS","02/2007","261468","","14393303","","55,05",""
"53","DISTRITO FEDERAL","02/2007","85069","","4795655","","56,37",""
"11","RONDÔNIA","03/2007","95923","","6192261","","64,55",""
"12","ACRE","03/2007","53388","","3632675","","68,04",""
"13","AMAZONAS","03/2007","211035","","14721407","","69,76",""
"14","RORAIMA","03/2007","30938","","2187221","","70,70",""
"15","PARÁ","03/2007","520162","","36769398","","70,69",""
"16","AMAPÁ","03/2007","28525","","1964391","","68,87",""
"17","TOCANTINS","03/2007","107171","","6667170","","62,21",""
"21","MARANHÃO","03/2007","722964","","50900484","","70,41",""
"22","PIAUÍ","03/2007","369028","","24736423","","67,03",""
"23","CEARÁ","03/2007","890062","","58072257","","65,25",""
"24","RIO GRANDE DO NORTE","03/2007","303681","","18943024","","62,38",""
"25","PARAÍBA","03/2007","414827","","27328129","","65,88",""
"26","PERNAMBUCO","03/2007","870989","","56611178","","65,00",""
"27","ALAGOAS","03/2007","344185","","22263514","","64,68",""
"28","SERGIPE","03/2007","190561","","12820082","","67,28",""
"29","BAHIA","03/2007","1414081","","93256866","","65,95",""
"31","MINAS GERAIS","03/2007","1121906","","65647278","","58,51",""
"32","ESPÍRITO SANTO","03/2007","192038","","11060074","","57,59",""
"33","RIO DE JANEIRO","03/2007","453339","","27013268","","59,59",""
"35","SÃO PAULO","03/2007","1114814","","62882481","","56,41",""
"41","PARANÁ","03/2007","452274","","25009080","","55,30",""
"42","SANTA CATARINA","03/2007","140058","","7936167","","56,66",""
"43","RIO GRANDE DO SUL","03/2007","431284","","25333548","","58,74",""
"50","MATO GROSSO DO SUL","03/2007","114648","","6512549","","56,80",""
"51","MATO GROSSO","03/2007","136806","","7821666","","57,17",""
"52","GOIÁS","03/2007","261805","","14435666","","55,14",""
"53","DISTRITO FEDERAL","03/2007","84954","","4785538","","56,33",""
"11","RONDÔNIA","04/2007","96320","","6234285","","64,72",""
"12","ACRE","04/2007","52711","","3593287","","68,17",""
"13","AMAZONAS","04/2007","212309","","14836954","","69,88",""
"14","RORAIMA","04/2007","31295","","2218747","","70,90",""
"15","PARÁ","04/2007","524780","","37198309","","70,88",""
"16","AMAPÁ","04/2007","30266","","2102527","","69,47",""
"17","TOCANTINS","04/2007","107458","","6704313","","62,39",""
"21","MARANHÃO","04/2007","728461","","51406781","","70,57",""
"22","PIAUÍ","04/2007","369623","","24825093","","67,16",""
"23","CEARÁ","04/2007","890241","","58086847","","65,25",""
"24","RIO GRANDE DO NORTE","04/2007","305191","","19015882","","62,31",""
"25","PARAÍBA","04/2007","416973","","27514019","","65,99",""
"26","PERNAMBUCO","04/2007","874241","","56920243","","65,11",""
"27","ALAGOAS","04/2007","343797","","22263112","","64,76",""
"28","SERGIPE","04/2007","188936","","12724672","","67,35",""
"29","BAHIA","04/2007","1413823","","93338062","","66,02",""
"31","MINAS GERAIS","04/2007","1109033","","64794177","","58,42",""
"32","ESPÍRITO SANTO","04/2007","190844","","10962158","","57,44",""
"33","RIO DE JANEIRO","04/2007","453386","","26975050","","59,50",""
"35","SÃO PAULO","04/2007","1093621","","61458084","","56,20",""
"41","PARANÁ","04/2007","446438","","24654243","","55,22",""
"42","SANTA CATARINA","04/2007","139387","","7898832","","56,67",""
"43","RIO GRANDE DO SUL","04/2007","428111","","25122037","","58,68",""
"50","MATO GROSSO DO SUL","04/2007","114681","","6522563","","56,88",""
"51","MATO GROSSO","04/2007","137229","","7861484","","57,29",""
"52","GOIÁS","04/2007","262096","","14512359","","55,37",""
"53","DISTRITO FEDERAL","04/2007","85217","","4799035","","56,32",""
"11","RONDÔNIA","05/2007","96612","","6273425","","64,93",""
"12","ACRE","05/2007","52849","","3601968","","68,16",""
"13","AMAZONAS","05/2007","215710","","15107966","","70,04",""
"14","RORAIMA","05/2007","31377","","2226892","","70,97",""
"15","PARÁ","05/2007","530977","","37744085","","71,08",""
"16","AMAPÁ","05/2007","31828","","2220164","","69,76",""
"17","TOCANTINS","05/2007","108376","","6788935","","62,64",""
"21","MARANHÃO","05/2007","731853","","51777603","","70,75",""
"22","PIAUÍ","05/2007","371323","","25010829","","67,36",""
"23","CEARÁ","05/2007","897780","","58723520","","65,41",""
"24","RIO GRANDE DO NORTE","05/2007","306415","","19137584","","62,46",""
"25","PARAÍBA","05/2007","420015","","27800025","","66,19",""
"26","PERNAMBUCO","05/2007","883473","","57660651","","65,27",""
"27","ALAGOAS","05/2007","346042","","22473387","","64,94",""
"28","SERGIPE","05/2007","189894","","12828282","","67,55",""
"29","BAHIA","05/2007","1425356","","94331854","","66,18",""
"31","MINAS GERAIS","05/2007","1120949","","65668102","","58,58",""
"32","ESPÍRITO SANTO","05/2007","193790","","11151857","","57,55",""
"33","RIO DE JANEIRO","05/2007","458086","","27356330","","59,72",""
"35","SÃO PAULO","05/2007","1122518","","63333256","","56,42",""
"41","PARANÁ","05/2007","449110","","24845248","","55,32",""
"42","SANTA CATARINA","05/2007","139289","","7895719","","56,69",""
"43","RIO GRANDE DO SUL","05/2007","431152","","25381310","","58,87",""
"50","MATO GROSSO DO SUL","05/2007","114672","","6543268","","57,06",""
"51","MATO GROSSO","05/2007","137487","","7894897","","57,42",""
"52","GOIÁS","05/2007","263919","","14637778","","55,46",""
"53","DISTRITO FEDERAL","05/2007","84615","","4758026","","56,23",""
"11","RONDÔNIA","06/2007","93229","","6103557","","65,47",""
"12","ACRE","06/2007","51632","","3546441","","68,69",""
"13","AMAZONAS","06/2007","208204","","14739260","","70,79",""
"14","RORAIMA","06/2007","29168","","2090924","","71,69",""
"15","PARÁ","06/2007","521056","","37274123","","71,54",""
"16","AMAPÁ","06/2007","31131","","2190884","","70,38",""
"17","TOCANTINS","06/2007","104970","","6620864","","63,07",""
"21","MARANHÃO","06/2007","721438","","51202586","","70,97",""
"22","PIAUÍ","06/2007","366729","","24780745","","67,57",""
"23","CEARÁ","06/2007","875037","","57535693","","65,75",""
"24","RIO GRANDE DO NORTE","06/2007","297124","","18678965","","62,87",""
"25","PARAÍBA","06/2007","411985","","27391128","","66,49",""
"26","PERNAMBUCO","06/2007","861957","","56724784","","65,81",""
"27","ALAGOAS","06/2007","336531","","22023603","","65,44",""
"28","SERGIPE","06/2007","184745","","12557710","","67,97",""
"29","BAHIA","06/2007","1390765","","92567346","","66,56",""
"31","MINAS GERAIS","06/2007","1073340","","63278631","","58,95",""
"32","ESPÍRITO SANTO","06/2007","183822","","10677602","","58,09",""
"33","RIO DE JANEIRO","06/2007","435934","","26327265","","60,39",""
"35","SÃO PAULO","06/2007","1035199","","59123781","","57,11",""
"41","PARANÁ","06/2007","422145","","23609587","","55,93",""
"42","SANTA CATARINA","06/2007","133153","","7591328","","57,01",""
"43","RIO GRANDE DO SUL","06/2007","409336","","24387042","","59,58",""
"50","MATO GROSSO DO SUL","06/2007","107833","","6249897","","57,96",""
"51","MATO GROSSO","06/2007","131404","","7606687","","57,89",""
"52","GOIÁS","06/2007","250933","","14085962","","56,13",""
"53","DISTRITO FEDERAL","06/2007","80855","","4587150","","56,73",""
"11","RONDÔNIA","07/2007","95079","","6216110","","65,38",""
"12","ACRE","07/2007","52295","","3603744","","68,91",""
"13","AMAZONAS","07/2007","209880","","14870927","","70,85",""
"14","RORAIMA","07/2007","32120","","2242169","","69,81",""
"15","PARÁ","07/2007","524921","","37628717","","71,68",""
"16","AMAPÁ","07/2007","32537","","2295317","","70,54",""
"17","TOCANTINS","07/2007","105502","","6663333","","63,16",""
"21","MARANHÃO","07/2007","723845","","51490565","","71,13",""
"22","PIAUÍ","07/2007","366859","","24842486","","67,72",""
"23","CEARÁ","07/2007","880480","","57994260","","65,87",""
"24","RIO GRANDE DO NORTE","07/2007","298426","","18811518","","63,04",""
"25","PARAÍBA","07/2007","413932","","27600438","","66,68",""
"26","PERNAMBUCO","07/2007","874434","","57597009","","65,87",""
"27","ALAGOAS","07/2007","339056","","22232021","","65,57",""
"28","SERGIPE","07/2007","185930","","12679742","","68,20",""
"29","BAHIA","07/2007","1398237","","93296528","","66,72",""
"31","MINAS GERAIS","07/2007","1087771","","64017446","","58,85",""
"32","ESPÍRITO SANTO","07/2007","188038","","10904468","","57,99",""
"33","RIO DE JANEIRO","07/2007","461333","","27910898","","60,50",""
"35","SÃO PAULO","07/2007","1063126","","60742581","","57,14",""
"41","PARANÁ","07/2007","426459","","23804039","","55,82",""
"42","SANTA CATARINA","07/2007","136378","","7738798","","56,75",""
"43","RIO GRANDE DO SUL","07/2007","413610","","24664952","","59,63",""
"50","MATO GROSSO DO SUL","07/2007","110780","","6428167","","58,03",""
"51","MATO GROSSO","07/2007","132419","","7672608","","57,94",""
"52","GOIÁS","07/2007","257668","","14419557","","55,96",""
"53","DISTRITO FEDERAL","07/2007","80783","","4585061","","56,76",""
"11","RONDÔNIA","08/2007","95537","","7357957","","77,02",""
"12","ACRE","08/2007","53111","","4308708","","81,13",""
"13","AMAZONAS","08/2007","212603","","17744445","","83,46",""
"14","RORAIMA","08/2007","32690","","2685703","","82,16",""
"15","PARÁ","08/2007","526611","","44443773","","84,40",""
"16","AMAPÁ","08/2007","32788","","2721559","","83,00",""
"17","TOCANTINS","08/2007","105588","","7856140","","74,40",""
"21","MARANHÃO","08/2007","725062","","60664109","","83,67",""
"22","PIAUÍ","08/2007","367356","","29222968","","79,55",""
"23","CEARÁ","08/2007","881750","","68242580","","77,39",""
"24","RIO GRANDE DO NORTE","08/2007","298954","","22152301","","74,10",""
"25","PARAÍBA","08/2007","414745","","32488039","","78,33",""
"26","PERNAMBUCO","08/2007","880951","","68174887","","77,39",""
"27","ALAGOAS","08/2007","340226","","26213854","","77,05",""
"28","SERGIPE","08/2007","186858","","14972024","","80,13",""
"29","BAHIA","08/2007","1402148","","109880187","","78,37",""
"31","MINAS GERAIS","08/2007","1093228","","75677190","","69,22",""
"32","ESPÍRITO SANTO","08/2007","188294","","12866864","","68,33",""
"33","RIO DE JANEIRO","08/2007","473888","","33802069","","71,33",""
"35","SÃO PAULO","08/2007","1079875","","72748132","","67,37",""
"41","PARANÁ","08/2007","427995","","28073133","","65,59",""
"42","SANTA CATARINA","08/2007","137391","","9165691","","66,71",""
"43","RIO GRANDE DO SUL","08/2007","415198","","29127550","","70,15",""
"50","MATO GROSSO DO SUL","08/2007","111220","","7616257","","68,48",""
"51","MATO GROSSO","08/2007","132957","","9102209","","68,46",""
"52","GOIÁS","08/2007","258390","","17027939","","65,90",""
"53","DISTRITO FEDERAL","08/2007","81022","","5392603","","66,56",""
"11","RONDÔNIA","09/2007","96154","","7403615","","77,00",""
"12","ACRE","09/2007","53388","","4332569","","81,15",""
"13","AMAZONAS","09/2007","214079","","17865714","","83,45",""
"14","RORAIMA","09/2007","30938","","2526792","","81,67",""
"15","PARÁ","09/2007","528133","","44549743","","84,35",""
"16","AMAPÁ","09/2007","34390","","2842773","","82,66",""
"17","TOCANTINS","09/2007","105876","","7869679","","74,33",""
"21","MARANHÃO","09/2007","726064","","60784589","","83,72",""
"22","PIAUÍ","09/2007","366667","","29160481","","79,53",""
"23","CEARÁ","09/2007","883531","","68299192","","77,30",""
"24","RIO GRANDE DO NORTE","09/2007","298476","","22123002","","74,12",""
"25","PARAÍBA","09/2007","413645","","32408835","","78,35",""
"26","PERNAMBUCO","09/2007","884991","","68474868","","77,37",""
"27","ALAGOAS","09/2007","342241","","26320613","","76,91",""
"28","SERGIPE","09/2007","186806","","14971608","","80,15",""
"29","BAHIA","09/2007","1402122","","109874246","","78,36",""
"31","MINAS GERAIS","09/2007","1089091","","75149571","","69,00",""
"32","ESPÍRITO SANTO","09/2007","188787","","12876981","","68,21",""
"33","RIO DE JANEIRO","09/2007","474359","","33811451","","71,28",""
"35","SÃO PAULO","09/2007","1083579","","72861584","","67,24",""
"41","PARANÁ","09/2007","423516","","27759065","","65,54",""
"42","SANTA CATARINA","09/2007","136634","","9075900","","66,42",""
"43","RIO GRANDE DO SUL","09/2007","414150","","29004252","","70,03",""
"50","MATO GROSSO DO SUL","09/2007","111553","","7631535","","68,41",""
"51","MATO GROSSO","09/2007","132186","","9035720","","68,36",""
"52","GOIÁS","09/2007","258985","","17055789","","65,86",""
"53","DISTRITO FEDERAL","09/2007","80533","","5359262","","66,55",""
"11","RONDÔNIA","10/2007","96796","","7465145","","77,12",""
"12","ACRE","10/2007","53240","","4317883","","81,10",""
"13","AMAZONAS","10/2007","215242","","18016309","","83,70",""
"14","RORAIMA","10/2007","32585","","2678154","","82,19",""
"15","PARÁ","10/2007","532313","","45020853","","84,58",""
"16","AMAPÁ","10/2007","38145","","3147461","","82,51",""
"17","TOCANTINS","10/2007","106186","","7919196","","74,58",""
"21","MARANHÃO","10/2007","736340","","61827220","","83,97",""
"22","PIAUÍ","10/2007","369528","","29466633","","79,74",""
"23","CEARÁ","10/2007","893920","","69148909","","77,35",""
"24","RIO GRANDE DO NORTE","10/2007","302554","","22398427","","74,03",""
"25","PARAÍBA","10/2007","416597","","32720313","","78,54",""
"26","PERNAMBUCO","10/2007","906046","","70063229","","77,33",""
"27","ALAGOAS","10/2007","351431","","27079014","","77,05",""
"28","SERGIPE","10/2007","186331","","14986818","","80,43",""
"29","BAHIA","10/2007","1412922","","110962225","","78,53",""
"31","MINAS GERAIS","10/2007","1083104","","74708618","","68,98",""
"32","ESPÍRITO SANTO","10/2007","188386","","12846688","","68,19",""
"33","RIO DE JANEIRO","10/2007","489929","","34973683","","71,39",""
"35","SÃO PAULO","10/2007","1078525","","72411457","","67,14",""
"41","PARANÁ","10/2007","416512","","27306396","","65,56",""
"42","SANTA CATARINA","10/2007","135539","","9022568","","66,57",""
"43","RIO GRANDE DO SUL","10/2007","412206","","28905825","","70,12",""
"50","MATO GROSSO DO SUL","10/2007","111534","","7666773","","68,74",""
"51","MATO GROSSO","10/2007","132540","","9102613","","68,68",""
"52","GOIÁS","10/2007","259592","","17173080","","66,15",""
"53","DISTRITO FEDERAL","10/2007","79532","","5304773","","66,70",""
"11","RONDÔNIA","11/2007","96424","","7457032","","77,34",""
"12","ACRE","11/2007","55779","","4554393","","81,65",""
"13","AMAZONAS","11/2007","215543","","18096667","","83,96",""
"14","RORAIMA","11/2007","33144","","2739603","","82,66",""
"15","PARÁ","11/2007","531446","","45088180","","84,84",""
"16","AMAPÁ","11/2007","38249","","3172771","","82,95",""
"17","TOCANTINS","11/2007","105873","","7924043","","74,84",""
"21","MARANHÃO","11/2007","735781","","61979945","","84,24",""
"22","PIAUÍ","11/2007","368543","","29488265","","80,01",""
"23","CEARÁ","11/2007","890725","","69171529","","77,66",""
"24","RIO GRANDE DO NORTE","11/2007","300915","","22338326","","74,23",""
"25","PARAÍBA","11/2007","415247","","32733356","","78,83",""
"26","PERNAMBUCO","11/2007","902661","","70041964","","77,59",""
"27","ALAGOAS","11/2007","350149","","27067841","","77,30",""
"28","SERGIPE","11/2007","185947","","14995709","","80,65",""
"29","BAHIA","11/2007","1406765","","110792634","","78,76",""
"31","MINAS GERAIS","11/2007","1068491","","73901584","","69,16",""
"32","ESPÍRITO SANTO","11/2007","185026","","12637394","","68,30",""
"33","RIO DE JANEIRO","11/2007","485848","","34736157","","71,50",""
"35","SÃO PAULO","11/2007","1049649","","70385479","","67,06",""
"41","PARANÁ","11/2007","407233","","26763018","","65,72",""
"42","SANTA CATARINA","11/2007","133723","","8911207","","66,64",""
"43","RIO GRANDE DO SUL","11/2007","408444","","28713904","","70,30",""
"50","MATO GROSSO DO SUL","11/2007","110798","","7637580","","68,93",""
"51","MATO GROSSO","11/2007","132296","","9121320","","68,95",""
"52","GOIÁS","11/2007","259318","","17237230","","66,47",""
"53","DISTRITO FEDERAL","11/2007","78329","","5217166","","66,61",""
"11","RONDÔNIA","12/2007","97270","","7534251","","77,46",""
"12","ACRE","12/2007","57354","","4701437","","81,97",""
"13","AMAZONAS","12/2007","216487","","18191833","","84,03",""
"14","RORAIMA","12/2007","32344","","2671482","","82,60",""
"15","PARÁ","12/2007","532755","","45256488","","84,95",""
"16","AMAPÁ","12/2007","38505","","3203728","","83,20",""
"17","TOCANTINS","12/2007","106921","","8027356","","75,08",""
"21","MARANHÃO","12/2007","737539","","62198866","","84,33",""
"22","PIAUÍ","12/2007","368612","","29522501","","80,09",""
"23","CEARÁ","12/2007","891418","","69353410","","77,80",""
"24","RIO GRANDE DO NORTE","12/2007","302720","","22531597","","74,43",""
"25","PARAÍBA","12/2007","416863","","32893911","","78,91",""
"26","PERNAMBUCO","12/2007","905919","","70427946","","77,74",""
"27","ALAGOAS","12/2007","351402","","27203068","","77,41",""
"28","SERGIPE","12/2007","187470","","15147787","","80,80",""
"29","BAHIA","12/2007","1411662","","111384233","","78,90",""
"31","MINAS GERAIS","12/2007","1080823","","74869638","","69,27",""
"32","ESPÍRITO SANTO","12/2007","187927","","12892200","","68,60",""
"33","RIO DE JANEIRO","12/2007","494051","","35436711","","71,73",""
"35","SÃO PAULO","12/2007","1085233","","73142557","","67,40",""
"41","PARANÁ","12/2007","410885","","27094213","","65,94",""
"42","SANTA CATARINA","12/2007","134704","","8997048","","66,79",""
"43","RIO GRANDE DO SUL","12/2007","410540","","28932782","","70,47",""
"50","MATO GROSSO DO SUL","12/2007","112212","","7770423","","69,25",""
"51","MATO GROSSO","12/2007","132798","","9170471","","69,06",""
"52","GOIÁS","12/2007","260368","","17332445","","66,57",""
"53","DISTRITO FEDERAL","12/2007","78294","","5218316","","66,65",""
"11","RONDÔNIA","01/2008","97615","","7570712","","77,56",""
"12","ACRE","01/2008","57349","","4717523","","82,26",""
"13","AMAZONAS","01/2008","219569","","18472116","","84,13",""
"14","RORAIMA","01/2008","33122","","2753987","","83,15",""
"15","PARÁ","01/2008","538427","","45865775","","85,18",""
"16","AMAPÁ","01/2008","39624","","3337577","","84,23",""
"17","TOCANTINS","01/2008","107057","","8061690","","75,30",""
"21","MARANHÃO","01/2008","740890","","62683216","","84,61",""
"22","PIAUÍ","01/2008","369192","","29682457","","80,40",""
"23","CEARÁ","01/2008","898241","","70005089","","77,94",""
"24","RIO GRANDE DO NORTE","01/2008","302089","","22551463","","74,65",""
"25","PARAÍBA","01/2008","416113","","32952476","","79,19",""
"26","PERNAMBUCO","01/2008","913093","","71124846","","77,89",""
"27","ALAGOAS","01/2008","354551","","27549335","","77,70",""
"28","SERGIPE","01/2008","186324","","15102346","","81,05",""
"29","BAHIA","01/2008","1412202","","111699392","","79,10",""
"31","MINAS GERAIS","01/2008","1067800","","73982123","","69,28",""
"32","ESPÍRITO SANTO","01/2008","186320","","12761852","","68,49",""
"33","RIO DE JANEIRO","01/2008","489792","","35064651","","71,59",""
"35","SÃO PAULO","01/2008","1046688","","70194240","","67,06",""
"41","PARANÁ","01/2008","404625","","26664292","","65,90",""
"42","SANTA CATARINA","01/2008","134366","","8977861","","66,82",""
"43","RIO GRANDE DO SUL","01/2008","406460","","28667625","","70,53",""
"50","MATO GROSSO DO SUL","01/2008","112333","","7779484","","69,25",""
"51","MATO GROSSO","01/2008","132693","","9181999","","69,20",""
"52","GOIÁS","01/2008","262809","","17524670","","66,68",""
"53","DISTRITO FEDERAL","01/2008","78485","","5234894","","66,70",""
"11","RONDÔNIA","02/2008","98109","","7618823","","77,66",""
"12","ACRE","02/2008","57315","","4717132","","82,30",""
"13","AMAZONAS","02/2008","222096","","18699612","","84,20",""
"14","RORAIMA","02/2008","33288","","2784173","","83,64",""
"15","PARÁ","02/2008","541966","","46206364","","85,26",""
"16","AMAPÁ","02/2008","40139","","3391209","","84,49",""
"17","TOCANTINS","02/2008","108744","","8180956","","75,23",""
"21","MARANHÃO","02/2008","743354","","62884872","","84,60",""
"22","PIAUÍ","02/2008","371257","","29815624","","80,31",""
"23","CEARÁ","02/2008","905595","","70529338","","77,88",""
"24","RIO GRANDE DO NORTE","02/2008","303466","","22663812","","74,68",""
"25","PARAÍBA","02/2008","418998","","33130567","","79,07",""
"26","PERNAMBUCO","02/2008","922485","","71775531","","77,81",""
"27","ALAGOAS","02/2008","357323","","27687390","","77,49",""
"28","SERGIPE","02/2008","186342","","15099036","","81,03",""
"29","BAHIA","02/2008","1424283","","112640271","","79,09",""
"31","MINAS GERAIS","02/2008","1082646","","74916691","","69,20",""
"32","ESPÍRITO SANTO","02/2008","189570","","12985342","","68,50",""
"33","RIO DE JANEIRO","02/2008","499313","","35807096","","71,71",""
"35","SÃO PAULO","02/2008","1082134","","72790069","","67,27",""
"41","PARANÁ","02/2008","410142","","26997206","","65,82",""
"42","SANTA CATARINA","02/2008","134120","","8949215","","66,73",""
"43","RIO GRANDE DO SUL","02/2008","409283","","28863880","","70,52",""
"50","MATO GROSSO DO SUL","02/2008","112524","","7794880","","69,27",""
"51","MATO GROSSO","02/2008","132988","","9200120","","69,18",""
"52","GOIÁS","02/2008","265449","","17683636","","66,62",""
"53","DISTRITO FEDERAL","02/2008","76398","","5123653","","67,07",""
"11","RONDÔNIA","03/2008","95968","","7632311","","79,53",""
"12","ACRE","03/2008","56648","","4805472","","84,83",""
"13","AMAZONAS","03/2008","220945","","19070903","","86,32",""
"14","RORAIMA","03/2008","31084","","2733091","","87,93",""
"15","PARÁ","03/2008","535218","","46944639","","87,71",""
"16","AMAPÁ","03/2008","39870","","3466637","","86,95",""
"17","TOCANTINS","03/2008","106737","","8283972","","77,61",""
"21","MARANHÃO","03/2008","735299","","63686373","","86,61",""
"22","PIAUÍ","03/2008","368224","","30196319","","82,01",""
"23","CEARÁ","03/2008","897698","","71475199","","79,62",""
"24","RIO GRANDE DO NORTE","03/2008","300574","","22986170","","76,47",""
"25","PARAÍBA","03/2008","415859","","33584248","","80,76",""
"26","PERNAMBUCO","03/2008","913962","","72578947","","79,41",""
"27","ALAGOAS","03/2008","353182","","27958440","","79,16",""
"28","SERGIPE","03/2008","185293","","15406449","","83,15",""
"29","BAHIA","03/2008","1411376","","113979456","","80,76",""
"31","MINAS GERAIS","03/2008","1068358","","76247560","","71,37",""
"32","ESPÍRITO SANTO","03/2008","187535","","13230981","","70,55",""
"33","RIO DE JANEIRO","03/2008","499923","","37116674","","74,24",""
"35","SÃO PAULO","03/2008","1104169","","76795183","","69,55",""
"41","PARANÁ","03/2008","403401","","27399221","","67,92",""
"42","SANTA CATARINA","03/2008","128711","","8868175","","68,90",""
"43","RIO GRANDE DO SUL","03/2008","402362","","29209702","","72,60",""
"50","MATO GROSSO DO SUL","03/2008","111275","","7975338","","71,67",""
"51","MATO GROSSO","03/2008","130508","","9312175","","71,35",""
"52","GOIÁS","03/2008","259086","","17802342","","68,71",""
"53","DISTRITO FEDERAL","03/2008","76306","","5257358","","68,90",""
"11","RONDÔNIA","04/2008","96908","","7712891","","79,59",""
"12","ACRE","04/2008","57260","","4873375","","85,11",""
"13","AMAZONAS","04/2008","222027","","19197973","","86,47",""
"14","RORAIMA","04/2008","33771","","2976897","","88,15",""
"15","PARÁ","04/2008","537276","","47282841","","88,00",""
"16","AMAPÁ","04/2008","39912","","3477611","","87,13",""
"17","TOCANTINS","04/2008","107133","","8325911","","77,72",""
"21","MARANHÃO","04/2008","739531","","64224309","","86,84",""
"22","PIAUÍ","04/2008","368924","","30342002","","82,24",""
"23","CEARÁ","04/2008","896415","","71477747","","79,74",""
"24","RIO GRANDE DO NORTE","04/2008","299593","","22939220","","76,57",""
"25","PARAÍBA","04/2008","414161","","33505097","","80,90",""
"26","PERNAMBUCO","04/2008","913316","","72634842","","79,53",""
"27","ALAGOAS","04/2008","356072","","28253591","","79,35",""
"28","SERGIPE","04/2008","184203","","15339113","","83,27",""
"29","BAHIA","04/2008","1413291","","114244638","","80,84",""
"31","MINAS GERAIS","04/2008","1056347","","75422386","","71,40",""
"32","ESPÍRITO SANTO","04/2008","184933","","13037637","","70,50",""
"33","RIO DE JANEIRO","04/2008","494543","","36583994","","73,98",""
"35","SÃO PAULO","04/2008","1061839","","73238275","","68,97",""
"41","PARANÁ","04/2008","395177","","26846720","","67,94",""
"42","SANTA CATARINA","04/2008","128776","","8893881","","69,06",""
"43","RIO GRANDE DO SUL","04/2008","398707","","28930576","","72,56",""
"50","MATO GROSSO DO SUL","04/2008","109614","","7861199","","71,72",""
"51","MATO GROSSO","04/2008","130511","","9340848","","71,57",""
"52","GOIÁS","04/2008","259502","","17863431","","68,84",""
"53","DISTRITO FEDERAL","04/2008","76570","","5280866","","68,97",""
"11","RONDÔNIA","05/2008","97436","","7794537,00","","80,00",""
"12","ACRE","05/2008","56986","","4880338,00","","85,64",""
"13","AMAZONAS","05/2008","223805","","19556140,00","","87,38",""
"14","RORAIMA","05/2008","33218","","2952348,00","","88,88",""
"15","PARÁ","05/2008","541000","","47877429,00","","88,50",""
"16","AMAPÁ","05/2008","40217","","3559972,00","","88,52",""
"17","TOCANTINS","05/2008","108109","","8445390,00","","78,12",""
"21","MARANHÃO","05/2008","743430","","65004965,00","","87,44",""
"22","PIAUÍ","05/2008","371070","","30709337,00","","82,76",""
"23","CEARÁ","05/2008","901565","","72482267,00","","80,40",""
"24","RIO GRANDE DO NORTE","05/2008","302320","","23373279,00","","77,31",""
"25","PARAÍBA","05/2008","416890","","34004843,00","","81,57",""
"26","PERNAMBUCO","05/2008","920216","","73695969,00","","80,09",""
"27","ALAGOAS","05/2008","357095","","28556650,00","","79,97",""
"28","SERGIPE","05/2008","186639","","15693990,00","","84,09",""
"29","BAHIA","05/2008","1422672","","115507029,00","","81,19",""
"31","MINAS GERAIS","05/2008","1068229","","77095849,00","","72,17",""
"32","ESPÍRITO SANTO","05/2008","186807","","13271016,00","","71,04",""
"33","RIO DE JANEIRO","05/2008","504061","","37601974,00","","74,60",""
"35","SÃO PAULO","05/2008","1086731","","75241415,00","","69,24",""
"41","PARANÁ","05/2008","400083","","27337385,00","","68,33",""
"42","SANTA CATARINA","05/2008","130355","","9026546,00","","69,25",""
"43","RIO GRANDE DO SUL","05/2008","404179","","29543174,00","","73,09",""
"50","MATO GROSSO DO SUL","05/2008","112129","","8091485,00","","72,16",""
"51","MATO GROSSO","05/2008","130922","","9385178,00","","71,69",""
"52","GOIÁS","05/2008","263948","","18287035,00","","69,28",""
"53","DISTRITO FEDERAL","05/2008","76237","","5221918,00","","68,50",""
"11","RONDÔNIA","06/2008","96979","","7741653","","79,83",""
"12","ACRE","06/2008","57953","","4984079","","86,00",""
"13","AMAZONAS","06/2008","223980","","19637025","","87,67",""
"14","RORAIMA","06/2008","33662","","3012586","","89,50",""
"15","PARÁ","06/2008","541618","","48054874","","88,72",""
"16","AMAPÁ","06/2008","40123","","3554720","","88,60",""
"17","TOCANTINS","06/2008","107332","","8390787","","78,18",""
"21","MARANHÃO","06/2008","742044","","65027877","","87,63",""
"22","PIAUÍ","06/2008","370194","","30721221","","82,99",""
"23","CEARÁ","06/2008","899335","","72567722","","80,69",""
"24","RIO GRANDE DO NORTE","06/2008","302028","","23447619","","77,63",""
"25","PARAÍBA","06/2008","417052","","34135482","","81,85",""
"26","PERNAMBUCO","06/2008","918828","","73852981","","80,38",""
"27","ALAGOAS","06/2008","355769","","28501195","","80,11",""
"28","SERGIPE","06/2008","186531","","15716009","","84,25",""
"29","BAHIA","06/2008","1421087","","115677887","","81,40",""
"31","MINAS GERAIS","06/2008","1066152","","77124514","","72,34",""
"32","ESPÍRITO SANTO","06/2008","186866","","13310396","","71,23",""
"33","RIO DE JANEIRO","06/2008","507092","","37987740","","74,91",""
"35","SÃO PAULO","06/2008","1092775","","75872847","","69,43",""
"41","PARANÁ","06/2008","395216","","27116623","","68,61",""
"42","SANTA CATARINA","06/2008","129058","","8932815","","69,22",""
"43","RIO GRANDE DO SUL","06/2008","403619","","29598902","","73,33",""
"50","MATO GROSSO DO SUL","06/2008","111989","","8090453","","72,24",""
"51","MATO GROSSO","06/2008","130095","","9327953","","71,70",""
"52","GOIÁS","06/2008","260995","","18192129","","69,70",""
"53","DISTRITO FEDERAL","06/2008","76829","","5286708","","68,81",""
"11","RONDÔNIA","07/2008","96599","","8358023","","86,52",""
"12","ACRE","07/2008","57785","","5390583","","93,29",""
"13","AMAZONAS","07/2008","223548","","21264390","","95,12",""
"14","RORAIMA","07/2008","33704","","3278198","","97,26",""
"15","PARÁ","07/2008","539129","","51838619","","96,15",""
"16","AMAPÁ","07/2008","39851","","3826673","","96,02",""
"17","TOCANTINS","07/2008","106115","","8991375","","84,73",""
"21","MARANHÃO","07/2008","739517","","70150653","","94,86",""
"22","PIAUÍ","07/2008","368691","","33081980","","89,73",""
"23","CEARÁ","07/2008","892808","","78056346","","87,43",""
"24","RIO GRANDE DO NORTE","07/2008","300362","","25247358","","84,06",""
"25","PARAÍBA","07/2008","414492","","36704729","","88,55",""
"26","PERNAMBUCO","07/2008","911986","","79340159","","87,00",""
"27","ALAGOAS","07/2008","353342","","30703361","","86,89",""
"28","SERGIPE","07/2008","185747","","16939887","","91,20",""
"29","BAHIA","07/2008","1416123","","124768727","","88,11",""
"31","MINAS GERAIS","07/2008","1054408","","82748031","","78,48",""
"32","ESPÍRITO SANTO","07/2008","184382","","14268527","","77,39",""
"33","RIO DE JANEIRO","07/2008","526097","","42514460","","80,81",""
"35","SÃO PAULO","07/2008","1080880","","81545569","","75,44",""
"41","PARANÁ","07/2008","388100","","28961247","","74,62",""
"42","SANTA CATARINA","07/2008","126944","","9524101","","75,03",""
"43","RIO GRANDE DO SUL","07/2008","398282","","31658081","","79,49",""
"50","MATO GROSSO DO SUL","07/2008","110574","","8676851","","78,47",""
"51","MATO GROSSO","07/2008","127754","","9942065","","77,82",""
"52","GOIÁS","07/2008","258653","","19620158","","75,86",""
"53","DISTRITO FEDERAL","07/2008","77450","","5563635","","71,84",""
"11","RONDÔNIA","08/2008","96127","","8317943","","86,53",""
"12","ACRE","08/2008","57819","","5396845","","93,34",""
"13","AMAZONAS","08/2008","223265","","21259904","","95,22",""
"14","RORAIMA","08/2008","33606","","3279888","","97,60",""
"15","PARÁ","08/2008","538050","","51784865","","96,25",""
"16","AMAPÁ","08/2008","39799","","3815681","","95,87",""
"17","TOCANTINS","08/2008","105614","","8966274","","84,90",""
"21","MARANHÃO","08/2008","737395","","70070023","","95,02",""
"22","PIAUÍ","08/2008","367739","","33053490","","89,88",""
"23","CEARÁ","08/2008","890886","","77972397","","87,52",""
"24","RIO GRANDE DO NORTE","08/2008","299428","","25227231","","84,25",""
"25","PARAÍBA","08/2008","413670","","36712695","","88,75",""
"26","PERNAMBUCO","08/2008","910857","","79380741","","87,15",""
"27","ALAGOAS","08/2008","351184","","30580857","","87,08",""
"28","SERGIPE","08/2008","185459","","16931907","","91,30",""
"29","BAHIA","08/2008","1413652","","124676962","","88,19",""
"31","MINAS GERAIS","08/2008","1050340","","82342963","","78,40",""
"32","ESPÍRITO SANTO","08/2008","184096","","14246291","","77,39",""
"33","RIO DE JANEIRO","08/2008","526190","","42586628","","80,93",""
"35","SÃO PAULO","08/2008","1083762","","81827583","","75,50",""
"41","PARANÁ","08/2008","384775","","28699832","","74,59",""
"42","SANTA CATARINA","08/2008","126048","","9454923","","75,01",""
"43","RIO GRANDE DO SUL","08/2008","396962","","31566718","","79,52",""
"50","MATO GROSSO DO SUL","08/2008","109892","","8627876","","78,51",""
"51","MATO GROSSO","08/2008","126373","","9798460","","77,54",""
"52","GOIÁS","08/2008","257725","","19567739","","75,92",""
"53","DISTRITO FEDERAL","08/2008","78146","","5606996","","71,75",""
"11","RONDÔNIA","09/2008","94720","","8275254,00","","87,37",""
"12","ACRE","09/2008","55950","","5299301,00","","94,71",""
"13","AMAZONAS","09/2008","224737","","21603669,00","","96,13",""
"14","RORAIMA","09/2008","34983","","3411959,00","","97,53",""
"15","PARÁ","09/2008","537413","","52058358,00","","96,87",""
"16","AMAPÁ","09/2008","39392","","3825725,00","","97,12",""
"17","TOCANTINS","09/2008","105343","","9057524,00","","85,98",""
"21","MARANHÃO","09/2008","738200","","70423473,00","","95,40",""
"22","PIAUÍ","09/2008","366798","","33092167,00","","90,22",""
"23","CEARÁ","09/2008","893217","","78694337,00","","88,10",""
"24","RIO GRANDE DO NORTE","09/2008","298461","","25358062,00","","84,96",""
"25","PARAÍBA","09/2008","415111","","36955328,00","","89,03",""
"26","PERNAMBUCO","09/2008","897117","","78685898,00","","87,71",""
"27","ALAGOAS","09/2008","354596","","31035902,00","","87,52",""
"28","SERGIPE","09/2008","181043","","16667848,00","","92,07",""
"29","BAHIA","09/2008","1406329","","124762941,00","","88,72",""
"31","MINAS GERAIS","09/2008","1028346","","81628815,00","","79,38",""
"32","ESPÍRITO SANTO","09/2008","178982","","14099765,00","","78,78",""
"33","RIO DE JANEIRO","09/2008","513410","","42049458,00","","81,90",""
"35","SÃO PAULO","09/2008","1029781","","79276396,00","","76,98",""
"41","PARANÁ","09/2008","387149","","29351209,00","","75,81",""
"42","SANTA CATARINA","09/2008","123382","","9461108,00","","76,68",""
"43","RIO GRANDE DO SUL","09/2008","381758","","30745286,00","","80,54",""
"50","MATO GROSSO DO SUL","09/2008","104491","","8337024,00","","79,79",""
"51","MATO GROSSO","09/2008","125781","","9953522,00","","79,13",""
"52","GOIÁS","09/2008","250631","","19197240,00","","76,60",""
"53","DISTRITO FEDERAL","09/2008","75587","","5646834,00","","74,71",""
"11","RONDÔNIA","10/2008","93834","","8046084","","85,75",""
"12","ACRE","10/2008","55406","","5040328","","90,97",""
"13","AMAZONAS","10/2008","222714","","21029618","","94,42",""
"14","RORAIMA","10/2008","35074","","3343830","","95,34",""
"15","PARÁ","10/2008","533474","","50586610","","94,82",""
"16","AMAPÁ","10/2008","39375","","3774679","","95,86",""
"17","TOCANTINS","10/2008","104122","","8794271","","84,46",""
"21","MARANHÃO","10/2008","730843","","67869354","","92,86",""
"22","PIAUÍ","10/2008","361590","","31864548","","88,12",""
"23","CEARÁ","10/2008","876988","","74619295","","85,09",""
"24","RIO GRANDE DO NORTE","10/2008","294952","","24603224","","83,41",""
"25","PARAÍBA","10/2008","410372","","35626812","","86,82",""
"26","PERNAMBUCO","10/2008","887152","","75908682","","85,56",""
"27","ALAGOAS","10/2008","349428","","29589973","","84,68",""
"28","SERGIPE","10/2008","179236","","16033471","","89,45",""
"29","BAHIA","10/2008","1385177","","119521472","","86,29",""
"31","MINAS GERAIS","10/2008","1006025","","78549127","","78,08",""
"32","ESPÍRITO SANTO","10/2008","174327","","13498233","","77,43",""
"33","RIO DE JANEIRO","10/2008","504033","","40727028","","80,80",""
"35","SÃO PAULO","10/2008","989856","","74999741","","75,77",""
"41","PARANÁ","10/2008","375207","","28000709","","74,63",""
"42","SANTA CATARINA","10/2008","119831","","9091364","","75,87",""
"43","RIO GRANDE DO SUL","10/2008","375479","","29736181","","79,20",""
"50","MATO GROSSO DO SUL","10/2008","102677","","8076544","","78,66",""
"51","MATO GROSSO","10/2008","123861","","9656383","","77,96",""
"52","GOIÁS","10/2008","248069","","18684330","","75,32",""
"53","DISTRITO FEDERAL","10/2008","75124","","5621042","","74,82",""
"11","RONDÔNIA","11/2008","93669","","8154444","","87,06",""
"12","ACRE","11/2008","55769","","5253520","","94,20",""
"13","AMAZONAS","11/2008","223815","","21585467","","96,44",""
"14","RORAIMA","11/2008","34061","","3311881","","97,23",""
"15","PARÁ","11/2008","534469","","51856112","","97,02",""
"16","AMAPÁ","11/2008","39656","","3867447","","97,52",""
"17","TOCANTINS","11/2008","103860","","8914135","","85,83",""
"21","MARANHÃO","11/2008","733692","","70151901","","95,61",""
"22","PIAUÍ","11/2008","364073","","32877530","","90,30",""
"23","CEARÁ","11/2008","877478","","77172273","","87,95",""
"24","RIO GRANDE DO NORTE","11/2008","295352","","25082748","","84,92",""
"25","PARAÍBA","11/2008","412303","","36697018","","89,00",""
"26","PERNAMBUCO","11/2008","891178","","78140464","","87,68",""
"27","ALAGOAS","11/2008","351389","","30754365","","87,52",""
"28","SERGIPE","11/2008","180211","","16558720","","91,89",""
"29","BAHIA","11/2008","1392343","","123416705","","88,64",""
"31","MINAS GERAIS","11/2008","1000450","","78773573","","78,74",""
"32","ESPÍRITO SANTO","11/2008","172200","","13413023","","77,89",""
"33","RIO DE JANEIRO","11/2008","502049","","41039837","","81,74",""
"35","SÃO PAULO","11/2008","982992","","74717548","","76,01",""
"41","PARANÁ","11/2008","368703","","27683633","","75,08",""
"42","SANTA CATARINA","11/2008","119051","","9104277","","76,47",""
"43","RIO GRANDE DO SUL","11/2008","372380","","29794316","","80,01",""
"50","MATO GROSSO DO SUL","11/2008","102252","","8144849","","79,65",""
"51","MATO GROSSO","11/2008","123299","","9703300","","78,70",""
"52","GOIÁS","11/2008","247463","","18856870","","76,20",""
"53","DISTRITO FEDERAL","11/2008","76849","","5735856","","74,64",""
"11","RONDÔNIA","12/2008","92914","","8114919","","87,34",""
"12","ACRE","12/2008","55037","","5205382","","94,58",""
"13","AMAZONAS","12/2008","222542","","21532020","","96,75",""
"14","RORAIMA","12/2008","33622","","3296687","","98,05",""
"15","PARÁ","12/2008","528997","","51495599","","97,35",""
"16","AMAPÁ","12/2008","39191","","3835505","","97,87",""
"17","TOCANTINS","12/2008","103582","","8917728","","86,09",""
"21","MARANHÃO","12/2008","729610","","69954216","","95,88",""
"22","PIAUÍ","12/2008","360622","","32655020","","90,55",""
"23","CEARÁ","12/2008","870153","","76775782","","88,23",""
"24","RIO GRANDE DO NORTE","12/2008","292522","","24943935","","85,27",""
"25","PARAÍBA","12/2008","410707","","36640022","","89,21",""
"26","PERNAMBUCO","12/2008","881591","","77558086","","87,98",""
"27","ALAGOAS","12/2008","347585","","30525756","","87,82",""
"28","SERGIPE","12/2008","179875","","16590122","","92,23",""
"29","BAHIA","12/2008","1372763","","122182634","","89,00",""
"31","MINAS GERAIS","12/2008","992739","","78443005","","79,02",""
"32","ESPÍRITO SANTO","12/2008","171419","","13395082","","78,14",""
"33","RIO DE JANEIRO","12/2008","498378","","40864635","","82,00",""
"35","SÃO PAULO","12/2008","974803","","74380199","","76,30",""
"41","PARANÁ","12/2008","367247","","27669117","","75,34",""
"42","SANTA CATARINA","12/2008","118648","","9109980","","76,78",""
"43","RIO GRANDE DO SUL","12/2008","367631","","29505953","","80,26",""
"50","MATO GROSSO DO SUL","12/2008","102433","","8182457","","79,88",""
"51","MATO GROSSO","12/2008","121703","","9619364","","79,04",""
"52","GOIÁS","12/2008","245268","","18769772","","76,53",""
"53","DISTRITO FEDERAL","12/2008","76414","","5736920","","75,08",""
"11","RONDÔNIA","01/2009","98249","","8378147","","85,27",""
"12","ACRE","01/2009","57740","","5340498","","92,49",""
"13","AMAZONAS","01/2009","233778","","22157582","","94,78",""
"14","RORAIMA","01/2009","37084","","3562387","","96,06",""
"15","PARÁ","01/2009","550435","","52615845","","95,59",""
"16","AMAPÁ","01/2009","41129","","3930508","","95,57",""
"17","TOCANTINS","01/2009","107744","","9051767","","84,01",""
"21","MARANHÃO","01/2009","746359","","70539558","","94,51",""
"22","PIAUÍ","01/2009","368140","","32829158","","89,18",""
"23","CEARÁ","01/2009","895518","","77423653","","86,46",""
"24","RIO GRANDE DO NORTE","01/2009","304189","","25352370","","83,34",""
"25","PARAÍBA","01/2009","418961","","36794847","","87,82",""
"26","PERNAMBUCO","01/2009","917357","","79350485","","86,50",""
"27","ALAGOAS","01/2009","360699","","31176041","","86,43",""
"28","SERGIPE","01/2009","185398","","16777239","","90,49",""
"29","BAHIA","01/2009","1435085","","125492330","","87,45",""
"31","MINAS GERAIS","01/2009","1063855","","81289975","","76,41",""
"32","ESPÍRITO SANTO","01/2009","186819","","14134386","","75,66",""
"33","RIO DE JANEIRO","01/2009","530451","","42458632","","80,04",""
"35","SÃO PAULO","01/2009","1086613","","80429646","","74,02",""
"41","PARANÁ","01/2009","407546","","29552410","","72,51",""
"42","SANTA CATARINA","01/2009","135632","","9989558","","73,65",""
"43","RIO GRANDE DO SUL","01/2009","403077","","31328030","","77,72",""
"50","MATO GROSSO DO SUL","01/2009","112423","","8669191","","77,11",""
"51","MATO GROSSO","01/2009","133856","","10287134","","76,85",""
"52","GOIÁS","01/2009","268034","","19884165","","74,19",""
"53","DISTRITO FEDERAL","01/2009","80969","","5996326","","74,06",""
"11","RONDÔNIA","02/2009","96892","","8403529","","86,73",""
"12","ACRE","02/2009","55985","","5273702","","94,20",""
"13","AMAZONAS","02/2009","231530","","22176960","","95,78",""
"14","RORAIMA","02/2009","37177","","3602209","","96,89",""
"15","PARÁ","02/2009","551764","","53213331","","96,44",""
"16","AMAPÁ","02/2009","40062","","3892251","","97,16",""
"17","TOCANTINS","02/2009","107101","","9122989","","85,18",""
"21","MARANHÃO","02/2009","745258","","70943486","","95,19",""
"22","PIAUÍ","02/2009","366745","","32881214","","89,66",""
"23","CEARÁ","02/2009","903380","","78914251","","87,35",""
"24","RIO GRANDE DO NORTE","02/2009","301443","","25485898","","84,55",""
"25","PARAÍBA","02/2009","415829","","36792989","","88,48",""
"26","PERNAMBUCO","02/2009","921078","","80405162","","87,29",""
"27","ALAGOAS","02/2009","361478","","31695338","","87,68",""
"28","SERGIPE","02/2009","181962","","16677083","","91,65",""
"29","BAHIA","02/2009","1439905","","126741888","","88,02",""
"31","MINAS GERAIS","02/2009","1038884","","80776846","","77,75",""
"32","ESPÍRITO SANTO","02/2009","179757","","13908386","","77,37",""
"33","RIO DE JANEIRO","02/2009","528651","","42862610","","81,08",""
"35","SÃO PAULO","02/2009","1034398","","78255814","","75,65",""
"41","PARANÁ","02/2009","388973","","28857449","","74,19",""
"42","SANTA CATARINA","02/2009","132333","","9863490","","74,54",""
"43","RIO GRANDE DO SUL","02/2009","391636","","31136872","","79,50",""
"50","MATO GROSSO DO SUL","02/2009","109907","","8676120","","78,94",""
"51","MATO GROSSO","02/2009","130737","","10206830","","78,07",""
"52","GOIÁS","02/2009","259397","","19623201","","75,65",""
"53","DISTRITO FEDERAL","02/2009","78242","","5839590","","74,63",""
"11","RONDÔNIA","03/2009","97274","","8459624","","86,97",""
"12","ACRE","03/2009","58142","","5524566","","95,02",""
"13","AMAZONAS","03/2009","232692","","22350167","","96,05",""
"14","RORAIMA","03/2009","38192","","3703025","","96,96",""
"15","PARÁ","03/2009","553249","","53505643","","96,71",""
"16","AMAPÁ","03/2009","41786","","4087117","","97,81",""
"17","TOCANTINS","03/2009","108211","","9231602","","85,31",""
"21","MARANHÃO","03/2009","753833","","71866994","","95,34",""
"22","PIAUÍ","03/2009","371667","","33389777","","89,84",""
"23","CEARÁ","03/2009","907203","","79369709","","87,49",""
"24","RIO GRANDE DO NORTE","03/2009","303253","","25694775","","84,73",""
"25","PARAÍBA","03/2009","419389","","37171886","","88,63",""
"26","PERNAMBUCO","03/2009","941075","","82340580","","87,50",""
"27","ALAGOAS","03/2009","367328","","32196280","","87,65",""
"28","SERGIPE","03/2009","186248","","17093141","","91,78",""
"29","BAHIA","03/2009","1456114","","128416855","","88,19",""
"31","MINAS GERAIS","03/2009","1054326","","81828212","","77,61",""
"32","ESPÍRITO SANTO","03/2009","182891","","14178498","","77,52",""
"33","RIO DE JANEIRO","03/2009","547799","","44723115","","81,64",""
"35","SÃO PAULO","03/2009","1082093","","82286114","","76,04",""
"41","PARANÁ","03/2009","403395","","29959885","","74,27",""
"42","SANTA CATARINA","03/2009","133813","","10014291","","74,84",""
"43","RIO GRANDE DO SUL","03/2009","402786","","32005411","","79,46",""
"50","MATO GROSSO DO SUL","03/2009","111711","","8796749","","78,75",""
"51","MATO GROSSO","03/2009","132119","","10381946","","78,58",""
"52","GOIÁS","03/2009","259202","","19698009","","75,99",""
"53","DISTRITO FEDERAL","03/2009","76898","","5739844","","74,64",""
"11","RONDÔNIA","04/2009","97466","","8455076","","86,75",""
"12","ACRE","04/2009","58179","","5527240","","95,00",""
"13","AMAZONAS","04/2009","235610","","22604113","","95,94",""
"14","RORAIMA","04/2009","38180","","3696959","","96,83",""
"15","PARÁ","04/2009","556762","","53702738","","96,46",""
"16","AMAPÁ","04/2009","42017","","4111167","","97,85",""
"17","TOCANTINS","04/2009","108055","","9155776","","84,73",""
"21","MARANHÃO","04/2009","757967","","72191291","","95,24",""
"22","PIAUÍ","04/2009","372601","","33459932","","89,80",""
"23","CEARÁ","04/2009","909348","","79482597","","87,41",""
"24","RIO GRANDE DO NORTE","04/2009","303772","","25715970","","84,66",""
"25","PARAÍBA","04/2009","419024","","37085813","","88,51",""
"26","PERNAMBUCO","04/2009","941118","","82137398","","87,28",""
"27","ALAGOAS","04/2009","368239","","32260580","","87,61",""
"28","SERGIPE","04/2009","186571","","17096557","","91,64",""
"29","BAHIA","04/2009","1461698","","128735487","","88,07",""
"31","MINAS GERAIS","04/2009","1053043","","81373824","","77,27",""
"32","ESPÍRITO SANTO","04/2009","182966","","14111692","","77,13",""
"33","RIO DE JANEIRO","04/2009","552541","","45066713","","81,56",""
"35","SÃO PAULO","04/2009","1081697","","82006585","","75,81",""
"41","PARANÁ","04/2009","403376","","29757096","","73,77",""
"42","SANTA CATARINA","04/2009","133898","","9973541","","74,49",""
"43","RIO GRANDE DO SUL","04/2009","403840","","31993748","","79,22",""
"50","MATO GROSSO DO SUL","04/2009","112613","","8774689","","77,92",""
"51","MATO GROSSO","04/2009","133243","","10419392","","78,20",""
"52","GOIÁS","04/2009","260259","","19675250","","75,60",""
"53","DISTRITO FEDERAL","04/2009","76540","","5709301","","74,59",""
"11","RONDÔNIA","05/2009","109036","","9416218","","86,36",""
"12","ACRE","05/2009","58398","","5563464","","95,27",""
"13","AMAZONAS","05/2009","238311","","22863187","","95,94",""
"14","RORAIMA","05/2009","38538","","3749617","","97,30",""
"15","PARÁ","05/2009","574299","","55261821","","96,22",""
"16","AMAPÁ","05/2009","42083","","4122083","","97,95",""
"17","TOCANTINS","05/2009","110596","","9352560","","84,57",""
"21","MARANHÃO","05/2009","795457","","75094410","","94,40",""
"22","PIAUÍ","05/2009","380589","","34070312","","89,52",""
"23","CEARÁ","05/2009","916281","","80179477","","87,51",""
"24","RIO GRANDE DO NORTE","05/2009","311729","","26246766","","84,20",""
"25","PARAÍBA","05/2009","439080","","38525712","","87,74",""
"26","PERNAMBUCO","05/2009","953252","","83291253","","87,38",""
"27","ALAGOAS","05/2009","375062","","32875526","","87,65",""
"28","SERGIPE","05/2009","199069","","17976067","","90,30",""
"29","BAHIA","05/2009","1492077","","131435559","","88,09",""
"31","MINAS GERAIS","05/2009","1066513","","82533385","","77,39",""
"32","ESPÍRITO SANTO","05/2009","183138","","14174017","","77,40",""
"33","RIO DE JANEIRO","05/2009","608598","","48982188","","80,48",""
"35","SÃO PAULO","05/2009","1122881","","84808551","","75,53",""
"41","PARANÁ","05/2009","429247","","31318345","","72,96",""
"42","SANTA CATARINA","05/2009","131546","","9906585","","75,31",""
"43","RIO GRANDE DO SUL","05/2009","417945","","32903187","","78,73",""
"50","MATO GROSSO DO SUL","05/2009","115763","","9009451","","77,83",""
"51","MATO GROSSO","05/2009","141291","","11041165","","78,14",""
"52","GOIÁS","05/2009","282353","","21273340","","75,34",""
"53","DISTRITO FEDERAL","05/2009","78548","","5987929","","76,23",""
"11","RONDÔNIA","06/2009","108468","","9654088","","89,00",""
"12","ACRE","06/2009","58311","","5697220","","97,70",""
"13","AMAZONAS","06/2009","237991","","23350898","","98,12",""
"14","RORAIMA","06/2009","38443","","3794717","","98,71",""
"15","PARÁ","06/2009","577104","","56373527","","97,68",""
"16","AMAPÁ","06/2009","42000","","4212175","","100,29",""
"17","TOCANTINS","06/2009","109599","","9400635","","85,77",""
"21","MARANHÃO","06/2009","792916","","75626876","","95,38",""
"22","PIAUÍ","06/2009","378348","","34210231","","90,42",""
"23","CEARÁ","06/2009","911921","","81176782","","89,02",""
"24","RIO GRANDE DO NORTE","06/2009","310659","","26726633","","86,03",""
"25","PARAÍBA","06/2009","436871","","38740844","","88,68",""
"26","PERNAMBUCO","06/2009","949521","","84506106","","89,00",""
"27","ALAGOAS","06/2009","373940","","33575457","","89,79",""
"28","SERGIPE","06/2009","198461","","18190630","","91,66",""
"29","BAHIA","06/2009","1487448","","133121594","","89,50",""
"31","MINAS GERAIS","06/2009","1054245","","84258348","","79,92",""
"32","ESPÍRITO SANTO","06/2009","181257","","14592007","","80,50",""
"33","RIO DE JANEIRO","06/2009","605902","","50535574","","83,41",""
"35","SÃO PAULO","06/2009","1111038","","87339633","","78,61",""
"41","PARANÁ","06/2009","440663","","32997027","","74,88",""
"42","SANTA CATARINA","06/2009","129103","","10113210","","78,33",""
"43","RIO GRANDE DO SUL","06/2009","414586","","33852033","","81,65",""
"50","MATO GROSSO DO SUL","06/2009","114295","","9250200","","80,93",""
"51","MATO GROSSO","06/2009","139681","","11336417","","81,16",""
"52","GOIÁS","06/2009","280155","","21999711","","78,53",""
"53","DISTRITO FEDERAL","06/2009","78644","","6117283","","77,78",""
"11","RONDÔNIA","07/2009","109624","","9709258","","88,57",""
"12","ACRE","07/2009","58209","","5675590","","97,50",""
"13","AMAZONAS","07/2009","237787","","23378196","","98,32",""
"14","RORAIMA","07/2009","38121","","3774793","","99,02",""
"15","PARÁ","07/2009","576408","","56294367","","97,66",""
"16","AMAPÁ","07/2009","41943","","4206521","","100,29",""
"17","TOCANTINS","07/2009","108852","","9301254","","85,45",""
"21","MARANHÃO","07/2009","791449","","75513852","","95,41",""
"22","PIAUÍ","07/2009","377043","","34106878","","90,46",""
"23","CEARÁ","07/2009","906834","","80628475","","88,91",""
"24","RIO GRANDE DO NORTE","07/2009","309199","","26529941","","85,80",""
"25","PARAÍBA","07/2009","435131","","38551865","","88,60",""
"26","PERNAMBUCO","07/2009","945843","","84085520","","88,90",""
"27","ALAGOAS","07/2009","372936","","33447813","","89,69",""
"28","SERGIPE","07/2009","197754","","18101583","","91,54",""
"29","BAHIA","07/2009","1482776","","132573431","","89,41",""
"31","MINAS GERAIS","07/2009","1046346","","83056541","","79,38",""
"32","ESPÍRITO SANTO","07/2009","180155","","14355105","","79,68",""
"33","RIO DE JANEIRO","07/2009","607419","","50434878","","83,03",""
"35","SÃO PAULO","07/2009","1099702","","85591458","","77,83",""
"41","PARANÁ","07/2009","445882","","32879497","","73,74",""
"42","SANTA CATARINA","07/2009","131545","","10110120","","76,86",""
"43","RIO GRANDE DO SUL","07/2009","416317","","33664165","","80,86",""
"50","MATO GROSSO DO SUL","07/2009","113780","","9121694","","80,17",""
"51","MATO GROSSO","07/2009","142187","","11425567","","80,36",""
"52","GOIÁS","07/2009","282921","","22061251","","77,98",""
"53","DISTRITO FEDERAL","07/2009","78987","","6121587","","77,50",""
"11","RONDÔNIA","08/2009","112701","","9964578","","88,42",""
"12","ACRE","08/2009","58073","","5669742","","97,63",""
"13","AMAZONAS","08/2009","253967","","24966050","","98,30",""
"14","RORAIMA","08/2009","41266","","4071929","","98,68",""
"15","PARÁ","08/2009","620183","","60483368","","97,53",""
"16","AMAPÁ","08/2009","43438","","4350059","","100,14",""
"17","TOCANTINS","08/2009","116204","","9916039","","85,33",""
"21","MARANHÃO","08/2009","816310","","77805681","","95,31",""
"22","PIAUÍ","08/2009","392561","","35437229","","90,27",""
"23","CEARÁ","08/2009","927719","","82382394","","88,80",""
"24","RIO GRANDE DO NORTE","08/2009","316824","","27185278","","85,81",""
"25","PARAÍBA","08/2009","444294","","39381243","","88,64",""
"26","PERNAMBUCO","08/2009","985566","","87241447","","88,52",""
"27","ALAGOAS","08/2009","388496","","34671800","","89,25",""
"28","SERGIPE","08/2009","208893","","19005173","","90,98",""
"29","BAHIA","08/2009","1539133","","137316782","","89,22",""
"31","MINAS GERAIS","08/2009","1093654","","86140937","","78,76",""
"32","ESPÍRITO SANTO","08/2009","188517","","14885560","","78,96",""
"33","RIO DE JANEIRO","08/2009","641680","","52911544","","82,46",""
"35","SÃO PAULO","08/2009","1151937","","88642518","","76,95",""
"41","PARANÁ","08/2009","478716","","34874561","","72,85",""
"42","SANTA CATARINA","08/2009","144224","","10892903","","75,53",""
"43","RIO GRANDE DO SUL","08/2009","450129","","35999548","","79,98",""
"50","MATO GROSSO DO SUL","08/2009","123386","","9811480","","79,52",""
"51","MATO GROSSO","08/2009","160279","","12612593","","78,69",""
"52","GOIÁS","08/2009","296638","","22978865","","77,46",""
"53","DISTRITO FEDERAL","08/2009","78643","","6094593","","77,50",""
"11","RONDÔNIA","09/2009","112525","","10971881","","97,51",""
"12","ACRE","09/2009","57464","","6187180","","107,67",""
"13","AMAZONAS","09/2009","253280","","27598515","","108,96",""
"14","RORAIMA","09/2009","41196","","4499547","","109,22",""
"15","PARÁ","09/2009","619420","","66721725","","107,72",""
"16","AMAPÁ","09/2009","43312","","4784348","","110,46",""
"17","TOCANTINS","09/2009","117443","","11189043","","95,27",""
"21","MARANHÃO","09/2009","814298","","85777117","","105,34",""
"22","PIAUÍ","09/2009","391578","","39000793","","99,60",""
"23","CEARÁ","09/2009","919995","","90035192","","97,86",""
"24","RIO GRANDE DO NORTE","09/2009","313612","","29688194","","94,67",""
"25","PARAÍBA","09/2009","440298","","43076937","","97,84",""
"26","PERNAMBUCO","09/2009","977460","","95717805","","97,93",""
"27","ALAGOAS","09/2009","386805","","38198664","","98,75",""
"28","SERGIPE","09/2009","206479","","20740691","","100,45",""
"29","BAHIA","09/2009","1521974","","149935798","","98,51",""
"31","MINAS GERAIS","09/2009","1078315","","93345495","","86,57",""
"32","ESPÍRITO SANTO","09/2009","186325","","16163786","","86,75",""
"33","RIO DE JANEIRO","09/2009","636666","","58237779","","91,47",""
"35","SÃO PAULO","09/2009","1138950","","96445178","","84,68",""
"41","PARANÁ","09/2009","475380","","38071755","","80,09",""
"42","SANTA CATARINA","09/2009","147203","","12116356","","82,31",""
"43","RIO GRANDE DO SUL","09/2009","451477","","39753538","","88,05",""
"50","MATO GROSSO DO SUL","09/2009","124459","","10872840","","87,36",""
"51","MATO GROSSO","09/2009","160815","","13987747","","86,98",""
"52","GOIÁS","09/2009","298525","","25536531","","85,54",""
"53","DISTRITO FEDERAL","09/2009","79055","","6755152","","85,45",""
"11","RONDÔNIA","10/2009","117626","","11393303","","96,86",""
"12","ACRE","10/2009","60662","","6535584","","107,74",""
"13","AMAZONAS","10/2009","264257","","28799835","","108,98",""
"14","RORAIMA","10/2009","41572","","4537438","","109,15",""
"15","PARÁ","10/2009","637967","","68628205","","107,57",""
"16","AMAPÁ","10/2009","44848","","4965311","","110,71",""
"17","TOCANTINS","10/2009","124230","","11639100","","93,69",""
"21","MARANHÃO","10/2009","850838","","89517872","","105,21",""
"22","PIAUÍ","10/2009","416784","","41297417","","99,09",""
"23","CEARÁ","10/2009","948727","","92564929","","97,57",""
"24","RIO GRANDE DO NORTE","10/2009","325304","","30784187","","94,63",""
"25","PARAÍBA","10/2009","441827","","43316205","","98,04",""
"26","PERNAMBUCO","10/2009","1042522","","101368673","","97,23",""
"27","ALAGOAS","10/2009","398307","","39338642","","98,76",""
"28","SERGIPE","10/2009","221720","","22166210","","99,97",""
"29","BAHIA","10/2009","1592126","","156518605","","98,31",""
"31","MINAS GERAIS","10/2009","1135739","","97680980","","86,01",""
"32","ESPÍRITO SANTO","10/2009","192531","","16625868","","86,35",""
"33","RIO DE JANEIRO","10/2009","659615","","60123643","","91,15",""
"35","SÃO PAULO","10/2009","1163972","","97767272","","83,99",""
"41","PARANÁ","10/2009","494111","","39173675","","79,28",""
"42","SANTA CATARINA","10/2009","154326","","12551406","","81,33",""
"43","RIO GRANDE DO SUL","10/2009","470524","","41074484","","87,30",""
"50","MATO GROSSO DO SUL","10/2009","129009","","11252037","","87,22",""
"51","MATO GROSSO","10/2009","169496","","14564874","","85,93",""
"52","GOIÁS","10/2009","308011","","26266080","","85,28",""
"53","DISTRITO FEDERAL","10/2009","79370","","6746994","","85,01",""
"11","RONDÔNIA","11/2009","117646","","11376746","","96,70",""
"12","ACRE","11/2009","62804","","6733304","","107,21",""
"13","AMAZONAS","11/2009","263723","","28727906","","108,93",""
"14","RORAIMA","11/2009","41624","","4546286","","109,22",""
"15","PARÁ","11/2009","638124","","68694062","","107,65",""
"16","AMAPÁ","11/2009","44777","","4951940","","110,59",""
"17","TOCANTINS","11/2009","123758","","11586292","","93,62",""
"21","MARANHÃO","11/2009","850202","","89479034","","105,24",""
"22","PIAUÍ","11/2009","415652","","41162002","","99,03",""
"23","CEARÁ","11/2009","954284","","92967385","","97,42",""
"24","RIO GRANDE DO NORTE","11/2009","324772","","30731271","","94,62",""
"25","PARAÍBA","11/2009","446799","","43820780","","98,08",""
"26","PERNAMBUCO","11/2009","1040188","","101178242","","97,27",""
"27","ALAGOAS","11/2009","398507","","39336401","","98,71",""
"28","SERGIPE","11/2009","221006","","22094798","","99,97",""
"29","BAHIA","11/2009","1589340","","156384570","","98,40",""
"31","MINAS GERAIS","11/2009","1130987","","97223300","","85,96",""
"32","ESPÍRITO SANTO","11/2009","192540","","16594410","","86,19",""
"33","RIO DE JANEIRO","11/2009","662065","","60425174","","91,27",""
"35","SÃO PAULO","11/2009","1152712","","96236102","","83,49",""
"41","PARANÁ","11/2009","491333","","38899296","","79,17",""
"42","SANTA CATARINA","11/2009","153709","","12485497","","81,23",""
"43","RIO GRANDE DO SUL","11/2009","469627","","40959875","","87,22",""
"50","MATO GROSSO DO SUL","11/2009","129195","","11236308","","86,97",""
"51","MATO GROSSO","11/2009","168755","","14482893","","85,82",""
"52","GOIÁS","11/2009","308899","","26309815","","85,17",""
"53","DISTRITO FEDERAL","11/2009","79512","","6781379","","85,29",""
"11","RONDÔNIA","12/2009","116211","","11307999,00","","97,31",""
"12","ACRE","12/2009","62600","","6752698,00","","107,87",""
"13","AMAZONAS","12/2009","263064","","28832405,00","","109,60",""
"14","RORAIMA","12/2009","41201","","4525209,00","","109,83",""
"15","PARÁ","12/2009","635204","","68746476,00","","108,23",""
"16","AMAPÁ","12/2009","44678","","4964494,00","","111,12",""
"17","TOCANTINS","12/2009","122609","","11562906,00","","94,31",""
"21","MARANHÃO","12/2009","846345","","89485044,00","","105,73",""
"22","PIAUÍ","12/2009","413867","","41176481,00","","99,49",""
"23","CEARÁ","12/2009","947720","","93006127,00","","98,14",""
"24","RIO GRANDE DO NORTE","12/2009","321710","","30670831,00","","95,34",""
"25","PARAÍBA","12/2009","444729","","43842848,00","","98,58",""
"26","PERNAMBUCO","12/2009","1035989","","101272858,00","","97,75",""
"27","ALAGOAS","12/2009","395459","","39278905,00","","99,32",""
"28","SERGIPE","12/2009","220175","","22146084,00","","100,58",""
"29","BAHIA","12/2009","1581639","","156565931,00","","98,99",""
"31","MINAS GERAIS","12/2009","1117946","","96929898,00","","86,70",""
"32","ESPÍRITO SANTO","12/2009","190428","","16545465,00","","86,89",""
"33","RIO DE JANEIRO","12/2009","658726","","60506078,00","","91,85",""
"35","SÃO PAULO","12/2009","1138129","","95974010,00","","84,33",""
"41","PARANÁ","12/2009","482335","","38604238,00","","80,04",""
"42","SANTA CATARINA","12/2009","150685","","12360725,00","","82,03",""
"43","RIO GRANDE DO SUL","12/2009","462966","","40763702,00","","88,05",""
"50","MATO GROSSO DO SUL","12/2009","127768","","11214658,00","","87,77",""
"51","MATO GROSSO","12/2009","166456","","14411637,00","","86,58",""
"52","GOIÁS","12/2009","305949","","26297271,00","","85,95",""
"53","DISTRITO FEDERAL","12/2009","76327","","6521218,00","","85,44",""
"11","RONDÔNIA","01/2010","116505","","11024873","","94,63",""
"12","ACRE","01/2010","61796","","6461833","","104,57",""
"13","AMAZONAS","01/2010","271281","","28770313","","106,05",""
"14","RORAIMA","01/2010","41647","","4462151","","107,14",""
"15","PARÁ","01/2010","646724","","67655547","","104,61",""
"16","AMAPÁ","01/2010","45373","","4886217","","107,69",""
"17","TOCANTINS","01/2010","124117","","11399086","","91,84",""
"21","MARANHÃO","01/2010","858413","","87846046","","102,34",""
"22","PIAUÍ","01/2010","420210","","40586375","","96,59",""
"23","CEARÁ","01/2010","977931","","93036761","","95,14",""
"24","RIO GRANDE DO NORTE","01/2010","324187","","30135243","","92,96",""
"25","PARAÍBA","01/2010","458658","","43717639","","95,32",""
"26","PERNAMBUCO","01/2010","1044528","","99485276","","95,24",""
"27","ALAGOAS","01/2010","401741","","38900031","","96,83",""
"28","SERGIPE","01/2010","223407","","21775660","","97,47",""
"29","BAHIA","01/2010","1597336","","153836296","","96,31",""
"31","MINAS GERAIS","01/2010","1116724","","94014558","","84,19",""
"32","ESPÍRITO SANTO","01/2010","190297","","16094207","","84,57",""
"33","RIO DE JANEIRO","01/2010","665465","","59563458","","89,51",""
"35","SÃO PAULO","01/2010","1142154","","93963079","","82,27",""
"41","PARANÁ","01/2010","481234","","37602934","","78,14",""
"42","SANTA CATARINA","01/2010","150666","","12004644","","79,68",""
"43","RIO GRANDE DO SUL","01/2010","463721","","39835565","","85,90",""
"50","MATO GROSSO DO SUL","01/2010","126894","","10871012","","85,67",""
"51","MATO GROSSO","01/2010","167143","","14080333","","84,24",""
"52","GOIÁS","01/2010","307489","","25807637","","83,93",""
"53","DISTRITO FEDERAL","01/2010","74653","","6171080","","82,66",""
"11","RONDÔNIA","02/2010","115088","","10920226,00","","94,89",""
"12","ACRE","02/2010","58716","","6236409,00","","106,21",""
"13","AMAZONAS","02/2010","270365","","28979617,00","","107,19",""
"14","RORAIMA","02/2010","41705","","4500263,00","","107,91",""
"15","PARÁ","02/2010","661728","","69696773,00","","105,33",""
"16","AMAPÁ","02/2010","45143","","4929424,00","","109,20",""
"17","TOCANTINS","02/2010","126854","","11671561,00","","92,01",""
"21","MARANHÃO","02/2010","867530","","89177382,00","","102,79",""
"22","PIAUÍ","02/2010","414993","","40322927,00","","97,17",""
"23","CEARÁ","02/2010","994695","","94943674,00","","95,45",""
"24","RIO GRANDE DO NORTE","02/2010","329831","","30808866,00","","93,41",""
"25","PARAÍBA","02/2010","450710","","43293413,00","","96,06",""
"26","PERNAMBUCO","02/2010","1026888","","98632400,00","","96,05",""
"27","ALAGOAS","02/2010","402547","","39206620,00","","97,40",""
"28","SERGIPE","02/2010","226094","","22170550,00","","98,06",""
"29","BAHIA","02/2010","1625253","","157287406,00","","96,78",""
"31","MINAS GERAIS","02/2010","1119978","","95204936,00","","85,01",""
"32","ESPÍRITO SANTO","02/2010","181057","","15484869,00","","85,52",""
"33","RIO DE JANEIRO","02/2010","664609","","59668107,00","","89,78",""
"35","SÃO PAULO","02/2010","1058896","","88057226,00","","83,16",""
"41","PARANÁ","02/2010","471840","","37103715,00","","78,64",""
"42","SANTA CATARINA","02/2010","147431","","11754684,00","","79,73",""
"43","RIO GRANDE DO SUL","02/2010","440466","","38202998,00","","86,73",""
"50","MATO GROSSO DO SUL","02/2010","122932","","10687554,00","","86,94",""
"51","MATO GROSSO","02/2010","165937","","14057729,00","","84,72",""
"52","GOIÁS","02/2010","305219","","25919855,00","","84,92",""
"53","DISTRITO FEDERAL","02/2010","71271","","5897721,00","","82,75",""
"11","RONDÔNIA","03/2010","115432","","11020710","","95,47",""
"12","ACRE","03/2010","59171","","6348057","","107,28",""
"13","AMAZONAS","03/2010","273137","","29356366","","107,48",""
"14","RORAIMA","03/2010","41775","","4524848","","108,31",""
"15","PARÁ","03/2010","663252","","70154126","","105,77",""
"16","AMAPÁ","03/2010","45280","","4969804","","109,76",""
"17","TOCANTINS","03/2010","126999","","11769134","","92,67",""
"21","MARANHÃO","03/2010","869744","","89784752","","103,23",""
"22","PIAUÍ","03/2010","416163","","40624649","","97,62",""
"23","CEARÁ","03/2010","999680","","95969451","","96,00",""
"24","RIO GRANDE DO NORTE","03/2010","332518","","31209488","","93,86",""
"25","PARAÍBA","03/2010","452822","","43689487","","96,48",""
"26","PERNAMBUCO","03/2010","1030310","","99372219","","96,45",""
"27","ALAGOAS","03/2010","404349","","39496342","","97,68",""
"28","SERGIPE","03/2010","227444","","22435405","","98,64",""
"29","BAHIA","03/2010","1635272","","159028977","","97,25",""
"31","MINAS GERAIS","03/2010","1128819","","96769541","","85,73",""
"32","ESPÍRITO SANTO","03/2010","183652","","15879376","","86,46",""
"33","RIO DE JANEIRO","03/2010","673022","","60753995","","90,27",""
"35","SÃO PAULO","03/2010","1078207","","90585738","","84,02",""
"41","PARANÁ","03/2010","473962","","37694832","","79,53",""
"42","SANTA CATARINA","03/2010","147011","","11813575","","80,36",""
"43","RIO GRANDE DO SUL","03/2010","445920","","39008447","","87,48",""
"50","MATO GROSSO DO SUL","03/2010","123075","","10810699","","87,84",""
"51","MATO GROSSO","03/2010","166755","","14260141","","85,52",""
"52","GOIÁS","03/2010","308472","","26477537","","85,83",""
"53","DISTRITO FEDERAL","03/2010","71765","","5950894","","82,92",""
"11","RONDÔNIA","04/2010","115962","","11128095,00","","95,96",""
"12","ACRE","04/2010","59440","","6382789,00","","107,38",""
"13","AMAZONAS","04/2010","274483","","29621324,00","","107,92",""
"14","RORAIMA","04/2010","41881","","4538169,00","","108,36",""
"15","PARÁ","04/2010","666364","","70693451,00","","106,09",""
"16","AMAPÁ","04/2010","45517","","5026628,00","","110,43",""
"17","TOCANTINS","04/2010","127682","","11866835,00","","92,94",""
"21","MARANHÃO","04/2010","872690","","90303083,00","","103,48",""
"22","PIAUÍ","04/2010","417885","","40917197,00","","97,91",""
"23","CEARÁ","04/2010","1003083","","96527819,00","","96,23",""
"24","RIO GRANDE DO NORTE","04/2010","334841","","31587151,00","","94,33",""
"25","PARAÍBA","04/2010","454760","","44035917,00","","96,83",""
"26","PERNAMBUCO","04/2010","1033155","","99855911,00","","96,65",""
"27","ALAGOAS","04/2010","405441","","39733129,00","","98,00",""
"28","SERGIPE","04/2010","228332","","22579549,00","","98,89",""
"29","BAHIA","04/2010","1640818","","160103960,00","","97,58",""
"31","MINAS GERAIS","04/2010","1133320","","97419818,00","","85,96",""
"32","ESPÍRITO SANTO","04/2010","184862","","16057690,00","","86,86",""
"33","RIO DE JANEIRO","04/2010","677211","","61352676,00","","90,60",""
"35","SÃO PAULO","04/2010","1085968","","91528625,00","","84,28",""
"41","PARANÁ","04/2010","475061","","37920659,00","","79,82",""
"42","SANTA CATARINA","04/2010","147834","","11917848,00","","80,62",""
"43","RIO GRANDE DO SUL","04/2010","449430","","39512304,00","","87,92",""
"50","MATO GROSSO DO SUL","04/2010","123308","","10861709,00","","88,09",""
"51","MATO GROSSO","04/2010","167464","","14386773,00","","85,91",""
"52","GOIÁS","04/2010","310140","","26701312,00","","86,09",""
"53","DISTRITO FEDERAL","04/2010","71929","","5945552,00","","82,66",""
"11","RONDÔNIA","05/2010","114981","","11067016","","96,25",""
"12","ACRE","05/2010","59519","","6417203","","107,82",""
"13","AMAZONAS","05/2010","274263","","29873135","","108,92",""
"14","RORAIMA","05/2010","41735","","4534868","","108,66",""
"15","PARÁ","05/2010","664325","","70751095","","106,50",""
"16","AMAPÁ","05/2010","45259","","5015026","","110,81",""
"17","TOCANTINS","05/2010","126895","","11836888","","93,28",""
"21","MARANHÃO","05/2010","872114","","90457509","","103,72",""
"22","PIAUÍ","05/2010","417811","","41127943","","98,44",""
"23","CEARÁ","05/2010","999602","","96588318","","96,63",""
"24","RIO GRANDE DO NORTE","05/2010","335252","","32136956","","95,86",""
"25","PARAÍBA","05/2010","453781","","44017533","","97,00",""
"26","PERNAMBUCO","05/2010","1028416","","99772106","","97,02",""
"27","ALAGOAS","05/2010","403647","","39637220","","98,20",""
"28","SERGIPE","05/2010","227826","","22575490","","99,09",""
"29","BAHIA","05/2010","1638453","","160314276","","97,84",""
"31","MINAS GERAIS","05/2010","1123657","","97253451","","86,55",""
"32","ESPÍRITO SANTO","05/2010","182371","","15945413","","87,43",""
"33","RIO DE JANEIRO","05/2010","668877","","61149469","","91,42",""
"35","SÃO PAULO","05/2010","1056931","","89703388","","84,87",""
"41","PARANÁ","05/2010","467303","","37574969","","80,41",""
"42","SANTA CATARINA","05/2010","145861","","11852065","","81,26",""
"43","RIO GRANDE DO SUL","05/2010","444718","","39390721","","88,57",""
"50","MATO GROSSO DO SUL","05/2010","122315","","10868980","","88,86",""
"51","MATO GROSSO","05/2010","165880","","14330393","","86,39",""
"52","GOIÁS","05/2010","308124","","26727790","","86,74",""
"53","DISTRITO FEDERAL","05/2010","77683","","6343117","","81,65",""
"11","RONDÔNIA","06/2010","116244","","11213638","","96,47",""
"12","ACRE","06/2010","59859","","6473403","","108,14",""
"13","AMAZONAS","06/2010","280977","","30505303","","108,57",""
"14","RORAIMA","06/2010","41986","","4570273","","108,85",""
"15","PARÁ","06/2010","666723","","71220026","","106,82",""
"16","AMAPÁ","06/2010","45392","","5035595","","110,94",""
"17","TOCANTINS","06/2010","128440","","12025293","","93,63",""
"21","MARANHÃO","06/2010","873932","","90880293","","103,99",""
"22","PIAUÍ","06/2010","418273","","41133996","","98,34",""
"23","CEARÁ","06/2010","1003689","","97291935","","96,93",""
"24","RIO GRANDE DO NORTE","06/2010","336241","","31904119","","94,88",""
"25","PARAÍBA","06/2010","454806","","44236002","","97,26",""
"26","PERNAMBUCO","06/2010","1030892","","100292374","","97,29",""
"27","ALAGOAS","06/2010","404473","","39843157","","98,51",""
"28","SERGIPE","06/2010","228495","","22719090","","99,43",""
"29","BAHIA","06/2010","1643607","","161155699","","98,05",""
"31","MINAS GERAIS","06/2010","1142427","","99149699","","86,79",""
"32","ESPÍRITO SANTO","06/2010","187773","","16441212","","87,56",""
"33","RIO DE JANEIRO","06/2010","674277","","61627584","","91,40",""
"35","SÃO PAULO","06/2010","1125510","","95877594","","85,19",""
"41","PARANÁ","06/2010","480867","","38952810","","81,01",""
"42","SANTA CATARINA","06/2010","150161","","12253907","","81,61",""
"43","RIO GRANDE DO SUL","06/2010","457640","","40534746","","88,57",""
"50","MATO GROSSO DO SUL","06/2010","129365","","11492165","","88,84",""
"51","MATO GROSSO","06/2010","168785","","14687139","","87,02",""
"52","GOIÁS","06/2010","320953","","27877366","","86,86",""
"53","DISTRITO FEDERAL","06/2010","77232","","6268757","","81,17",""
"11","RONDÔNIA","07/2010","115499","","11174544","","96,75",""
"12","ACRE","07/2010","59507","","6453304","","108,45",""
"13","AMAZONAS","07/2010","279494","","30424852","","108,86",""
"14","RORAIMA","07/2010","41846","","4568291","","109,17",""
"15","PARÁ","07/2010","671713","","71874085","","107,00",""
"16","AMAPÁ","07/2010","45169","","5023023","","111,21",""
"17","TOCANTINS","07/2010","127906","","12036147","","94,10",""
"21","MARANHÃO","07/2010","868925","","90558478","","104,22",""
"22","PIAUÍ","07/2010","416964","","41103408","","98,58",""
"23","CEARÁ","07/2010","1006027","","97673942","","97,09",""
"24","RIO GRANDE DO NORTE","07/2010","337108","","32013185","","94,96",""
"25","PARAÍBA","07/2010","450811","","43955127","","97,50",""
"26","PERNAMBUCO","07/2010","1021954","","99650861","","97,51",""
"27","ALAGOAS","07/2010","403843","","39782735","","98,51",""
"28","SERGIPE","07/2010","226673","","22608707","","99,74",""
"29","BAHIA","07/2010","1641327","","161066897","","98,13",""
"31","MINAS GERAIS","07/2010","1128755","","98563519","","87,32",""
"32","ESPÍRITO SANTO","07/2010","187628","","16452010","","87,68",""
"33","RIO DE JANEIRO","07/2010","666295","","60997222","","91,55",""
"35","SÃO PAULO","07/2010","1114355","","95063638","","85,31",""
"41","PARANÁ","07/2010","474203","","38709163","","81,63",""
"42","SANTA CATARINA","07/2010","148272","","12184949","","82,18",""
"43","RIO GRANDE DO SUL","07/2010","452519","","40214902","","88,87",""
"50","MATO GROSSO DO SUL","07/2010","130478","","11604223","","88,94",""
"51","MATO GROSSO","07/2010","168234","","14720141","","87,50",""
"52","GOIÁS","07/2010","321188","","28093558","","87,47",""
"53","DISTRITO FEDERAL","07/2010","76151","","6167827","","80,99",""
"11","RONDÔNIA","08/2010","115655","","11243825","","97,22",""
"12","ACRE","08/2010","59769","","6509451","","108,91",""
"13","AMAZONAS","08/2010","281616","","30825294","","109,46",""
"14","RORAIMA","08/2010","42075","","4617158","","109,74",""
"15","PARÁ","08/2010","678917","","72851490","","107,31",""
"16","AMAPÁ","08/2010","45228","","5045677","","111,56",""
"17","TOCANTINS","08/2010","128924","","12158496","","94,31",""
"21","MARANHÃO","08/2010","873975","","91373266","","104,55",""
"22","PIAUÍ","08/2010","418021","","41344220","","98,90",""
"23","CEARÁ","08/2010","1019600","","99278530","","97,37",""
"24","RIO GRANDE DO NORTE","08/2010","340956","","32487725","","95,28",""
"25","PARAÍBA","08/2010","452508","","44267361","","97,83",""
"26","PERNAMBUCO","08/2010","1058658","","103180486","","97,46",""
"27","ALAGOAS","08/2010","413865","","40862307","","98,73",""
"28","SERGIPE","08/2010","229621","","22915212","","99,80",""
"29","BAHIA","08/2010","1666252","","163840999","","98,33",""
"31","MINAS GERAIS","08/2010","1139498","","100064647","","87,81",""
"32","ESPÍRITO SANTO","08/2010","190650","","16801280","","88,13",""
"33","RIO DE JANEIRO","08/2010","684058","","62766528","","91,76",""
"35","SÃO PAULO","08/2010","1119008","","96110810","","85,89",""
"41","PARANÁ","08/2010","478494","","39398224","","82,34",""
"42","SANTA CATARINA","08/2010","148757","","12337490","","82,94",""
"43","RIO GRANDE DO SUL","08/2010","454635","","40648497","","89,41",""
"50","MATO GROSSO DO SUL","08/2010","131325","","11755460","","89,51",""
"51","MATO GROSSO","08/2010","168951","","14888959","","88,13",""
"52","GOIÁS","08/2010","322994","","28418540","","87,98",""
"53","DISTRITO FEDERAL","08/2010","76634","","6208360","","81,01",""
"11","RONDÔNIA","09/2010","115831","","11348747","","97,98",""
"12","ACRE","09/2010","59985","","6584434","","109,77",""
"13","AMAZONAS","09/2010","282309","","31103481","","110,18",""
"14","RORAIMA","09/2010","42195","","4667038","","110,61",""
"15","PARÁ","09/2010","679676","","73354122","","107,93",""
"16","AMAPÁ","09/2010","45371","","5115777","","112,75",""
"17","TOCANTINS","09/2010","129195","","12284046","","95,08",""
"21","MARANHÃO","09/2010","874633","","91811207","","104,97",""
"22","PIAUÍ","09/2010","418582","","41597143","","99,38",""
"23","CEARÁ","09/2010","1021127","","100145084","","98,07",""
"24","RIO GRANDE DO NORTE","09/2010","341517","","32775047","","95,97",""
"25","PARAÍBA","09/2010","453162","","44533440","","98,27",""
"26","PERNAMBUCO","09/2010","1060740","","104090388","","98,13",""
"27","ALAGOAS","09/2010","414203","","41132206","","99,30",""
"28","SERGIPE","09/2010","230007","","23157731","","100,68",""
"29","BAHIA","09/2010","1667913","","164950784","","98,90",""
"31","MINAS GERAIS","09/2010","1142346","","102097931","","89,38",""
"32","ESPÍRITO SANTO","09/2010","191540","","17165229","","89,62",""
"33","RIO DE JANEIRO","09/2010","686947","","63952151","","93,10",""
"35","SÃO PAULO","09/2010","1126179","","99294911","","88,17",""
"41","PARANÁ","09/2010","479290","","40315404","","84,11",""
"42","SANTA CATARINA","09/2010","149219","","12708984","","85,17",""
"43","RIO GRANDE DO SUL","09/2010","455829","","41611591","","91,29",""
"50","MATO GROSSO DO SUL","09/2010","131821","","11986374","","90,93",""
"51","MATO GROSSO","09/2010","169368","","15112199","","89,23",""
"52","GOIÁS","09/2010","323923","","28890548","","89,19",""
"53","DISTRITO FEDERAL","09/2010","76247","","6212640","","81,48",""
"11","RONDÔNIA","10/2010","114008","","11462165","","100,54",""
"12","ACRE","10/2010","59686","","6715160","","112,51",""
"13","AMAZONAS","10/2010","280802","","31365710","","111,70",""
"14","RORAIMA","10/2010","41970","","4671795","","111,31",""
"15","PARÁ","10/2010","674681","","74028062","","109,72",""
"16","AMAPÁ","10/2010","45017","","5145707","","114,31",""
"17","TOCANTINS","10/2010","127600","","12559922","","98,43",""
"21","MARANHÃO","10/2010","868502","","92498279","","106,50",""
"22","PIAUÍ","10/2010","415489","","42040910","","101,18",""
"23","CEARÁ","10/2010","1013241","","101993530","","100,66",""
"24","RIO GRANDE DO NORTE","10/2010","338876","","33224527","","98,04",""
"25","PARAÍBA","10/2010","449780","","45018548","","100,09",""
"26","PERNAMBUCO","10/2010","1051108","","104758041","","99,66",""
"27","ALAGOAS","10/2010","410687","","41599799","","101,29",""
"28","SERGIPE","10/2010","228464","","23354152","","102,22",""
"29","BAHIA","10/2010","1652881","","166023341","","100,44",""
"31","MINAS GERAIS","10/2010","1125986","","105343549","","93,56",""
"32","ESPÍRITO SANTO","10/2010","188610","","17664656","","93,66",""
"33","RIO DE JANEIRO","10/2010","680448","","64444663","","94,71",""
"35","SÃO PAULO","10/2010","1110716","","100954768","","90,89",""
"41","PARANÁ","10/2010","468696","","41281085","","88,08",""
"42","SANTA CATARINA","10/2010","144852","","12973908","","89,57",""
"43","RIO GRANDE DO SUL","10/2010","448439","","42118409","","93,92",""
"50","MATO GROSSO DO SUL","10/2010","129809","","12166495","","93,73",""
"51","MATO GROSSO","10/2010","166555","","15516569","","93,16",""
"52","GOIÁS","10/2010","319682","","29660309","","92,78",""
"53","DISTRITO FEDERAL","10/2010","75565","","6196878","","82,01",""
"11","RONDÔNIA","11/2010","111946","","11094965","","99,11",""
"12","ACRE","11/2010","59035","","6535187","","110,70",""
"13","AMAZONAS","11/2010","278873","","31040166","","111,31",""
"14","RORAIMA","11/2010","41649","","4625044","","111,05",""
"15","PARÁ","11/2010","678576","","73909809","","108,92",""
"16","AMAPÁ","11/2010","44183","","5025189","","113,74",""
"17","TOCANTINS","11/2010","127135","","12221157","","96,13",""
"21","MARANHÃO","11/2010","866888","","91802147","","105,90",""
"22","PIAUÍ","11/2010","418195","","41760357","","99,86",""
"23","CEARÁ","11/2010","1011892","","99873272","","98,70",""
"24","RIO GRANDE DO NORTE","11/2010","338559","","32682788","","96,53",""
"25","PARAÍBA","11/2010","448371","","44434022","","99,10",""
"26","PERNAMBUCO","11/2010","1046919","","103376100","","98,74",""
"27","ALAGOAS","11/2010","410577","","41158351","","100,25",""
"28","SERGIPE","11/2010","227774","","23024671","","101,09",""
"29","BAHIA","11/2010","1659909","","165297421","","99,58",""
"31","MINAS GERAIS","11/2010","1132833","","101429853","","89,54",""
"32","ESPÍRITO SANTO","11/2010","189972","","17098793","","90,01",""
"33","RIO DE JANEIRO","11/2010","675929","","63102532","","93,36",""
"35","SÃO PAULO","11/2010","1153363","","100953205","","87,53",""
"41","PARANÁ","11/2010","467627","","39612147","","84,71",""
"42","SANTA CATARINA","11/2010","144973","","12405885","","85,57",""
"43","RIO GRANDE DO SUL","11/2010","452129","","41316581","","91,38",""
"50","MATO GROSSO DO SUL","11/2010","132906","","12139804","","91,34",""
"51","MATO GROSSO","11/2010","166115","","15032024","","90,49",""
"52","GOIÁS","11/2010","325840","","29301415","","89,93",""
"53","DISTRITO FEDERAL","11/2010","70435","","5694461","","80,85",""
"11","RONDÔNIA","12/2010","114112","","11320148","","99,20",""
"12","ACRE","12/2010","59779","","6629394","","110,90",""
"13","AMAZONAS","12/2010","278893","","31164322","","111,74",""
"14","RORAIMA","12/2010","42213","","4704022","","111,44",""
"15","PARÁ","12/2010","680804","","74388669","","109,27",""
"16","AMAPÁ","12/2010","44096","","5026917","","114,00",""
"17","TOCANTINS","12/2010","128432","","12366682","","96,29",""
"21","MARANHÃO","12/2010","871297","","92598856","","106,28",""
"22","PIAUÍ","12/2010","420392","","42119112","","100,19",""
"23","CEARÁ","12/2010","1022259","","101079328","","98,88",""
"24","RIO GRANDE DO NORTE","12/2010","338424","","32771488","","96,84",""
"25","PARAÍBA","12/2010","450525","","44781066","","99,40",""
"26","PERNAMBUCO","12/2010","1045268","","103538689","","99,05",""
"27","ALAGOAS","12/2010","414112","","41603144","","100,46",""
"28","SERGIPE","12/2010","230418","","23325005","","101,23",""
"29","BAHIA","12/2010","1662069","","166063311","","99,91",""
"31","MINAS GERAIS","12/2010","1135715","","102259067","","90,04",""
"32","ESPÍRITO SANTO","12/2010","189983","","17217029","","90,62",""
"33","RIO DE JANEIRO","12/2010","685301","","64206333","","93,69",""
"35","SÃO PAULO","12/2010","1174844","","103189109","","87,83",""
"41","PARANÁ","12/2010","466607","","39847943","","85,40",""
"42","SANTA CATARINA","12/2010","143700","","12396219","","86,26",""
"43","RIO GRANDE DO SUL","12/2010","453761","","41782320","","92,08",""
"50","MATO GROSSO DO SUL","12/2010","132887","","12219171","","91,95",""
"51","MATO GROSSO","12/2010","167693","","15269699","","91,06",""
"52","GOIÁS","12/2010","326084","","29513106","","90,51",""
"53","DISTRITO FEDERAL","12/2010","98552","","7661931","","77,75",""
"11","RONDÔNIA","01/2011","113564","","10933059","","96,27",""
"12","ACRE","01/2011","59341","","6345447","","106,93",""
"13","AMAZONAS","01/2011","287423","","30689021","","106,77",""
"14","RORAIMA","01/2011","43372","","4670141","","107,68",""
"15","PARÁ","01/2011","683061","","72062697","","105,50",""
"16","AMAPÁ","01/2011","46414","","5103696","","109,96",""
"17","TOCANTINS","01/2011","128730","","12035960","","93,50",""
"21","MARANHÃO","01/2011","876408","","90055226","","102,75",""
"22","PIAUÍ","01/2011","428090","","41532060","","97,02",""
"23","CEARÁ","01/2011","1021349","","98044780","","96,00",""
"24","RIO GRANDE DO NORTE","01/2011","337773","","31770685","","94,06",""
"25","PARAÍBA","01/2011","460097","","44280447","","96,24",""
"26","PERNAMBUCO","01/2011","1071971","","103292108","","96,36",""
"27","ALAGOAS","01/2011","415767","","40618787","","97,70",""
"28","SERGIPE","01/2011","231192","","22648091","","97,96",""
"29","BAHIA","01/2011","1673178","","161941345","","96,79",""
"31","MINAS GERAIS","01/2011","1129950","","99040380","","87,65",""
"32","ESPÍRITO SANTO","01/2011","188933","","16684589","","88,31",""
"33","RIO DE JANEIRO","01/2011","685146","","62579657","","91,34",""
"35","SÃO PAULO","01/2011","1185916","","101555457","","85,63",""
"41","PARANÁ","01/2011","463118","","38707915","","83,58",""
"42","SANTA CATARINA","01/2011","142704","","11954453","","83,77",""
"43","RIO GRANDE DO SUL","01/2011","453018","","40634350","","89,70",""
"50","MATO GROSSO DO SUL","01/2011","132732","","11877603","","89,49",""
"51","MATO GROSSO","01/2011","167853","","14890246","","88,71",""
"52","GOIÁS","01/2011","325678","","28772425","","88,35",""
"53","DISTRITO FEDERAL","01/2011","98567","","7509996","","76,19",""
"11","RONDÔNIA","02/2011","109683","","10626240","","96,88",""
"12","ACRE","02/2011","58587","","6287892","","107,33",""
"13","AMAZONAS","02/2011","291617","","31187326","","106,95",""
"14","RORAIMA","02/2011","45584","","4888203","","107,24",""
"15","PARÁ","02/2011","690463","","73005082","","105,73",""
"16","AMAPÁ","02/2011","49588","","5442239","","109,75",""
"17","TOCANTINS","02/2011","129994","","12231552","","94,09",""
"21","MARANHÃO","02/2011","895239","","92138744","","102,92",""
"22","PIAUÍ","02/2011","438058","","42576931","","97,19",""
"23","CEARÁ","02/2011","1042914","","100222291","","96,10",""
"24","RIO GRANDE DO NORTE","02/2011","339012","","32039880","","94,51",""
"25","PARAÍBA","02/2011","471851","","45450954","","96,32",""
"26","PERNAMBUCO","02/2011","1094847","","105330222","","96,21",""
"27","ALAGOAS","02/2011","418753","","40994637","","97,90",""
"28","SERGIPE","02/2011","239636","","23496634","","98,05",""
"29","BAHIA","02/2011","1652339","","160542593","","97,16",""
"31","MINAS GERAIS","02/2011","1136855","","100503144","","88,40",""
"32","ESPÍRITO SANTO","02/2011","187944","","16709967","","88,91",""
"33","RIO DE JANEIRO","02/2011","688153","","63346858","","92,05",""
"35","SÃO PAULO","02/2011","1193273","","103003277","","86,32",""
"41","PARANÁ","02/2011","459123","","38838126","","84,59",""
"42","SANTA CATARINA","02/2011","142368","","12042804","","84,59",""
"43","RIO GRANDE DO SUL","02/2011","445384","","40370610","","90,64",""
"50","MATO GROSSO DO SUL","02/2011","133130","","11999127","","90,13",""
"51","MATO GROSSO","02/2011","167596","","14977751","","89,37",""
"52","GOIÁS","02/2011","326427","","28999888","","88,84",""
"53","DISTRITO FEDERAL","02/2011","97895","","7451642","","76,12",""
"11","RONDÔNIA","03/2011","110384","","10709175","","97,02",""
"12","ACRE","03/2011","58539","","6289460","","107,44",""
"13","AMAZONAS","03/2011","291039","","31154792","","107,05",""
"14","RORAIMA","03/2011","45281","","4852611","","107,17",""
"15","PARÁ","03/2011","691083","","73119317","","105,80",""
"16","AMAPÁ","03/2011","49538","","5443637","","109,89",""
"17","TOCANTINS","03/2011","129418","","12166142","","94,01",""
"21","MARANHÃO","03/2011","896381","","92442238","","103,13",""
"22","PIAUÍ","03/2011","437304","","42527690","","97,25",""
"23","CEARÁ","03/2011","1043762","","100240718","","96,04",""
"24","RIO GRANDE DO NORTE","03/2011","339134","","32071457","","94,57",""
"25","PARAÍBA","03/2011","472147","","45567617","","96,51",""
"26","PERNAMBUCO","03/2011","1093026","","105175432","","96,22",""
"27","ALAGOAS","03/2011","419086","","41020955","","97,88",""
"28","SERGIPE","03/2011","239566","","23504120","","98,11",""
"29","BAHIA","03/2011","1662050","","161248358","","97,02",""
"31","MINAS GERAIS","03/2011","1133559","","100120575","","88,32",""
"32","ESPÍRITO SANTO","03/2011","187053","","16621545","","88,86",""
"33","RIO DE JANEIRO","03/2011","690510","","63590311","","92,09",""
"35","SÃO PAULO","03/2011","1189007","","102378318","","86,10",""
"41","PARANÁ","03/2011","456862","","38565000","","84,41",""
"42","SANTA CATARINA","03/2011","141843","","11990882","","84,54",""
"43","RIO GRANDE DO SUL","03/2011","444983","","40290636","","90,54",""
"50","MATO GROSSO DO SUL","03/2011","132675","","11927835","","89,90",""
"51","MATO GROSSO","03/2011","166889","","14912983","","89,36",""
"52","GOIÁS","03/2011","326130","","28963053","","88,81",""
"53","DISTRITO FEDERAL","03/2011","97427","","7412172","","76,08",""
"11","RONDÔNIA","04/2011","112632","","13022416","","115,62",""
"12","ACRE","04/2011","58845","","7622478","","129,53",""
"13","AMAZONAS","04/2011","291496","","37531285","","128,75",""
"14","RORAIMA","04/2011","45090","","5754773","","127,63",""
"15","PARÁ","04/2011","697350","","88047233","","126,26",""
"16","AMAPÁ","04/2011","49736","","6549174","","131,68",""
"17","TOCANTINS","04/2011","131277","","14812324","","112,83",""
"21","MARANHÃO","04/2011","903284","","110082433","","121,87",""
"22","PIAUÍ","04/2011","439755","","50004481","","113,71",""
"23","CEARÁ","04/2011","1055612","","119039704","","112,77",""
"24","RIO GRANDE DO NORTE","04/2011","342270","","38032808","","111,12",""
"25","PARAÍBA","04/2011","475278","","53725098","","113,04",""
"26","PERNAMBUCO","04/2011","1099509","","124196709","","112,96",""
"27","ALAGOAS","04/2011","420441","","48641123","","115,69",""
"28","SERGIPE","04/2011","240723","","27865817","","115,76",""
"29","BAHIA","04/2011","1670069","","189726078","","113,60",""
"31","MINAS GERAIS","04/2011","1140917","","121921602","","106,86",""
"32","ESPÍRITO SANTO","04/2011","188138","","20307900","","107,94",""
"33","RIO DE JANEIRO","04/2011","700322","","77580806","","110,78",""
"35","SÃO PAULO","04/2011","1204000","","127300629","","105,73",""
"41","PARANÁ","04/2011","462483","","47771322","","103,29",""
"42","SANTA CATARINA","04/2011","142076","","14861094","","104,60",""
"43","RIO GRANDE DO SUL","04/2011","451746","","49008484","","108,49",""
"50","MATO GROSSO DO SUL","04/2011","133419","","14637029","","109,71",""
"51","MATO GROSSO","04/2011","167631","","18349428","","109,46",""
"52","GOIÁS","04/2011","337189","","36206697","","107,38",""
"53","DISTRITO FEDERAL","04/2011","97188","","8990936","","92,51",""
"11","RONDÔNIA","05/2011","110656","","12856384","","116,18",""
"12","ACRE","05/2011","58707","","7608222","","129,60",""
"13","AMAZONAS","05/2011","291250","","37610299","","129,13",""
"14","RORAIMA","05/2011","45143","","5850593","","129,60",""
"15","PARÁ","05/2011","693601","","87753845","","126,52",""
"16","AMAPÁ","05/2011","49682","","6560592","","132,05",""
"17","TOCANTINS","05/2011","129408","","14736524","","113,88",""
"21","MARANHÃO","05/2011","903577","","109977633","","121,71",""
"22","PIAUÍ","05/2011","439463","","50046865","","113,88",""
"23","CEARÁ","05/2011","1043352","","118286057","","113,37",""
"24","RIO GRANDE DO NORTE","05/2011","339516","","37794040","","111,32",""
"25","PARAÍBA","05/2011","474691","","53630184","","112,98",""
"26","PERNAMBUCO","05/2011","1099120","","124384883","","113,17",""
"27","ALAGOAS","05/2011","419775","","48682413","","115,97",""
"28","SERGIPE","05/2011","240555","","27884857","","115,92",""
"29","BAHIA","05/2011","1661888","","189406909","","113,97",""
"31","MINAS GERAIS","05/2011","1131220","","121610274","","107,50",""
"32","ESPÍRITO SANTO","05/2011","187724","","20422226","","108,79",""
"33","RIO DE JANEIRO","05/2011","699202","","77159218","","110,35",""
"35","SÃO PAULO","05/2011","1199584","","127240335","","106,07",""
"41","PARANÁ","05/2011","454191","","47149706","","103,81",""
"42","SANTA CATARINA","05/2011","139517","","14677672","","105,20",""
"43","RIO GRANDE DO SUL","05/2011","444862","","48497654","","109,02",""
"50","MATO GROSSO DO SUL","05/2011","133373","","14686977","","110,12",""
"51","MATO GROSSO","05/2011","166412","","18379792","","110,45",""
"52","GOIÁS","05/2011","328492","","35498117","","108,06",""
"53","DISTRITO FEDERAL","05/2011","101909","","9375764","","92,00",""
"11","RONDÔNIA","06/2011","110344","","12842736","","116,39",""
"12","ACRE","06/2011","58644","","7612944","","129,82",""
"13","AMAZONAS","06/2011","290397","","37551069","","129,31",""
"14","RORAIMA","06/2011","45105","","5859037","","129,90",""
"15","PARÁ","06/2011","691857","","87647793","","126,68",""
"16","AMAPÁ","06/2011","49605","","6552740","","132,10",""
"17","TOCANTINS","06/2011","128961","","14728264","","114,21",""
"21","MARANHÃO","06/2011","902933","","109954461","","121,77",""
"22","PIAUÍ","06/2011","438737","","50059441","","114,10",""
"23","CEARÁ","06/2011","1041831","","118274499","","113,53",""
"24","RIO GRANDE DO NORTE","06/2011","341007","","37987920","","111,40",""
"25","PARAÍBA","06/2011","473941","","53647340","","113,19",""
"26","PERNAMBUCO","06/2011","1098897","","124454347","","113,25",""
"27","ALAGOAS","06/2011","420175","","48825065","","116,20",""
"28","SERGIPE","06/2011","240380","","27880987","","115,99",""
"29","BAHIA","06/2011","1659192","","189260899","","114,07",""
"31","MINAS GERAIS","06/2011","1128324","","121533878","","107,71",""
"32","ESPÍRITO SANTO","06/2011","188603","","20575530","","109,09",""
"33","RIO DE JANEIRO","06/2011","699370","","77262706","","110,47",""
"35","SÃO PAULO","06/2011","1200499","","127661831","","106,34",""
"41","PARANÁ","06/2011","452641","","47144494","","104,15",""
"42","SANTA CATARINA","06/2011","138220","","14607254","","105,68",""
"43","RIO GRANDE DO SUL","06/2011","444519","","48515102","","109,14",""
"50","MATO GROSSO DO SUL","06/2011","133683","","14736762","","110,24",""
"51","MATO GROSSO","06/2011","166525","","18452636","","110,81",""
"52","GOIÁS","06/2011","328271","","35535267","","108,25",""
"53","DISTRITO FEDERAL","06/2011","126899","","11750860","","92,60",""
"11","RONDÔNIA","07/2011","110074","","12828352","","116,54",""
"12","ACRE","07/2011","58656","","7613976","","129,81",""
"13","AMAZONAS","07/2011","290399","","37628489","","129,58",""
"14","RORAIMA","07/2011","45399","","5893687","","129,82",""
"15","PARÁ","07/2011","691477","","87672705","","126,79",""
"16","AMAPÁ","07/2011","49596","","6559292","","132,25",""
"17","TOCANTINS","07/2011","128781","","14718430","","114,29",""
"21","MARANHÃO","07/2011","903073","","109987903","","121,79",""
"22","PIAUÍ","07/2011","438263","","50041503","","114,18",""
"23","CEARÁ","07/2011","1040094","","118095811","","113,54",""
"24","RIO GRANDE DO NORTE","07/2011","340663","","37943764","","111,38",""
"25","PARAÍBA","07/2011","473882","","53627188","","113,17",""
"26","PERNAMBUCO","07/2011","1099666","","124546979","","113,26",""
"27","ALAGOAS","07/2011","419044","","48702721","","116,22",""
"28","SERGIPE","07/2011","240573","","27915363","","116,04",""
"29","BAHIA","07/2011","1657062","","188991699","","114,05",""
"31","MINAS GERAIS","07/2011","1126334","","121432088","","107,81",""
"32","ESPÍRITO SANTO","07/2011","188902","","20570656","","108,90",""
"33","RIO DE JANEIRO","07/2011","697371","","77085020","","110,54",""
"35","SÃO PAULO","07/2011","1194806","","127101384","","106,38",""
"41","PARANÁ","07/2011","452578","","47141886","","104,16",""
"42","SANTA CATARINA","07/2011","139086","","14709668","","105,76",""
"43","RIO GRANDE DO SUL","07/2011","443951","","48438468","","109,11",""
"50","MATO GROSSO DO SUL","07/2011","133921","","14733422","","110,02",""
"51","MATO GROSSO","07/2011","166830","","18484856","","110,80",""
"52","GOIÁS","07/2011","328615","","35562577","","108,22",""
"53","DISTRITO FEDERAL","07/2011","92943","","8550708","","92,00",""
"11","RONDÔNIA","08/2011","107166","","12757356","","119,04",""
"12","ACRE","08/2011","56418","","7473100","","132,46",""
"13","AMAZONAS","08/2011","289342","","38564621","","133,28",""
"14","RORAIMA","08/2011","44893","","5960441","","132,77",""
"15","PARÁ","08/2011","686487","","88963749","","129,59",""
"16","AMAPÁ","08/2011","48753","","6707418","","137,58",""
"17","TOCANTINS","08/2011","126857","","14798906","","116,66",""
"21","MARANHÃO","08/2011","891484","","110915304","","124,42",""
"22","PIAUÍ","08/2011","435179","","50763757","","116,65",""
"23","CEARÁ","08/2011","1031199","","118550285","","114,96",""
"24","RIO GRANDE DO NORTE","08/2011","335935","","38125496","","113,49",""
"25","PARAÍBA","08/2011","470405","","54213434","","115,25",""
"26","PERNAMBUCO","08/2011","1089886","","126586755","","116,15",""
"27","ALAGOAS","08/2011","416439","","49539555","","118,96",""
"28","SERGIPE","08/2011","237816","","28184429","","118,51",""
"29","BAHIA","08/2011","1670171","","193913085","","116,10",""
"31","MINAS GERAIS","08/2011","1103301","","122429999","","110,97",""
"32","ESPÍRITO SANTO","08/2011","185098","","20770560","","112,21",""
"33","RIO DE JANEIRO","08/2011","688988","","77509690","","112,50",""
"35","SÃO PAULO","08/2011","1177081","","128420670","","109,10",""
"41","PARANÁ","08/2011","441945","","47092828","","106,56",""
"42","SANTA CATARINA","08/2011","136114","","14760232","","108,44",""
"43","RIO GRANDE DO SUL","08/2011","439331","","48865000","","111,23",""
"50","MATO GROSSO DO SUL","08/2011","130843","","14858514","","113,56",""
"51","MATO GROSSO","08/2011","164634","","18730070","","113,77",""
"52","GOIÁS","08/2011","322649","","35576229","","110,26",""
"53","DISTRITO FEDERAL","08/2011","76623","","7197564","","93,93",""
"11","RONDÔNIA","09/2011","111140","","13631452","","122,65",""
"12","ACRE","09/2011","56757","","8084703","","142,44",""
"13","AMAZONAS","09/2011","304417","","42642675","","140,08",""
"14","RORAIMA","09/2011","45477","","6273913","","137,96",""
"15","PARÁ","09/2011","754803","","100800861","","133,55",""
"16","AMAPÁ","09/2011","50773","","7300778","","143,79",""
"17","TOCANTINS","09/2011","130510","","15849982","","121,45",""
"21","MARANHÃO","09/2011","912796","","117183086","","128,38",""
"22","PIAUÍ","09/2011","441773","","52674068","","119,23",""
"23","CEARÁ","09/2011","1059263","","124725642","","117,75",""
"24","RIO GRANDE DO NORTE","09/2011","344494","","40143928","","116,53",""
"25","PARAÍBA","09/2011","483484","","56986436","","117,87",""
"26","PERNAMBUCO","09/2011","1105252","","131477493","","118,96",""
"27","ALAGOAS","09/2011","420374","","51587112","","122,72",""
"28","SERGIPE","09/2011","246495","","29888241","","121,25",""
"29","BAHIA","09/2011","1726728","","205119306","","118,79",""
"31","MINAS GERAIS","09/2011","1146164","","131510785","","114,74",""
"32","ESPÍRITO SANTO","09/2011","189294","","21928422","","115,84",""
"33","RIO DE JANEIRO","09/2011","710324","","82573528","","116,25",""
"35","SÃO PAULO","09/2011","1201406","","136079363","","113,27",""
"41","PARANÁ","09/2011","444889","","49333366","","110,89",""
"42","SANTA CATARINA","09/2011","140066","","15916446","","113,64",""
"43","RIO GRANDE DO SUL","09/2011","444398","","51181690","","115,17",""
"50","MATO GROSSO DO SUL","09/2011","132908","","15702280","","118,14",""
"51","MATO GROSSO","09/2011","168225","","19878640","","118,17",""
"52","GOIÁS","09/2011","329193","","37649929","","114,37",""
"53","DISTRITO FEDERAL","09/2011","78069","","7563348","","96,88",""
"11","RONDÔNIA","10/2011","110657","","13567002","","122,60",""
"12","ACRE","10/2011","56353","","8023869","","142,39",""
"13","AMAZONAS","10/2011","303864","","42499115","","139,86",""
"14","RORAIMA","10/2011","45120","","6215147","","137,75",""
"15","PARÁ","10/2011","757284","","100891497","","133,23",""
"16","AMAPÁ","10/2011","50112","","7195040","","143,58",""
"17","TOCANTINS","10/2011","129861","","15758992","","121,35",""
"21","MARANHÃO","10/2011","908907","","116708702","","128,41",""
"22","PIAUÍ","10/2011","439424","","52388078","","119,22",""
"23","CEARÁ","10/2011","1054099","","124239016","","117,86",""
"24","RIO GRANDE DO NORTE","10/2011","343673","","40072778","","116,60",""
"25","PARAÍBA","10/2011","481566","","56780410","","117,91",""
"26","PERNAMBUCO","10/2011","1099685","","130865987","","119,00",""
"27","ALAGOAS","10/2011","418661","","51348898","","122,65",""
"28","SERGIPE","10/2011","246184","","29847823","","121,24",""
"29","BAHIA","10/2011","1726715","","204793382","","118,60",""
"31","MINAS GERAIS","10/2011","1143425","","131244409","","114,78",""
"32","ESPÍRITO SANTO","10/2011","190024","","21994008","","115,74",""
"33","RIO DE JANEIRO","10/2011","718776","","83398152","","116,03",""
"35","SÃO PAULO","10/2011","1208966","","136663303","","113,04",""
"41","PARANÁ","10/2011","442553","","49164912","","111,09",""
"42","SANTA CATARINA","10/2011","139902","","15899192","","113,65",""
"43","RIO GRANDE DO SUL","10/2011","446841","","51405612","","115,04",""
"50","MATO GROSSO DO SUL","10/2011","132259","","15639142","","118,25",""
"51","MATO GROSSO","10/2011","168633","","19900056","","118,01",""
"52","GOIÁS","10/2011","328702","","37598229","","114,38",""
"53","DISTRITO FEDERAL","10/2011","79564","","7687260","","96,62",""
"11","RONDÔNIA","11/2011","112355","","13874330","","123,49",""
"12","ACRE","11/2011","56367","","8091663","","143,55",""
"13","AMAZONAS","11/2011","305828","","42886139","","140,23",""
"14","RORAIMA","11/2011","45270","","6266103","","138,42",""
"15","PARÁ","11/2011","767136","","102525305","","133,65",""
"16","AMAPÁ","11/2011","50698","","7342524","","144,83",""
"17","TOCANTINS","11/2011","131340","","16030812","","122,06",""
"21","MARANHÃO","11/2011","916213","","117922899","","128,71",""
"22","PIAUÍ","11/2011","443653","","52973001","","119,40",""
"23","CEARÁ","11/2011","1071807","","126643858","","118,16",""
"24","RIO GRANDE DO NORTE","11/2011","347816","","40760170","","117,19",""
"25","PARAÍBA","11/2011","486546","","57582428","","118,35",""
"26","PERNAMBUCO","11/2011","1112681","","132589645","","119,16",""
"27","ALAGOAS","11/2011","422813","","51980864","","122,94",""
"28","SERGIPE","11/2011","251613","","30576667","","121,52",""
"29","BAHIA","11/2011","1745496","","207703668","","118,99",""
"31","MINAS GERAIS","11/2011","1155152","","133392239","","115,48",""
"32","ESPÍRITO SANTO","11/2011","191858","","22397580","","116,74",""
"33","RIO DE JANEIRO","11/2011","727846","","84900478","","116,65",""
"35","SÃO PAULO","11/2011","1212681","","137718585","","113,57",""
"41","PARANÁ","11/2011","445164","","49872826","","112,03",""
"42","SANTA CATARINA","11/2011","140571","","16139932","","114,82",""
"43","RIO GRANDE DO SUL","11/2011","449663","","52104254","","115,87",""
"50","MATO GROSSO DO SUL","11/2011","133969","","15883462","","118,56",""
"51","MATO GROSSO","11/2011","170920","","20313872","","118,85",""
"52","GOIÁS","11/2011","332325","","38297475","","115,24",""
"53","DISTRITO FEDERAL","11/2011","79139","","7735868","","97,75",""
"11","RONDÔNIA","12/2011","112976","","13994936,00","","123,88",""
"12","ACRE","12/2011","56256","","8131782,00","","144,55",""
"13","AMAZONAS","12/2011","307276","","43191077,00","","140,56",""
"14","RORAIMA","12/2011","45574","","6311707,00","","138,49",""
"15","PARÁ","12/2011","772279","","103341547,00","","133,81",""
"16","AMAPÁ","12/2011","50831","","7375814,00","","145,10",""
"17","TOCANTINS","12/2011","131735","","16143642,00","","122,55",""
"21","MARANHÃO","12/2011","919975","","118680391,00","","129,00",""
"22","PIAUÍ","12/2011","444699","","53220923,00","","119,68",""
"23","CEARÁ","12/2011","1076628","","127536767,00","","118,46",""
"24","RIO GRANDE DO NORTE","12/2011","349608","","41049874,00","","117,42",""
"25","PARAÍBA","12/2011","487803","","57911876,00","","118,72",""
"26","PERNAMBUCO","12/2011","1115981","","133234013,00","","119,39",""
"27","ALAGOAS","12/2011","425094","","52345638,00","","123,14",""
"28","SERGIPE","12/2011","253124","","30903111,00","","122,09",""
"29","BAHIA","12/2011","1752766","","209103703,00","","119,30",""
"31","MINAS GERAIS","12/2011","1159259","","134408184,00","","115,94",""
"32","ESPÍRITO SANTO","12/2011","192322","","22503578,00","","117,01",""
"33","RIO DE JANEIRO","12/2011","735821","","86180182,00","","117,12",""
"35","SÃO PAULO","12/2011","1215984","","138630055,00","","114,01",""
"41","PARANÁ","12/2011","445208","","50156182,00","","112,66",""
"42","SANTA CATARINA","12/2011","140961","","16264574,00","","115,38",""
"43","RIO GRANDE DO SUL","12/2011","451438","","52471165,00","","116,23",""
"50","MATO GROSSO DO SUL","12/2011","134697","","16047178,00","","119,14",""
"51","MATO GROSSO","12/2011","172094","","20533020,00","","119,31",""
"52","GOIÁS","12/2011","333515","","38621337,00","","115,80",""
"53","DISTRITO FEDERAL","12/2011","77591","","7677858,00","","98,95",""
"11","RONDÔNIA","01/2012","112913","","13645506","","120,85",""
"12","ACRE","01/2012","55391","","7749898","","139,91",""
"13","AMAZONAS","01/2012","307255","","41813610","","136,09",""
"14","RORAIMA","01/2012","45545","","6125251","","134,49",""
"15","PARÁ","01/2012","774176","","100322658","","129,59",""
"16","AMAPÁ","01/2012","50945","","7114246","","139,65",""
"17","TOCANTINS","01/2012","131046","","15689852","","119,73",""
"21","MARANHÃO","01/2012","922040","","115390239","","125,15",""
"22","PIAUÍ","01/2012","443922","","51712502","","116,49",""
"23","CEARÁ","01/2012","1074356","","123622426","","115,07",""
"24","RIO GRANDE DO NORTE","01/2012","349376","","39962704","","114,38",""
"25","PARAÍBA","01/2012","487237","","56407736","","115,77",""
"26","PERNAMBUCO","01/2012","1115323","","129884294","","116,45",""
"27","ALAGOAS","01/2012","423207","","50666666","","119,72",""
"28","SERGIPE","01/2012","253928","","30145203","","118,72",""
"29","BAHIA","01/2012","1752455","","203326839","","116,02",""
"31","MINAS GERAIS","01/2012","1151700","","130557387","","113,36",""
"32","ESPÍRITO SANTO","01/2012","191543","","21982522","","114,77",""
"33","RIO DE JANEIRO","01/2012","735426","","84437222","","114,81",""
"35","SÃO PAULO","01/2012","1212037","","135315252","","111,64",""
"41","PARANÁ","01/2012","440847","","48565244","","110,16",""
"42","SANTA CATARINA","01/2012","139787","","15790664","","112,96",""
"43","RIO GRANDE DO SUL","01/2012","449707","","51292664","","114,06",""
"50","MATO GROSSO DO SUL","01/2012","133979","","15584372","","116,32",""
"51","MATO GROSSO","01/2012","171427","","19913666","","116,16",""
"52","GOIÁS","01/2012","331183","","37488067","","113,19",""
"53","DISTRITO FEDERAL","01/2012","73963","","7273962","","98,35",""
"11","RONDÔNIA","02/2012","114342","","13836390","","121,01",""
"12","ACRE","02/2012","55242","","7769704","","140,65",""
"13","AMAZONAS","02/2012","308689","","41988876","","136,02",""
"14","RORAIMA","02/2012","45574","","6136229","","134,64",""
"15","PARÁ","02/2012","783445","","101759102","","129,89",""
"16","AMAPÁ","02/2012","51424","","7166390","","139,36",""
"17","TOCANTINS","02/2012","132585","","16008182","","120,74",""
"21","MARANHÃO","02/2012","925617","","116297373","","125,64",""
"22","PIAUÍ","02/2012","444689","","51994145","","116,92",""
"23","CEARÁ","02/2012","1077652","","124673076","","115,69",""
"24","RIO GRANDE DO NORTE","02/2012","351396","","40365092","","114,87",""
"25","PARAÍBA","02/2012","488701","","56839242","","116,31",""
"26","PERNAMBUCO","02/2012","1116554","","130411520","","116,80",""
"27","ALAGOAS","02/2012","424361","","51079800","","120,37",""
"28","SERGIPE","02/2012","256656","","30545255","","119,01",""
"29","BAHIA","02/2012","1759571","","204792001","","116,39",""
"31","MINAS GERAIS","02/2012","1158992","","132055477","","113,94",""
"32","ESPÍRITO SANTO","02/2012","193076","","22160348","","114,78",""
"33","RIO DE JANEIRO","02/2012","745487","","85633680","","114,87",""
"35","SÃO PAULO","02/2012","1219986","","136778814","","112,12",""
"41","PARANÁ","02/2012","444348","","49208126","","110,74",""
"42","SANTA CATARINA","02/2012","140837","","15976506","","113,44",""
"43","RIO GRANDE DO SUL","02/2012","453083","","51770964","","114,26",""
"50","MATO GROSSO DO SUL","02/2012","135685","","15839826","","116,74",""
"51","MATO GROSSO","02/2012","173993","","20291296","","116,62",""
"52","GOIÁS","02/2012","334152","","38102531","","114,03",""
"53","DISTRITO FEDERAL","02/2012","71154","","7168382","","100,74",""
"11","RONDÔNIA","03/2012","114546","","13949600","","121,78",""
"12","ACRE","03/2012","67565","","9282942","","137,39",""
"13","AMAZONAS","03/2012","321675","","43823482","","136,24",""
"14","RORAIMA","03/2012","45481","","6145223","","135,12",""
"15","PARÁ","03/2012","786332","","102542362","","130,41",""
"16","AMAPÁ","03/2012","51524","","7198912","","139,72",""
"17","TOCANTINS","03/2012","132824","","16140344","","121,52",""
"21","MARANHÃO","03/2012","925054","","116722295","","126,18",""
"22","PIAUÍ","03/2012","443286","","52099001","","117,53",""
"23","CEARÁ","03/2012","1074247","","125041790","","116,40",""
"24","RIO GRANDE DO NORTE","03/2012","350794","","40480030","","115,40",""
"25","PARAÍBA","03/2012","488725","","57141666","","116,92",""
"26","PERNAMBUCO","03/2012","1113370","","130628170","","117,33",""
"27","ALAGOAS","03/2012","423535","","51385350","","121,32",""
"28","SERGIPE","03/2012","256511","","30708063","","119,71",""
"29","BAHIA","03/2012","1752295","","205204935","","117,11",""
"31","MINAS GERAIS","03/2012","1155023","","132587515","","114,79",""
"32","ESPÍRITO SANTO","03/2012","192575","","22265740","","115,62",""
"33","RIO DE JANEIRO","03/2012","746029","","86031524","","115,32",""
"35","SÃO PAULO","03/2012","1207021","","135915768","","112,60",""
"41","PARANÁ","03/2012","438496","","49045782","","111,85",""
"42","SANTA CATARINA","03/2012","139509","","16016836","","114,81",""
"43","RIO GRANDE DO SUL","03/2012","449638","","51773276","","115,14",""
"50","MATO GROSSO DO SUL","03/2012","135146","","15874374","","117,46",""
"51","MATO GROSSO","03/2012","173181","","20397762","","117,78",""
"52","GOIÁS","03/2012","332702","","38266817","","115,02",""
"53","DISTRITO FEDERAL","03/2012","77809","","7930956","","101,93",""
"11","RONDÔNIA","04/2012","114585","","14256310","","124,42",""
"12","ACRE","04/2012","68784","","9674956","","140,66",""
"13","AMAZONAS","04/2012","323047","","44599022","","138,06",""
"14","RORAIMA","04/2012","45675","","6230373","","136,41",""
"15","PARÁ","04/2012","788614","","104996586","","133,14",""
"16","AMAPÁ","04/2012","51206","","7294096","","142,45",""
"17","TOCANTINS","04/2012","133832","","16493258","","123,24",""
"21","MARANHÃO","04/2012","929416","","119340801","","128,40",""
"22","PIAUÍ","04/2012","443841","","53051219","","119,53",""
"23","CEARÁ","04/2012","1077225","","128342934","","119,14",""
"24","RIO GRANDE DO NORTE","04/2012","352107","","41542996","","117,98",""
"25","PARAÍBA","04/2012","490705","","58327040","","118,86",""
"26","PERNAMBUCO","04/2012","1115990","","132723186","","118,93",""
"27","ALAGOAS","04/2012","427991","","52788946","","123,34",""
"28","SERGIPE","04/2012","258163","","31347229","","121,42",""
"29","BAHIA","04/2012","1760729","","209969323","","119,25",""
"31","MINAS GERAIS","04/2012","1160789","","136267660","","117,39",""
"32","ESPÍRITO SANTO","04/2012","192735","","22653688","","117,54",""
"33","RIO DE JANEIRO","04/2012","750288","","88846080","","118,42",""
"35","SÃO PAULO","04/2012","1215610","","139966282","","115,14",""
"41","PARANÁ","04/2012","441086","","50429806","","114,33",""
"42","SANTA CATARINA","04/2012","139806","","16542216","","118,32",""
"43","RIO GRANDE DO SUL","04/2012","452492","","53503974","","118,24",""
"50","MATO GROSSO DO SUL","04/2012","136553","","16336140","","119,63",""
"51","MATO GROSSO","04/2012","174812","","20864610","","119,35",""
"52","GOIÁS","04/2012","335076","","39385682","","117,54",""
"53","DISTRITO FEDERAL","04/2012","80947","","8551032","","105,64",""
"11","RONDÔNIA","05/2012","113753","","14201362","","124,84",""
"12","ACRE","05/2012","68843","","9774520","","141,98",""
"13","AMAZONAS","05/2012","322170","","44782274","","139,00",""
"14","RORAIMA","05/2012","46777","","6353831","","135,83",""
"15","PARÁ","05/2012","791848","","106039438","","133,91",""
"16","AMAPÁ","05/2012","51773","","7403038","","142,99",""
"17","TOCANTINS","05/2012","134975","","16701596","","123,74",""
"21","MARANHÃO","05/2012","940458","","121070263","","128,74",""
"22","PIAUÍ","05/2012","446770","","53450305","","119,64",""
"23","CEARÁ","05/2012","1095955","","130649826","","119,21",""
"24","RIO GRANDE DO NORTE","05/2012","357123","","42170010","","118,08",""
"25","PARAÍBA","05/2012","499642","","59438286","","118,96",""
"26","PERNAMBUCO","05/2012","1139185","","135216519","","118,70",""
"27","ALAGOAS","05/2012","428484","","53022944","","123,75",""
"28","SERGIPE","05/2012","263618","","31978209","","121,31",""
"29","BAHIA","05/2012","1778406","","212610431","","119,55",""
"31","MINAS GERAIS","05/2012","1166787","","137509774","","117,85",""
"32","ESPÍRITO SANTO","05/2012","192234","","22626416","","117,70",""
"33","RIO DE JANEIRO","05/2012","745476","","88858796","","119,20",""
"35","SÃO PAULO","05/2012","1186610","","137358984","","115,76",""
"41","PARANÁ","05/2012","436750","","50238510","","115,03",""
"42","SANTA CATARINA","05/2012","138388","","16502566","","119,25",""
"43","RIO GRANDE DO SUL","05/2012","449248","","53166586","","118,35",""
"50","MATO GROSSO DO SUL","05/2012","136641","","16425546","","120,21",""
"51","MATO GROSSO","05/2012","175497","","21019508","","119,77",""
"52","GOIÁS","05/2012","337435","","39869004","","118,15",""
"53","DISTRITO FEDERAL","05/2012","85190","","9225892","","108,30",""
"11","RONDÔNIA","06/2012","112525","","15227440","","135,32",""
"12","ACRE","06/2012","68530","","11794460","","172,11",""
"13","AMAZONAS","06/2012","321733","","51342740","","159,58",""
"14","RORAIMA","06/2012","46748","","7167843","","153,33",""
"15","PARÁ","06/2012","789225","","117820078","","149,29",""
"16","AMAPÁ","06/2012","51699","","8281008","","160,18",""
"17","TOCANTINS","06/2012","133953","","18798542","","140,34",""
"21","MARANHÃO","06/2012","938886","","137790081","","146,76",""
"22","PIAUÍ","06/2012","445944","","61477017","","137,86",""
"23","CEARÁ","06/2012","1088866","","145421364","","133,55",""
"24","RIO GRANDE DO NORTE","06/2012","355923","","46734386","","131,30",""
"25","PARAÍBA","06/2012","497837","","67032512","","134,65",""
"26","PERNAMBUCO","06/2012","1135637","","148294689","","130,58",""
"27","ALAGOAS","06/2012","428090","","58737066","","137,21",""
"28","SERGIPE","06/2012","262055","","35033425","","133,69",""
"29","BAHIA","06/2012","1769798","","236294815","","133,52",""
"31","MINAS GERAIS","06/2012","1157622","","148390724","","128,19",""
"32","ESPÍRITO SANTO","06/2012","190697","","23977144","","125,73",""
"33","RIO DE JANEIRO","06/2012","744110","","98087368","","131,82",""
"35","SÃO PAULO","06/2012","1179287","","148058176","","125,55",""
"41","PARANÁ","06/2012","431339","","53086352","","123,07",""
"42","SANTA CATARINA","06/2012","137033","","17811532","","129,98",""
"43","RIO GRANDE DO SUL","06/2012","445773","","57401890","","128,77",""
"50","MATO GROSSO DO SUL","06/2012","135411","","18103168","","133,69",""
"51","MATO GROSSO","06/2012","174120","","22705770","","130,40",""
"52","GOIÁS","06/2012","335220","","42448326","","126,63",""
"53","DISTRITO FEDERAL","06/2012","84598","","9750042","","115,25",""
"11","RONDÔNIA","07/2012","112267","","15252008","","135,85",""
"12","ACRE","07/2012","68713","","11956612","","174,01",""
"13","AMAZONAS","07/2012","325653","","52270550","","160,51",""
"14","RORAIMA","07/2012","46373","","7161207","","154,43",""
"15","PARÁ","07/2012","792445","","119211596","","150,44",""
"16","AMAPÁ","07/2012","52683","","8506102","","161,46",""
"17","TOCANTINS","07/2012","133331","","18881658","","141,61",""
"21","MARANHÃO","07/2012","932626","","138137259","","148,12",""
"22","PIAUÍ","07/2012","442876","","61628411","","139,16",""
"23","CEARÁ","07/2012","1085023","","146211590","","134,75",""
"24","RIO GRANDE DO NORTE","07/2012","354240","","46845554","","132,24",""
"25","PARAÍBA","07/2012","495080","","67213944","","135,76",""
"26","PERNAMBUCO","07/2012","1129561","","148554834","","131,52",""
"27","ALAGOAS","07/2012","429572","","59335878","","138,13",""
"28","SERGIPE","07/2012","259229","","34954617","","134,84",""
"29","BAHIA","07/2012","1766482","","237446682","","134,42",""
"31","MINAS GERAIS","07/2012","1163515","","150338630","","129,21",""
"32","ESPÍRITO SANTO","07/2012","193896","","24506950","","126,39",""
"33","RIO DE JANEIRO","07/2012","767640","","101433648","","132,14",""
"35","SÃO PAULO","07/2012","1215035","","153179770","","126,07",""
"41","PARANÁ","07/2012","435481","","53936258","","123,85",""
"42","SANTA CATARINA","07/2012","140408","","18358058","","130,75",""
"43","RIO GRANDE DO SUL","07/2012","451801","","58454416","","129,38",""
"50","MATO GROSSO DO SUL","07/2012","135501","","18220378","","134,47",""
"51","MATO GROSSO","07/2012","175645","","23148694","","131,79",""
"52","GOIÁS","07/2012","334691","","42686164","","127,54",""
"53","DISTRITO FEDERAL","07/2012","84356","","9872538","","117,03",""
"11","RONDÔNIA","08/2012","116929","","15958734","","136,48",""
"12","ACRE","08/2012","69800","","12261710","","175,67",""
"13","AMAZONAS","08/2012","330894","","53281408","","161,02",""
"14","RORAIMA","08/2012","46840","","7212709","","153,99",""
"15","PARÁ","08/2012","809589","","121928034","","150,60",""
"16","AMAPÁ","08/2012","53314","","8623658","","161,75",""
"17","TOCANTINS","08/2012","138189","","19626982","","142,03",""
"21","MARANHÃO","08/2012","945712","","140946283","","149,04",""
"22","PIAUÍ","08/2012","452072","","63531009","","140,53",""
"23","CEARÁ","08/2012","1093286","","148114772","","135,48",""
"24","RIO GRANDE DO NORTE","08/2012","360940","","48008038","","133,01",""
"25","PARAÍBA","08/2012","503292","","68716096","","136,53",""
"26","PERNAMBUCO","08/2012","1143110","","151139062","","132,22",""
"27","ALAGOAS","08/2012","433131","","60158068","","138,89",""
"28","SERGIPE","08/2012","266373","","36001424","","135,15",""
"29","BAHIA","08/2012","1793144","","242115078","","135,02",""
"31","MINAS GERAIS","08/2012","1174269","","152727586","","130,06",""
"32","ESPÍRITO SANTO","08/2012","196966","","25034902","","127,10",""
"33","RIO DE JANEIRO","08/2012","786489","","104234228","","132,53",""
"35","SÃO PAULO","08/2012","1248956","","158470436","","126,88",""
"41","PARANÁ","08/2012","442822","","55287127","","124,85",""
"42","SANTA CATARINA","08/2012","144775","","19062926","","131,67",""
"43","RIO GRANDE DO SUL","08/2012","456427","","59513722","","130,39",""
"50","MATO GROSSO DO SUL","08/2012","140614","","19068918","","135,61",""
"51","MATO GROSSO","08/2012","182622","","24145470","","132,22",""
"52","GOIÁS","08/2012","346298","","44468708","","128,41",""
"53","DISTRITO FEDERAL","08/2012","93486","","10992064","","117,58",""
"11","RONDÔNIA","09/2012","116042","","15920374","","137,19",""
"12","ACRE","09/2012","70049","","12378446","","176,71",""
"13","AMAZONAS","09/2012","329257","","53344506","","162,01",""
"14","RORAIMA","09/2012","46792","","7235841","","154,64",""
"15","PARÁ","09/2012","806466","","122250938","","151,59",""
"16","AMAPÁ","09/2012","53043","","8678656","","163,62",""
"17","TOCANTINS","09/2012","137560","","19691092","","143,15",""
"21","MARANHÃO","09/2012","943858","","141525807","","149,94",""
"22","PIAUÍ","09/2012","451433","","63783103","","141,29",""
"23","CEARÁ","09/2012","1095136","","149219312","","136,26",""
"24","RIO GRANDE DO NORTE","09/2012","360265","","48225170","","133,86",""
"25","PARAÍBA","09/2012","502280","","69002426","","137,38",""
"26","PERNAMBUCO","09/2012","1140734","","151765204","","133,04",""
"27","ALAGOAS","09/2012","431803","","60382752","","139,84",""
"28","SERGIPE","09/2012","265784","","36072478","","135,72",""
"29","BAHIA","09/2012","1788589","","242471422","","135,57",""
"31","MINAS GERAIS","09/2012","1176844","","153839196","","130,72",""
"32","ESPÍRITO SANTO","09/2012","197221","","25199122","","127,77",""
"33","RIO DE JANEIRO","09/2012","779911","","103798960","","133,09",""
"35","SÃO PAULO","09/2012","1229870","","157102622","","127,74",""
"41","PARANÁ","09/2012","439923","","55249677","","125,59",""
"42","SANTA CATARINA","09/2012","143218","","19038964","","132,94",""
"43","RIO GRANDE DO SUL","09/2012","455491","","59754474","","131,19",""
"50","MATO GROSSO DO SUL","09/2012","139211","","18989950","","136,41",""
"51","MATO GROSSO","09/2012","181116","","24114906","","133,15",""
"52","GOIÁS","09/2012","343758","","44502460","","129,46",""
"53","DISTRITO FEDERAL","09/2012","98936","","11494998","","116,19",""
"11","RONDÔNIA","10/2012","116389","","15991350","","137,40",""
"12","ACRE","10/2012","70107","","12488768","","178,14",""
"13","AMAZONAS","10/2012","329755","","53723158","","162,92",""
"14","RORAIMA","10/2012","46908","","7255209","","154,67",""
"15","PARÁ","10/2012","808111","","122971792","","152,17",""
"16","AMAPÁ","10/2012","53100","","8737828","","164,55",""
"17","TOCANTINS","10/2012","137968","","19787876","","143,42",""
"21","MARANHÃO","10/2012","945867","","142432491","","150,58",""
"22","PIAUÍ","10/2012","452068","","64107485","","141,81",""
"23","CEARÁ","10/2012","1097105","","149773742","","136,52",""
"24","RIO GRANDE DO NORTE","10/2012","361113","","48451018","","134,17",""
"25","PARAÍBA","10/2012","503084","","69350044","","137,85",""
"26","PERNAMBUCO","10/2012","1143108","","152498590","","133,41",""
"27","ALAGOAS","10/2012","432684","","60913706","","140,78",""
"28","SERGIPE","10/2012","266259","","36263874","","136,20",""
"29","BAHIA","10/2012","1793330","","244057390","","136,09",""
"31","MINAS GERAIS","10/2012","1180227","","154628814","","131,02",""
"32","ESPÍRITO SANTO","10/2012","197949","","25348844","","128,06",""
"33","RIO DE JANEIRO","10/2012","781493","","104450072","","133,65",""
"35","SÃO PAULO","10/2012","1234087","","158300378","","128,27",""
"41","PARANÁ","10/2012","441294","","55612473","","126,02",""
"42","SANTA CATARINA","10/2012","144068","","19220840","","133,42",""
"43","RIO GRANDE DO SUL","10/2012","456557","","60022824","","131,47",""
"50","MATO GROSSO DO SUL","10/2012","139813","","19183516","","137,21",""
"51","MATO GROSSO","10/2012","181877","","24330308","","133,77",""
"52","GOIÁS","10/2012","344735","","44711702","","129,70",""
"53","DISTRITO FEDERAL","10/2012","99198","","11570738","","116,64",""
"11","RONDÔNIA","11/2012","117282","","16078210","","137,09",""
"12","ACRE","11/2012","70463","","12562570","","178,29",""
"13","AMAZONAS","11/2012","331103","","53984368","","163,04",""
"14","RORAIMA","11/2012","47128","","7278277","","154,44",""
"15","PARÁ","11/2012","811073","","123454360","","152,21",""
"16","AMAPÁ","11/2012","53290","","8755756","","164,30",""
"17","TOCANTINS","11/2012","138876","","19902202","","143,31",""
"21","MARANHÃO","11/2012","949163","","142977933","","150,64",""
"22","PIAUÍ","11/2012","453824","","64331463","","141,75",""
"23","CEARÁ","11/2012","1102921","","150420958","","136,38",""
"24","RIO GRANDE DO NORTE","11/2012","363231","","48604052","","133,81",""
"25","PARAÍBA","11/2012","504762","","69465822","","137,62",""
"26","PERNAMBUCO","11/2012","1147354","","152850604","","133,22",""
"27","ALAGOAS","11/2012","434795","","60985564","","140,26",""
"28","SERGIPE","11/2012","267450","","36354378","","135,93",""
"29","BAHIA","11/2012","1802250","","244406080","","135,61",""
"31","MINAS GERAIS","11/2012","1189405","","155294788","","130,57",""
"32","ESPÍRITO SANTO","11/2012","199835","","25496988","","127,59",""
"33","RIO DE JANEIRO","11/2012","785229","","104753224","","133,40",""
"35","SÃO PAULO","11/2012","1242256","","158635922","","127,70",""
"41","PARANÁ","11/2012","445852","","55899881","","125,38",""
"42","SANTA CATARINA","11/2012","145736","","19344736","","132,74",""
"43","RIO GRANDE DO SUL","11/2012","460038","","60264282","","131,00",""
"50","MATO GROSSO DO SUL","11/2012","140845","","19220788","","136,47",""
"51","MATO GROSSO","11/2012","183482","","24461574","","133,32",""
"52","GOIÁS","11/2012","346944","","44905118","","129,43",""
"53","DISTRITO FEDERAL","11/2012","99420","","11685058","","117,53",""
"11","RONDÔNIA","12/2012","117806","","16871250","","143,21",""
"12","ACRE","12/2012","70769","","13541254","","191,34",""
"13","AMAZONAS","12/2012","332516","","57464682","","172,82",""
"14","RORAIMA","12/2012","47303","","7706681","","162,92",""
"15","PARÁ","12/2012","813367","","131232908","","161,35",""
"16","AMAPÁ","12/2012","53417","","9427588","","176,49",""
"17","TOCANTINS","12/2012","139690","","21179118","","151,62",""
"21","MARANHÃO","12/2012","951611","","154767547","","162,64",""
"22","PIAUÍ","12/2012","455182","","70596431","","155,09",""
"23","CEARÁ","12/2012","1107009","","160720596","","145,18",""
"24","RIO GRANDE DO NORTE","12/2012","364751","","51677230","","141,68",""
"25","PARAÍBA","12/2012","506234","","74760532","","147,68",""
"26","PERNAMBUCO","12/2012","1151313","","162128908","","140,82",""
"27","ALAGOAS","12/2012","436270","","64992708","","148,97",""
"28","SERGIPE","12/2012","268330","","38483954","","143,42",""
"29","BAHIA","12/2012","1808346","","262704562","","145,27",""
"31","MINAS GERAIS","12/2012","1197240","","163833362","","136,84",""
"32","ESPÍRITO SANTO","12/2012","201274","","26426172","","131,29",""
"33","RIO DE JANEIRO","12/2012","789827","","111250132","","140,85",""
"35","SÃO PAULO","12/2012","1254284","","166064036","","132,40",""
"41","PARANÁ","12/2012","449794","","58209925","","129,41",""
"42","SANTA CATARINA","12/2012","147043","","20315814","","138,16",""
"43","RIO GRANDE DO SUL","12/2012","463519","","63581600","","137,17",""
"50","MATO GROSSO DO SUL","12/2012","142249","","20249252","","142,35",""
"51","MATO GROSSO","12/2012","184686","","25480942","","137,97",""
"52","GOIÁS","12/2012","348375","","46835652","","134,44",""
"53","DISTRITO FEDERAL","12/2012","99950","","12228728","","122,35",""
"11","RONDÔNIA","01/2013","117264","","16461952","","140,38",""
"12","ACRE","01/2013","68628","","13156316","","191,70",""
"13","AMAZONAS","01/2013","328060","","56153032","","171,17",""
"14","RORAIMA","01/2013","47017","","7584477","","161,31",""
"15","PARÁ","01/2013","810305","","128556628","","158,65",""
"16","AMAPÁ","01/2013","53171","","9260062","","174,16",""
"17","TOCANTINS","01/2013","138966","","20763378","","149,41",""
"21","MARANHÃO","01/2013","948249","","151948929","","160,24",""
"22","PIAUÍ","01/2013","454472","","69412531","","152,73",""
"23","CEARÁ","01/2013","1103201","","157421496","","142,70",""
"24","RIO GRANDE DO NORTE","01/2013","363528","","50610720","","139,22",""
"25","PARAÍBA","01/2013","504559","","73386990","","145,45",""
"26","PERNAMBUCO","01/2013","1146426","","159034322","","138,72",""
"27","ALAGOAS","01/2013","434313","","63707712","","146,69",""
"28","SERGIPE","01/2013","267557","","37691074","","140,87",""
"29","BAHIA","01/2013","1801954","","257433917","","142,86",""
"31","MINAS GERAIS","01/2013","1191589","","159688677","","134,01",""
"32","ESPÍRITO SANTO","01/2013","201107","","25888872","","128,73",""
"33","RIO DE JANEIRO","01/2013","786309","","109325394","","139,04",""
"35","SÃO PAULO","01/2013","1250745","","163147004","","130,44",""
"41","PARANÁ","01/2013","446790","","56687601","","126,88",""
"42","SANTA CATARINA","01/2013","146039","","19734458","","135,13",""
"43","RIO GRANDE DO SUL","01/2013","461572","","62197880","","134,75",""
"50","MATO GROSSO DO SUL","01/2013","141255","","19793384","","140,13",""
"51","MATO GROSSO","01/2013","183020","","24836420","","135,70",""
"52","GOIÁS","01/2013","344988","","45509842","","131,92",""
"53","DISTRITO FEDERAL","01/2013","94902","","11450358","","120,65",""
"11","RONDÔNIA","02/2013","113711","","16120690","","141,77",""
"12","ACRE","02/2013","67187","","13204918","","196,54",""
"13","AMAZONAS","02/2013","322561","","56417104","","174,90",""
"14","RORAIMA","02/2013","46300","","7542285","","162,90",""
"15","PARÁ","02/2013","796352","","129133500","","162,16",""
"16","AMAPÁ","02/2013","52307","","9236360","","176,58",""
"17","TOCANTINS","02/2013","134569","","20476328","","152,16",""
"21","MARANHÃO","02/2013","933545","","153125675","","164,03",""
"22","PIAUÍ","02/2013","447258","","70215418","","156,99",""
"23","CEARÁ","02/2013","1077102","","156865798","","145,64",""
"24","RIO GRANDE DO NORTE","02/2013","355782","","50444944","","141,79",""
"25","PARAÍBA","02/2013","496431","","73409804","","147,88",""
"26","PERNAMBUCO","02/2013","1126358","","158907142","","141,08",""
"27","ALAGOAS","02/2013","425163","","63721580","","149,88",""
"28","SERGIPE","02/2013","262877","","37588954","","142,99",""
"29","BAHIA","02/2013","1765813","","256704897","","145,37",""
"31","MINAS GERAIS","02/2013","1153405","","156844717","","135,98",""
"32","ESPÍRITO SANTO","02/2013","194084","","25228658","","129,99",""
"33","RIO DE JANEIRO","02/2013","769718","","108318562","","140,72",""
"35","SÃO PAULO","02/2013","1261218","","165861456","","131,51",""
"41","PARANÁ","02/2013","426596","","54787823","","128,43",""
"42","SANTA CATARINA","02/2013","140775","","19269332","","136,88",""
"43","RIO GRANDE DO SUL","02/2013","447370","","61062918","","136,49",""
"50","MATO GROSSO DO SUL","02/2013","136524","","19394120","","142,06",""
"51","MATO GROSSO","02/2013","177195","","24388277","","137,64",""
"52","GOIÁS","02/2013","336158","","44841898","","133,40",""
"53","DISTRITO FEDERAL","02/2013","91176","","11034212","","121,02",""
"11","RONDÔNIA","03/2013","116928","","16937156","","144,85",""
"12","ACRE","03/2013","71841","","14324476","","199,39",""
"13","AMAZONAS","03/2013","333171","","59279634","","177,93",""
"14","RORAIMA","03/2013","46697","","7787245","","166,76",""
"15","PARÁ","03/2013","819782","","136493864","","166,50",""
"16","AMAPÁ","03/2013","53447","","9634304","","180,26",""
"17","TOCANTINS","03/2013","137499","","21687944","","157,73",""
"21","MARANHÃO","03/2013","941881","","162156955","","172,16",""
"22","PIAUÍ","03/2013","450370","","75390756","","167,40",""
"23","CEARÁ","03/2013","1089791","","164959988","","151,37",""
"24","RIO GRANDE DO NORTE","03/2013","360889","","53301190","","147,69",""
"25","PARAÍBA","03/2013","501557","","78197736","","155,91",""
"26","PERNAMBUCO","03/2013","1138207","","167048080","","146,76",""
"27","ALAGOAS","03/2013","429042","","66504870","","155,01",""
"28","SERGIPE","03/2013","264386","","39069678","","147,78",""
"29","BAHIA","03/2013","1793780","","273065683","","152,23",""
"31","MINAS GERAIS","03/2013","1183948","","165344791","","139,66",""
"32","ESPÍRITO SANTO","03/2013","203110","","26830684","","132,10",""
"33","RIO DE JANEIRO","03/2013","822614","","117639046","","143,01",""
"35","SÃO PAULO","03/2013","1311751","","175738498","","133,97",""
"41","PARANÁ","03/2013","440983","","57423835","","130,22",""
"42","SANTA CATARINA","03/2013","146460","","20364126","","139,04",""
"43","RIO GRANDE DO SUL","03/2013","458512","","63589540","","138,69",""
"50","MATO GROSSO DO SUL","03/2013","139723","","20289898","","145,22",""
"51","MATO GROSSO","03/2013","180763","","25402207","","140,53",""
"52","GOIÁS","03/2013","344225","","46889116","","136,22",""
"53","DISTRITO FEDERAL","03/2013","90886","","11435012","","125,82",""
"11","RONDÔNIA","04/2013","115647","","16728640","","144,65",""
"12","ACRE","04/2013","70924","","14267592","","201,17",""
"13","AMAZONAS","04/2013","330079","","59086286","","179,01",""
"14","RORAIMA","04/2013","46229","","7704739","","166,66",""
"15","PARÁ","04/2013","814791","","136177836","","167,13",""
"16","AMAPÁ","04/2013","52993","","9569502","","180,58",""
"17","TOCANTINS","04/2013","135796","","21475710","","158,15",""
"21","MARANHÃO","04/2013","936376","","162053413","","173,06",""
"22","PIAUÍ","04/2013","446493","","75147676","","168,31",""
"23","CEARÁ","04/2013","1078238","","163770275","","151,89",""
"24","RIO GRANDE DO NORTE","04/2013","356466","","52820644","","148,18",""
"25","PARAÍBA","04/2013","496492","","77582996","","156,26",""
"26","PERNAMBUCO","04/2013","1124356","","165629168","","147,31",""
"27","ALAGOAS","04/2013","423826","","65914886","","155,52",""
"28","SERGIPE","04/2013","261457","","38687726","","147,97",""
"29","BAHIA","04/2013","1772439","","271073091","","152,94",""
"31","MINAS GERAIS","04/2013","1155338","","162054929","","140,27",""
"32","ESPÍRITO SANTO","04/2013","199240","","26323526","","132,12",""
"33","RIO DE JANEIRO","04/2013","806867","","115460490","","143,10",""
"35","SÃO PAULO","04/2013","1272457","","170437748","","133,94",""
"41","PARANÁ","04/2013","428056","","55974362","","130,76",""
"42","SANTA CATARINA","04/2013","141867","","19781232","","139,44",""
"43","RIO GRANDE DO SUL","04/2013","444648","","61872442","","139,15",""
"50","MATO GROSSO DO SUL","04/2013","136734","","19909594","","145,61",""
"51","MATO GROSSO","04/2013","177715","","25068873","","141,06",""
"52","GOIÁS","04/2013","337325","","46126794","","136,74",""
"53","DISTRITO FEDERAL","04/2013","84629","","10762080","","127,17",""
"11","RONDÔNIA","05/2013","115390","","16741232","","145,08",""
"12","ACRE","05/2013","72062","","14591218","","202,48",""
"13","AMAZONAS","05/2013","335222","","60139024","","179,40",""
"14","RORAIMA","05/2013","46512","","7771087","","167,08",""
"15","PARÁ","05/2013","818474","","137651484","","168,18",""
"16","AMAPÁ","05/2013","52981","","9568490","","180,60",""
"17","TOCANTINS","05/2013","136510","","21770790","","159,48",""
"21","MARANHÃO","05/2013","937190","","163160748","","174,10",""
"22","PIAUÍ","05/2013","446734","","75918828","","169,94",""
"23","CEARÁ","05/2013","1080805","","164741892","","152,43",""
"24","RIO GRANDE DO NORTE","05/2013","358458","","53396330","","148,96",""
"25","PARAÍBA","05/2013","499804","","78788794","","157,64",""
"26","PERNAMBUCO","05/2013","1127819","","167040726","","148,11",""
"27","ALAGOAS","05/2013","425209","","66293412","","155,91",""
"28","SERGIPE","05/2013","262135","","38983658","","148,72",""
"29","BAHIA","05/2013","1781380","","272967379","","153,23",""
"31","MINAS GERAIS","05/2013","1169560","","164944345","","141,03",""
"32","ESPÍRITO SANTO","05/2013","201374","","26789868","","133,04",""
"33","RIO DE JANEIRO","05/2013","819284","","117937680","","143,95",""
"35","SÃO PAULO","05/2013","1301808","","176491158","","135,57",""
"41","PARANÁ","05/2013","434024","","57032108","","131,40",""
"42","SANTA CATARINA","05/2013","144427","","20223606","","140,03",""
"43","RIO GRANDE DO SUL","05/2013","453191","","63483672","","140,08",""
"50","MATO GROSSO DO SUL","05/2013","138974","","20415204","","146,90",""
"51","MATO GROSSO","05/2013","180128","","25569407","","141,95",""
"52","GOIÁS","05/2013","340393","","46776574","","137,42",""
"53","DISTRITO FEDERAL","05/2013","93468","","11761262","","125,83",""
"11","RONDÔNIA","06/2013","113528","","16602178","","146,24",""
"12","ACRE","06/2013","71629","","14716068","","205,45",""
"13","AMAZONAS","06/2013","331323","","59989424","","181,06",""
"14","RORAIMA","06/2013","45830","","7738909","","168,86",""
"15","PARÁ","06/2013","809138","","137460760","","169,89",""
"16","AMAPÁ","06/2013","51974","","9503660","","182,85",""
"17","TOCANTINS","06/2013","135757","","21810366","","160,66",""
"21","MARANHÃO","06/2013","925169","","162973080","","176,15",""
"22","PIAUÍ","06/2013","441633","","75812784","","171,66",""
"23","CEARÁ","06/2013","1069393","","164733402","","154,04",""
"24","RIO GRANDE DO NORTE","06/2013","353627","","53220270","","150,50",""
"25","PARAÍBA","06/2013","494985","","78879980","","159,36",""
"26","PERNAMBUCO","06/2013","1112929","","166411478","","149,53",""
"27","ALAGOAS","06/2013","421208","","66497406","","157,87",""
"28","SERGIPE","06/2013","260515","","39097512","","150,08",""
"29","BAHIA","06/2013","1754281","","271991814","","155,04",""
"31","MINAS GERAIS","06/2013","1153502","","164293483","","142,43",""
"32","ESPÍRITO SANTO","06/2013","197484","","26519624","","134,29",""
"33","RIO DE JANEIRO","06/2013","801258","","116458338","","145,34",""
"35","SÃO PAULO","06/2013","1278385","","174971052","","136,87",""
"41","PARANÁ","06/2013","427910","","56752550","","132,63",""
"42","SANTA CATARINA","06/2013","142405","","20121034","","141,29",""
"43","RIO GRANDE DO SUL","06/2013","444862","","62832328","","141,24",""
"50","MATO GROSSO DO SUL","06/2013","137109","","20345348","","148,39",""
"51","MATO GROSSO","06/2013","178630","","25574739","","143,17",""
"52","GOIÁS","06/2013","335618","","46552012","","138,71",""
"53","DISTRITO FEDERAL","06/2013","91522","","11652876","","127,32",""
"11","RONDÔNIA","07/2013","116023","","16960652","","146,18",""
"12","ACRE","07/2013","73124","","15093626","","206,41",""
"13","AMAZONAS","07/2013","336315","","60963070","","181,27",""
"14","RORAIMA","07/2013","46483","","7814899","","168,12",""
"15","PARÁ","07/2013","821244","","139606080","","169,99",""
"16","AMAPÁ","07/2013","52766","","9611244","","182,15",""
"17","TOCANTINS","07/2013","137198","","21967088","","160,11",""
"21","MARANHÃO","07/2013","943434","","165837638","","175,78",""
"22","PIAUÍ","07/2013","448908","","76791052","","171,06",""
"23","CEARÁ","07/2013","1084342","","166690942","","153,73",""
"24","RIO GRANDE DO NORTE","07/2013","357890","","53835184","","150,42",""
"25","PARAÍBA","07/2013","501909","","79715060","","158,82",""
"26","PERNAMBUCO","07/2013","1126583","","167975416","","149,10",""
"27","ALAGOAS","07/2013","429037","","67458732","","157,23",""
"28","SERGIPE","07/2013","265209","","39548978","","149,12",""
"29","BAHIA","07/2013","1776784","","274499264","","154,49",""
"31","MINAS GERAIS","07/2013","1167021","","166020109","","142,26",""
"32","ESPÍRITO SANTO","07/2013","198396","","26618144","","134,17",""
"33","RIO DE JANEIRO","07/2013","815098","","118655836","","145,57",""
"35","SÃO PAULO","07/2013","1295500","","177940188","","137,35",""
"41","PARANÁ","07/2013","431080","","57126008","","132,52",""
"42","SANTA CATARINA","07/2013","143528","","20278566","","141,29",""
"43","RIO GRANDE DO SUL","07/2013","452545","","63944240","","141,30",""
"50","MATO GROSSO DO SUL","07/2013","140006","","20779876","","148,42",""
"51","MATO GROSSO","07/2013","182303","","26075125","","143,03",""
"52","GOIÁS","07/2013","338995","","46992754","","138,62",""
"53","DISTRITO FEDERAL","07/2013","91822","","11775404","","128,24",""
"11","RONDÔNIA","08/2013","116265","","16948312","","145,77",""
"12","ACRE","08/2013","73263","","15221692","","207,77",""
"13","AMAZONAS","08/2013","338596","","61547644","","181,77",""
"14","RORAIMA","08/2013","46245","","7781807","","168,27",""
"15","PARÁ","08/2013","829914","","141071742","","169,98",""
"16","AMAPÁ","08/2013","52580","","9556278","","181,75",""
"17","TOCANTINS","08/2013","136604","","21835162","","159,84",""
"21","MARANHÃO","08/2013","953539","","167213620","","175,36",""
"22","PIAUÍ","08/2013","448846","","76825944","","171,16",""
"23","CEARÁ","08/2013","1088005","","166872030","","153,37",""
"24","RIO GRANDE DO NORTE","08/2013","357015","","53794164","","150,68",""
"25","PARAÍBA","08/2013","501103","","79830778","","159,31",""
"26","PERNAMBUCO","08/2013","1135143","","169202202","","149,06",""
"27","ALAGOAS","08/2013","433115","","67921950","","156,82",""
"28","SERGIPE","08/2013","268737","","39972360","","148,74",""
"29","BAHIA","08/2013","1781211","","275608186","","154,73",""
"31","MINAS GERAIS","08/2013","1155735","","164772781","","142,57",""
"32","ESPÍRITO SANTO","08/2013","195811","","26331252","","134,47",""
"33","RIO DE JANEIRO","08/2013","812191","","118497508","","145,90",""
"35","SÃO PAULO","08/2013","1283029","","176797728","","137,80",""
"41","PARANÁ","08/2013","423395","","56386304","","133,18",""
"42","SANTA CATARINA","08/2013","140994","","20022612","","142,01",""
"43","RIO GRANDE DO SUL","08/2013","448659","","63535406","","141,61",""
"50","MATO GROSSO DO SUL","08/2013","139561","","20835538","","149,29",""
"51","MATO GROSSO","08/2013","181884","","26168253","","143,87",""
"52","GOIÁS","08/2013","336605","","46866904","","139,23",""
"53","DISTRITO FEDERAL","08/2013","87469","","11270496","","128,85",""
"11","RONDÔNIA","09/2013","116448","","16946352","","145,53",""
"12","ACRE","09/2013","73961","","15348612","","207,52",""
"13","AMAZONAS","09/2013","343382","","61950640","","180,41",""
"14","RORAIMA","09/2013","46256","","7766519","","167,90",""
"15","PARÁ","09/2013","836429","","142005412","","169,78",""
"16","AMAPÁ","09/2013","52519","","9494190","","180,78",""
"17","TOCANTINS","09/2013","137164","","21892222","","159,61",""
"21","MARANHÃO","09/2013","959193","","168014360","","175,16",""
"22","PIAUÍ","09/2013","449313","","76822943","","170,98",""
"23","CEARÁ","09/2013","1091606","","166883654","","152,88",""
"24","RIO GRANDE DO NORTE","09/2013","359858","","54085486","","150,30",""
"25","PARAÍBA","09/2013","502980","","80117716","","159,29",""
"26","PERNAMBUCO","09/2013","1143671","","169960354","","148,61",""
"27","ALAGOAS","09/2013","438240","","68433148","","156,15",""
"28","SERGIPE","09/2013","271883","","40218304","","147,93",""
"29","BAHIA","09/2013","1790089","","276294628","","154,35",""
"31","MINAS GERAIS","09/2013","1160737","","164985153","","142,14",""
"32","ESPÍRITO SANTO","09/2013","196502","","26370694","","134,20",""
"33","RIO DE JANEIRO","09/2013","816920","","118753324","","145,37",""
"35","SÃO PAULO","09/2013","1288589","","176971672","","137,34",""
"41","PARANÁ","09/2013","423029","","56169846","","132,78",""
"42","SANTA CATARINA","09/2013","141210","","19990898","","141,57",""
"43","RIO GRANDE DO SUL","09/2013","450344","","63591670","","141,21",""
"50","MATO GROSSO DO SUL","09/2013","141399","","20946992","","148,14",""
"51","MATO GROSSO","09/2013","183383","","26318923","","143,52",""
"52","GOIÁS","09/2013","338271","","47112796","","139,28",""
"53","DISTRITO FEDERAL","09/2013","88289","","11306394","","128,06",""
"11","RONDÔNIA","10/2013","116226","","16892302","","145,34",""
"12","ACRE","10/2013","74147","","15444288","","208,29",""
"13","AMAZONAS","10/2013","344254","","62376674","","181,19",""
"14","RORAIMA","10/2013","46389","","7791093","","167,95",""
"15","PARÁ","10/2013","836436","","142210652","","170,02",""
"16","AMAPÁ","10/2013","52527","","9510444","","181,06",""
"17","TOCANTINS","10/2013","136943","","21931514","","160,15",""
"21","MARANHÃO","10/2013","959547","","168329470","","175,43",""
"22","PIAUÍ","10/2013","449184","","77012903","","171,45",""
"23","CEARÁ","10/2013","1091637","","167359662","","153,31",""
"24","RIO GRANDE DO NORTE","10/2013","359635","","54119542","","150,48",""
"25","PARAÍBA","10/2013","503129","","80496996","","159,99",""
"26","PERNAMBUCO","10/2013","1144326","","170471154","","148,97",""
"27","ALAGOAS","10/2013","437997","","68439946","","156,26",""
"28","SERGIPE","10/2013","272009","","40375514","","148,43",""
"29","BAHIA","10/2013","1790765","","276539326","","154,43",""
"31","MINAS GERAIS","10/2013","1158330","","165028207","","142,47",""
"32","ESPÍRITO SANTO","10/2013","195794","","26318464","","134,42",""
"33","RIO DE JANEIRO","10/2013","816849","","118887880","","145,54",""
"35","SÃO PAULO","10/2013","1283174","","176683628","","137,69",""
"41","PARANÁ","10/2013","420695","","56001328","","133,12",""
"42","SANTA CATARINA","10/2013","140474","","19881824","","141,53",""
"43","RIO GRANDE DO SUL","10/2013","449357","","63590052","","141,51",""
"50","MATO GROSSO DO SUL","10/2013","141582","","21007974","","148,38",""
"51","MATO GROSSO","10/2013","183294","","26350911","","143,76",""
"52","GOIÁS","10/2013","337572","","47074782","","139,45",""
"53","DISTRITO FEDERAL","10/2013","88240","","11311804","","128,19",""
"11","RONDÔNIA","11/2013","115741","","16754700","","144,76",""
"12","ACRE","11/2013","73896","","15429274","","208,80",""
"13","AMAZONAS","11/2013","343060","","62488064","","182,15",""
"14","RORAIMA","11/2013","46227","","7795058","","168,63",""
"15","PARÁ","11/2013","836692","","142417931","","170,22",""
"16","AMAPÁ","11/2013","52958","","9596558","","181,21",""
"17","TOCANTINS","11/2013","136088","","21786884","","160,09",""
"21","MARANHÃO","11/2013","954890","","167911580","","175,84",""
"22","PIAUÍ","11/2013","446680","","76685592","","171,68",""
"23","CEARÁ","11/2013","1083733","","166173798","","153,33",""
"24","RIO GRANDE DO NORTE","11/2013","356556","","53729486","","150,69",""
"25","PARAÍBA","11/2013","499127","","80048226","","160,38",""
"26","PERNAMBUCO","11/2013","1134612","","169325420","","149,24",""
"27","ALAGOAS","11/2013","434004","","67958276","","156,58",""
"28","SERGIPE","11/2013","270151","","40097814","","148,43",""
"29","BAHIA","11/2013","1778722","","274645805","","154,41",""
"31","MINAS GERAIS","11/2013","1156318","","164410688","","142,18",""
"32","ESPÍRITO SANTO","11/2013","195105","","26178368","","134,18",""
"33","RIO DE JANEIRO","11/2013","827557","","119933382","","144,92",""
"35","SÃO PAULO","11/2013","1335820","","182671725","","136,75",""
"41","PARANÁ","11/2013","420348","","55865346","","132,90",""
"42","SANTA CATARINA","11/2013","141137","","19849500","","140,64",""
"43","RIO GRANDE DO SUL","11/2013","446963","","63142928","","141,27",""
"50","MATO GROSSO DO SUL","11/2013","139949","","20820564","","148,77",""
"51","MATO GROSSO","11/2013","182425","","26180518","","143,51",""
"52","GOIÁS","11/2013","333981","","46482674","","139,18",""
"53","DISTRITO FEDERAL","11/2013","87355","","11244368","","128,72",""
"11","RONDÔNIA","12/2013","117832","","16976094","","144,07",""
"12","ACRE","12/2013","78050","","16150692","","206,93",""
"13","AMAZONAS","12/2013","358836","","64639062","","180,14",""
"14","RORAIMA","12/2013","46713","","7893666","","168,98",""
"15","PARÁ","12/2013","860572","","145695375","","169,30",""
"16","AMAPÁ","12/2013","53608","","9710908","","181,15",""
"17","TOCANTINS","12/2013","140065","","22217994","","158,63",""
"21","MARANHÃO","12/2013","962011","","168810710","","175,48",""
"22","PIAUÍ","12/2013","451195","","77227380","","171,16",""
"23","CEARÁ","12/2013","1095316","","167553250","","152,97",""
"24","RIO GRANDE DO NORTE","12/2013","361550","","54384492","","150,42",""
"25","PARAÍBA","12/2013","506450","","81109498","","160,15",""
"26","PERNAMBUCO","12/2013","1147423","","170804554","","148,86",""
"27","ALAGOAS","12/2013","438656","","68597362","","156,38",""
"28","SERGIPE","12/2013","270941","","40260614","","148,60",""
"29","BAHIA","12/2013","1800055","","276757279","","153,75",""
"31","MINAS GERAIS","12/2013","1177574","","166334536","","141,25",""
"32","ESPÍRITO SANTO","12/2013","201671","","26940432","","133,59",""
"33","RIO DE JANEIRO","12/2013","852237","","122991846","","144,32",""
"35","SÃO PAULO","12/2013","1366553","","185832791","","135,99",""
"41","PARANÁ","12/2013","430182","","56811402","","132,06",""
"42","SANTA CATARINA","12/2013","144651","","20247140","","139,97",""
"43","RIO GRANDE DO SUL","12/2013","455421","","63995796","","140,52",""
"50","MATO GROSSO DO SUL","12/2013","147021","","21555096","","146,61",""
"51","MATO GROSSO","12/2013","188003","","26744582","","142,26",""
"52","GOIÁS","12/2013","340341","","47205258","","138,70",""
"53","DISTRITO FEDERAL","12/2013","93272","","11877882","","127,35",""
"11","RONDÔNIA","01/2014","117056","","16537790","","141,28",""
"12","ACRE","01/2014","78391","","16121592","","205,66",""
"13","AMAZONAS","01/2014","359456","","64327094","","178,96",""
"14","RORAIMA","01/2014","46806","","7830198","","167,29",""
"15","PARÁ","01/2014","861315","","144290092","","167,52",""
"16","AMAPÁ","01/2014","53533","","9542564","","178,26",""
"17","TOCANTINS","01/2014","139258","","21821200","","156,70",""
"21","MARANHÃO","01/2014","960427","","167136796","","174,02",""
"22","PIAUÍ","01/2014","449158","","76412528","","170,12",""
"23","CEARÁ","01/2014","1091561","","165068326","","151,22",""
"24","RIO GRANDE DO NORTE","01/2014","359923","","53561870","","148,81",""
"25","PARAÍBA","01/2014","505436","","80398270","","159,07",""
"26","PERNAMBUCO","01/2014","1142509","","168470340","","147,46",""
"27","ALAGOAS","01/2014","436262","","67439268","","154,58",""
"28","SERGIPE","01/2014","270870","","39712370","","146,61",""
"29","BAHIA","01/2014","1795803","","273253302","","152,16",""
"31","MINAS GERAIS","01/2014","1170592","","163030562","","139,27",""
"32","ESPÍRITO SANTO","01/2014","200450","","26378748","","131,60",""
"33","RIO DE JANEIRO","01/2014","851058","","121405634","","142,65",""
"35","SÃO PAULO","01/2014","1368725","","184777770","","135,00",""
"41","PARANÁ","01/2014","426818","","55345692","","129,67",""
"42","SANTA CATARINA","01/2014","143467","","19681462","","137,18",""
"43","RIO GRANDE DO SUL","01/2014","452869","","62916126","","138,93",""
"50","MATO GROSSO DO SUL","01/2014","145884","","21142182","","144,92",""
"51","MATO GROSSO","01/2014","186401","","26122608","","140,14",""
"52","GOIÁS","01/2014","338177","","46130246","","136,41",""
"53","DISTRITO FEDERAL","01/2014","93365","","11764168","","126,00",""
"11","RONDÔNIA","02/2014","117067","","16595104","","141,76",""
"12","ACRE","02/2014","78854","","16279614","","206,45",""
"13","AMAZONAS","02/2014","358669","","64364172","","179,45",""
"14","RORAIMA","02/2014","46668","","7832488","","167,83",""
"15","PARÁ","02/2014","863091","","144843220","","167,82",""
"16","AMAPÁ","02/2014","53648","","9583498","","178,64",""
"17","TOCANTINS","02/2014","139893","","21971252","","157,06",""
"21","MARANHÃO","02/2014","959446","","167496296","","174,58",""
"22","PIAUÍ","02/2014","449948","","76665102","","170,39",""
"23","CEARÁ","02/2014","1097127","","166136814","","151,43",""
"24","RIO GRANDE DO NORTE","02/2014","359988","","53684982","","149,13",""
"25","PARAÍBA","02/2014","506403","","80876224","","159,71",""
"26","PERNAMBUCO","02/2014","1143720","","168688036","","147,49",""
"27","ALAGOAS","02/2014","436782","","67831574","","155,30",""
"28","SERGIPE","02/2014","271566","","39793860","","146,53",""
"29","BAHIA","02/2014","1796333","","273987890","","152,53",""
"31","MINAS GERAIS","02/2014","1174815","","164195234","","139,76",""
"32","ESPÍRITO SANTO","02/2014","201230","","26517354","","131,78",""
"33","RIO DE JANEIRO","02/2014","855046","","122251968","","142,98",""
"35","SÃO PAULO","02/2014","1378917","","186483736","","135,24",""
"41","PARANÁ","02/2014","428218","","55749262","","130,19",""
"42","SANTA CATARINA","02/2014","143840","","19814822","","137,76",""
"43","RIO GRANDE DO SUL","02/2014","454877","","63155664","","138,84",""
"50","MATO GROSSO DO SUL","02/2014","147602","","21368436","","144,77",""
"51","MATO GROSSO","02/2014","187646","","26433792","","140,87",""
"52","GOIÁS","02/2014","339220","","46713726","","137,71",""
"53","DISTRITO FEDERAL","02/2014","93727","","11776912","","125,65",""
"11","RONDÔNIA","03/2014","116123","","16458768","","141,74",""
"12","ACRE","03/2014","78503","","16236108","","206,82",""
"13","AMAZONAS","03/2014","359111","","64588572","","179,86",""
"14","RORAIMA","03/2014","46245","","7777998","","168,19",""
"15","PARÁ","03/2014","874992","","146188940","","167,07",""
"16","AMAPÁ","03/2014","52805","","9496806","","179,85",""
"17","TOCANTINS","03/2014","140190","","21941558","","156,51",""
"21","MARANHÃO","03/2014","963017","","167255612","","173,68",""
"22","PIAUÍ","03/2014","447400","","76125824","","170,15",""
"23","CEARÁ","03/2014","1101014","","165430890","","150,25",""
"24","RIO GRANDE DO NORTE","03/2014","361237","","53706270","","148,67",""
"25","PARAÍBA","03/2014","510029","","81212310","","159,23",""
"26","PERNAMBUCO","03/2014","1143372","","168008070","","146,94",""
"27","ALAGOAS","03/2014","440534","","67916754","","154,17",""
"28","SERGIPE","03/2014","275479","","39925464","","144,93",""
"29","BAHIA","03/2014","1786108","","271847198","","152,20",""
"31","MINAS GERAIS","03/2014","1164714","","162657858","","139,65",""
"32","ESPÍRITO SANTO","03/2014","202460","","26658502","","131,67",""
"33","RIO DE JANEIRO","03/2014","850819","","121751886","","143,10",""
"35","SÃO PAULO","03/2014","1361649","","184947290","","135,83",""
"41","PARANÁ","03/2014","422012","","55068738","","130,49",""
"42","SANTA CATARINA","03/2014","140339","","19479688","","138,80",""
"43","RIO GRANDE DO SUL","03/2014","450442","","62651774","","139,09",""
"50","MATO GROSSO DO SUL","03/2014","147966","","21373174","","144,45",""
"51","MATO GROSSO","03/2014","187633","","26245098","","139,87",""
"52","GOIÁS","03/2014","337071","","46183500","","137,01",""
"53","DISTRITO FEDERAL","03/2014","92104","","11589964","","125,84",""
"11","RONDÔNIA","04/2014","116903","","16419982","","140,46",""
"12","ACRE","04/2014","79271","","16345668","","206,20",""
"13","AMAZONAS","04/2014","361588","","64709766","","178,96",""
"14","RORAIMA","04/2014","46589","","7818950","","167,83",""
"15","PARÁ","04/2014","881553","","146484722","","166,17",""
"16","AMAPÁ","04/2014","53286","","9554766","","179,31",""
"17","TOCANTINS","04/2014","140317","","21837112","","155,63",""
"21","MARANHÃO","04/2014","972367","","168316920","","173,10",""
"22","PIAUÍ","04/2014","451135","","76543444","","169,67",""
"23","CEARÁ","04/2014","1103145","","164608076","","149,22",""
"24","RIO GRANDE DO NORTE","04/2014","361507","","53544706","","148,12",""
"25","PARAÍBA","04/2014","512691","","81440584","","158,85",""
"26","PERNAMBUCO","04/2014","1149206","","168074054","","146,25",""
"27","ALAGOAS","04/2014","442575","","67842598","","153,29",""
"28","SERGIPE","04/2014","276745","","39860928","","144,03",""
"29","BAHIA","04/2014","1796102","","272099692","","151,49",""
"31","MINAS GERAIS","04/2014","1169822","","162248708","","138,70",""
"32","ESPÍRITO SANTO","04/2014","202828","","26464660","","130,48",""
"33","RIO DE JANEIRO","04/2014","857380","","121963090","","142,25",""
"35","SÃO PAULO","04/2014","1382697","","185779992","","134,36",""
"41","PARANÁ","04/2014","423417","","54769128","","129,35",""
"42","SANTA CATARINA","04/2014","140693","","19381150","","137,75",""
"43","RIO GRANDE DO SUL","04/2014","452753","","62467248","","137,97",""
"50","MATO GROSSO DO SUL","04/2014","148845","","21294162","","143,06",""
"51","MATO GROSSO","04/2014","188802","","26290272","","139,25",""
"52","GOIÁS","04/2014","339893","","46228924","","136,01",""
"53","DISTRITO FEDERAL","04/2014","93164","","11712416","","125,72",""
"11","RONDÔNIA","05/2014","115154","","16202658","","140,70",""
"12","ACRE","05/2014","78448","","16291138","","207,67",""
"13","AMAZONAS","05/2014","358975","","64323180","","179,19",""
"14","RORAIMA","05/2014","46356","","7769864","","167,61",""
"15","PARÁ","05/2014","873712","","145411880","","166,43",""
"16","AMAPÁ","05/2014","52371","","9503218","","181,46",""
"17","TOCANTINS","05/2014","138962","","21666538","","155,92",""
"21","MARANHÃO","05/2014","963541","","166953952","","173,27",""
"22","PIAUÍ","05/2014","446031","","75803244","","169,95",""
"23","CEARÁ","05/2014","1090716","","163148258","","149,58",""
"24","RIO GRANDE DO NORTE","05/2014","356199","","52932840","","148,60",""
"25","PARAÍBA","05/2014","508956","","81034942","","159,22",""
"26","PERNAMBUCO","05/2014","1132356","","166064468","","146,65",""
"27","ALAGOAS","05/2014","436867","","67031178","","153,44",""
"28","SERGIPE","05/2014","274765","","39504588","","143,78",""
"29","BAHIA","05/2014","1774099","","269058786","","151,66",""
"31","MINAS GERAIS","05/2014","1154015","","160226862","","138,84",""
"32","ESPÍRITO SANTO","05/2014","195487","","25654468","","131,23",""
"33","RIO DE JANEIRO","05/2014","841295","","119698030","","142,28",""
"35","SÃO PAULO","05/2014","1343153","","181240896","","134,94",""
"41","PARANÁ","05/2014","415327","","53631340","","129,13",""
"42","SANTA CATARINA","05/2014","138035","","19048632","","138,00",""
"43","RIO GRANDE DO SUL","05/2014","444834","","61431950","","138,10",""
"50","MATO GROSSO DO SUL","05/2014","146831","","21066270","","143,47",""
"51","MATO GROSSO","05/2014","186539","","25997406","","139,37",""
"52","GOIÁS","05/2014","334481","","45493940","","136,01",""
"53","DISTRITO FEDERAL","05/2014","92765","","11564812","","124,67",""
"11","RONDÔNIA","06/2014","115948","","18329260","","158,08",""
"12","ACRE","06/2014","79517","","18589795","","233,78",""
"13","AMAZONAS","06/2014","362354","","73107565","","201,76",""
"14","RORAIMA","06/2014","47082","","8863873","","188,26",""
"15","PARÁ","06/2014","883081","","165016769","","186,86",""
"16","AMAPÁ","06/2014","53591","","10855361","","202,56",""
"17","TOCANTINS","06/2014","140550","","24556114","","174,71",""
"21","MARANHÃO","06/2014","972713","","188448389","","193,73",""
"22","PIAUÍ","06/2014","450684","","85598160","","189,93",""
"23","CEARÁ","06/2014","1098734","","184656687","","168,06",""
"24","RIO GRANDE DO NORTE","06/2014","360045","","59924296","","166,44",""
"25","PARAÍBA","06/2014","515546","","91717523","","177,90",""
"26","PERNAMBUCO","06/2014","1143776","","187679045","","164,09",""
"27","ALAGOAS","06/2014","440919","","75716036","","171,72",""
"28","SERGIPE","06/2014","277485","","44649107","","160,91",""
"29","BAHIA","06/2014","1792979","","304652328","","169,91",""
"31","MINAS GERAIS","06/2014","1164022","","182270510","","156,59",""
"32","ESPÍRITO SANTO","06/2014","197294","","29240534","","148,21",""
"33","RIO DE JANEIRO","06/2014","847615","","135917328","","160,35",""
"35","SÃO PAULO","06/2014","1352882","","207182630","","153,14",""
"41","PARANÁ","06/2014","418197","","61163175","","146,25",""
"42","SANTA CATARINA","06/2014","139424","","21742936","","155,95",""
"43","RIO GRANDE DO SUL","06/2014","447130","","69511922","","155,46",""
"50","MATO GROSSO DO SUL","06/2014","148780","","24069106","","161,78",""
"51","MATO GROSSO","06/2014","188669","","29621451","","157,00",""
"52","GOIÁS","06/2014","336911","","51552424","","153,01",""
"53","DISTRITO FEDERAL","06/2014","93609","","13284577","","141,92",""
"11","RONDÔNIA","07/2014","117917","","18703984","","158,62",""
"12","ACRE","07/2014","79314","","18804176","","237,09",""
"13","AMAZONAS","07/2014","366254","","74422572","","203,20",""
"14","RORAIMA","07/2014","48782","","9213129","","188,86",""
"15","PARÁ","07/2014","898043","","168906854","","188,08",""
"16","AMAPÁ","07/2014","55561","","11260352","","202,67",""
"17","TOCANTINS","07/2014","142327","","25089838","","176,28",""
"21","MARANHÃO","07/2014","997443","","193508297","","194,00",""
"22","PIAUÍ","07/2014","462719","","87857430","","189,87",""
"23","CEARÁ","07/2014","1107396","","187138477","","168,99",""
"24","RIO GRANDE DO NORTE","07/2014","368153","","61562699","","167,22",""
"25","PARAÍBA","07/2014","531769","","94616308","","177,93",""
"26","PERNAMBUCO","07/2014","1166183","","192085448","","164,71",""
"27","ALAGOAS","07/2014","446255","","77019852","","172,59",""
"28","SERGIPE","07/2014","285529","","45991791","","161,08",""
"29","BAHIA","07/2014","1832070","","311759679","","170,17",""
"31","MINAS GERAIS","07/2014","1168977","","185119194","","158,36",""
"32","ESPÍRITO SANTO","07/2014","194502","","29264269","","150,46",""
"33","RIO DE JANEIRO","07/2014","843937","","136050824","","161,21",""
"35","SÃO PAULO","07/2014","1318533","","203943337","","154,67",""
"41","PARANÁ","07/2014","416714","","61580084","","147,78",""
"42","SANTA CATARINA","07/2014","139122","","22003235","","158,16",""
"43","RIO GRANDE DO SUL","07/2014","448035","","70186185","","156,65",""
"50","MATO GROSSO DO SUL","07/2014","149202","","24392077","","163,48",""
"51","MATO GROSSO","07/2014","189799","","30206923","","159,15",""
"52","GOIÁS","07/2014","341920","","52949049","","154,86",""
"53","DISTRITO FEDERAL","07/2014","87823","","12727123","","144,92",""
"11","RONDÔNIA","08/2014","115350","","18286674","","158,53",""
"12","ACRE","08/2014","78343","","18595046","","237,35",""
"13","AMAZONAS","08/2014","359195","","73571680","","204,82",""
"14","RORAIMA","08/2014","47659","","9075186","","190,42",""
"15","PARÁ","08/2014","885680","","166666226","","188,18",""
"16","AMAPÁ","08/2014","54932","","11172115","","203,38",""
"17","TOCANTINS","08/2014","140068","","24593725","","175,58",""
"21","MARANHÃO","08/2014","985040","","191322793","","194,23",""
"22","PIAUÍ","08/2014","457280","","86898526","","190,03",""
"23","CEARÁ","08/2014","1092529","","184986502","","169,32",""
"24","RIO GRANDE DO NORTE","08/2014","363995","","60898611","","167,31",""
"25","PARAÍBA","08/2014","526464","","93807285","","178,18",""
"26","PERNAMBUCO","08/2014","1152209","","190161102","","165,04",""
"27","ALAGOAS","08/2014","441330","","76266638","","172,81",""
"28","SERGIPE","08/2014","281635","","45328099","","160,95",""
"29","BAHIA","08/2014","1811991","","309598035","","170,86",""
"31","MINAS GERAIS","08/2014","1147546","","181814427","","158,44",""
"32","ESPÍRITO SANTO","08/2014","190809","","28800414","","150,94",""
"33","RIO DE JANEIRO","08/2014","826999","","134031560","","162,07",""
"35","SÃO PAULO","08/2014","1267386","","197778102","","156,05",""
"41","PARANÁ","08/2014","409189","","60424333","","147,67",""
"42","SANTA CATARINA","08/2014","136564","","21579633","","158,02",""
"43","RIO GRANDE DO SUL","08/2014","436823","","68604429","","157,05",""
"50","MATO GROSSO DO SUL","08/2014","146212","","23938392","","163,72",""
"51","MATO GROSSO","08/2014","186379","","29744489","","159,59",""
"52","GOIÁS","08/2014","335190","","51818853","","154,60",""
"53","DISTRITO FEDERAL","08/2014","86340","","12606412","","146,01",""
"11","RONDÔNIA","09/2014","115389","","18281537","","158,43",""
"12","ACRE","09/2014","78619","","18680888","","237,61",""
"13","AMAZONAS","09/2014","359911","","73810550","","205,08",""
"14","RORAIMA","09/2014","48088","","9203601","","191,39",""
"15","PARÁ","09/2014","887633","","167612983","","188,83",""
"16","AMAPÁ","09/2014","55346","","11256244","","203,38",""
"17","TOCANTINS","09/2014","140108","","24613771","","175,68",""
"21","MARANHÃO","09/2014","987599","","191916793","","194,33",""
"22","PIAUÍ","09/2014","458081","","87169765","","190,29",""
"23","CEARÁ","09/2014","1094126","","185262732","","169,32",""
"24","RIO GRANDE DO NORTE","09/2014","364404","","61140387","","167,78",""
"25","PARAÍBA","09/2014","526984","","94050471","","178,47",""
"26","PERNAMBUCO","09/2014","1153941","","190674523","","165,24",""
"27","ALAGOAS","09/2014","441931","","76442976","","172,97",""
"28","SERGIPE","09/2014","281897","","45426096","","161,14",""
"29","BAHIA","09/2014","1815368","","310134713","","170,84",""
"31","MINAS GERAIS","09/2014","1148187","","181959498","","158,48",""
"32","ESPÍRITO SANTO","09/2014","190670","","28854084","","151,33",""
"33","RIO DE JANEIRO","09/2014","828716","","134606746","","162,43",""
"35","SÃO PAULO","09/2014","1270732","","198707181","","156,37",""
"41","PARANÁ","09/2014","407556","","60232650","","147,79",""
"42","SANTA CATARINA","09/2014","136279","","21557906","","158,19",""
"43","RIO GRANDE DO SUL","09/2014","435962","","68508166","","157,14",""
"50","MATO GROSSO DO SUL","09/2014","146228","","23949636","","163,78",""
"51","MATO GROSSO","09/2014","186647","","29750611","","159,40",""
"52","GOIÁS","09/2014","336324","","52098056","","154,90",""
"53","DISTRITO FEDERAL","09/2014","86373","","12658383","","146,55",""
"11","RONDÔNIA","10/2014","115195","","18118137","","157,28",""
"12","ACRE","10/2014","78679","","18659389","","237,16",""
"13","AMAZONAS","10/2014","360162","","73871796","","205,11",""
"14","RORAIMA","10/2014","48232","","9175645","","190,24",""
"15","PARÁ","10/2014","888083","","167260220","","188,34",""
"16","AMAPÁ","10/2014","55519","","11218086","","202,06",""
"17","TOCANTINS","10/2014","139940","","24497532","","175,06",""
"21","MARANHÃO","10/2014","988011","","191655080","","193,98",""
"22","PIAUÍ","10/2014","458157","","87078345","","190,06",""
"23","CEARÁ","10/2014","1094803","","184892833","","168,88",""
"24","RIO GRANDE DO NORTE","10/2014","364480","","60966612","","167,27",""
"25","PARAÍBA","10/2014","527081","","94003963","","178,35",""
"26","PERNAMBUCO","10/2014","1154718","","190570038","","165,04",""
"27","ALAGOAS","10/2014","441684","","76147730","","172,40",""
"28","SERGIPE","10/2014","281993","","45282715","","160,58",""
"29","BAHIA","10/2014","1815663","","309050118","","170,21",""
"31","MINAS GERAIS","10/2014","1147221","","181339206","","158,07",""
"32","ESPÍRITO SANTO","10/2014","190326","","28687817","","150,73",""
"33","RIO DE JANEIRO","10/2014","829246","","134279313","","161,93",""
"35","SÃO PAULO","10/2014","1270203","","198062636","","155,93",""
"41","PARANÁ","10/2014","405905","","59800576","","147,33",""
"42","SANTA CATARINA","10/2014","135817","","21344897","","157,16",""
"43","RIO GRANDE DO SUL","10/2014","435103","","68201462","","156,75",""
"50","MATO GROSSO DO SUL","10/2014","146103","","23893728","","163,54",""
"51","MATO GROSSO","10/2014","186579","","29645295","","158,89",""
"52","GOIÁS","10/2014","336764","","51959038","","154,29",""
"53","DISTRITO FEDERAL","10/2014","86369","","12622220","","146,14",""
"11","RONDÔNIA","11/2014","115481","","18100144","","156,74",""
"12","ACRE","11/2014","78760","","18667924","","237,02",""
"13","AMAZONAS","11/2014","360406","","73916393","","205,09",""
"14","RORAIMA","11/2014","48331","","9181770","","189,98",""
"15","PARÁ","11/2014","889818","","167348812","","188,07",""
"16","AMAPÁ","11/2014","55742","","11222182","","201,32",""
"17","TOCANTINS","11/2014","139854","","24434919","","174,72",""
"21","MARANHÃO","11/2014","988102","","191585728","","193,89",""
"22","PIAUÍ","11/2014","458190","","86978978","","189,83",""
"23","CEARÁ","11/2014","1095041","","184667859","","168,64",""
"24","RIO GRANDE DO NORTE","11/2014","364652","","60899034","","167,01",""
"25","PARAÍBA","11/2014","527343","","94106066","","178,45",""
"26","PERNAMBUCO","11/2014","1155337","","190400493","","164,80",""
"27","ALAGOAS","11/2014","441533","","76091851","","172,34",""
"28","SERGIPE","11/2014","282228","","45257513","","160,36",""
"29","BAHIA","11/2014","1816487","","308615372","","169,90",""
"31","MINAS GERAIS","11/2014","1152710","","181527066","","157,48",""
"32","ESPÍRITO SANTO","11/2014","191653","","28822617","","150,39",""
"33","RIO DE JANEIRO","11/2014","831366","","134056506","","161,25",""
"35","SÃO PAULO","11/2014","1309686","","202655806","","154,74",""
"41","PARANÁ","11/2014","408040","","59855739","","146,69",""
"42","SANTA CATARINA","11/2014","139005","","21612596","","155,48",""
"43","RIO GRANDE DO SUL","11/2014","438137","","68360624","","156,03",""
"50","MATO GROSSO DO SUL","11/2014","146325","","23866724","","163,11",""
"51","MATO GROSSO","11/2014","187425","","29643725","","158,16",""
"52","GOIÁS","11/2014","338979","","51947889","","153,25",""
"53","DISTRITO FEDERAL","11/2014","86843","","12665112","","145,84",""
"11","RONDÔNIA","12/2014","114170","","17828767","","156,16",""
"12","ACRE","12/2014","78561","","18666421","","237,60",""
"13","AMAZONAS","12/2014","358516","","73645993","","205,42",""
"14","RORAIMA","12/2014","48104","","9144478","","190,10",""
"15","PARÁ","12/2014","887426","","166885353","","188,06",""
"16","AMAPÁ","12/2014","55527","","11158658","","200,96",""
"17","TOCANTINS","12/2014","139295","","24345752","","174,78",""
"21","MARANHÃO","12/2014","985136","","191177016","","194,06",""
"22","PIAUÍ","12/2014","456811","","86840734","","190,10",""
"23","CEARÁ","12/2014","1089813","","183823035","","168,67",""
"24","RIO GRANDE DO NORTE","12/2014","362805","","60645564","","167,16",""
"25","PARAÍBA","12/2014","524967","","93855476","","178,78",""
"26","PERNAMBUCO","12/2014","1150879","","189802558","","164,92",""
"27","ALAGOAS","12/2014","439655","","75824150","","172,46",""
"28","SERGIPE","12/2014","281231","","45078319","","160,29",""
"29","BAHIA","12/2014","1808376","","307377376","","169,97",""
"31","MINAS GERAIS","12/2014","1143020","","179946751","","157,43",""
"32","ESPÍRITO SANTO","12/2014","190049","","28455280","","149,73",""
"33","RIO DE JANEIRO","12/2014","827847","","133315138","","161,04",""
"35","SÃO PAULO","12/2014","1327024","","203414518","","153,29",""
"41","PARANÁ","12/2014","406918","","59507256","","146,24",""
"42","SANTA CATARINA","12/2014","137970","","21384408","","154,99",""
"43","RIO GRANDE DO SUL","12/2014","434715","","67734303","","155,81",""
"50","MATO GROSSO DO SUL","12/2014","145224","","23639554","","162,78",""
"51","MATO GROSSO","12/2014","186272","","29384155","","157,75",""
"52","GOIÁS","12/2014","336606","","51496847","","152,99",""
"53","DISTRITO FEDERAL","12/2014","86524","","12641683","","146,11",""
"11","RONDÔNIA","01/2015","113806","","17484220","","153,63",""
"12","ACRE","01/2015","78537","","18571422","","236,47",""
"13","AMAZONAS","01/2015","358447","","73139770","","204,05",""
"14","RORAIMA","01/2015","48228","","9079060","","188,25",""
"15","PARÁ","01/2015","886667","","165284673","","186,41",""
"16","AMAPÁ","01/2015","55549","","11052156","","198,96",""
"17","TOCANTINS","01/2015","138848","","24019365","","172,99",""
"21","MARANHÃO","01/2015","984872","","190069750","","192,99",""
"22","PIAUÍ","01/2015","456543","","86403068","","189,26",""
"23","CEARÁ","01/2015","1089103","","182083648","","167,19",""
"24","RIO GRANDE DO NORTE","01/2015","362458","","60004638","","165,55",""
"25","PARAÍBA","01/2015","524822","","93396549","","177,96",""
"26","PERNAMBUCO","01/2015","1150331","","188218732","","163,62",""
"27","ALAGOAS","01/2015","439208","","75106551","","171,00",""
"28","SERGIPE","01/2015","281041","","44600231","","158,70",""
"29","BAHIA","01/2015","1807291","","304891965","","168,70",""
"31","MINAS GERAIS","01/2015","1139962","","177340388","","155,57",""
"32","ESPÍRITO SANTO","01/2015","189249","","28014607","","148,03",""
"33","RIO DE JANEIRO","01/2015","825974","","131613144","","159,34",""
"35","SÃO PAULO","01/2015","1322640","","200835265","","151,84",""
"41","PARANÁ","01/2015","404610","","58397841","","144,33",""
"42","SANTA CATARINA","01/2015","137226","","20975715","","152,86",""
"43","RIO GRANDE DO SUL","01/2015","432894","","66680845","","154,04",""
"50","MATO GROSSO DO SUL","01/2015","144877","","23355801","","161,21",""
"51","MATO GROSSO","01/2015","185819","","28980223","","155,96",""
"52","GOIÁS","01/2015","335241","","50607625","","150,96",""
"53","DISTRITO FEDERAL","01/2015","86281","","12387614","","143,57",""
"11","RONDÔNIA","02/2015","113469","","17407294","","153,41",""
"12","ACRE","02/2015","78762","","18645795","","236,74",""
"13","AMAZONAS","02/2015","360332","","73607138","","204,28",""
"14","RORAIMA","02/2015","48956","","9208082","","188,09",""
"15","PARÁ","02/2015","887241","","165481551","","186,51",""
"16","AMAPÁ","02/2015","55663","","11066678","","198,82",""
"17","TOCANTINS","02/2015","138822","","24019366","","173,02",""
"21","MARANHÃO","02/2015","986228","","190232794","","192,89",""
"22","PIAUÍ","02/2015","456563","","86371233","","189,18",""
"23","CEARÁ","02/2015","1090582","","182247271","","167,11",""
"24","RIO GRANDE DO NORTE","02/2015","362489","","59996964","","165,51",""
"25","PARAÍBA","02/2015","525481","","93610413","","178,14",""
"26","PERNAMBUCO","02/2015","1151806","","188397871","","163,57",""
"27","ALAGOAS","02/2015","439214","","75093467","","170,97",""
"28","SERGIPE","02/2015","281403","","44670813","","158,74",""
"29","BAHIA","02/2015","1810577","","305324457","","168,63",""
"31","MINAS GERAIS","02/2015","1140550","","177515287","","155,64",""
"32","ESPÍRITO SANTO","02/2015","189669","","28122689","","148,27",""
"33","RIO DE JANEIRO","02/2015","830129","","132319521","","159,40",""
"35","SÃO PAULO","02/2015","1337682","","203673811","","152,26",""
"41","PARANÁ","02/2015","405813","","58765538","","144,81",""
"42","SANTA CATARINA","02/2015","136736","","20908721","","152,91",""
"43","RIO GRANDE DO SUL","02/2015","433895","","66962546","","154,33",""
"50","MATO GROSSO DO SUL","02/2015","145025","","23420363","","161,49",""
"51","MATO GROSSO","02/2015","185828","","29000692","","156,06",""
"52","GOIÁS","02/2015","334897","","50564454","","150,99",""
"53","DISTRITO FEDERAL","02/2015","86440","","12394156","","143,38",""
"11","RONDÔNIA","03/2015","113100","","17357863","","153,47",""
"12","ACRE","03/2015","78689","","18668761","","237,25",""
"13","AMAZONAS","03/2015","360184","","73680363","","204,56",""
"14","RORAIMA","03/2015","48927","","9204801","","188,13",""
"15","PARÁ","03/2015","886273","","165450848","","186,68",""
"16","AMAPÁ","03/2015","55652","","11085773","","199,20",""
"17","TOCANTINS","03/2015","138398","","23905762","","172,73",""
"21","MARANHÃO","03/2015","984989","","190178697","","193,08",""
"22","PIAUÍ","03/2015","455933","","86317765","","189,32",""
"23","CEARÁ","03/2015","1088160","","181847222","","167,11",""
"24","RIO GRANDE DO NORTE","03/2015","361679","","59905246","","165,63",""
"25","PARAÍBA","03/2015","524779","","93624074","","178,41",""
"26","PERNAMBUCO","03/2015","1150334","","188252453","","163,65",""
"27","ALAGOAS","03/2015","438424","","74989719","","171,04",""
"28","SERGIPE","03/2015","280800","","44559272","","158,69",""
"29","BAHIA","03/2015","1807291","","304904293","","168,71",""
"31","MINAS GERAIS","03/2015","1135494","","176947748","","155,83",""
"32","ESPÍRITO SANTO","03/2015","188919","","28037444","","148,41",""
"33","RIO DE JANEIRO","03/2015","828840","","132118238","","159,40",""
"35","SÃO PAULO","03/2015","1332618","","202961090","","152,30",""
"41","PARANÁ","03/2015","403121","","58395126","","144,86",""
"42","SANTA CATARINA","03/2015","134982","","20685532","","153,25",""
"43","RIO GRANDE DO SUL","03/2015","431882","","66692961","","154,42",""
"50","MATO GROSSO DO SUL","03/2015","144292","","23341119","","161,76",""
"51","MATO GROSSO","03/2015","185031","","28907958","","156,23",""
"52","GOIÁS","03/2015","333731","","50413015","","151,06",""
"53","DISTRITO FEDERAL","03/2015","86261","","12380693","","143,53",""
"11","RONDÔNIA","04/2015","110869","","16896489","","152,40",""
"12","ACRE","04/2015","77638","","18516976","","238,50",""
"13","AMAZONAS","04/2015","352452","","72389755","","205,39",""
"14","RORAIMA","04/2015","47185","","8812899","","186,77",""
"15","PARÁ","04/2015","874178","","163513340","","187,05",""
"16","AMAPÁ","04/2015","55219","","11040264","","199,94",""
"17","TOCANTINS","04/2015","135427","","23404353","","172,82",""
"21","MARANHÃO","04/2015","972831","","188275797","","193,53",""
"22","PIAUÍ","04/2015","448126","","85189115","","190,10",""
"23","CEARÁ","04/2015","1060081","","177528303","","167,47",""
"24","RIO GRANDE DO NORTE","04/2015","352111","","58469329","","166,05",""
"25","PARAÍBA","04/2015","516625","","92611812","","179,26",""
"26","PERNAMBUCO","04/2015","1117418","","183592711","","164,30",""
"27","ALAGOAS","04/2015","427737","","73429639","","171,67",""
"28","SERGIPE","04/2015","274058","","43494370","","158,70",""
"29","BAHIA","04/2015","1784020","","301180624","","168,82",""
"31","MINAS GERAIS","04/2015","1114645","","173455247","","155,61",""
"32","ESPÍRITO SANTO","04/2015","184212","","27318912","","148,30",""
"33","RIO DE JANEIRO","04/2015","824176","","130321791","","158,12",""
"35","SÃO PAULO","04/2015","1360671","","206100433","","151,47",""
"41","PARANÁ","04/2015","390039","","56381172","","144,55",""
"42","SANTA CATARINA","04/2015","132895","","20380254","","153,36",""
"43","RIO GRANDE DO SUL","04/2015","416786","","64221758","","154,09",""
"50","MATO GROSSO DO SUL","04/2015","139214","","22562203","","162,07",""
"51","MATO GROSSO","04/2015","179360","","28067711","","156,49",""
"52","GOIÁS","04/2015","327613","","49277435","","150,41",""
"53","DISTRITO FEDERAL","04/2015","80106","","11579572","","144,55",""
"11","RONDÔNIA","05/2015","110646","","16856523","","152,35",""
"12","ACRE","05/2015","77664","","18574949","","239,17",""
"13","AMAZONAS","05/2015","352373","","72560389","","205,92",""
"14","RORAIMA","05/2015","47744","","9055989","","189,68",""
"15","PARÁ","05/2015","873680","","163517549","","187,16",""
"16","AMAPÁ","05/2015","55252","","11071241","","200,38",""
"17","TOCANTINS","05/2015","135233","","23349351","","172,66",""
"21","MARANHÃO","05/2015","973526","","188452433","","193,58",""
"22","PIAUÍ","05/2015","448217","","85207533","","190,10",""
"23","CEARÁ","05/2015","1059406","","177358845","","167,41",""
"24","RIO GRANDE DO NORTE","05/2015","352046","","58469136","","166,08",""
"25","PARAÍBA","05/2015","516797","","92725123","","179,42",""
"26","PERNAMBUCO","05/2015","1117872","","183957269","","164,56",""
"27","ALAGOAS","05/2015","427421","","73451212","","171,85",""
"28","SERGIPE","05/2015","274150","","43497708","","158,66",""
"29","BAHIA","05/2015","1783456","","301329835","","168,96",""
"31","MINAS GERAIS","05/2015","1110786","","173085981","","155,82",""
"32","ESPÍRITO SANTO","05/2015","183191","","27159581","","148,26",""
"33","RIO DE JANEIRO","05/2015","822517","","130305981","","158,42",""
"35","SÃO PAULO","05/2015","1352219","","204925424","","151,55",""
"41","PARANÁ","05/2015","387886","","56103472","","144,64",""
"42","SANTA CATARINA","05/2015","132451","","20352283","","153,66",""
"43","RIO GRANDE DO SUL","05/2015","414957","","63951909","","154,12",""
"50","MATO GROSSO DO SUL","05/2015","138621","","22415573","","161,70",""
"51","MATO GROSSO","05/2015","178952","","28003564","","156,49",""
"52","GOIÁS","05/2015","325749","","49129209","","150,82",""
"53","DISTRITO FEDERAL","05/2015","79980","","11586349","","144,87",""
"11","RONDÔNIA","06/2015","110463","","16740528","","151,55",""
"12","ACRE","06/2015","77382","","18578699","","240,09",""
"13","AMAZONAS","06/2015","351267","","72412161","","206,15",""
"14","RORAIMA","06/2015","47460","","8880465","","187,11",""
"15","PARÁ","06/2015","870897","","163008176","","187,17",""
"16","AMAPÁ","06/2015","54835","","11004522","","200,68",""
"17","TOCANTINS","06/2015","134176","","23156708","","172,58",""
"21","MARANHÃO","06/2015","969656","","187716185","","193,59",""
"22","PIAUÍ","06/2015","446563","","84859528","","190,03",""
"23","CEARÁ","06/2015","1053966","","176477709","","167,44",""
"24","RIO GRANDE DO NORTE","06/2015","350517","","58223886","","166,11",""
"25","PARAÍBA","06/2015","514434","","92384689","","179,59",""
"26","PERNAMBUCO","06/2015","1114857","","183451602","","164,55",""
"27","ALAGOAS","06/2015","424002","","72852539","","171,82",""
"28","SERGIPE","06/2015","272107","","43151066","","158,58",""
"29","BAHIA","06/2015","1769376","","299064640","","169,02",""
"31","MINAS GERAIS","06/2015","1112813","","172980155","","155,44",""
"32","ESPÍRITO SANTO","06/2015","183530","","27232108","","148,38",""
"33","RIO DE JANEIRO","06/2015","831011","","131295824","","158,00",""
"35","SÃO PAULO","06/2015","1364505","","206380999","","151,25",""
"41","PARANÁ","06/2015","391904","","56581001","","144,37",""
"42","SANTA CATARINA","06/2015","133667","","20423524","","152,79",""
"43","RIO GRANDE DO SUL","06/2015","416333","","64034371","","153,81",""
"50","MATO GROSSO DO SUL","06/2015","137636","","22269448","","161,80",""
"51","MATO GROSSO","06/2015","178349","","27887136","","156,36",""
"52","GOIÁS","06/2015","325100","","48741942","","149,93",""
"53","DISTRITO FEDERAL","06/2015","79960","","11614933","","145,26",""
"11","RONDÔNIA","07/2015","109764","","16614018","","151,36",""
"12","ACRE","07/2015","77394","","18565640","","239,88",""
"13","AMAZONAS","07/2015","351524","","72327764","","205,75",""
"14","RORAIMA","07/2015","47508","","8930846","","187,99",""
"15","PARÁ","07/2015","872964","","163033414","","186,76",""
"16","AMAPÁ","07/2015","55969","","11222546","","200,51",""
"17","TOCANTINS","07/2015","134100","","23075810","","172,08",""
"21","MARANHÃO","07/2015","968876","","186989268","","193,00",""
"22","PIAUÍ","07/2015","446011","","84392401","","189,22",""
"23","CEARÁ","07/2015","1057324","","176321661","","166,76",""
"24","RIO GRANDE DO NORTE","07/2015","351876","","58229383","","165,48",""
"25","PARAÍBA","07/2015","513468","","91831678","","178,85",""
"26","PERNAMBUCO","07/2015","1115548","","183080672","","164,12",""
"27","ALAGOAS","07/2015","424079","","72723451","","171,49",""
"28","SERGIPE","07/2015","272694","","43106337","","158,08",""
"29","BAHIA","07/2015","1787135","","300603235","","168,20",""
"31","MINAS GERAIS","07/2015","1122289","","173725700","","154,80",""
"32","ESPÍRITO SANTO","07/2015","187266","","27769900","","148,29",""
"33","RIO DE JANEIRO","07/2015","843650","","132791190","","157,40",""
"35","SÃO PAULO","07/2015","1411622","","212673749","","150,66",""
"41","PARANÁ","07/2015","396121","","57123668","","144,21",""
"42","SANTA CATARINA","07/2015","134575","","20562824","","152,80",""
"43","RIO GRANDE DO SUL","07/2015","419903","","64511038","","153,63",""
"50","MATO GROSSO DO SUL","07/2015","137032","","22187388","","161,91",""
"51","MATO GROSSO","07/2015","178696","","27878007","","156,01",""
"52","GOIÁS","07/2015","325720","","48768301","","149,72",""
"53","DISTRITO FEDERAL","07/2015","84261","","12259086","","145,49",""
"11","RONDÔNIA","08/2015","108705","","16405698","","150,92",""
"12","ACRE","08/2015","77322","","18437500","","238,45",""
"13","AMAZONAS","08/2015","351180","","71872808","","204,66",""
"14","RORAIMA","08/2015","47791","","8926234","","186,78",""
"15","PARÁ","08/2015","871823","","162092297","","185,92",""
"16","AMAPÁ","08/2015","55845","","11147413","","199,61",""
"17","TOCANTINS","08/2015","133479","","22882543","","171,43",""
"21","MARANHÃO","08/2015","967970","","185584344","","191,73",""
"22","PIAUÍ","08/2015","444583","","83456127","","187,72",""
"23","CEARÁ","08/2015","1054298","","174576527","","165,59",""
"24","RIO GRANDE DO NORTE","08/2015","350405","","57655644","","164,54",""
"25","PARAÍBA","08/2015","512001","","91024474","","177,78",""
"26","PERNAMBUCO","08/2015","1112922","","181702565","","163,27",""
"27","ALAGOAS","08/2015","422985","","72184433","","170,65",""
"28","SERGIPE","08/2015","271881","","42754344","","157,25",""
"29","BAHIA","08/2015","1783728","","298643490","","167,43",""
"31","MINAS GERAIS","08/2015","1120592","","172688999","","154,11",""
"32","ESPÍRITO SANTO","08/2015","186676","","27656933","","148,15",""
"33","RIO DE JANEIRO","08/2015","845599","","132635922","","156,85",""
"35","SÃO PAULO","08/2015","1406687","","211200956","","150,14",""
"41","PARANÁ","08/2015","395335","","56880634","","143,88",""
"42","SANTA CATARINA","08/2015","134034","","20345529","","151,79",""
"43","RIO GRANDE DO SUL","08/2015","418348","","63949495","","152,86",""
"50","MATO GROSSO DO SUL","08/2015","136191","","22011624","","161,62",""
"51","MATO GROSSO","08/2015","177708","","27661140","","155,66",""
"52","GOIÁS","08/2015","325009","","48462087","","149,11",""
"53","DISTRITO FEDERAL","08/2015","84005","","12220229","","145,47",""
"11","RONDÔNIA","09/2015","106884","","16004934","","149,74",""
"12","ACRE","09/2015","80188","","18676351","","232,91",""
"13","AMAZONAS","09/2015","354504","","71842893","","202,66",""
"14","RORAIMA","09/2015","46248","","8624158","","186,48",""
"15","PARÁ","09/2015","865630","","160128209","","184,98",""
"16","AMAPÁ","09/2015","58765","","11374983","","193,57",""
"17","TOCANTINS","09/2015","133420","","22713328","","170,24",""
"21","MARANHÃO","09/2015","948824","","181550201","","191,34",""
"22","PIAUÍ","09/2015","440707","","82328596","","186,81",""
"23","CEARÁ","09/2015","1051619","","172767426","","164,29",""
"24","RIO GRANDE DO NORTE","09/2015","355335","","57778067","","162,60",""
"25","PARAÍBA","09/2015","504277","","89599073","","177,68",""
"26","PERNAMBUCO","09/2015","1117661","","181108165","","162,04",""
"27","ALAGOAS","09/2015","421718","","71527413","","169,61",""
"28","SERGIPE","09/2015","266634","","41827703","","156,87",""
"29","BAHIA","09/2015","1797631","","298127610","","165,84",""
"31","MINAS GERAIS","09/2015","1128218","","172658762","","153,04",""
"32","ESPÍRITO SANTO","09/2015","194498","","28521971","","146,64",""
"33","RIO DE JANEIRO","09/2015","847672","","132179825","","155,93",""
"35","SÃO PAULO","09/2015","1458925","","215795690","","147,91",""
"41","PARANÁ","09/2015","405706","","57767666","","142,39",""
"42","SANTA CATARINA","09/2015","136691","","20625990","","150,90",""
"43","RIO GRANDE DO SUL","09/2015","421778","","63746742","","151,14",""
"50","MATO GROSSO DO SUL","09/2015","139283","","22204218","","159,42",""
"51","MATO GROSSO","09/2015","177903","","27443754","","154,26",""
"52","GOIÁS","09/2015","322480","","47807417","","148,25",""
"53","DISTRITO FEDERAL","09/2015","97163","","13631107","","140,29",""
"11","RONDÔNIA","10/2015","106619","","15832196","","148,49",""
"12","ACRE","10/2015","81487","","18879625","","231,69",""
"13","AMAZONAS","10/2015","364302","","72848003","","199,97",""
"14","RORAIMA","10/2015","46115","","8548042","","185,36",""
"15","PARÁ","10/2015","893338","","162763310","","182,20",""
"16","AMAPÁ","10/2015","60486","","11566356","","191,22",""
"17","TOCANTINS","10/2015","136953","","22972217","","167,74",""
"21","MARANHÃO","10/2015","952460","","180821942","","189,85",""
"22","PIAUÍ","10/2015","442948","","82241497","","185,67",""
"23","CEARÁ","10/2015","1084056","","175262728","","161,67",""
"24","RIO GRANDE DO NORTE","10/2015","356288","","57505028","","161,40",""
"25","PARAÍBA","10/2015","503616","","89081779","","176,88",""
"26","PERNAMBUCO","10/2015","1121134","","180526088","","161,02",""
"27","ALAGOAS","10/2015","421388","","70986709","","168,46",""
"28","SERGIPE","10/2015","268523","","41639736","","155,07",""
"29","BAHIA","10/2015","1800580","","297106694","","165,01",""
"31","MINAS GERAIS","10/2015","1124332","","170936130","","152,03",""
"32","ESPÍRITO SANTO","10/2015","196524","","28566735","","145,36",""
"33","RIO DE JANEIRO","10/2015","851524","","131729021","","154,70",""
"35","SÃO PAULO","10/2015","1452533","","213886880","","147,25",""
"41","PARANÁ","10/2015","403329","","56973010","","141,26",""
"42","SANTA CATARINA","10/2015","133769","","20023258","","149,69",""
"43","RIO GRANDE DO SUL","10/2015","424104","","63500279","","149,73",""
"50","MATO GROSSO DO SUL","10/2015","143882","","22663122","","157,51",""
"51","MATO GROSSO","10/2015","181831","","27564495","","151,59",""
"52","GOIÁS","10/2015","324188","","47496336","","146,51",""
"53","DISTRITO FEDERAL","10/2015","94815","","13278408","","140,05",""
"11","RONDÔNIA","11/2015","105193","","15388869","","146,29",""
"12","ACRE","11/2015","80330","","18612200","","231,70",""
"13","AMAZONAS","11/2015","358690","","71880038","","200,40",""
"14","RORAIMA","11/2015","46024","","8537602","","185,50",""
"15","PARÁ","11/2015","885315","","161065304","","181,93",""
"16","AMAPÁ","11/2015","59935","","11423815","","190,60",""
"17","TOCANTINS","11/2015","134785","","22516381","","167,05",""
"21","MARANHÃO","11/2015","945341","","179049394","","189,40",""
"22","PIAUÍ","11/2015","440450","","81669880","","185,42",""
"23","CEARÁ","11/2015","1061910","","171350122","","161,36",""
"24","RIO GRANDE DO NORTE","11/2015","352759","","56709933","","160,76",""
"25","PARAÍBA","11/2015","502034","","88711641","","176,70",""
"26","PERNAMBUCO","11/2015","1107145","","177996247","","160,77",""
"27","ALAGOAS","11/2015","414706","","69641422","","167,93",""
"28","SERGIPE","11/2015","267320","","41148569","","153,93",""
"29","BAHIA","11/2015","1779967","","293133589","","164,68",""
"31","MINAS GERAIS","11/2015","1102795","","166915316","","151,36",""
"32","ESPÍRITO SANTO","11/2015","192114","","27749709","","144,44",""
"33","RIO DE JANEIRO","11/2015","841698","","129655224","","154,04",""
"35","SÃO PAULO","11/2015","1431020","","209505359","","146,40",""
"41","PARANÁ","11/2015","391747","","54739417","","139,73",""
"42","SANTA CATARINA","11/2015","129287","","19187253","","148,41",""
"43","RIO GRANDE DO SUL","11/2015","422203","","62789103","","148,72",""
"50","MATO GROSSO DO SUL","11/2015","140671","","22028737","","156,60",""
"51","MATO GROSSO","11/2015","177462","","26720510","","150,57",""
"52","GOIÁS","11/2015","318118","","46148521","","145,07",""
"53","DISTRITO FEDERAL","11/2015","93198","","13001531","","139,50",""
"11","RONDÔNIA","12/2015","105855","","15459857","","146,05",""
"12","ACRE","12/2015","80803","","18729642","","231,79",""
"13","AMAZONAS","12/2015","362009","","72523492","","200,34",""
"14","RORAIMA","12/2015","46814","","8663182","","185,06",""
"15","PARÁ","12/2015","890127","","161941884","","181,93",""
"16","AMAPÁ","12/2015","60768","","11547622","","190,03",""
"17","TOCANTINS","12/2015","136650","","22784304","","166,73",""
"21","MARANHÃO","12/2015","952131","","180221042","","189,28",""
"22","PIAUÍ","12/2015","443346","","82155977","","185,31",""
"23","CEARÁ","12/2015","1075853","","173278958","","161,06",""
"24","RIO GRANDE DO NORTE","12/2015","356405","","57246186","","160,62",""
"25","PARAÍBA","12/2015","506704","","89607489","","176,84",""
"26","PERNAMBUCO","12/2015","1116657","","179455100","","160,71",""
"27","ALAGOAS","12/2015","418405","","70288581","","167,99",""
"28","SERGIPE","12/2015","269296","","41491218","","154,07",""
"29","BAHIA","12/2015","1797610","","295855438","","164,58",""
"31","MINAS GERAIS","12/2015","1119274","","169303436","","151,26",""
"32","ESPÍRITO SANTO","12/2015","194552","","28135075","","144,61",""
"33","RIO DE JANEIRO","12/2015","849412","","130779235","","153,96",""
"35","SÃO PAULO","12/2015","1454858","","212888004","","146,33",""
"41","PARANÁ","12/2015","400103","","55967728","","139,88",""
"42","SANTA CATARINA","12/2015","131525","","19550184","","148,64",""
"43","RIO GRANDE DO SUL","12/2015","427939","","63622523","","148,67",""
"50","MATO GROSSO DO SUL","12/2015","142530","","22280246","","156,32",""
"51","MATO GROSSO","12/2015","179646","","27043489","","150,54",""
"52","GOIÁS","12/2015","323558","","46869647","","144,86",""
"53","DISTRITO FEDERAL","12/2015","93961","","13106388","","139,49",""
"11","RONDÔNIA","01/2016","103668","","14843113","","143,18",""
"12","ACRE","01/2016","83471","","19130876","","229,19",""
"13","AMAZONAS","01/2016","366583","","72855628","","198,74",""
"14","RORAIMA","01/2016","48727","","8712600","","178,80",""
"15","PARÁ","01/2016","913985","","163949987","","179,38",""
"16","AMAPÁ","01/2016","63031","","11727285","","186,06",""
"17","TOCANTINS","01/2016","136465","","22426587","","164,34",""
"21","MARANHÃO","01/2016","969154","","181234328","","187,00",""
"22","PIAUÍ","01/2016","453016","","82982147","","183,18",""
"23","CEARÁ","01/2016","1067944","","170391273","","159,55",""
"24","RIO GRANDE DO NORTE","01/2016","358565","","56947919","","158,82",""
"25","PARAÍBA","01/2016","519700","","90823443","","174,76",""
"26","PERNAMBUCO","01/2016","1139461","","180473943","","158,39",""
"27","ALAGOAS","01/2016","411855","","68583884","","166,52",""
"28","SERGIPE","01/2016","274005","","41440513","","151,24",""
"29","BAHIA","01/2016","1835898","","297931381","","162,28",""
"31","MINAS GERAIS","01/2016","1099909","","164855910","","149,88",""
"32","ESPÍRITO SANTO","01/2016","188612","","27092669","","143,64",""
"33","RIO DE JANEIRO","01/2016","832876","","126986368","","152,47",""
"35","SÃO PAULO","01/2016","1438592","","208693312","","145,07",""
"41","PARANÁ","01/2016","391621","","54174396","","138,33",""
"42","SANTA CATARINA","01/2016","127262","","18746651","","147,31",""
"43","RIO GRANDE DO SUL","01/2016","418706","","61601745","","147,12",""
"50","MATO GROSSO DO SUL","01/2016","141053","","21806421","","154,60",""
"51","MATO GROSSO","01/2016","177698","","26350655","","148,29",""
"52","GOIÁS","01/2016","322363","","45953068","","142,55",""
"53","DISTRITO FEDERAL","01/2016","85171","","11923719","","140,00",""
"11","RONDÔNIA","02/2016","103094","","14637601,00","","141,98",""
"12","ACRE","02/2016","83446","","19133088,00","","229,29",""
"13","AMAZONAS","02/2016","366432","","72691311,00","","198,38",""
"14","RORAIMA","02/2016","48670","","8703216,00","","178,82",""
"15","PARÁ","02/2016","913363","","163518188,00","","179,03",""
"16","AMAPÁ","02/2016","62942","","11695184,00","","185,81",""
"17","TOCANTINS","02/2016","136339","","22365366,00","","164,04",""
"21","MARANHÃO","02/2016","969579","","181195802,00","","186,88",""
"22","PIAUÍ","02/2016","452846","","82941289,00","","183,16",""
"23","CEARÁ","02/2016","1067558","","169888130,00","","159,14",""
"24","RIO GRANDE DO NORTE","02/2016","358245","","56752838,00","","158,42",""
"25","PARAÍBA","02/2016","519898","","90751404,00","","174,56",""
"26","PERNAMBUCO","02/2016","1139203","","180154299,00","","158,14",""
"27","ALAGOAS","02/2016","411925","","68368165,00","","165,97",""
"28","SERGIPE","02/2016","273970","","41363683,00","","150,98",""
"29","BAHIA","02/2016","1835621","","297263407,00","","161,94",""
"31","MINAS GERAIS","02/2016","1100524","","164198118,00","","149,20",""
"32","ESPÍRITO SANTO","02/2016","187991","","26769932,00","","142,40",""
"33","RIO DE JANEIRO","02/2016","834069","","126538289,00","","151,71",""
"35","SÃO PAULO","02/2016","1439838","","207515102,00","","144,12",""
"41","PARANÁ","02/2016","391114","","53784700,00","","137,52",""
"42","SANTA CATARINA","02/2016","127276","","18615683,00","","146,26",""
"43","RIO GRANDE DO SUL","02/2016","417860","","61114150,00","","146,26",""
"50","MATO GROSSO DO SUL","02/2016","140512","","21661440,00","","154,16",""
"51","MATO GROSSO","02/2016","177189","","26140156,00","","147,53",""
"52","GOIÁS","02/2016","322033","","45638499,00","","141,72",""
"53","DISTRITO FEDERAL","02/2016","85062","","11798454,00","","138,70",""
"11","RONDÔNIA","03/2016","99776","","14108745,00","","141,40",""
"12","ACRE","03/2016","84264","","19338429,00","","229,50",""
"13","AMAZONAS","03/2016","370142","","73269565,00","","197,95",""
"14","RORAIMA","03/2016","50466","","8907403,00","","176,50",""
"15","PARÁ","03/2016","914477","","163207161,00","","178,47",""
"16","AMAPÁ","03/2016","63149","","11711120,00","","185,45",""
"17","TOCANTINS","03/2016","136019","","22251925,00","","163,59",""
"21","MARANHÃO","03/2016","969101","","180859945,00","","186,63",""
"22","PIAUÍ","03/2016","453034","","82873901,00","","182,93",""
"23","CEARÁ","03/2016","1055787","","167919408,00","","159,05",""
"24","RIO GRANDE DO NORTE","03/2016","355486","","56289450,00","","158,35",""
"25","PARAÍBA","03/2016","524488","","91310285,00","","174,09",""
"26","PERNAMBUCO","03/2016","1131869","","178800071,00","","157,97",""
"27","ALAGOAS","03/2016","399141","","66359638,00","","166,26",""
"28","SERGIPE","03/2016","272775","","41074091,00","","150,58",""
"29","BAHIA","03/2016","1834086","","296525154,00","","161,67",""
"31","MINAS GERAIS","03/2016","1088028","","162191646,00","","149,07",""
"32","ESPÍRITO SANTO","03/2016","182360","","25981879,00","","142,48",""
"33","RIO DE JANEIRO","03/2016","805784","","122234709,00","","151,70",""
"35","SÃO PAULO","03/2016","1420481","","204301806,00","","143,83",""
"41","PARANÁ","03/2016","386774","","53174886,00","","137,48",""
"42","SANTA CATARINA","03/2016","123814","","18096771,00","","146,16",""
"43","RIO GRANDE DO SUL","03/2016","405412","","59148326,00","","145,90",""
"50","MATO GROSSO DO SUL","03/2016","139191","","21445249,00","","154,07",""
"51","MATO GROSSO","03/2016","174487","","25658066,00","","147,05",""
"52","GOIÁS","03/2016","321101","","45230212,00","","140,86",""
"53","DISTRITO FEDERAL","03/2016","79496","","11054730,00","","139,06",""
"11","RONDÔNIA","04/2016","99901","","14134381","","141,48",""
"12","ACRE","04/2016","84645","","19514152","","230,54",""
"13","AMAZONAS","04/2016","371895","","73845136","","198,56",""
"14","RORAIMA","04/2016","50455","","8968104","","177,74",""
"15","PARÁ","04/2016","915780","","163897866","","178,97",""
"16","AMAPÁ","04/2016","63132","","11769198","","186,42",""
"17","TOCANTINS","04/2016","136415","","22356130","","163,88",""
"21","MARANHÃO","04/2016","971299","","181850932","","187,22",""
"22","PIAUÍ","04/2016","453832","","83303607","","183,56",""
"23","CEARÁ","04/2016","1058559","","168703465","","159,37",""
"24","RIO GRANDE DO NORTE","04/2016","355912","","56490657","","158,72",""
"25","PARAÍBA","04/2016","524956","","91695008","","174,67",""
"26","PERNAMBUCO","04/2016","1134200","","179649971","","158,39",""
"27","ALAGOAS","04/2016","399340","","66647733","","166,89",""
"28","SERGIPE","04/2016","273279","","41242839","","150,92",""
"29","BAHIA","04/2016","1837668","","297897496","","162,11",""
"31","MINAS GERAIS","04/2016","1091480","","163479535","","149,78",""
"32","ESPÍRITO SANTO","04/2016","183394","","26212101","","142,93",""
"33","RIO DE JANEIRO","04/2016","811978","","123562560","","152,17",""
"35","SÃO PAULO","04/2016","1438777","","207507458","","144,22",""
"41","PARANÁ","04/2016","388680","","53640423","","138,01",""
"42","SANTA CATARINA","04/2016","124629","","18311106","","146,92",""
"43","RIO GRANDE DO SUL","04/2016","405128","","59234240","","146,21",""
"50","MATO GROSSO DO SUL","04/2016","139333","","21516406","","154,42",""
"51","MATO GROSSO","04/2016","174715","","25735773","","147,30",""
"52","GOIÁS","04/2016","322086","","45498964","","141,26",""
"53","DISTRITO FEDERAL","04/2016","80677","","11253419","","139,49",""
"11","RONDÔNIA","05/2016","99178","","14041283","","141,58",""
"12","ACRE","05/2016","84083","","19513381","","232,07",""
"13","AMAZONAS","05/2016","370479","","73993661","","199,72",""
"14","RORAIMA","05/2016","50063","","8983935","","179,45",""
"15","PARÁ","05/2016","912079","","163832863","","179,63",""
"16","AMAPÁ","05/2016","62804","","11762900","","187,30",""
"17","TOCANTINS","05/2016","135378","","22224250","","164,16",""
"21","MARANHÃO","05/2016","968434","","181903084","","187,83",""
"22","PIAUÍ","05/2016","452832","","83353004","","184,07",""
"23","CEARÁ","05/2016","1052880","","168239972","","159,79",""
"24","RIO GRANDE DO NORTE","05/2016","354152","","56372895","","159,18",""
"25","PARAÍBA","05/2016","522473","","91549532","","175,22",""
"26","PERNAMBUCO","05/2016","1129512","","179645810","","159,05",""
"27","ALAGOAS","05/2016","397037","","66540175","","167,59",""
"28","SERGIPE","05/2016","272292","","41256693","","151,52",""
"29","BAHIA","05/2016","1830669","","297670519","","162,60",""
"31","MINAS GERAIS","05/2016","1083117","","162977784","","150,47",""
"32","ESPÍRITO SANTO","05/2016","181896","","26125166","","143,63",""
"33","RIO DE JANEIRO","05/2016","807544","","123493798","","152,93",""
"35","SÃO PAULO","05/2016","1427513","","207012517","","145,02",""
"41","PARANÁ","05/2016","383804","","53215994","","138,65",""
"42","SANTA CATARINA","05/2016","123348","","18169291","","147,30",""
"43","RIO GRANDE DO SUL","05/2016","399817","","58696829","","146,81",""
"50","MATO GROSSO DO SUL","05/2016","137875","","21386283","","155,11",""
"51","MATO GROSSO","05/2016","173123","","25643551","","148,12",""
"52","GOIÁS","05/2016","319759","","45328943","","141,76",""
"53","DISTRITO FEDERAL","05/2016","80394","","11257634","","140,03",""
"11","RONDÔNIA","06/2016","99204","","14049383","","141,62",""
"12","ACRE","06/2016","83994","","19569171","","232,98",""
"13","AMAZONAS","06/2016","368891","","74056191","","200,75",""
"14","RORAIMA","06/2016","50020","","9047127","","180,87",""
"15","PARÁ","06/2016","910221","","163938627","","180,11",""
"16","AMAPÁ","06/2016","62541","","11836328","","189,26",""
"17","TOCANTINS","06/2016","134860","","22207656","","164,67",""
"21","MARANHÃO","06/2016","967117","","182190853","","188,39",""
"22","PIAUÍ","06/2016","451957","","83430659","","184,60",""
"23","CEARÁ","06/2016","1048705","","168112132","","160,30",""
"24","RIO GRANDE DO NORTE","06/2016","353058","","56306382","","159,48",""
"25","PARAÍBA","06/2016","521822","","91705642","","175,74",""
"26","PERNAMBUCO","06/2016","1127115","","179699266","","159,43",""
"27","ALAGOAS","06/2016","397432","","66821190","","168,13",""
"28","SERGIPE","06/2016","271672","","41186242","","151,60",""
"29","BAHIA","06/2016","1827274","","297588754","","162,86",""
"31","MINAS GERAIS","06/2016","1082801","","163337270","","150,85",""
"32","ESPÍRITO SANTO","06/2016","181534","","26104489","","143,80",""
"33","RIO DE JANEIRO","06/2016","805700","","123331483","","153,07",""
"35","SÃO PAULO","06/2016","1437458","","208245609","","144,87",""
"41","PARANÁ","06/2016","385488","","53577607","","138,99",""
"42","SANTA CATARINA","06/2016","125329","","18487662","","147,51",""
"43","RIO GRANDE DO SUL","06/2016","400459","","58851380","","146,96",""
"50","MATO GROSSO DO SUL","06/2016","137108","","21351026","","155,72",""
"51","MATO GROSSO","06/2016","172608","","25655173","","148,63",""
"52","GOIÁS","06/2016","320749","","45510493","","141,89",""
"53","DISTRITO FEDERAL","06/2016","80380","","11243123","","139,87",""
"11","RONDÔNIA","07/2016","97655","","15654069,00","","160,30",""
"12","ACRE","07/2016","84504","","22058933,00","","261,04",""
"13","AMAZONAS","07/2016","373709","","84454493,00","","225,99",""
"14","RORAIMA","07/2016","49827","","10184922,00","","204,41",""
"15","PARÁ","07/2016","904678","","183766022,00","","203,13",""
"16","AMAPÁ","07/2016","62749","","13387044,00","","213,34",""
"17","TOCANTINS","07/2016","134894","","25015782,00","","185,45",""
"21","MARANHÃO","07/2016","964521","","204760068,00","","212,29",""
"22","PIAUÍ","07/2016","451937","","93533662,00","","206,96",""
"23","CEARÁ","07/2016","1049729","","189596670,00","","180,61",""
"24","RIO GRANDE DO NORTE","07/2016","354025","","63418245,00","","179,13",""
"25","PARAÍBA","07/2016","520992","","102564981,00","","196,86",""
"26","PERNAMBUCO","07/2016","1130916","","202578262,00","","179,13",""
"27","ALAGOAS","07/2016","397446","","75112105,00","","188,99",""
"28","SERGIPE","07/2016","271158","","46218361,00","","170,45",""
"29","BAHIA","07/2016","1835673","","335668581,00","","182,86",""
"31","MINAS GERAIS","07/2016","1098073","","186177039,00","","169,55",""
"32","ESPÍRITO SANTO","07/2016","184819","","30025664,00","","162,46",""
"33","RIO DE JANEIRO","07/2016","816278","","140750471,00","","172,43",""
"35","SÃO PAULO","07/2016","1483615","","241066495,00","","162,49",""
"41","PARANÁ","07/2016","390979","","61087959,00","","156,24",""
"42","SANTA CATARINA","07/2016","128022","","21267449,00","","166,12",""
"43","RIO GRANDE DO SUL","07/2016","403162","","66490543,00","","164,92",""
"50","MATO GROSSO DO SUL","07/2016","137282","","24061914,00","","175,27",""
"51","MATO GROSSO","07/2016","172647","","28906222,00","","167,43",""
"52","GOIÁS","07/2016","320971","","51263732,00","","159,71",""
"53","DISTRITO FEDERAL","07/2016","84769","","13441697,00","","158,57",""
"11","RONDÔNIA","08/2016","97104","","15569734","","160,34",""
"12","ACRE","08/2016","84223","","21973981","","260,90",""
"13","AMAZONAS","08/2016","372803","","84574527","","226,86",""
"14","RORAIMA","08/2016","49573","","10216557","","206,09",""
"15","PARÁ","08/2016","901664","","184111941","","204,19",""
"16","AMAPÁ","08/2016","62534","","13391539","","214,15",""
"17","TOCANTINS","08/2016","134191","","24889933","","185,48",""
"21","MARANHÃO","08/2016","962088","","204577068","","212,64",""
"22","PIAUÍ","08/2016","450527","","93300614","","207,09",""
"23","CEARÁ","08/2016","1044957","","189197836","","181,06",""
"24","RIO GRANDE DO NORTE","08/2016","352294","","63267936","","179,59",""
"25","PARAÍBA","08/2016","519718","","102553143","","197,32",""
"26","PERNAMBUCO","08/2016","1127084","","202394064","","179,57",""
"27","ALAGOAS","08/2016","396345","","75221674","","189,79",""
"28","SERGIPE","08/2016","270191","","46366924","","171,61",""
"29","BAHIA","08/2016","1828980","","335502881","","183,44",""
"31","MINAS GERAIS","08/2016","1092540","","185536592","","169,82",""
"32","ESPÍRITO SANTO","08/2016","184161","","30046497","","163,15",""
"33","RIO DE JANEIRO","08/2016","811575","","140393102","","172,99",""
"35","SÃO PAULO","08/2016","1476518","","240449712","","162,85",""
"41","PARANÁ","08/2016","387914","","60720101","","156,53",""
"42","SANTA CATARINA","08/2016","128148","","21290860","","166,14",""
"43","RIO GRANDE DO SUL","08/2016","401248","","66195846","","164,97",""
"50","MATO GROSSO DO SUL","08/2016","136069","","23903773","","175,67",""
"51","MATO GROSSO","08/2016","171294","","28715402","","167,64",""
"52","GOIÁS","08/2016","319601","","51077547","","159,82",""
"53","DISTRITO FEDERAL","08/2016","84614","","13477584","","159,28",""
"11","RONDÔNIA","09/2016","97284","","15442143","","158,73",""
"12","ACRE","09/2016","83936","","21857203","","260,40",""
"13","AMAZONAS","09/2016","374035","","84749700","","226,58",""
"14","RORAIMA","09/2016","48042","","9966791","","207,46",""
"15","PARÁ","09/2016","912388","","185251901","","203,04",""
"16","AMAPÁ","09/2016","63368","","13475932","","212,66",""
"17","TOCANTINS","09/2016","134262","","24801751","","184,73",""
"21","MARANHÃO","09/2016","966564","","204877723","","211,96",""
"22","PIAUÍ","09/2016","449835","","93005846","","206,76",""
"23","CEARÁ","09/2016","1061661","","190810484","","179,73",""
"24","RIO GRANDE DO NORTE","09/2016","353336","","63158264","","178,75",""
"25","PARAÍBA","09/2016","520205","","102383024","","196,81",""
"26","PERNAMBUCO","09/2016","1127950","","202222132","","179,28",""
"27","ALAGOAS","09/2016","400408","","75596665","","188,80",""
"28","SERGIPE","09/2016","273291","","46582088","","170,45",""
"29","BAHIA","09/2016","1822488","","333604972","","183,05",""
"31","MINAS GERAIS","09/2016","1094484","","185459622","","169,45",""
"32","ESPÍRITO SANTO","09/2016","184134","","29988677","","162,86",""
"33","RIO DE JANEIRO","09/2016","813565","","140663180","","172,90",""
"35","SÃO PAULO","09/2016","1482580","","240457912","","162,19",""
"41","PARANÁ","09/2016","389931","","60715208","","155,71",""
"42","SANTA CATARINA","09/2016","126494","","20998803","","166,01",""
"43","RIO GRANDE DO SUL","09/2016","395376","","65121757","","164,71",""
"50","MATO GROSSO DO SUL","09/2016","136403","","23826021","","174,67",""
"51","MATO GROSSO","09/2016","169968","","28353368","","166,82",""
"52","GOIÁS","09/2016","316640","","50341174","","158,99",""
"53","DISTRITO FEDERAL","09/2016","85422","","13556980","","158,71",""
"11","RONDÔNIA","10/2016","96907","","15374953","","158,66",""
"12","ACRE","10/2016","84006","","21946082","","261,24",""
"13","AMAZONAS","10/2016","372978","","84868118","","227,54",""
"14","RORAIMA","10/2016","47186","","9870217","","209,18",""
"15","PARÁ","10/2016","910399","","185240008","","203,47",""
"16","AMAPÁ","10/2016","63138","","13459867","","213,18",""
"17","TOCANTINS","10/2016","134205","","24815095","","184,90",""
"21","MARANHÃO","10/2016","964432","","204973747","","212,53",""
"22","PIAUÍ","10/2016","450304","","93051106","","206,64",""
"23","CEARÁ","10/2016","1063517","","191057925","","179,65",""
"24","RIO GRANDE DO NORTE","10/2016","353994","","63294742","","178,80",""
"25","PARAÍBA","10/2016","520015","","102505191","","197,12",""
"26","PERNAMBUCO","10/2016","1130087","","202875544","","179,52",""
"27","ALAGOAS","10/2016","403681","","75893787","","188,00",""
"28","SERGIPE","10/2016","273356","","46639142","","170,62",""
"29","BAHIA","10/2016","1824546","","334103675","","183,12",""
"31","MINAS GERAIS","10/2016","1104327","","187080490","","169,41",""
"32","ESPÍRITO SANTO","10/2016","185671","","30171455","","162,50",""
"33","RIO DE JANEIRO","10/2016","823846","","142248799","","172,66",""
"35","SÃO PAULO","10/2016","1507395","","243845123","","161,77",""
"41","PARANÁ","10/2016","392596","","61111954","","155,66",""
"42","SANTA CATARINA","10/2016","128976","","21377601","","165,75",""
"43","RIO GRANDE DO SUL","10/2016","398635","","65514289","","164,35",""
"50","MATO GROSSO DO SUL","10/2016","136913","","23928399","","174,77",""
"51","MATO GROSSO","10/2016","170203","","28455819","","167,19",""
"52","GOIÁS","10/2016","318300","","50615267","","159,02",""
"53","DISTRITO FEDERAL","10/2016","88528","","13959635","","157,69",""
"11","RONDÔNIA","11/2016","93762","","14991369","","159,89",""
"12","ACRE","11/2016","83043","","21894144","","263,65",""
"13","AMAZONAS","11/2016","370038","","84789648","","229,14",""
"14","RORAIMA","11/2016","45885","","9730225","","212,06",""
"15","PARÁ","11/2016","896253","","182548840","","203,68",""
"16","AMAPÁ","11/2016","61671","","13272614","","215,22",""
"17","TOCANTINS","11/2016","130731","","24392162","","186,58",""
"21","MARANHÃO","11/2016","943902","","202323670","","214,35",""
"22","PIAUÍ","11/2016","436618","","90996455","","208,41",""
"23","CEARÁ","11/2016","1037916","","188057171","","181,19",""
"24","RIO GRANDE DO NORTE","11/2016","344759","","62163475","","180,31",""
"25","PARAÍBA","11/2016","503187","","100057904","","198,85",""
"26","PERNAMBUCO","11/2016","1098749","","199117437","","181,22",""
"27","ALAGOAS","11/2016","393586","","74654617","","189,68",""
"28","SERGIPE","11/2016","265767","","45786263","","172,28",""
"29","BAHIA","11/2016","1775172","","327726656","","184,62",""
"31","MINAS GERAIS","11/2016","1070787","","183316963","","171,20",""
"32","ESPÍRITO SANTO","11/2016","181005","","29729159","","164,24",""
"33","RIO DE JANEIRO","11/2016","796664","","139238306","","174,78",""
"35","SÃO PAULO","11/2016","1451478","","237550239","","163,66",""
"41","PARANÁ","11/2016","375389","","59346664","","158,09",""
"42","SANTA CATARINA","11/2016","122950","","20671163","","168,13",""
"43","RIO GRANDE DO SUL","11/2016","379709","","63386969","","166,94",""
"50","MATO GROSSO DO SUL","11/2016","131764","","23336373","","177,11",""
"51","MATO GROSSO","11/2016","164506","","27863166","","169,37",""
"52","GOIÁS","11/2016","308380","","49529955","","160,61",""
"53","DISTRITO FEDERAL","11/2016","87062","","13851518","","159,10",""
"11","RONDÔNIA","12/2016","93533","","14403149","","153,99",""
"12","ACRE","12/2016","82795","","21613287","","261,05",""
"13","AMAZONAS","12/2016","370487","","83929449","","226,54",""
"14","RORAIMA","12/2016","47224","","9824455","","208,04",""
"15","PARÁ","12/2016","898914","","182304072","","202,80",""
"16","AMAPÁ","12/2016","62371","","13266253","","212,70",""
"17","TOCANTINS","12/2016","129813","","23601870","","181,81",""
"21","MARANHÃO","12/2016","951942","","202413886","","212,63",""
"22","PIAUÍ","12/2016","435418","","90178036","","207,11",""
"23","CEARÁ","12/2016","1042087","","186400069","","178,87",""
"24","RIO GRANDE DO NORTE","12/2016","343838","","61174333","","177,92",""
"25","PARAÍBA","12/2016","502914","","99154103","","197,16",""
"26","PERNAMBUCO","12/2016","1096314","","196698714","","179,42",""
"27","ALAGOAS","12/2016","396054","","74168706","","187,27",""
"28","SERGIPE","12/2016","267362","","45475080","","170,09",""
"29","BAHIA","12/2016","1772853","","324058076","","182,79",""
"31","MINAS GERAIS","12/2016","1061912","","177423204","","167,08",""
"32","ESPÍRITO SANTO","12/2016","180737","","28863588","","159,70",""
"33","RIO DE JANEIRO","12/2016","804641","","138663497","","172,33",""
"35","SÃO PAULO","12/2016","1466681","","235764120","","160,75",""
"41","PARANÁ","12/2016","370796","","56425329","","152,17",""
"42","SANTA CATARINA","12/2016","122594","","20010809","","163,23",""
"43","RIO GRANDE DO SUL","12/2016","379234","","61770264","","162,88",""
"50","MATO GROSSO DO SUL","12/2016","131258","","22546666","","171,77",""
"51","MATO GROSSO","12/2016","164105","","26829109","","163,49",""
"52","GOIÁS","12/2016","306444","","47531363","","155,11",""
"53","DISTRITO FEDERAL","12/2016","87255","","13681214","","156,80",""
"11","RONDÔNIA","01/2017","90534","","13622591","","150,47",""
"12","ACRE","01/2017","84444","","21725837","","257,28",""
"13","AMAZONAS","01/2017","379727","","84808423","","223,34",""
"14","RORAIMA","01/2017","47657","","9694704","","203,43",""
"15","PARÁ","01/2017","916730","","182726692","","199,32",""
"16","AMAPÁ","01/2017","65241","","13657672","","209,34",""
"17","TOCANTINS","01/2017","127771","","22951694","","179,63",""
"21","MARANHÃO","01/2017","968887","","202664466","","209,17",""
"22","PIAUÍ","01/2017","441787","","90037246","","203,80",""
"23","CEARÁ","01/2017","1026088","","181979134","","177,35",""
"24","RIO GRANDE DO NORTE","01/2017","342121","","60210843","","175,99",""
"25","PARAÍBA","01/2017","508420","","98888301","","194,50",""
"26","PERNAMBUCO","01/2017","1116387","","197044193","","176,50",""
"27","ALAGOAS","01/2017","394627","","73004203","","185,00",""
"28","SERGIPE","01/2017","270496","","45135522","","166,86",""
"29","BAHIA","01/2017","1789249","","322119965","","180,03",""
"31","MINAS GERAIS","01/2017","1039928","","172117848","","165,51",""
"32","ESPÍRITO SANTO","01/2017","173495","","27382158","","157,83",""
"33","RIO DE JANEIRO","01/2017","784484","","134090977","","170,93",""
"35","SÃO PAULO","01/2017","1458553","","232152671","","159,17",""
"41","PARANÁ","01/2017","363619","","54596858","","150,15",""
"42","SANTA CATARINA","01/2017","118093","","19058040","","161,38",""
"43","RIO GRANDE DO SUL","01/2017","365879","","58983395","","161,21",""
"50","MATO GROSSO DO SUL","01/2017","130107","","22032937","","169,34",""
"51","MATO GROSSO","01/2017","161539","","25992585","","160,91",""
"52","GOIÁS","01/2017","312445","","47320392","","151,45",""
"53","DISTRITO FEDERAL","01/2017","82213","","12683244","","154,27",""
"11","RONDÔNIA","02/2017","90453","","13692316","","151,37",""
"12","ACRE","02/2017","85129","","22010455","","258,55",""
"13","AMAZONAS","02/2017","381979","","85584643","","224,06",""
"14","RORAIMA","02/2017","48173","","9821827","","203,89",""
"15","PARÁ","02/2017","922043","","183746533","","199,28",""
"16","AMAPÁ","02/2017","65843","","13846500","","210,30",""
"17","TOCANTINS","02/2017","128812","","23298564","","180,87",""
"21","MARANHÃO","02/2017","975019","","204103870","","209,33",""
"22","PIAUÍ","02/2017","444651","","90676532","","203,93",""
"23","CEARÁ","02/2017","1032911","","183749507","","177,89",""
"24","RIO GRANDE DO NORTE","02/2017","344315","","60809457","","176,61",""
"25","PARAÍBA","02/2017","512136","","99701068","","194,68",""
"26","PERNAMBUCO","02/2017","1123629","","198847549","","176,97",""
"27","ALAGOAS","02/2017","397723","","73710493","","185,33",""
"28","SERGIPE","02/2017","272108","","45426560","","166,94",""
"29","BAHIA","02/2017","1799927","","323958645","","179,98",""
"31","MINAS GERAIS","02/2017","1048341","","175096282","","167,02",""
"32","ESPÍRITO SANTO","02/2017","174648","","27784117","","159,09",""
"33","RIO DE JANEIRO","02/2017","790745","","135887255","","171,85",""
"35","SÃO PAULO","02/2017","1477299","","236921815","","160,37",""
"41","PARANÁ","02/2017","365163","","55479514","","151,93",""
"42","SANTA CATARINA","02/2017","118622","","19413819","","163,66",""
"43","RIO GRANDE DO SUL","02/2017","368981","","60155603","","163,03",""
"50","MATO GROSSO DO SUL","02/2017","130881","","22355904","","170,81",""
"51","MATO GROSSO","02/2017","162356","","26417416","","162,71",""
"52","GOIÁS","02/2017","314820","","48158051","","152,97",""
"53","DISTRITO FEDERAL","02/2017","83468","","13023031","","156,02",""
"11","RONDÔNIA","03/2017","89810","","13473303","","150,02",""
"12","ACRE","03/2017","84890","","21807073","","256,89",""
"13","AMAZONAS","03/2017","381102","","84396748","","221,45",""
"14","RORAIMA","03/2017","47943","","9729963","","202,95",""
"15","PARÁ","03/2017","919377","","182750350","","198,78",""
"16","AMAPÁ","03/2017","65642","","13694362","","208,62",""
"17","TOCANTINS","03/2017","128001","","22939468","","179,21",""
"21","MARANHÃO","03/2017","972127","","201979364","","207,77",""
"22","PIAUÍ","03/2017","443553","","90223095","","203,41",""
"23","CEARÁ","03/2017","1029921","","182347126","","177,05",""
"24","RIO GRANDE DO NORTE","03/2017","343047","","60247432","","175,62",""
"25","PARAÍBA","03/2017","511165","","99028377","","193,73",""
"26","PERNAMBUCO","03/2017","1120511","","197644851","","176,39",""
"27","ALAGOAS","03/2017","396615","","73297880","","184,81",""
"28","SERGIPE","03/2017","271372","","45029938","","165,93",""
"29","BAHIA","03/2017","1794847","","322404531","","179,63",""
"31","MINAS GERAIS","03/2017","1043107","","172619224","","165,49",""
"32","ESPÍRITO SANTO","03/2017","173518","","27324940","","157,48",""
"33","RIO DE JANEIRO","03/2017","787336","","134236599","","170,49",""
"35","SÃO PAULO","03/2017","1470205","","233091285","","158,54",""
"41","PARANÁ","03/2017","362292","","54323355","","149,94",""
"42","SANTA CATARINA","03/2017","117573","","18942429","","161,11",""
"43","RIO GRANDE DO SUL","03/2017","366195","","58725997","","160,37",""
"50","MATO GROSSO DO SUL","03/2017","129910","","21928239","","168,80",""
"51","MATO GROSSO","03/2017","161374","","25909261","","160,55",""
"52","GOIÁS","03/2017","313229","","47283027","","150,95",""
"53","DISTRITO FEDERAL","03/2017","83287","","12886632","","154,73",""
"11","RONDÔNIA","04/2017","88397","","13297651","","150,43",""
"12","ACRE","04/2017","83991","","21720674","","258,61",""
"13","AMAZONAS","04/2017","376908","","83816663","","222,38",""
"14","RORAIMA","04/2017","47472","","9692696","","204,18",""
"15","PARÁ","04/2017","909210","","181546103","","199,67",""
"16","AMAPÁ","04/2017","64985","","13607163","","209,39",""
"17","TOCANTINS","04/2017","126211","","22718412","","180,00",""
"21","MARANHÃO","04/2017","959901","","199873189","","208,22",""
"22","PIAUÍ","04/2017","438872","","89647034","","204,27",""
"23","CEARÁ","04/2017","1019002","","181256782","","177,88",""
"24","RIO GRANDE DO NORTE","04/2017","339337","","59902744","","176,53",""
"25","PARAÍBA","04/2017","505734","","98437281","","194,64",""
"26","PERNAMBUCO","04/2017","1110403","","196696575","","177,14",""
"27","ALAGOAS","04/2017","393334","","72968014","","185,51",""
"28","SERGIPE","04/2017","268543","","44788218","","166,78",""
"29","BAHIA","04/2017","1775106","","320378121","","180,48",""
"31","MINAS GERAIS","04/2017","1036696","","172324544","","166,22",""
"32","ESPÍRITO SANTO","04/2017","172010","","27258823","","158,47",""
"33","RIO DE JANEIRO","04/2017","780949","","133375206","","170,79",""
"35","SÃO PAULO","04/2017","1467286","","233407460","","159,07",""
"41","PARANÁ","04/2017","360949","","54466479","","150,90",""
"42","SANTA CATARINA","04/2017","117703","","19035002","","161,72",""
"43","RIO GRANDE DO SUL","04/2017","362531","","58281881","","160,76",""
"50","MATO GROSSO DO SUL","04/2017","128326","","21796147","","169,85",""
"51","MATO GROSSO","04/2017","159896","","25742745","","161,00",""
"52","GOIÁS","04/2017","311796","","47131752","","151,16",""
"53","DISTRITO FEDERAL","04/2017","83344","","12916863","","154,98",""
"11","RONDÔNIA","05/2017","86087","","13023303","","151,28",""
"12","ACRE","05/2017","83238","","21673215","","260,38",""
"13","AMAZONAS","05/2017","371838","","83642619","","224,94",""
"14","RORAIMA","05/2017","46874","","9596459","","204,73",""
"15","PARÁ","05/2017","896965","","180037868","","200,72",""
"16","AMAPÁ","05/2017","64294","","13521280","","210,30",""
"17","TOCANTINS","05/2017","124412","","22544598","","181,21",""
"21","MARANHÃO","05/2017","950625","","199570757","","209,94",""
"22","PIAUÍ","05/2017","434544","","89070477","","204,97",""
"23","CEARÁ","05/2017","1009531","","180559906","","178,86",""
"24","RIO GRANDE DO NORTE","05/2017","335713","","59630560","","177,62",""
"25","PARAÍBA","05/2017","501723","","98002529","","195,33",""
"26","PERNAMBUCO","05/2017","1098946","","195903157","","178,26",""
"27","ALAGOAS","05/2017","388919","","72639474","","186,77",""
"28","SERGIPE","05/2017","266123","","44812257","","168,39",""
"29","BAHIA","05/2017","1758187","","319332587","","181,63",""
"31","MINAS GERAIS","05/2017","1027539","","172165457","","167,55",""
"32","ESPÍRITO SANTO","05/2017","167885","","26931355","","160,42",""
"33","RIO DE JANEIRO","05/2017","760177","","131235692","","172,64",""
"35","SÃO PAULO","05/2017","1440705","","231541302","","160,71",""
"41","PARANÁ","05/2017","357465","","54484023","","152,42",""
"42","SANTA CATARINA","05/2017","116214","","18946848","","163,03",""
"43","RIO GRANDE DO SUL","05/2017","354727","","57595907","","162,37",""
"50","MATO GROSSO DO SUL","05/2017","125741","","21563975","","171,50",""
"51","MATO GROSSO","05/2017","156800","","25534956","","162,85",""
"52","GOIÁS","05/2017","308394","","46851416","","151,92",""
"53","DISTRITO FEDERAL","05/2017","80113","","12575427","","156,97",""
"11","RONDÔNIA","06/2017","85762","","12950163","","151,00",""
"12","ACRE","06/2017","82965","","21583284","","260,15",""
"13","AMAZONAS","06/2017","370324","","83354909","","225,09",""
"14","RORAIMA","06/2017","46818","","9558937","","204,17",""
"15","PARÁ","06/2017","894108","","179078923","","200,29",""
"16","AMAPÁ","06/2017","64081","","13645420","","212,94",""
"17","TOCANTINS","06/2017","123229","","22341757","","181,30",""
"21","MARANHÃO","06/2017","947275","","198760316","","209,82",""
"22","PIAUÍ","06/2017","433311","","88879513","","205,12",""
"23","CEARÁ","06/2017","1007033","","180266644","","179,01",""
"24","RIO GRANDE DO NORTE","06/2017","334004","","59415757","","177,89",""
"25","PARAÍBA","06/2017","499462","","97787540","","195,79",""
"26","PERNAMBUCO","06/2017","1093217","","195069148","","178,44",""
"27","ALAGOAS","06/2017","389143","","72620087","","186,62",""
"28","SERGIPE","06/2017","265315","","44706248","","168,50",""
"29","BAHIA","06/2017","1751633","","318545401","","181,86",""
"31","MINAS GERAIS","06/2017","1026671","","171974628","","167,51",""
"32","ESPÍRITO SANTO","06/2017","168003","","27016931","","160,81",""
"33","RIO DE JANEIRO","06/2017","767551","","132199184","","172,24",""
"35","SÃO PAULO","06/2017","1438478","","231106567","","160,66",""
"41","PARANÁ","06/2017","357052","","54356412","","152,24",""
"42","SANTA CATARINA","06/2017","116899","","19042076","","162,89",""
"43","RIO GRANDE DO SUL","06/2017","354667","","57559921","","162,29",""
"50","MATO GROSSO DO SUL","06/2017","124265","","21298189","","171,39",""
"51","MATO GROSSO","06/2017","155691","","25385227","","163,05",""
"52","GOIÁS","06/2017","307254","","46632076","","151,77",""
"53","DISTRITO FEDERAL","06/2017","79818","","12563397","","157,40",""
"11","RONDÔNIA","07/2017","81010","","12252849","","151,25",""
"12","ACRE","07/2017","79906","","21000688","","262,82",""
"13","AMAZONAS","07/2017","356435","","81280997","","228,04",""
"14","RORAIMA","07/2017","42562","","8846464","","207,85",""
"15","PARÁ","07/2017","868618","","174364337","","200,74",""
"16","AMAPÁ","07/2017","62001","","13318628","","214,81",""
"17","TOCANTINS","07/2017","118372","","21574849","","182,26",""
"21","MARANHÃO","07/2017","920958","","194375640","","211,06",""
"22","PIAUÍ","07/2017","420174","","86510068","","205,89",""
"23","CEARÁ","07/2017","965342","","174110960","","180,36",""
"24","RIO GRANDE DO NORTE","07/2017","324002","","57739995","","178,21",""
"25","PARAÍBA","07/2017","483456","","94912230","","196,32",""
"26","PERNAMBUCO","07/2017","1065630","","190518436","","178,78",""
"27","ALAGOAS","07/2017","377698","","70785550","","187,41",""
"28","SERGIPE","07/2017","257325","","43534125","","169,18",""
"29","BAHIA","07/2017","1694182","","309280321","","182,55",""
"31","MINAS GERAIS","07/2017","979444","","165001554","","168,46",""
"32","ESPÍRITO SANTO","07/2017","157335","","25423144","","161,59",""
"33","RIO DE JANEIRO","07/2017","731249","","126399964","","172,85",""
"35","SÃO PAULO","07/2017","1337779","","215190565","","160,86",""
"41","PARANÁ","07/2017","337229","","51364863","","152,31",""
"42","SANTA CATARINA","07/2017","109303","","17884548","","163,62",""
"43","RIO GRANDE DO SUL","07/2017","336684","","54591833","","162,15",""
"50","MATO GROSSO DO SUL","07/2017","118072","","20251329","","171,52",""
"51","MATO GROSSO","07/2017","148743","","24293010","","163,32",""
"52","GOIÁS","07/2017","290740","","44122899","","151,76",""
"53","DISTRITO FEDERAL","07/2017","76391","","12155679","","159,12",""
"11","RONDÔNIA","08/2017","85125","","12763643","","149,94",""
"12","ACRE","08/2017","83768","","21721450","","259,30",""
"13","AMAZONAS","08/2017","378649","","85123721","","224,81",""
"14","RORAIMA","08/2017","44859","","9223132","","205,60",""
"15","PARÁ","08/2017","914009","","181223885","","198,27",""
"16","AMAPÁ","08/2017","66014","","13986194","","211,87",""
"17","TOCANTINS","08/2017","124461","","22418855","","180,13",""
"21","MARANHÃO","08/2017","965914","","201649815","","208,77",""
"22","PIAUÍ","08/2017","439402","","89359444","","203,37",""
"23","CEARÁ","08/2017","1017256","","182031107","","178,94",""
"24","RIO GRANDE DO NORTE","08/2017","340296","","60185460","","176,86",""
"25","PARAÍBA","08/2017","506498","","98594543","","194,66",""
"26","PERNAMBUCO","08/2017","1123214","","198695753","","176,90",""
"27","ALAGOAS","08/2017","395362","","73685866","","186,38",""
"28","SERGIPE","08/2017","271506","","45331742","","166,96",""
"29","BAHIA","08/2017","1794646","","323699271","","180,37",""
"31","MINAS GERAIS","08/2017","1031565","","173330104","","168,03",""
"32","ESPÍRITO SANTO","08/2017","164324","","26611084","","161,94",""
"33","RIO DE JANEIRO","08/2017","771323","","133047277","","172,49",""
"35","SÃO PAULO","08/2017","1476798","","235622247","","159,55",""
"41","PARANÁ","08/2017","359077","","54724221","","152,40",""
"42","SANTA CATARINA","08/2017","115770","","18999300","","164,11",""
"43","RIO GRANDE DO SUL","08/2017","355096","","57469583","","161,84",""
"50","MATO GROSSO DO SUL","08/2017","124721","","21177537","","169,80",""
"51","MATO GROSSO","08/2017","158748","","25716663","","162,00",""
"52","GOIÁS","08/2017","308531","","46624218","","151,12",""
"53","DISTRITO FEDERAL","08/2017","78581","","12501304","","159,09",""
"11","RONDÔNIA","09/2017","83181","","12411721","","149,21",""
"12","ACRE","09/2017","83430","","21620438","","259,14",""
"13","AMAZONAS","09/2017","377702","","84813531","","224,55",""
"14","RORAIMA","09/2017","43674","","8996698","","206,00",""
"15","PARÁ","09/2017","910180","","179863321","","197,61",""
"16","AMAPÁ","09/2017","66205","","14053447","","212,27",""
"17","TOCANTINS","09/2017","122097","","22006595","","180,24",""
"21","MARANHÃO","09/2017","962903","","200585223","","208,31",""
"22","PIAUÍ","09/2017","437533","","88976850","","203,36",""
"23","CEARÁ","09/2017","1012653","","181178481","","178,91",""
"24","RIO GRANDE DO NORTE","09/2017","337792","","59668772","","176,64",""
"25","PARAÍBA","09/2017","501105","","97508842","","194,59",""
"26","PERNAMBUCO","09/2017","1121854","","198182595","","176,66",""
"27","ALAGOAS","09/2017","393978","","73314043","","186,09",""
"28","SERGIPE","09/2017","270781","","45112856","","166,60",""
"29","BAHIA","09/2017","1790188","","322233939","","180,00",""
"31","MINAS GERAIS","09/2017","1021287","","171958957","","168,37",""
"32","ESPÍRITO SANTO","09/2017","162493","","26441783","","162,73",""
"33","RIO DE JANEIRO","09/2017","770083","","133024772","","172,74",""
"35","SÃO PAULO","09/2017","1466741","","234333060","","159,76",""
"41","PARANÁ","09/2017","354814","","54057532","","152,35",""
"42","SANTA CATARINA","09/2017","114640","","18779405","","163,81",""
"43","RIO GRANDE DO SUL","09/2017","353343","","57120313","","161,66",""
"50","MATO GROSSO DO SUL","09/2017","123025","","20868247","","169,63",""
"51","MATO GROSSO","09/2017","156966","","25312392","","161,26",""
"52","GOIÁS","09/2017","301341","","45478785","","150,92",""
"53","DISTRITO FEDERAL","09/2017","77710","","12415295","","159,76",""
"11","RONDÔNIA","10/2017","83849","","12503032","","149,11",""
"12","ACRE","10/2017","84203","","21801334","","258,91",""
"13","AMAZONAS","10/2017","381215","","85629735","","224,62",""
"14","RORAIMA","10/2017","43802","","9061283","","206,87",""
"15","PARÁ","10/2017","921375","","181712219","","197,22",""
"16","AMAPÁ","10/2017","67291","","14315840","","212,75",""
"17","TOCANTINS","10/2017","123029","","22169716","","180,20",""
"21","MARANHÃO","10/2017","971689","","202078280","","207,97",""
"22","PIAUÍ","10/2017","441236","","89524906","","202,90",""
"23","CEARÁ","10/2017","1024045","","182943545","","178,65",""
"24","RIO GRANDE DO NORTE","10/2017","341046","","60210750","","176,55",""
"25","PARAÍBA","10/2017","506259","","98550289","","194,66",""
"26","PERNAMBUCO","10/2017","1135345","","200106874","","176,25",""
"27","ALAGOAS","10/2017","398304","","74017593","","185,83",""
"28","SERGIPE","10/2017","273502","","45515947","","166,42",""
"29","BAHIA","10/2017","1808575","","325025931","","179,71",""
"31","MINAS GERAIS","10/2017","1031604","","173835229","","168,51",""
"32","ESPÍRITO SANTO","10/2017","164438","","26781676","","162,87",""
"33","RIO DE JANEIRO","10/2017","786298","","135251137","","172,01",""
"35","SÃO PAULO","10/2017","1480090","","235873822","","159,36",""
"41","PARANÁ","10/2017","358076","","54390570","","151,90",""
"42","SANTA CATARINA","10/2017","115737","","18974344","","163,94",""
"43","RIO GRANDE DO SUL","10/2017","356076","","57461593","","161,37",""
"50","MATO GROSSO DO SUL","10/2017","124112","","21027251","","169,42",""
"51","MATO GROSSO","10/2017","158654","","25489088","","160,66",""
"52","GOIÁS","10/2017","303569","","45773905","","150,79",""
"53","DISTRITO FEDERAL","10/2017","78797","","12608654","","160,01",""
"11","RONDÔNIA","11/2017","82814","","12391272","","149,63",""
"12","ACRE","11/2017","85161","","22018926","","258,56",""
"13","AMAZONAS","11/2017","383029","","86278200","","225,25",""
"14","RORAIMA","11/2017","43100","","8914579","","206,83",""
"15","PARÁ","11/2017","922067","","182089675","","197,48",""
"16","AMAPÁ","11/2017","68445","","14601636","","213,33",""
"17","TOCANTINS","11/2017","124821","","22520390","","180,42",""
"21","MARANHÃO","11/2017","975470","","203077292","","208,18",""
"22","PIAUÍ","11/2017","440781","","89927420","","204,02",""
"23","CEARÁ","11/2017","1031163","","185146402","","179,55",""
"24","RIO GRANDE DO NORTE","11/2017","341919","","60588207","","177,20",""
"25","PARAÍBA","11/2017","509887","","99393942","","194,93",""
"26","PERNAMBUCO","11/2017","1144824","","202042829","","176,48",""
"27","ALAGOAS","11/2017","401516","","74713922","","186,08",""
"28","SERGIPE","11/2017","276367","","46030981","","166,56",""
"29","BAHIA","11/2017","1817203","","327196497","","180,06",""
"31","MINAS GERAIS","11/2017","1045889","","177182489","","169,41",""
"32","ESPÍRITO SANTO","11/2017","164916","","26990977","","163,66",""
"33","RIO DE JANEIRO","11/2017","795983","","137519924","","172,77",""
"35","SÃO PAULO","11/2017","1510823","","241921729","","160,13",""
"41","PARANÁ","11/2017","364747","","55848117","","153,11",""
"42","SANTA CATARINA","11/2017","118022","","19511449","","165,32",""
"43","RIO GRANDE DO SUL","11/2017","358588","","58167039","","162,21",""
"50","MATO GROSSO DO SUL","11/2017","125182","","21266764","","169,89",""
"51","MATO GROSSO","11/2017","160085","","25820585","","161,29",""
"52","GOIÁS","11/2017","305789","","46414881","","151,79",""
"53","DISTRITO FEDERAL","11/2017","77447","","12618924","","162,94",""
"11","RONDÔNIA","12/2017","83334","","12421276","","149,05",""
"12","ACRE","12/2017","86076","","22170410","","257,57",""
"13","AMAZONAS","12/2017","386832","","86896011","","224,64",""
"14","RORAIMA","12/2017","43430","","8955134","","206,20",""
"15","PARÁ","12/2017","931009","","183218549","","196,80",""
"16","AMAPÁ","12/2017","69704","","14807768","","212,44",""
"17","TOCANTINS","12/2017","125489","","22578300","","179,92",""
"21","MARANHÃO","12/2017","982450","","204102571","","207,75",""
"22","PIAUÍ","12/2017","444635","","90456492","","203,44",""
"23","CEARÁ","12/2017","1041377","","186384232","","178,98",""
"24","RIO GRANDE DO NORTE","12/2017","345007","","61069695","","177,01",""
"25","PARAÍBA","12/2017","514017","","100128071","","194,80",""
"26","PERNAMBUCO","12/2017","1154573","","203359369","","176,13",""
"27","ALAGOAS","12/2017","405105","","75296822","","185,87",""
"28","SERGIPE","12/2017","278772","","46298430","","166,08",""
"29","BAHIA","12/2017","1833993","","329339879","","179,58",""
"31","MINAS GERAIS","12/2017","1058121","","178875247","","169,05",""
"32","ESPÍRITO SANTO","12/2017","167790","","27495746","","163,87",""
"33","RIO DE JANEIRO","12/2017","812699","","140014608","","172,28",""
"35","SÃO PAULO","12/2017","1535364","","245225037","","159,72",""
"41","PARANÁ","12/2017","369533","","56450589","","152,76",""
"42","SANTA CATARINA","12/2017","119702","","19702858","","164,60",""
"43","RIO GRANDE DO SUL","12/2017","364325","","58956308","","161,82",""
"50","MATO GROSSO DO SUL","12/2017","126263","","21402111","","169,50",""
"51","MATO GROSSO","12/2017","161477","","25899819","","160,39",""
"52","GOIÁS","12/2017","308326","","46679985","","151,40",""
"53","DISTRITO FEDERAL","12/2017","79206","","12782142","","161,38",""
"11","RONDÔNIA","01/2018","83862","","12398420","","147,84",""
"12","ACRE","01/2018","87155","","22275575","","255,59",""
"13","AMAZONAS","01/2018","391210","","87294003","","223,14",""
"14","RORAIMA","01/2018","44226","","9063988","","204,95",""
"15","PARÁ","01/2018","941153","","183909317","","195,41",""
"16","AMAPÁ","01/2018","70987","","14970301","","210,89",""
"17","TOCANTINS","01/2018","126888","","22679562","","178,74",""
"21","MARANHÃO","01/2018","992053","","205019167","","206,66",""
"22","PIAUÍ","01/2018","449586","","91154695","","202,75",""
"23","CEARÁ","01/2018","1053101","","187579449","","178,12",""
"24","RIO GRANDE DO NORTE","01/2018","348507","","61333852","","175,99",""
"25","PARAÍBA","01/2018","519169","","100698228","","193,96",""
"26","PERNAMBUCO","01/2018","1164084","","203883658","","175,15",""
"27","ALAGOAS","01/2018","409000","","75696820","","185,08",""
"28","SERGIPE","01/2018","281625","","46456395","","164,96",""
"29","BAHIA","01/2018","1850846","","330840098","","178,75",""
"31","MINAS GERAIS","01/2018","1071077","","180107528","","168,16",""
"32","ESPÍRITO SANTO","01/2018","171421","","27983316","","163,24",""
"33","RIO DE JANEIRO","01/2018","829261","","142245465","","171,53",""
"35","SÃO PAULO","01/2018","1564882","","249212112","","159,25",""
"41","PARANÁ","01/2018","375918","","57045841","","151,75",""
"42","SANTA CATARINA","01/2018","122043","","19979080","","163,71",""
"43","RIO GRANDE DO SUL","01/2018","369639","","59562564","","161,14",""
"50","MATO GROSSO DO SUL","01/2018","127593","","21474198","","168,30",""
"51","MATO GROSSO","01/2018","163564","","26027960","","159,13",""
"52","GOIÁS","01/2018","311530","","46719691","","149,97",""
"53","DISTRITO FEDERAL","01/2018","80959","","12984317","","160,38",""
"11","RONDÔNIA","02/2018","84129","","12355862","","146,87",""
"12","ACRE","02/2018","87697","","22291534","","254,19",""
"13","AMAZONAS","02/2018","394038","","87320397","","221,60",""
"14","RORAIMA","02/2018","44877","","9113720","","203,08",""
"15","PARÁ","02/2018","946109","","183408165","","193,86",""
"16","AMAPÁ","02/2018","72433","","15091954","","208,36",""
"17","TOCANTINS","02/2018","127084","","22583606","","177,71",""
"21","MARANHÃO","02/2018","995706","","204502494","","205,38",""
"22","PIAUÍ","02/2018","451203","","90989120","","201,66",""
"23","CEARÁ","02/2018","1058682","","187409169","","177,02",""
"24","RIO GRANDE DO NORTE","02/2018","349815","","61212185","","174,98",""
"25","PARAÍBA","02/2018","519232","","100145605","","192,87",""
"26","PERNAMBUCO","02/2018","1165320","","202893982","","174,11",""
"27","ALAGOAS","02/2018","409869","","75232637","","183,55",""
"28","SERGIPE","02/2018","283084","","46369090","","163,80",""
"29","BAHIA","02/2018","1861725","","330715379","","177,64",""
"31","MINAS GERAIS","02/2018","1077800","","180194444","","167,19",""
"32","ESPÍRITO SANTO","02/2018","174701","","28475160","","162,99",""
"33","RIO DE JANEIRO","02/2018","835043","","142706363","","170,90",""
"35","SÃO PAULO","02/2018","1583160","","250724221","","158,37",""
"41","PARANÁ","02/2018","377227","","56985508","","151,06",""
"42","SANTA CATARINA","02/2018","122166","","19889755","","162,81",""
"43","RIO GRANDE DO SUL","02/2018","372576","","59806050","","160,52",""
"50","MATO GROSSO DO SUL","02/2018","128019","","21465011","","167,67",""
"51","MATO GROSSO","02/2018","163850","","25930630","","158,26",""
"52","GOIÁS","02/2018","313443","","46769154","","149,21",""
"53","DISTRITO FEDERAL","02/2018","81840","","13214312","","161,47",""
"11","RONDÔNIA","03/2018","84185","","12340125","","146,58",""
"12","ACRE","03/2018","88148","","22379533","","253,89",""
"13","AMAZONAS","03/2018","396329","","87633378","","221,11",""
"14","RORAIMA","03/2018","45409","","9230213","","203,27",""
"15","PARÁ","03/2018","947811","","183672992","","193,79",""
"16","AMAPÁ","03/2018","73030","","15222250","","208,44",""
"17","TOCANTINS","03/2018","127296","","22611309","","177,63",""
"21","MARANHÃO","03/2018","997071","","204527629","","205,13",""
"22","PIAUÍ","03/2018","454287","","91365087","","201,12",""
"23","CEARÁ","03/2018","1064471","","188093642","","176,70",""
"24","RIO GRANDE DO NORTE","03/2018","351218","","61414142","","174,86",""
"25","PARAÍBA","03/2018","521364","","100362233","","192,50",""
"26","PERNAMBUCO","03/2018","1169935","","203475523","","173,92",""
"27","ALAGOAS","03/2018","411478","","75383698","","183,20",""
"28","SERGIPE","03/2018","284685","","46539267","","163,48",""
"29","BAHIA","03/2018","1868195","","331222660","","177,30",""
"31","MINAS GERAIS","03/2018","1085863","","181345044","","167,01",""
"32","ESPÍRITO SANTO","03/2018","176572","","28663298","","162,33",""
"33","RIO DE JANEIRO","03/2018","844252","","143953386","","170,51",""
"35","SÃO PAULO","03/2018","1600868","","252899293","","157,98",""
"41","PARANÁ","03/2018","380400","","57427721","","150,97",""
"42","SANTA CATARINA","03/2018","123298","","20065965","","162,74",""
"43","RIO GRANDE DO SUL","03/2018","376965","","60346530","","160,09",""
"50","MATO GROSSO DO SUL","03/2018","128804","","21558647","","167,38",""
"51","MATO GROSSO","03/2018","163318","","25864192","","158,37",""
"52","GOIÁS","03/2018","316778","","47206599","","149,02",""
"53","DISTRITO FEDERAL","03/2018","83008","","13330892","","160,60",""
"11","RONDÔNIA","04/2018","81161","","11924119","","146,92",""
"12","ACRE","04/2018","86309","","21910439","","253,86",""
"13","AMAZONAS","04/2018","391693","","86445885","","220,70",""
"14","RORAIMA","04/2018","44422","","8926708","","200,95",""
"15","PARÁ","04/2018","934273","","181129736","","193,87",""
"16","AMAPÁ","04/2018","72657","","15136016","","208,32",""
"17","TOCANTINS","04/2018","123416","","21942553","","177,79",""
"21","MARANHÃO","04/2018","979032","","200775139","","205,08",""
"22","PIAUÍ","04/2018","446939","","89980293","","201,33",""
"23","CEARÁ","04/2018","1042596","","185229811","","177,66",""
"24","RIO GRANDE DO NORTE","04/2018","343931","","60462873","","175,80",""
"25","PARAÍBA","04/2018","511832","","98601369","","192,64",""
"26","PERNAMBUCO","04/2018","1150786","","200613641","","174,33",""
"27","ALAGOAS","04/2018","401797","","73820875","","183,73",""
"28","SERGIPE","04/2018","280177","","45842409","","163,62",""
"29","BAHIA","04/2018","1824705","","324051402","","177,59",""
"31","MINAS GERAIS","04/2018","1044977","","175790134","","168,22",""
"32","ESPÍRITO SANTO","04/2018","169323","","27644481","","163,26",""
"33","RIO DE JANEIRO","04/2018","815016","","139650901","","171,35",""
"35","SÃO PAULO","04/2018","1523619","","241769219","","158,68",""
"41","PARANÁ","04/2018","362402","","55055755","","151,92",""
"42","SANTA CATARINA","04/2018","115492","","18880143","","163,48",""
"43","RIO GRANDE DO SUL","04/2018","365311","","58589587","","160,38",""
"50","MATO GROSSO DO SUL","04/2018","123747","","20788569","","167,99",""
"51","MATO GROSSO","04/2018","156319","","24768129","","158,45",""
"52","GOIÁS","04/2018","304067","","45471703","","149,55",""
"53","DISTRITO FEDERAL","04/2018","76905","","12400467","","161,24",""
"11","RONDÔNIA","05/2018","81915","","12052432","","147,13",""
"12","ACRE","05/2018","87384","","22247136","","254,59",""
"13","AMAZONAS","05/2018","397682","","87509586","","220,05",""
"14","RORAIMA","05/2018","45434","","9116447","","200,65",""
"15","PARÁ","05/2018","943410","","183189056","","194,18",""
"16","AMAPÁ","05/2018","73692","","15464609","","209,85",""
"17","TOCANTINS","05/2018","123808","","22046813","","178,07",""
"21","MARANHÃO","05/2018","984351","","202400411","","205,62",""
"22","PIAUÍ","05/2018","450645","","90778798","","201,44",""
"23","CEARÁ","05/2018","1052953","","188007895","","178,55",""
"24","RIO GRANDE DO NORTE","05/2018","348386","","61433173","","176,34",""
"25","PARAÍBA","05/2018","516704","","99960201","","193,46",""
"26","PERNAMBUCO","05/2018","1159122","","202595020","","174,78",""
"27","ALAGOAS","05/2018","405956","","74836290","","184,35",""
"28","SERGIPE","05/2018","283745","","46490478","","163,85",""
"29","BAHIA","05/2018","1838613","","328027030","","178,41",""
"31","MINAS GERAIS","05/2018","1060186","","179738881","","169,54",""
"32","ESPÍRITO SANTO","05/2018","172568","","28456150","","164,90",""
"33","RIO DE JANEIRO","05/2018","829359","","143201110","","172,66",""
"35","SÃO PAULO","05/2018","1538775","","245948792","","159,83",""
"41","PARANÁ","05/2018","368293","","56380373","","153,09",""
"42","SANTA CATARINA","05/2018","117929","","19492085","","165,29",""
"43","RIO GRANDE DO SUL","05/2018","370370","","59707166","","161,21",""
"50","MATO GROSSO DO SUL","05/2018","125366","","21148488","","168,69",""
"51","MATO GROSSO","05/2018","158094","","25312985","","160,11",""
"52","GOIÁS","05/2018","307810","","46108433","","149,80",""
"53","DISTRITO FEDERAL","05/2018","76879","","12420713","","161,56",""
"11","RONDÔNIA","06/2018","81957","","12049717","","147,02",""
"12","ACRE","06/2018","86283","","22044164","","255,49",""
"13","AMAZONAS","06/2018","397006","","87493540","","220,38",""
"14","RORAIMA","06/2018","45890","","9154240","","199,48",""
"15","PARÁ","06/2018","944283","","182554474","","193,33",""
"16","AMAPÁ","06/2018","73898","","15530974","","210,17",""
"17","TOCANTINS","06/2018","121374","","21686764","","178,68",""
"21","MARANHÃO","06/2018","976169","","200368766","","205,26",""
"22","PIAUÍ","06/2018","446504","","89478971","","200,40",""
"23","CEARÁ","06/2018","1043476","","185848083","","178,10",""
"24","RIO GRANDE DO NORTE","06/2018","343899","","60378869","","175,57",""
"25","PARAÍBA","06/2018","504492","","97192897","","192,65",""
"26","PERNAMBUCO","06/2018","1135807","","197902588","","174,24",""
"27","ALAGOAS","06/2018","396896","","72756909","","183,31",""
"28","SERGIPE","06/2018","280158","","45709415","","163,16",""
"29","BAHIA","06/2018","1814826","","322956153","","177,95",""
"31","MINAS GERAIS","06/2018","1029209","","174296657","","169,35",""
"32","ESPÍRITO SANTO","06/2018","173513","","28593638","","164,79",""
"33","RIO DE JANEIRO","06/2018","819638","","141066510","","172,11",""
"35","SÃO PAULO","06/2018","1530794","","243890825","","159,32",""
"41","PARANÁ","06/2018","363352","","55592821","","153,00",""
"42","SANTA CATARINA","06/2018","115939","","19059756","","164,39",""
"43","RIO GRANDE DO SUL","06/2018","357472","","57635654","","161,23",""
"50","MATO GROSSO DO SUL","06/2018","123568","","20853585","","168,76",""
"51","MATO GROSSO","06/2018","154780","","24678125","","159,44",""
"52","GOIÁS","06/2018","301036","","44955147","","149,33",""
"53","DISTRITO FEDERAL","06/2018","74122","","11949954","","161,22",""
"11","RONDÔNIA","07/2018","82357","","12741198","","154,71",""
"12","ACRE","07/2018","87082","","23458725","","269,39",""
"13","AMAZONAS","07/2018","400465","","93078521","","232,43",""
"14","RORAIMA","07/2018","46736","","9779040","","209,24",""
"15","PARÁ","07/2018","949758","","193830805","","204,08",""
"16","AMAPÁ","07/2018","74848","","16675996","","222,80",""
"17","TOCANTINS","07/2018","121772","","22952176","","188,48",""
"21","MARANHÃO","07/2018","979835","","213092276","","217,48",""
"22","PIAUÍ","07/2018","448330","","94789527","","211,43",""
"23","CEARÁ","07/2018","1047080","","197258554","","188,39",""
"24","RIO GRANDE DO NORTE","07/2018","347270","","64618274","","186,08",""
"25","PARAÍBA","07/2018","507868","","103585451","","203,96",""
"26","PERNAMBUCO","07/2018","1139298","","210103103","","184,41",""
"27","ALAGOAS","07/2018","400435","","77934724","","194,63",""
"28","SERGIPE","07/2018","281480","","48646096","","172,82",""
"29","BAHIA","07/2018","1816602","","342017320","","188,27",""
"31","MINAS GERAIS","07/2018","1033260","","185822594","","179,84",""
"32","ESPÍRITO SANTO","07/2018","175303","","30514839","","174,07",""
"33","RIO DE JANEIRO","07/2018","819734","","149432631","","182,29",""
"35","SÃO PAULO","07/2018","1517281","","255594490","","168,46",""
"41","PARANÁ","07/2018","363233","","58757485","","161,76",""
"42","SANTA CATARINA","07/2018","116123","","20306664","","174,87",""
"43","RIO GRANDE DO SUL","07/2018","356713","","60894734","","170,71",""
"50","MATO GROSSO DO SUL","07/2018","124236","","22120624","","178,05",""
"51","MATO GROSSO","07/2018","155516","","26335331","","169,34",""
"52","GOIÁS","07/2018","302259","","47795837","","158,13",""
"53","DISTRITO FEDERAL","07/2018","73544","","12639744","","171,87",""
"11","RONDÔNIA","08/2018","83411","","12908857","","154,76",""
"12","ACRE","08/2018","87938","","23608577","","268,47",""
"13","AMAZONAS","08/2018","404303","","93741514","","231,86",""
"14","RORAIMA","08/2018","47501","","9915713","","208,75",""
"15","PARÁ","08/2018","958618","","195147901","","203,57",""
"16","AMAPÁ","08/2018","75642","","16849591","","222,75",""
"17","TOCANTINS","08/2018","122774","","23104172","","188,18",""
"21","MARANHÃO","08/2018","987766","","214105338","","216,76",""
"22","PIAUÍ","08/2018","452073","","95174494","","210,53",""
"23","CEARÁ","08/2018","1058515","","199163274","","188,15",""
"24","RIO GRANDE DO NORTE","08/2018","351345","","65323436","","185,92",""
"25","PARAÍBA","08/2018","514663","","104762683","","203,56",""
"26","PERNAMBUCO","08/2018","1151008","","211934036","","184,13",""
"27","ALAGOAS","08/2018","406943","","79395029","","195,10",""
"28","SERGIPE","08/2018","284603","","49103101","","172,53",""
"29","BAHIA","08/2018","1833911","","345017904","","188,13",""
"31","MINAS GERAIS","08/2018","1048939","","188441187","","179,65",""
"32","ESPÍRITO SANTO","08/2018","178504","","31067295","","174,04",""
"33","RIO DE JANEIRO","08/2018","836404","","152692952","","182,56",""
"35","SÃO PAULO","08/2018","1547418","","260494554","","168,34",""
"41","PARANÁ","08/2018","370414","","59936294","","161,81",""
"42","SANTA CATARINA","08/2018","119153","","20789296","","174,48",""
"43","RIO GRANDE DO SUL","08/2018","363067","","61990770","","170,74",""
"50","MATO GROSSO DO SUL","08/2018","126827","","22558303","","177,87",""
"51","MATO GROSSO","08/2018","157954","","26624308","","168,56",""
"52","GOIÁS","08/2018","307276","","48459810","","157,71",""
"53","DISTRITO FEDERAL","08/2018","75010","","12851306","","171,33",""
"11","RONDÔNIA","09/2018","81505","","12644971","","155,14",""
"12","ACRE","09/2018","87008","","23430377","","269,29",""
"13","AMAZONAS","09/2018","400210","","93005449","","232,39",""
"14","RORAIMA","09/2018","47347","","9911164","","209,33",""
"15","PARÁ","09/2018","947586","","193358186","","204,05",""
"16","AMAPÁ","09/2018","75038","","16748174","","223,20",""
"17","TOCANTINS","09/2018","119525","","22642405","","189,44",""
"21","MARANHÃO","09/2018","974362","","211866721","","217,44",""
"22","PIAUÍ","09/2018","446193","","94238333","","211,21",""
"23","CEARÁ","09/2018","1044604","","197263647","","188,84",""
"24","RIO GRANDE DO NORTE","09/2018","348611","","64984491","","186,41",""
"25","PARAÍBA","09/2018","512039","","104367939","","203,83",""
"26","PERNAMBUCO","09/2018","1141965","","211074176","","184,83",""
"27","ALAGOAS","09/2018","403236","","78776693","","195,36",""
"28","SERGIPE","09/2018","283685","","48928285","","172,47",""
"29","BAHIA","09/2018","1810639","","341369488","","188,54",""
"31","MINAS GERAIS","09/2018","1022204","","184497793","","180,49",""
"32","ESPÍRITO SANTO","09/2018","173273","","30187895","","174,22",""
"33","RIO DE JANEIRO","09/2018","828904","","151992411","","183,37",""
"35","SÃO PAULO","09/2018","1506945","","254203835","","168,69",""
"41","PARANÁ","09/2018","361788","","58721759","","162,31",""
"42","SANTA CATARINA","09/2018","115447","","20214245","","175,10",""
"43","RIO GRANDE DO SUL","09/2018","354514","","60621823","","171,00",""
"50","MATO GROSSO DO SUL","09/2018","124724","","22237142","","178,29",""
"51","MATO GROSSO","09/2018","155752","","26250246","","168,54",""
"52","GOIÁS","09/2018","298776","","47434233","","158,76",""
"53","DISTRITO FEDERAL","09/2018","72150","","12494225","","173,17",""
"11","RONDÔNIA","10/2018","82356","","12739112","","154,68",""
"12","ACRE","10/2018","88168","","23659096","","268,34",""
"13","AMAZONAS","10/2018","404209","","93686390","","231,78",""
"14","RORAIMA","10/2018","47969","","10079706","","210,13",""
"15","PARÁ","10/2018","957212","","194333238","","203,02",""
"16","AMAPÁ","10/2018","76231","","17096555","","224,27",""
"17","TOCANTINS","10/2018","120790","","22777423","","188,57",""
"21","MARANHÃO","10/2018","982176","","212470639","","216,33",""
"22","PIAUÍ","10/2018","450661","","94681375","","210,09",""
"23","CEARÁ","10/2018","1057612","","199230152","","188,38",""
"24","RIO GRANDE DO NORTE","10/2018","353021","","65722357","","186,17",""
"25","PARAÍBA","10/2018","517900","","104716221","","202,19",""
"26","PERNAMBUCO","10/2018","1157305","","213142395","","184,17",""
"27","ALAGOAS","10/2018","408110","","79289447","","194,28",""
"28","SERGIPE","10/2018","287507","","49372221","","171,73",""
"29","BAHIA","10/2018","1831491","","344170302","","187,92",""
"31","MINAS GERAIS","10/2018","1039502","","187040671","","179,93",""
"32","ESPÍRITO SANTO","10/2018","177414","","31111979","","175,36",""
"33","RIO DE JANEIRO","10/2018","849678","","155489687","","183,00",""
"35","SÃO PAULO","10/2018","1542883","","260421744","","168,79",""
"41","PARANÁ","10/2018","369637","","59841593","","161,89",""
"42","SANTA CATARINA","10/2018","118622","","20751836","","174,94",""
"43","RIO GRANDE DO SUL","10/2018","360887","","61509853","","170,44",""
"50","MATO GROSSO DO SUL","10/2018","126970","","22558268","","177,67",""
"51","MATO GROSSO","10/2018","158472","","26601279","","167,86",""
"52","GOIÁS","10/2018","304092","","48122808","","158,25",""
"53","DISTRITO FEDERAL","10/2018","74665","","13076889","","175,14",""
"11","RONDÔNIA","11/2018","83758","","12923341","","154,29",""
"12","ACRE","11/2018","89997","","24017990","","266,88",""
"13","AMAZONAS","11/2018","411477","","94736410","","230,24",""
"14","RORAIMA","11/2018","49104","","10226047","","208,25",""
"15","PARÁ","11/2018","972654","","196756394","","202,29",""
"16","AMAPÁ","11/2018","77149","","17159149","","222,42",""
"17","TOCANTINS","11/2018","122519","","23074034","","188,33",""
"21","MARANHÃO","11/2018","992810","","213545085","","215,09",""
"22","PIAUÍ","11/2018","456794","","95760245","","209,64",""
"23","CEARÁ","11/2018","1074275","","201736984","","187,79",""
"24","RIO GRANDE DO NORTE","11/2018","359000","","66664930","","185,70",""
"25","PARAÍBA","11/2018","524812","","105820501","","201,64",""
"26","PERNAMBUCO","11/2018","1178219","","216087640","","183,40",""
"27","ALAGOAS","11/2018","413981","","80138615","","193,58",""
"28","SERGIPE","11/2018","292015","","49979250","","171,15",""
"29","BAHIA","11/2018","1860246","","348061146","","187,10",""
"31","MINAS GERAIS","11/2018","1061670","","190423027","","179,36",""
"32","ESPÍRITO SANTO","11/2018","183121","","31892958","","174,16",""
"33","RIO DE JANEIRO","11/2018","879317","","159877860","","181,82",""
"35","SÃO PAULO","11/2018","1593858","","268112286","","168,22",""
"41","PARANÁ","11/2018","379470","","61313829","","161,58",""
"42","SANTA CATARINA","11/2018","122596","","21377860","","174,38",""
"43","RIO GRANDE DO SUL","11/2018","369650","","62984250","","170,39",""
"50","MATO GROSSO DO SUL","11/2018","130027","","23053766","","177,30",""
"51","MATO GROSSO","11/2018","162114","","27125724","","167,32",""
"52","GOIÁS","11/2018","310487","","48969885","","157,72",""
"53","DISTRITO FEDERAL","11/2018","76331","","13230081","","173,33",""
"11","RONDÔNIA","12/2018","81759","","12584145","","153,92",""
"12","ACRE","12/2018","90330","","24004401","","265,74",""
"13","AMAZONAS","12/2018","408675","","93845061","","229,63",""
"14","RORAIMA","12/2018","47997","","9974460","","207,81",""
"15","PARÁ","12/2018","966673","","194953079","","201,67",""
"16","AMAPÁ","12/2018","77108","","17155390","","222,49",""
"17","TOCANTINS","12/2018","121439","","22789513","","187,66",""
"21","MARANHÃO","12/2018","984380","","211014687","","214,36",""
"22","PIAUÍ","12/2018","454598","","95067122","","209,12",""
"23","CEARÁ","12/2018","1067409","","200068570","","187,43",""
"24","RIO GRANDE DO NORTE","12/2018","357062","","66237305","","185,51",""
"25","PARAÍBA","12/2018","524408","","105434411","","201,05",""
"26","PERNAMBUCO","12/2018","1178450","","215310797","","182,71",""
"27","ALAGOAS","12/2018","412116","","79428048","","192,73",""
"28","SERGIPE","12/2018","292319","","49823650","","170,44",""
"29","BAHIA","12/2018","1851030","","345273843","","186,53",""
"31","MINAS GERAIS","12/2018","1052153","","188430813","","179,09",""
"32","ESPÍRITO SANTO","12/2018","180257","","31172569","","172,93",""
"33","RIO DE JANEIRO","12/2018","875367","","158598080","","181,18",""
"35","SÃO PAULO","12/2018","1576967","","264549569","","167,76",""
"41","PARANÁ","12/2018","378634","","61071252","","161,29",""
"42","SANTA CATARINA","12/2018","122176","","21221556","","173,70",""
"43","RIO GRANDE DO SUL","12/2018","367805","","62532644","","170,02",""
"50","MATO GROSSO DO SUL","12/2018","129969","","22972619","","176,75",""
"51","MATO GROSSO","12/2018","162263","","26926718","","165,94",""
"52","GOIÁS","12/2018","308885","","48455268","","156,87",""
"53","DISTRITO FEDERAL","12/2018","72535","","12720508","","175,37",""
"11","RONDÔNIA","01/2019","79114","","12118141","","153,17",""
"12","ACRE","01/2019","88573","","23694601","","267,51",""
"13","AMAZONAS","01/2019","400515","","92300219","","230,45",""
"14","RORAIMA","01/2019","46893","","9834124","","209,71",""
"15","PARÁ","01/2019","954372","","192441296","","201,64",""
"16","AMAPÁ","01/2019","75804","","16851337","","222,30",""
"17","TOCANTINS","01/2019","117872","","22226905","","188,57",""
"21","MARANHÃO","01/2019","963939","","207647756","","215,42",""
"22","PIAUÍ","01/2019","446302","","93796821","","210,16",""
"23","CEARÁ","01/2019","1046504","","196867247","","188,12",""
"24","RIO GRANDE DO NORTE","01/2019","351055","","65341029","","186,13",""
"25","PARAÍBA","01/2019","513386","","103714510","","202,02",""
"26","PERNAMBUCO","01/2019","1153891","","211486438","","183,28",""
"27","ALAGOAS","01/2019","402968","","78066841","","193,73",""
"28","SERGIPE","01/2019","286817","","48884806","","170,44",""
"29","BAHIA","01/2019","1807409","","338579562","","187,33",""
"31","MINAS GERAIS","01/2019","1019519","","183706287","","180,19",""
"32","ESPÍRITO SANTO","01/2019","175128","","30538232","","174,38",""
"33","RIO DE JANEIRO","01/2019","844155","","154621541","","183,17",""
"35","SÃO PAULO","01/2019","1510626","","256748069","","169,96",""
"41","PARANÁ","01/2019","363345","","58999954","","162,38",""
"42","SANTA CATARINA","01/2019","116670","","20459175","","175,36",""
"43","RIO GRANDE DO SUL","01/2019","352292","","60279755","","171,11",""
"50","MATO GROSSO DO SUL","01/2019","124175","","22151085","","178,39",""
"51","MATO GROSSO","01/2019","154967","","25909348","","167,19",""
"52","GOIÁS","01/2019","295703","","46587782","","157,55",""
"53","DISTRITO FEDERAL","01/2019","68892","","12013474","","174,38",""
"11","RONDÔNIA","02/2019","79619","","12169696,00","","152,85",""
"12","ACRE","02/2019","89475","","23886452,00","","266,96",""
"13","AMAZONAS","02/2019","403177","","92408328,00","","229,20",""
"14","RORAIMA","02/2019","47450","","9882969,00","","208,28",""
"15","PARÁ","02/2019","964196","","193612420,00","","200,80",""
"16","AMAPÁ","02/2019","76935","","17047029,00","","221,58",""
"17","TOCANTINS","02/2019","118782","","22431792,00","","188,85",""
"21","MARANHÃO","02/2019","970829","","208590121,00","","214,86",""
"22","PIAUÍ","02/2019","450645","","94791492,00","","210,35",""
"23","CEARÁ","02/2019","1054962","","198188049,00","","187,86",""
"24","RIO GRANDE DO NORTE","02/2019","354455","","66086131,00","","186,44",""
"25","PARAÍBA","02/2019","518863","","104642716,00","","201,68",""
"26","PERNAMBUCO","02/2019","1165262","","213332106,00","","183,08",""
"27","ALAGOAS","02/2019","406221","","78679374,00","","193,69",""
"28","SERGIPE","02/2019","289228","","49191923,00","","170,08",""
"29","BAHIA","02/2019","1824866","","341627818,00","","187,21",""
"31","MINAS GERAIS","02/2019","1033364","","186157666,00","","180,15",""
"32","ESPÍRITO SANTO","02/2019","177999","","30915517,00","","173,68",""
"33","RIO DE JANEIRO","02/2019","858617","","156974508,00","","182,82",""
"35","SÃO PAULO","02/2019","1535181","","259965189,00","","169,34",""
"41","PARANÁ","02/2019","368192","","59675898,00","","162,08",""
"42","SANTA CATARINA","02/2019","117959","","20649179,00","","175,05",""
"43","RIO GRANDE DO SUL","02/2019","356591","","61002213,00","","171,07",""
"50","MATO GROSSO DO SUL","02/2019","125467","","22346013,00","","178,10",""
"51","MATO GROSSO","02/2019","156814","","26187804,00","","167,00",""
"52","GOIÁS","02/2019","299351","","47194139,00","","157,65",""
"53","DISTRITO FEDERAL","02/2019","69830","","12182160,00","","174,45",""
"11","RONDÔNIA","03/2019","80526","","12294643","","152,68",""
"12","ACRE","03/2019","90691","","24129755","","266,07",""
"13","AMAZONAS","03/2019","407546","","93215924","","228,72",""
"14","RORAIMA","03/2019","48712","","10083859","","207,01",""
"15","PARÁ","03/2019","975420","","195130922","","200,05",""
"16","AMAPÁ","03/2019","78257","","17298372","","221,05",""
"17","TOCANTINS","03/2019","120299","","22672725","","188,47",""
"21","MARANHÃO","03/2019","978375","","209645742","","214,28",""
"22","PIAUÍ","03/2019","455344","","95519195","","209,77",""
"23","CEARÁ","03/2019","1065839","","199814573","","187,47",""
"24","RIO GRANDE DO NORTE","03/2019","358057","","66421601","","185,51",""
"25","PARAÍBA","03/2019","523789","","105233141","","200,91",""
"26","PERNAMBUCO","03/2019","1178975","","215088723","","182,44",""
"27","ALAGOAS","03/2019","410015","","79070813","","192,85",""
"28","SERGIPE","03/2019","292183","","49564496","","169,64",""
"29","BAHIA","03/2019","1845057","","344434856","","186,68",""
"31","MINAS GERAIS","03/2019","1049798","","188426148","","179,49",""
"32","ESPÍRITO SANTO","03/2019","181899","","31515503","","173,26",""
"33","RIO DE JANEIRO","03/2019","876967","","160092213","","182,55",""
"35","SÃO PAULO","03/2019","1566243","","264074628","","168,60",""
"41","PARANÁ","03/2019","375322","","60669654","","161,65",""
"42","SANTA CATARINA","03/2019","120428","","21055012","","174,83",""
"43","RIO GRANDE DO SUL","03/2019","362530","","61778929","","170,41",""
"50","MATO GROSSO DO SUL","03/2019","127608","","22670124","","177,65",""
"51","MATO GROSSO","03/2019","159239","","26523688","","166,57",""
"52","GOIÁS","03/2019","304539","","47778754","","156,89",""
"53","DISTRITO FEDERAL","03/2019","71582","","12650161","","176,72",""
"11","RONDÔNIA","04/2019","80673","","12300288,00","","152,47",""
"12","ACRE","04/2019","90964","","23909429,00","","262,84",""
"13","AMAZONAS","04/2019","408470","","92401191,00","","226,21",""
"14","RORAIMA","04/2019","49119","","10132893,00","","206,29",""
"15","PARÁ","04/2019","977115","","193932600,00","","198,47",""
"16","AMAPÁ","04/2019","78784","","17192268,00","","218,22",""
"17","TOCANTINS","04/2019","120257","","22617578,00","","188,08",""
"21","MARANHÃO","04/2019","977020","","207233768,00","","212,11",""
"22","PIAUÍ","04/2019","456237","","95109555,00","","208,47",""
"23","CEARÁ","04/2019","1068388","","199922783,00","","187,13",""
"24","RIO GRANDE DO NORTE","04/2019","357990","","66326177,00","","185,27",""
"25","PARAÍBA","04/2019","523985","","104535430,00","","199,50",""
"26","PERNAMBUCO","04/2019","1179827","","215112750,00","","182,33",""
"27","ALAGOAS","04/2019","410055","","78859015,00","","192,31",""
"28","SERGIPE","04/2019","292400","","49508137,00","","169,32",""
"29","BAHIA","04/2019","1846806","","342855374,00","","185,65",""
"31","MINAS GERAIS","04/2019","1053344","","188824473,00","","179,26",""
"32","ESPÍRITO SANTO","04/2019","183835","","31776466,00","","172,85",""
"33","RIO DE JANEIRO","04/2019","883206","","160619176,00","","181,86",""
"35","SÃO PAULO","04/2019","1570043","","265293089,00","","168,97",""
"41","PARANÁ","04/2019","377162","","61035684,00","","161,83",""
"42","SANTA CATARINA","04/2019","121306","","21156688,00","","174,41",""
"43","RIO GRANDE DO SUL","04/2019","363609","","61964565,00","","170,42",""
"50","MATO GROSSO DO SUL","04/2019","127898","","22783936,00","","178,14",""
"51","MATO GROSSO","04/2019","159011","","26539306,00","","166,90",""
"52","GOIÁS","04/2019","305220","","47907482,00","","156,96",""
"53","DISTRITO FEDERAL","04/2019","71599","","12428435,00","","173,58",""
"11","RONDÔNIA","05/2019","81571","","12461625","","152,77",""
"12","ACRE","05/2019","92093","","24445152","","265,44",""
"13","AMAZONAS","05/2019","413678","","94399286","","228,20",""
"14","RORAIMA","05/2019","50155","","10372027","","206,80",""
"15","PARÁ","05/2019","990332","","198035110","","199,97",""
"16","AMAPÁ","05/2019","80024","","17610179","","220,06",""
"17","TOCANTINS","05/2019","121533","","22866079","","188,15",""
"21","MARANHÃO","05/2019","984927","","210575117","","213,80",""
"22","PIAUÍ","05/2019","461372","","96462096","","209,08",""
"23","CEARÁ","05/2019","1079907","","202105646","","187,15",""
"24","RIO GRANDE DO NORTE","05/2019","361925","","67143107","","185,52",""
"25","PARAÍBA","05/2019","529231","","105862355","","200,03",""
"26","PERNAMBUCO","05/2019","1193753","","217487996","","182,19",""
"27","ALAGOAS","05/2019","413690","","79614337","","192,45",""
"28","SERGIPE","05/2019","295983","","50206734","","169,63",""
"29","BAHIA","05/2019","1865360","","347421758","","186,25",""
"31","MINAS GERAIS","05/2019","1071786","","192321033","","179,44",""
"32","ESPÍRITO SANTO","05/2019","187816","","32559627","","173,36",""
"33","RIO DE JANEIRO","05/2019","903101","","164467913","","182,11",""
"35","SÃO PAULO","05/2019","1604095","","271642921","","169,34",""
"41","PARANÁ","05/2019","385206","","62496800","","162,24",""
"42","SANTA CATARINA","05/2019","124815","","21787883","","174,56",""
"43","RIO GRANDE DO SUL","05/2019","370779","","63317734","","170,77",""
"50","MATO GROSSO DO SUL","05/2019","130431","","23210075","","177,95",""
"51","MATO GROSSO","05/2019","161787","","27062477","","167,27",""
"52","GOIÁS","05/2019","310343","","48767944","","157,14",""
"53","DISTRITO FEDERAL","05/2019","73365","","12836151","","174,96",""
"11","RONDÔNIA","06/2019","79344","","12119356","","152,74",""
"12","ACRE","06/2019","90670","","23963222","","264,29",""
"13","AMAZONAS","06/2019","407223","","92494319","","227,13",""
"14","RORAIMA","06/2019","49102","","10131527","","206,34",""
"15","PARÁ","06/2019","976805","","194383520","","199,00",""
"16","AMAPÁ","06/2019","78870","","17342137","","219,88",""
"17","TOCANTINS","06/2019","118604","","22349893","","188,44",""
"21","MARANHÃO","06/2019","970472","","206635616","","212,92",""
"22","PIAUÍ","06/2019","455074","","94994176","","208,74",""
"23","CEARÁ","06/2019","1060667","","199040328","","187,66",""
"24","RIO GRANDE DO NORTE","06/2019","355773","","66086584","","185,75",""
"25","PARAÍBA","06/2019","522195","","104329144","","199,79",""
"26","PERNAMBUCO","06/2019","1178788","","215281178","","182,63",""
"27","ALAGOAS","06/2019","407229","","78394229","","192,51",""
"28","SERGIPE","06/2019","292146","","49496217","","169,42",""
"29","BAHIA","06/2019","1836980","","341420482","","185,86",""
"31","MINAS GERAIS","06/2019","1045431","","188239435","","180,06",""
"32","ESPÍRITO SANTO","06/2019","183023","","31674873","","173,06",""
"33","RIO DE JANEIRO","06/2019","887391","","161828726","","182,36",""
"35","SÃO PAULO","06/2019","1561120","","264390146","","169,36",""
"41","PARANÁ","06/2019","374405","","60856005","","162,54",""
"42","SANTA CATARINA","06/2019","120315","","20999861","","174,54",""
"43","RIO GRANDE DO SUL","06/2019","361604","","61801042","","170,91",""
"50","MATO GROSSO DO SUL","06/2019","126668","","22556977","","178,08",""
"51","MATO GROSSO","06/2019","157280","","26341880","","167,48",""
"52","GOIÁS","06/2019","302665","","47695806","","157,59",""
"53","DISTRITO FEDERAL","06/2019","72524","","13014762","","179,45",""
"11","RONDÔNIA","07/2019","77933","","11981233","","153,74",""
"12","ACRE","07/2019","89984","","24154784","","268,43",""
"13","AMAZONAS","07/2019","403157","","92927047","","230,50",""
"14","RORAIMA","07/2019","48310","","10102818","","209,12",""
"15","PARÁ","07/2019","967507","","194352929","","200,88",""
"16","AMAPÁ","07/2019","78017","","17462369","","223,83",""
"17","TOCANTINS","07/2019","116683","","22156486","","189,89",""
"21","MARANHÃO","07/2019","962312","","207278530","","215,40",""
"22","PIAUÍ","07/2019","450508","","94891094","","210,63",""
"23","CEARÁ","07/2019","1049696","","198250970","","188,87",""
"24","RIO GRANDE DO NORTE","07/2019","352140","","65923406","","187,21",""
"25","PARAÍBA","07/2019","516454","","104066130","","201,50",""
"26","PERNAMBUCO","07/2019","1164005","","213952687","","183,81",""
"27","ALAGOAS","07/2019","401110","","77739560","","193,81",""
"28","SERGIPE","07/2019","288481","","49207062","","170,57",""
"29","BAHIA","07/2019","1814706","","339423390","","187,04",""
"31","MINAS GERAIS","07/2019","1026926","","186448426","","181,56",""
"32","ESPÍRITO SANTO","07/2019","179686","","31351771","","174,48",""
"33","RIO DE JANEIRO","07/2019","868608","","159911280","","184,10",""
"35","SÃO PAULO","07/2019","1510317","","258969268","","171,47",""
"41","PARANÁ","07/2019","363103","","59612176","","164,17",""
"42","SANTA CATARINA","07/2019","116127","","20502716","","176,55",""
"43","RIO GRANDE DO SUL","07/2019","350865","","60601883","","172,72",""
"50","MATO GROSSO DO SUL","07/2019","122978","","22172640","","180,30",""
"51","MATO GROSSO","07/2019","153272","","25928556","","169,17",""
"52","GOIÁS","07/2019","296820","","47127282","","158,77",""
"53","DISTRITO FEDERAL","07/2019","71597","","12785097","","178,57",""
"11","RONDÔNIA","08/2019","77523","","11912886","","153,67",""
"12","ACRE","08/2019","90027","","24189761","","268,69",""
"13","AMAZONAS","08/2019","403252","","92694581","","229,87",""
"14","RORAIMA","08/2019","48337","","10159867","","210,19",""
"15","PARÁ","08/2019","965567","","194313387","","201,24",""
"16","AMAPÁ","08/2019","77871","","17450551","","224,10",""
"17","TOCANTINS","08/2019","116179","","22054755","","189,83",""
"21","MARANHÃO","08/2019","961409","","206745437","","215,04",""
"22","PIAUÍ","08/2019","450426","","94850147","","210,58",""
"23","CEARÁ","08/2019","1049307","","198303626","","188,99",""
"24","RIO GRANDE DO NORTE","08/2019","351897","","65906733","","187,29",""
"25","PARAÍBA","08/2019","516787","","104292143","","201,81",""
"26","PERNAMBUCO","08/2019","1164042","","214255766","","184,06",""
"27","ALAGOAS","08/2019","401866","","78107059","","194,36",""
"28","SERGIPE","08/2019","288356","","49253959","","170,81",""
"29","BAHIA","08/2019","1814906","","340304795","","187,51",""
"31","MINAS GERAIS","08/2019","1025418","","186311135","","181,69",""
"32","ESPÍRITO SANTO","08/2019","179021","","31280616","","174,73",""
"33","RIO DE JANEIRO","08/2019","867681","","159884423","","184,27",""
"35","SÃO PAULO","08/2019","1506667","","257953335","","171,21",""
"41","PARANÁ","08/2019","361771","","59353582","","164,06",""
"42","SANTA CATARINA","08/2019","115926","","20462631","","176,51",""
"43","RIO GRANDE DO SUL","08/2019","349255","","60327722","","172,73",""
"50","MATO GROSSO DO SUL","08/2019","122462","","22106364","","180,52",""
"51","MATO GROSSO","08/2019","152793","","25949288","","169,83",""
"52","GOIÁS","08/2019","296109","","46989923","","158,69",""
"53","DISTRITO FEDERAL","08/2019","71861","","12777293","","177,81",""
"11","RONDÔNIA","09/2019","75093","","11596643","","154,43",""
"12","ACRE","09/2019","88507","","23930990","","270,39",""
"13","AMAZONAS","09/2019","397110","","91668177","","230,84",""
"14","RORAIMA","09/2019","47003","","9965471","","212,02",""
"15","PARÁ","09/2019","950210","","191451693","","201,48",""
"16","AMAPÁ","09/2019","76687","","17298246","","225,57",""
"17","TOCANTINS","09/2019","113287","","21620381","","190,85",""
"21","MARANHÃO","09/2019","948346","","204422002","","215,56",""
"22","PIAUÍ","09/2019","444748","","93852622","","211,02",""
"23","CEARÁ","09/2019","1031797","","195673913","","189,64",""
"24","RIO GRANDE DO NORTE","09/2019","345969","","65075134","","188,10",""
"25","PARAÍBA","09/2019","509832","","103183796","","202,39",""
"26","PERNAMBUCO","09/2019","1148715","","212045626","","184,59",""
"27","ALAGOAS","09/2019","394847","","76830145","","194,58",""
"28","SERGIPE","09/2019","284593","","48716835","","171,18",""
"29","BAHIA","09/2019","1786926","","335873593","","187,96",""
"31","MINAS GERAIS","09/2019","997085","","181725155","","182,26",""
"32","ESPÍRITO SANTO","09/2019","173848","","30447265","","175,14",""
"33","RIO DE JANEIRO","09/2019","849089","","156769850","","184,63",""
"35","SÃO PAULO","09/2019","1453995","","249361227","","171,50",""
"41","PARANÁ","09/2019","347913","","57104828","","164,14",""
"42","SANTA CATARINA","09/2019","110507","","19500380","","176,46",""
"43","RIO GRANDE DO SUL","09/2019","338069","","58434451","","172,85",""
"50","MATO GROSSO DO SUL","09/2019","118275","","21469358","","181,52",""
"51","MATO GROSSO","09/2019","148068","","25214010","","170,29",""
"52","GOIÁS","09/2019","286770","","45702214","","159,37",""
"53","DISTRITO FEDERAL","09/2019","69848","","12459837","","178,39",""
"11","RONDÔNIA","10/2019","74655","","11552379","","154,74",""
"12","ACRE","10/2019","88409","","24011200","","271,59",""
"13","AMAZONAS","10/2019","396715","","91690712","","231,12",""
"14","RORAIMA","10/2019","45725","","9892802","","216,35",""
"15","PARÁ","10/2019","947855","","191466955","","202,00",""
"16","AMAPÁ","10/2019","76434","","17275628","","226,02",""
"17","TOCANTINS","10/2019","112735","","21568000","","191,32",""
"21","MARANHÃO","10/2019","946363","","204240778","","215,82",""
"22","PIAUÍ","10/2019","444364","","93964950","","211,46",""
"23","CEARÁ","10/2019","1030909","","196188894","","190,31",""
"24","RIO GRANDE DO NORTE","10/2019","345489","","65188333","","188,68",""
"25","PARAÍBA","10/2019","509554","","103499173","","203,12",""
"26","PERNAMBUCO","10/2019","1146669","","212366815","","185,20",""
"27","ALAGOAS","10/2019","394886","","77145611","","195,36",""
"28","SERGIPE","10/2019","284116","","48747107","","171,57",""
"29","BAHIA","10/2019","1784042","","336363640","","188,54",""
"31","MINAS GERAIS","10/2019","994377","","182053882","","183,08",""
"32","ESPÍRITO SANTO","10/2019","173188","","30471333","","175,94",""
"33","RIO DE JANEIRO","10/2019","847281","","157358342","","185,72",""
"35","SÃO PAULO","10/2019","1447737","","249123527","","172,08",""
"41","PARANÁ","10/2019","346168","","57055023","","164,82",""
"42","SANTA CATARINA","10/2019","110147","","19527858","","177,29",""
"43","RIO GRANDE DO SUL","10/2019","336778","","58404512","","173,42",""
"50","MATO GROSSO DO SUL","10/2019","117922","","21478331","","182,14",""
"51","MATO GROSSO","10/2019","147237","","25185196","","171,05",""
"52","GOIÁS","10/2019","285946","","45789164","","160,13",""
"53","DISTRITO FEDERAL","10/2019","70057","","12583058","","179,61",""
"11","RONDÔNIA","11/2019","71607","","11137371","","155,53",""
"12","ACRE","11/2019","87057","","23778672","","273,14",""
"13","AMAZONAS","11/2019","387551","","90121807","","232,54",""
"14","RORAIMA","11/2019","44175","","9737335","","220,43",""
"15","PARÁ","11/2019","926505","","187978171","","202,89",""
"16","AMAPÁ","11/2019","75208","","17140023","","227,90",""
"17","TOCANTINS","11/2019","110130","","21212593","","192,61",""
"21","MARANHÃO","11/2019","927773","","201248934","","216,92",""
"22","PIAUÍ","11/2019","438074","","93059538","","212,43",""
"23","CEARÁ","11/2019","1014719","","194196981","","191,38",""
"24","RIO GRANDE DO NORTE","11/2019","339640","","64434084","","189,71",""
"25","PARAÍBA","11/2019","502347","","102396912","","203,84",""
"26","PERNAMBUCO","11/2019","1129047","","210126867","","186,11",""
"27","ALAGOAS","11/2019","387236","","76039758","","196,37",""
"28","SERGIPE","11/2019","280301","","48279674","","172,24",""
"29","BAHIA","11/2019","1751688","","332058293","","189,56",""
"31","MINAS GERAIS","11/2019","972739","","179237536","","184,26",""
"32","ESPÍRITO SANTO","11/2019","168519","","29878861","","177,30",""
"33","RIO DE JANEIRO","11/2019","819465","","153345593","","187,13",""
"35","SÃO PAULO","11/2019","1382939","","240167737","","173,66",""
"41","PARANÁ","11/2019","337216","","55975354","","165,99",""
"42","SANTA CATARINA","11/2019","106570","","18984261","","178,14",""
"43","RIO GRANDE DO SUL","11/2019","327007","","57049710","","174,46",""
"50","MATO GROSSO DO SUL","11/2019","114757","","21036205","","183,31",""
"51","MATO GROSSO","11/2019","143439","","24709549","","172,27",""
"52","GOIÁS","11/2019","277733","","44768677","","161,19",""
"53","DISTRITO FEDERAL","11/2019","66125","","12110463","","183,14",""
"11","RONDÔNIA","12/2019","71216","","11116510","","156,10",""
"12","ACRE","12/2019","86987","","23844619","","274,12",""
"13","AMAZONAS","12/2019","387230","","90215464","","232,98",""
"14","RORAIMA","12/2019","44067","","9751556","","221,29",""
"15","PARÁ","12/2019","925135","","188501912","","203,76",""
"16","AMAPÁ","12/2019","75123","","17204525","","229,02",""
"17","TOCANTINS","12/2019","109698","","21160501","","192,90",""
"21","MARANHÃO","12/2019","927651","","201890971","","217,64",""
"22","PIAUÍ","12/2019","437844","","93293264","","213,07",""
"23","CEARÁ","12/2019","1014628","","194843657","","192,03",""
"24","RIO GRANDE DO NORTE","12/2019","339308","","64609592","","190,42",""
"25","PARAÍBA","12/2019","502403","","102840670","","204,70",""
"26","PERNAMBUCO","12/2019","1127840","","210476034","","186,62",""
"27","ALAGOAS","12/2019","387195","","76202903","","196,81",""
"28","SERGIPE","12/2019","280015","","48341887","","172,64",""
"29","BAHIA","12/2019","1750294","","332690778","","190,08",""
"31","MINAS GERAIS","12/2019","970642","","179616050","","185,05",""
"32","ESPÍRITO SANTO","12/2019","168028","","29906969","","177,99",""
"33","RIO DE JANEIRO","12/2019","818580","","154134486","","188,29",""
"35","SÃO PAULO","12/2019","1378331","","240361837","","174,39",""
"41","PARANÁ","12/2019","335494","","55838776","","166,44",""
"42","SANTA CATARINA","12/2019","106298","","19008002","","178,82",""
"43","RIO GRANDE DO SUL","12/2019","325960","","57131513","","175,27",""
"50","MATO GROSSO DO SUL","12/2019","114397","","21022936","","183,77",""
"51","MATO GROSSO","12/2019","142557","","24648134","","172,90",""
"52","GOIÁS","12/2019","277003","","44808080","","161,76",""
"53","DISTRITO FEDERAL","12/2019","66683","","12284381","","184,22",""
"11","RONDÔNIA","01/2020","75338","","11459692,00","","152,11",""
"12","ACRE","01/2020","86793","","23751168,00","","273,65",""
"13","AMAZONAS","01/2020","386593","","89997046,00","","232,80",""
"14","RORAIMA","01/2020","44125","","9783196,00","","221,72",""
"15","PARÁ","01/2020","923314","","187357920,00","","202,92",""
"16","AMAPÁ","01/2020","74908","","17126057,00","","228,63",""
"17","TOCANTINS","01/2020","109915","","21036677,00","","191,39",""
"21","MARANHÃO","01/2020","926925","","201008543,00","","216,86",""
"22","PIAUÍ","01/2020","437299","","93077045,00","","212,85",""
"23","CEARÁ","01/2020","1013000","","193928986,00","","191,44",""
"24","RIO GRANDE DO NORTE","01/2020","338754","","64485783,00","","190,36",""
"25","PARAÍBA","01/2020","501847","","102480740,00","","204,21",""
"26","PERNAMBUCO","01/2020","1125559","","209482184,00","","186,11",""
"27","ALAGOAS","01/2020","386749","","75871404,00","","196,18",""
"28","SERGIPE","01/2020","279525","","48053315,00","","171,91",""
"29","BAHIA","01/2020","1747925","","331509144,00","","189,66",""
"31","MINAS GERAIS","01/2020","982791","","180549476,00","","183,71",""
"32","ESPÍRITO SANTO","01/2020","169650","","30045406,00","","177,10",""
"33","RIO DE JANEIRO","01/2020","820704","","154423484,00","","188,16",""
"35","SÃO PAULO","01/2020","1393425","","243031821,00","","174,41",""
"41","PARANÁ","01/2020","344020","","56773228,00","","165,03",""
"42","SANTA CATARINA","01/2020","111671","","19692859,00","","176,35",""
"43","RIO GRANDE DO SUL","01/2020","335144","","58169198,00","","173,56",""
"50","MATO GROSSO DO SUL","01/2020","115446","","21082352,00","","182,62",""
"51","MATO GROSSO","01/2020","145427","","24875571,00","","171,05",""
"52","GOIÁS","01/2020","284729","","45408714,00","","159,48",""
"53","DISTRITO FEDERAL","01/2020","66439","","12109549,00","","182,27",""
"11","RONDÔNIA","02/2020","75117","","11401776","","151,79",""
"12","ACRE","02/2020","86735","","23753023","","273,86",""
"13","AMAZONAS","02/2020","386609","","89840701","","232,38",""
"14","RORAIMA","02/2020","44237","","9834305","","222,31",""
"15","PARÁ","02/2020","922755","","186887352","","202,53",""
"16","AMAPÁ","02/2020","74850","","17100900","","228,47",""
"17","TOCANTINS","02/2020","109778","","20993983","","191,24",""
"21","MARANHÃO","02/2020","926693","","200732972","","216,61",""
"22","PIAUÍ","02/2020","437140","","93030608","","212,82",""
"23","CEARÁ","02/2020","1012623","","193636879","","191,22",""
"24","RIO GRANDE DO NORTE","02/2020","338735","","64524865","","190,49",""
"25","PARAÍBA","02/2020","501648","","102408490","","204,14",""
"26","PERNAMBUCO","02/2020","1125049","","209253519","","186,00",""
"27","ALAGOAS","02/2020","386688","","75773357","","195,95",""
"28","SERGIPE","02/2020","279377","","47960591","","171,67",""
"29","BAHIA","02/2020","1747585","","331286118","","189,57",""
"31","MINAS GERAIS","02/2020","980958","","179967046","","183,46",""
"32","ESPÍRITO SANTO","02/2020","169283","","29918880","","176,74",""
"33","RIO DE JANEIRO","02/2020","820283","","153948644","","187,68",""
"35","SÃO PAULO","02/2020","1391574","","241708837","","173,69",""
"41","PARANÁ","02/2020","342738","","56384383","","164,51",""
"42","SANTA CATARINA","02/2020","111283","","19586197","","176,00",""
"43","RIO GRANDE DO SUL","02/2020","334281","","57925914","","173,29",""
"50","MATO GROSSO DO SUL","02/2020","115208","","21013949","","182,40",""
"51","MATO GROSSO","02/2020","145105","","24774332","","170,73",""
"52","GOIÁS","02/2020","283698","","45199636","","159,32",""
"53","DISTRITO FEDERAL","02/2020","66850","","12252614","","183,29",""
"11","RONDÔNIA","03/2020","75159","","11433513","","152,12",""
"12","ACRE","03/2020","85510","","23611643","","276,13",""
"13","AMAZONAS","03/2020","382107","","89449550","","234,10",""
"14","RORAIMA","03/2020","43302","","9833483","","227,09",""
"15","PARÁ","03/2020","918991","","186824084","","203,29",""
"16","AMAPÁ","03/2020","73775","","16992281","","230,33",""
"17","TOCANTINS","03/2020","110802","","21181302","","191,16",""
"21","MARANHÃO","03/2020","916977","","199645459","","217,72",""
"22","PIAUÍ","03/2020","430222","","92225267","","214,37",""
"23","CEARÁ","03/2020","997726","","192017362","","192,46",""
"24","RIO GRANDE DO NORTE","03/2020","333089","","63783986","","191,49",""
"25","PARAÍBA","03/2020","494822","","101534224","","205,19",""
"26","PERNAMBUCO","03/2020","1103079","","206934876","","187,60",""
"27","ALAGOAS","03/2020","386378","","75821210","","196,24",""
"28","SERGIPE","03/2020","273462","","47337924","","173,11",""
"29","BAHIA","03/2020","1722922","","328683228","","190,77",""
"31","MINAS GERAIS","03/2020","985623","","181272401","","183,92",""
"32","ESPÍRITO SANTO","03/2020","169885","","30119431","","177,29",""
"33","RIO DE JANEIRO","03/2020","798732","","151332843","","189,47",""
"35","SÃO PAULO","03/2020","1356117","","236964002","","174,74",""
"41","PARANÁ","03/2020","345336","","56931789","","164,86",""
"42","SANTA CATARINA","03/2020","111830","","19852896","","177,53",""
"43","RIO GRANDE DO SUL","03/2020","333811","","57939149","","173,57",""
"50","MATO GROSSO DO SUL","03/2020","112997","","20840556","","184,43",""
"51","MATO GROSSO","03/2020","142652","","24614848","","172,55",""
"52","GOIÁS","03/2020","282570","","45258588","","160,17",""
"53","DISTRITO FEDERAL","03/2020","70352","","12980104","","184,50",""
"11","RONDÔNIA","04/2020","81997","","541815","","6,61",""
"12","ACRE","04/2020","90731","","596108","","6,57",""
"13","AMAZONAS","04/2020","409690","","2387551","","5,83",""
"14","RORAIMA","04/2020","52244","","410452","","7,86",""
"15","PARÁ","04/2020","965856","","6036497","","6,25",""
"16","AMAPÁ","04/2020","76651","","473272","","6,17",""
"17","TOCANTINS","04/2020","118931","","955821","","8,04",""
"21","MARANHÃO","04/2020","962652","","7906566","","8,21",""
"22","PIAUÍ","04/2020","453230","","2127619","","4,69",""
"23","CEARÁ","04/2020","1085266","","4965308","","4,58",""
"24","RIO GRANDE DO NORTE","04/2020","363346","","1574541","","4,33",""
"25","PARAÍBA","04/2020","519629","","2565539","","4,94",""
"26","PERNAMBUCO","04/2020","1175433","","6008201","","5,11",""
"27","ALAGOAS","04/2020","406616","","2167406","","5,33",""
"28","SERGIPE","04/2020","286704","","1507668","","5,26",""
"29","BAHIA","04/2020","1838487","","9059636","","4,93",""
"31","MINAS GERAIS","04/2020","1076045","","11345157","","10,54",""
"32","ESPÍRITO SANTO","04/2020","196496","","1882347","","9,58",""
"33","RIO DE JANEIRO","04/2020","941021","","8603173","","9,14",""
"35","SÃO PAULO","04/2020","1601874","","20996461","","13,11",""
"41","PARANÁ","04/2020","383207","","4831615","","12,61",""
"42","SANTA CATARINA","04/2020","129358","","2377699","","18,38",""
"43","RIO GRANDE DO SUL","04/2020","378532","","5473032","","14,46",""
"50","MATO GROSSO DO SUL","04/2020","130269","","1749252","","13,43",""
"51","MATO GROSSO","04/2020","161235","","2079063","","12,89",""
"52","GOIÁS","04/2020","304711","","3393976","","11,14",""
"53","DISTRITO FEDERAL","04/2020","84063","","1129820","","13,44",""
"11","RONDÔNIA","05/2020","81984","","482152","","5,88",""
"12","ACRE","05/2020","90803","","510303","","5,62",""
"13","AMAZONAS","05/2020","409893","","1924000","","4,69",""
"14","RORAIMA","05/2020","52280","","396755","","7,59",""
"15","PARÁ","05/2020","966117","","5562803","","5,76",""
"16","AMAPÁ","05/2020","76700","","396654","","5,17",""
"17","TOCANTINS","05/2020","118983","","900729","","7,57",""
"21","MARANHÃO","05/2020","962994","","6786833","","7,05",""
"22","PIAUÍ","05/2020","453650","","1926752","","4,25",""
"23","CEARÁ","05/2020","1085636","","4619301","","4,25",""
"24","RIO GRANDE DO NORTE","05/2020","363605","","1556149","","4,28",""
"25","PARAÍBA","05/2020","519976","","2501215","","4,81",""
"26","PERNAMBUCO","05/2020","1176194","","6807504","","5,79",""
"27","ALAGOAS","05/2020","406889","","2033693","","5,00",""
"28","SERGIPE","05/2020","286906","","1392021","","4,85",""
"29","BAHIA","05/2020","1839747","","8526442","","4,63",""
"31","MINAS GERAIS","05/2020","1076949","","10330251","","9,59",""
"32","ESPÍRITO SANTO","05/2020","196478","","1659363","","8,45",""
"33","RIO DE JANEIRO","05/2020","941522","","8063608","","8,56",""
"35","SÃO PAULO","05/2020","1602113","","18750143","","11,70",""
"41","PARANÁ","05/2020","383340","","4344397","","11,33",""
"42","SANTA CATARINA","05/2020","129489","","2348782","","18,14",""
"43","RIO GRANDE DO SUL","05/2020","378669","","6665476","","17,60",""
"50","MATO GROSSO DO SUL","05/2020","130271","","1643889","","12,62",""
"51","MATO GROSSO","05/2020","161487","","1925489","","11,92",""
"52","GOIÁS","05/2020","305068","","3167666","","10,38",""
"53","DISTRITO FEDERAL","05/2020","84018","","1046983","","12,46",""
"11","RONDÔNIA","06/2020","81989","","470705","","5,74",""
"12","ACRE","06/2020","90815","","487306","","5,37",""
"13","AMAZONAS","06/2020","409908","","1755758","","4,28",""
"14","RORAIMA","06/2020","52287","","372083","","7,12",""
"15","PARÁ","06/2020","966117","","5351599","","5,54",""
"16","AMAPÁ","06/2020","76703","","369322","","4,81",""
"17","TOCANTINS","06/2020","118998","","876112","","7,36",""
"21","MARANHÃO","06/2020","963041","","6510212","","6,76",""
"22","PIAUÍ","06/2020","453688","","1806932","","3,98",""
"23","CEARÁ","06/2020","1085685","","4471786","","4,12",""
"24","RIO GRANDE DO NORTE","06/2020","363667","","1467642","","4,04",""
"25","PARAÍBA","06/2020","520013","","2405311","","4,63",""
"26","PERNAMBUCO","06/2020","1176357","","6753615","","5,74",""
"27","ALAGOAS","06/2020","406936","","1912189","","4,70",""
"28","SERGIPE","06/2020","286933","","1339986","","4,67",""
"29","BAHIA","06/2020","1840202","","8351070","","4,54",""
"31","MINAS GERAIS","06/2020","1077158","","10247825","","9,51",""
"32","ESPÍRITO SANTO","06/2020","196501","","1667363","","8,49",""
"33","RIO DE JANEIRO","06/2020","941591","","7704295","","8,18",""
"35","SÃO PAULO","06/2020","1602271","","18733379","","11,69",""
"41","PARANÁ","06/2020","383412","","4322903","","11,27",""
"42","SANTA CATARINA","06/2020","129511","","2353163","","18,17",""
"43","RIO GRANDE DO SUL","06/2020","378743","","6927673","","18,29",""
"50","MATO GROSSO DO SUL","06/2020","130281","","1613293","","12,38",""
"51","MATO GROSSO","06/2020","161529","","1883172","","11,66",""
"52","GOIÁS","06/2020","305151","","3153081","","10,33",""
"53","DISTRITO FEDERAL","06/2020","84020","","1036984","","12,34",""
"11","RONDÔNIA","07/2020","81988","","491702","","6,00",""
"12","ACRE","07/2020","90815","","526996","","5,80",""
"13","AMAZONAS","07/2020","409907","","1898397","","4,63",""
"14","RORAIMA","07/2020","52287","","396562","","7,58",""
"15","PARÁ","07/2020","966116","","5294575","","5,48",""
"16","AMAPÁ","07/2020","76703","","364383","","4,75",""
"17","TOCANTINS","07/2020","118998","","994512","","8,36",""
"21","MARANHÃO","07/2020","963037","","9416876","","9,78",""
"22","PIAUÍ","07/2020","453688","","1860457","","4,10",""
"23","CEARÁ","07/2020","1085684","","4958375","","4,57",""
"24","RIO GRANDE DO NORTE","07/2020","363666","","1675105","","4,61",""
"25","PARAÍBA","07/2020","520013","","2926460","","5,63",""
"26","PERNAMBUCO","07/2020","1176357","","7167239","","6,09",""
"27","ALAGOAS","07/2020","406935","","1948507","","4,79",""
"28","SERGIPE","07/2020","286933","","1463708","","5,10",""
"29","BAHIA","07/2020","1840200","","9322194","","5,07",""
"31","MINAS GERAIS","07/2020","1077157","","10627055","","9,87",""
"32","ESPÍRITO SANTO","07/2020","196501","","1723929","","8,77",""
"33","RIO DE JANEIRO","07/2020","941587","","8270107","","8,78",""
"35","SÃO PAULO","07/2020","1602255","","19503807","","12,17",""
"41","PARANÁ","07/2020","383411","","4497255","","11,73",""
"42","SANTA CATARINA","07/2020","129510","","2442133","","18,86",""
"43","RIO GRANDE DO SUL","07/2020","378742","","7028283","","18,56",""
"50","MATO GROSSO DO SUL","07/2020","130280","","1670984","","12,83",""
"51","MATO GROSSO","07/2020","161528","","1891306","","11,71",""
"52","GOIÁS","07/2020","305148","","3326339","","10,90",""
"53","DISTRITO FEDERAL","07/2020","84020","","1055770","","12,57",""
"11","RONDÔNIA","08/2020","81985","","480012","","5,85",""
"12","ACRE","08/2020","90814","","520344","","5,73",""
"13","AMAZONAS","08/2020","409904","","1876124","","4,58",""
"14","RORAIMA","08/2020","52286","","525189","","10,04",""
"15","PARÁ","08/2020","966092","","4954009","","5,13",""
"16","AMAPÁ","08/2020","76702","","355560","","4,64",""
"17","TOCANTINS","08/2020","118994","","971505","","8,16",""
"21","MARANHÃO","08/2020","963027","","8993005","","9,34",""
"22","PIAUÍ","08/2020","453684","","1813512","","4,00",""
"23","CEARÁ","08/2020","1085672","","4848393","","4,47",""
"24","RIO GRANDE DO NORTE","08/2020","363660","","1631519","","4,49",""
"25","PARAÍBA","08/2020","520010","","2821560","","5,43",""
"26","PERNAMBUCO","08/2020","1176352","","5848266","","4,97",""
"27","ALAGOAS","08/2020","406933","","1901190","","4,67",""
"28","SERGIPE","08/2020","286931","","1432208","","4,99",""
"29","BAHIA","08/2020","1840192","","9064446","","4,93",""
"31","MINAS GERAIS","08/2020","1077148","","13100970","","12,16",""
"32","ESPÍRITO SANTO","08/2020","196500","","1657112","","8,43",""
"33","RIO DE JANEIRO","08/2020","941468","","8067674","","8,57",""
"35","SÃO PAULO","08/2020","1602236","","18632258","","11,63",""
"41","PARANÁ","08/2020","383406","","4257549","","11,10",""
"42","SANTA CATARINA","08/2020","129509","","2100349","","16,22",""
"43","RIO GRANDE DO SUL","08/2020","378739","","5031974","","13,29",""
"50","MATO GROSSO DO SUL","08/2020","130280","","1556293","","11,95",""
"51","MATO GROSSO","08/2020","161528","","1847536","","11,44",""
"52","GOIÁS","08/2020","305145","","3209221","","10,52",""
"53","DISTRITO FEDERAL","08/2020","84019","","993428","","11,82",""
"11","RONDÔNIA","09/2020","81853","","1261272","","15,41",""
"12","ACRE","09/2020","90752","","5688203","","62,68",""
"13","AMAZONAS","09/2020","410477","","16763796","","40,84",""
"14","RORAIMA","09/2020","52280","","2540445","","48,59",""
"15","PARÁ","09/2020","965702","","26530771","","27,47",""
"16","AMAPÁ","09/2020","76699","","2589896","","33,77",""
"17","TOCANTINS","09/2020","118874","","3504647","","29,48",""
"21","MARANHÃO","09/2020","961855","","35667253","","37,08",""
"22","PIAUÍ","09/2020","453551","","10880633","","23,99",""
"23","CEARÁ","09/2020","1085053","","17128728","","15,79",""
"24","RIO GRANDE DO NORTE","09/2020","363563","","6194252","","17,04",""
"25","PARAÍBA","09/2020","519755","","11512165","","22,15",""
"26","PERNAMBUCO","09/2020","1176110","","21281762","","18,10",""
"27","ALAGOAS","09/2020","406800","","9250888","","22,74",""
"28","SERGIPE","09/2020","286867","","4841218","","16,88",""
"29","BAHIA","09/2020","1839527","","37112216","","20,17",""
"31","MINAS GERAIS","09/2020","1075747","","30148694","","28,03",""
"32","ESPÍRITO SANTO","09/2020","196264","","4604779","","23,46",""
"33","RIO DE JANEIRO","09/2020","940479","","20700590","","22,01",""
"35","SÃO PAULO","09/2020","1600228","","43949380","","27,46",""
"41","PARANÁ","09/2020","382870","","10423271","","27,22",""
"42","SANTA CATARINA","09/2020","129436","","4947882","","38,23",""
"43","RIO GRANDE DO SUL","09/2020","378102","","11043048","","29,21",""
"50","MATO GROSSO DO SUL","09/2020","130468","","4462950","","34,21",""
"51","MATO GROSSO","09/2020","161687","","5217664","","32,27",""
"52","GOIÁS","09/2020","305148","","7190363","","23,56",""
"53","DISTRITO FEDERAL","09/2020","83939","","2188924","","26,08",""
"11","RONDÔNIA","10/2020","81853","","1392540","","17,01",""
"12","ACRE","10/2020","90752","","5944017","","65,50",""
"13","AMAZONAS","10/2020","410477","","17698949","","43,12",""
"14","RORAIMA","10/2020","52280","","2670220","","51,08",""
"15","PARÁ","10/2020","965702","","29563428","","30,61",""
"16","AMAPÁ","10/2020","76699","","2850339","","37,16",""
"17","TOCANTINS","10/2020","118874","","3748982","","31,54",""
"21","MARANHÃO","10/2020","961855","","38149854","","39,66",""
"22","PIAUÍ","10/2020","453551","","11539620","","25,44",""
"23","CEARÁ","10/2020","1085053","","18297637","","16,86",""
"24","RIO GRANDE DO NORTE","10/2020","363563","","6778785","","18,65",""
"25","PARAÍBA","10/2020","519755","","12478219","","24,01",""
"26","PERNAMBUCO","10/2020","1176110","","22778913","","19,37",""
"27","ALAGOAS","10/2020","406800","","9881887","","24,29",""
"28","SERGIPE","10/2020","286867","","5190914","","18,10",""
"29","BAHIA","10/2020","1839527","","39705418","","21,58",""
"31","MINAS GERAIS","10/2020","1075747","","32297186","","30,02",""
"32","ESPÍRITO SANTO","10/2020","196264","","4935747","","25,15",""
"33","RIO DE JANEIRO","10/2020","940479","","22013887","","23,41",""
"35","SÃO PAULO","10/2020","1600228","","47010657","","29,38",""
"41","PARANÁ","10/2020","382870","","11308154","","29,54",""
"42","SANTA CATARINA","10/2020","129436","","5330564","","41,18",""
"43","RIO GRANDE DO SUL","10/2020","378102","","11840468","","31,32",""
"50","MATO GROSSO DO SUL","10/2020","130468","","4781334","","36,65",""
"51","MATO GROSSO","10/2020","161687","","5584077","","34,54",""
"52","GOIÁS","10/2020","305148","","7714220","","25,28",""
"53","DISTRITO FEDERAL","10/2020","83939","","2342944","","27,91",""
"11","RONDÔNIA","11/2020","81853","","1466865","","17,92",""
"12","ACRE","11/2020","90727","","6057310","","66,76",""
"13","AMAZONAS","11/2020","410417","","18102646","","44,11",""
"14","RORAIMA","11/2020","52280","","2746466","","52,53",""
"15","PARÁ","11/2020","965685","","31980646","","33,12",""
"16","AMAPÁ","11/2020","76699","","2916650","","38,03",""
"17","TOCANTINS","11/2020","118874","","3918692","","32,97",""
"21","MARANHÃO","11/2020","961805","","39523954","","41,09",""
"22","PIAUÍ","11/2020","453550","","11994561","","26,45",""
"23","CEARÁ","11/2020","1085026","","19158650","","17,66",""
"24","RIO GRANDE DO NORTE","11/2020","363563","","7135265","","19,63",""
"25","PARAÍBA","11/2020","519755","","12989957","","24,99",""
"26","PERNAMBUCO","11/2020","1176107","","23991285","","20,40",""
"27","ALAGOAS","11/2020","406800","","10414220","","25,60",""
"28","SERGIPE","11/2020","286867","","5415092","","18,88",""
"29","BAHIA","11/2020","1839526","","42065806","","22,87",""
"31","MINAS GERAIS","11/2020","1075748","","33788172","","31,41",""
"32","ESPÍRITO SANTO","11/2020","196264","","5244085","","26,72",""
"33","RIO DE JANEIRO","11/2020","940398","","23163321","","24,63",""
"35","SÃO PAULO","11/2020","1600220","","49904592","","31,19",""
"41","PARANÁ","11/2020","382856","","12000239","","31,34",""
"42","SANTA CATARINA","11/2020","129436","","5688612","","43,95",""
"43","RIO GRANDE DO SUL","11/2020","378103","","12497696","","33,05",""
"50","MATO GROSSO DO SUL","11/2020","130468","","5011065","","38,41",""
"51","MATO GROSSO","11/2020","161687","","5863151","","36,26",""
"52","GOIÁS","11/2020","305149","","8152152","","26,72",""
"53","DISTRITO FEDERAL","11/2020","83939","","2464072","","29,36",""
"11","RONDÔNIA","12/2020","81853","","1541017","","18,83",""
"12","ACRE","12/2020","90737","","6426713","","70,83",""
"13","AMAZONAS","12/2020","410417","","19122026","","46,59",""
"14","RORAIMA","12/2020","52280","","2838089","","54,29",""
"15","PARÁ","12/2020","965697","","34147430","","35,36",""
"16","AMAPÁ","12/2020","76700","","3010503","","39,25",""
"17","TOCANTINS","12/2020","118870","","4037175","","33,96",""
"21","MARANHÃO","12/2020","961854","","40593226","","42,20",""
"22","PIAUÍ","12/2020","453550","","12570842","","27,72",""
"23","CEARÁ","12/2020","1085050","","20014605","","18,45",""
"24","RIO GRANDE DO NORTE","12/2020","363563","","7466678","","20,54",""
"25","PARAÍBA","12/2020","519755","","13511207","","26,00",""
"26","PERNAMBUCO","12/2020","1176110","","25214760","","21,44",""
"27","ALAGOAS","12/2020","406800","","10873506","","26,73",""
"28","SERGIPE","12/2020","286867","","5804888","","20,24",""
"29","BAHIA","12/2020","1839526","","44291068","","24,08",""
"31","MINAS GERAIS","12/2020","1075746","","35393294","","32,90",""
"32","ESPÍRITO SANTO","12/2020","196264","","5552869","","28,29",""
"33","RIO DE JANEIRO","12/2020","940502","","24437754","","25,98",""
"35","SÃO PAULO","12/2020","1600229","","52882031","","33,05",""
"41","PARANÁ","12/2020","382870","","12713866","","33,21",""
"42","SANTA CATARINA","12/2020","129436","","6118289","","47,27",""
"43","RIO GRANDE DO SUL","12/2020","378103","","13455970","","35,59",""
"50","MATO GROSSO DO SUL","12/2020","130468","","5259607","","40,31",""
"51","MATO GROSSO","12/2020","161686","","6168359","","38,15",""
"52","GOIÁS","12/2020","305149","","8543409","","28,00",""
"53","DISTRITO FEDERAL","12/2020","83939","","2574052","","30,67",""
"11","RONDÔNIA","01/2021","81390","","12985213","","159,54",""
"12","ACRE","01/2021","90623","","24615319","","271,62",""
"13","AMAZONAS","01/2021","410146","","94143351","","229,54",""
"14","RORAIMA","01/2021","52041","","11252137","","216,22",""
"15","PARÁ","01/2021","963449","","193716793","","201,07",""
"16","AMAPÁ","01/2021","76591","","17510169","","228,62",""
"17","TOCANTINS","01/2021","118478","","22833534","","192,72",""
"21","MARANHÃO","01/2021","960371","","203917395","","212,33",""
"22","PIAUÍ","01/2021","452827","","95750998","","211,45",""
"23","CEARÁ","01/2021","1083222","","205459232","","189,67",""
"24","RIO GRANDE DO NORTE","01/2021","362711","","68670112","","189,32",""
"25","PARAÍBA","01/2021","518909","","105263157","","202,85",""
"26","PERNAMBUCO","01/2021","1174426","","217729662","","185,39",""
"27","ALAGOAS","01/2021","406089","","79264819","","195,19",""
"28","SERGIPE","01/2021","286464","","49121391","","171,47",""
"29","BAHIA","01/2021","1836302","","345389404","","188,09",""
"31","MINAS GERAIS","01/2021","1071622","","199432460","","186,10",""
"32","ESPÍRITO SANTO","01/2021","195037","","35252025","","180,75",""
"33","RIO DE JANEIRO","01/2021","937376","","175289914","","187,00",""
"35","SÃO PAULO","01/2021","1590349","","281299222","","176,88",""
"41","PARANÁ","01/2021","380387","","65157000","","171,29",""
"42","SANTA CATARINA","01/2021","128730","","23362168","","181,48",""
"43","RIO GRANDE DO SUL","01/2021","376229","","66917501","","177,86",""
"50","MATO GROSSO DO SUL","01/2021","130131","","24296741","","186,71",""
"51","MATO GROSSO","01/2021","161124","","28194748","","174,99",""
"52","GOIÁS","01/2021","304016","","50343980","","165,60",""
"53","DISTRITO FEDERAL","01/2021","83665","","15207244","","181,76",""
"11","RONDÔNIA","02/2021","83216","","12217759","","146,82",""
"12","ACRE","02/2021","89836","","24189138","","269,26",""
"13","AMAZONAS","02/2021","405984","","91542195","","225,48",""
"14","RORAIMA","02/2021","51678","","10972005","","212,31",""
"15","PARÁ","02/2021","957786","","189654738","","198,01",""
"16","AMAPÁ","02/2021","75935","","17188770","","226,36",""
"17","TOCANTINS","02/2021","119105","","22090689","","185,47",""
"21","MARANHÃO","02/2021","955245","","201207298","","210,63",""
"22","PIAUÍ","02/2021","451090","","94688247","","209,91",""
"23","CEARÁ","02/2021","1076411","","201657408","","187,34",""
"24","RIO GRANDE DO NORTE","02/2021","359605","","67294644","","187,13",""
"25","PARAÍBA","02/2021","516064","","103918715","","201,37",""
"26","PERNAMBUCO","02/2021","1168560","","214076718","","183,20",""
"27","ALAGOAS","02/2021","407296","","78425575","","192,55",""
"28","SERGIPE","02/2021","283868","","48169750","","169,69",""
"29","BAHIA","02/2021","1826820","","340076108","","186,16",""
"31","MINAS GERAIS","02/2021","1098793","","197798167","","180,01",""
"32","ESPÍRITO SANTO","02/2021","197544","","34324347","","173,76",""
"33","RIO DE JANEIRO","02/2021","933922","","172174440","","184,36",""
"35","SÃO PAULO","02/2021","1603961","","276052794","","172,11",""
"41","PARANÁ","02/2021","392563","","63971635","","162,96",""
"42","SANTA CATARINA","02/2021","134128","","23357652","","174,14",""
"43","RIO GRANDE DO SUL","02/2021","390222","","66476716","","170,36",""
"50","MATO GROSSO DO SUL","02/2021","130779","","23411330","","179,01",""
"51","MATO GROSSO","02/2021","163161","","27159619","","166,46",""
"52","GOIÁS","02/2021","308273","","48187193","","156,31",""
"53","DISTRITO FEDERAL","02/2021","83119","","14842153","","178,57",""
"11","RONDÔNIA","03/2021","84106","","12347485","","146,81",""
"12","ACRE","03/2021","90623","","24339747","","268,58",""
"13","AMAZONAS","03/2021","405580","","91538811","","225,70",""
"14","RORAIMA","03/2021","51733","","10987323","","212,39",""
"15","PARÁ","03/2021","961813","","190329245","","197,89",""
"16","AMAPÁ","03/2021","75802","","17182990","","226,68",""
"17","TOCANTINS","03/2021","121291","","22435233","","184,97",""
"21","MARANHÃO","03/2021","958626","","201723290","","210,43",""
"22","PIAUÍ","03/2021","454548","","95306147","","209,67",""
"23","CEARÁ","03/2021","1088251","","203588028","","187,08",""
"24","RIO GRANDE DO NORTE","03/2021","364605","","68134517","","186,87",""
"25","PARAÍBA","03/2021","518242","","104342201","","201,34",""
"26","PERNAMBUCO","03/2021","1173413","","215033394","","183,25",""
"27","ALAGOAS","03/2021","410159","","79018276","","192,65",""
"28","SERGIPE","03/2021","286832","","48583834","","169,38",""
"29","BAHIA","03/2021","1844945","","343053518","","185,94",""
"31","MINAS GERAIS","03/2021","1127832","","202638451","","179,67",""
"32","ESPÍRITO SANTO","03/2021","204607","","35414220","","173,08",""
"33","RIO DE JANEIRO","03/2021","973795","","178504852","","183,31",""
"35","SÃO PAULO","03/2021","1676617","","288800469","","172,25",""
"41","PARANÁ","03/2021","409080","","66474997","","162,50",""
"42","SANTA CATARINA","03/2021","139107","","24245811","","174,30",""
"43","RIO GRANDE DO SUL","03/2021","400358","","68192580","","170,33",""
"50","MATO GROSSO DO SUL","03/2021","133224","","23792521","","178,59",""
"51","MATO GROSSO","03/2021","166148","","27706937","","166,76",""
"52","GOIÁS","03/2021","313469","","48993331","","156,29",""
"53","DISTRITO FEDERAL","03/2021","89344","","15871570","","177,65",""
"11","RONDÔNIA","04/2021","84709","","3836045","","45,28",""
"12","ACRE","04/2021","91045","","15692464","","172,36",""
"13","AMAZONAS","04/2021","405605","","48920601","","120,61",""
"14","RORAIMA","04/2021","51695","","6035002","","116,74",""
"15","PARÁ","04/2021","964115","","85004520","","88,17",""
"16","AMAPÁ","04/2021","75751","","8145096","","107,52",""
"17","TOCANTINS","04/2021","122075","","10128083","","82,97",""
"21","MARANHÃO","04/2021","960758","","97840488","","101,84",""
"22","PIAUÍ","04/2021","456430","","45741057","","100,21",""
"23","CEARÁ","04/2021","1091387","","79065821","","72,45",""
"24","RIO GRANDE DO NORTE","04/2021","366314","","27684519","","75,58",""
"25","PARAÍBA","04/2021","519367","","48076379","","92,57",""
"26","PERNAMBUCO","04/2021","1178344","","82041491","","69,62",""
"27","ALAGOAS","04/2021","411681","","33336907","","80,98",""
"28","SERGIPE","04/2021","287651","","16669342","","57,95",""
"29","BAHIA","04/2021","1850709","","141400949","","76,40",""
"31","MINAS GERAIS","04/2021","1139314","","93765240","","82,30",""
"32","ESPÍRITO SANTO","04/2021","206463","","15020907","","72,75",""
"33","RIO DE JANEIRO","04/2021","981956","","70720811","","72,02",""
"35","SÃO PAULO","04/2021","1698830","","132512626","","78,00",""
"41","PARANÁ","04/2021","413343","","30923180","","74,81",""
"42","SANTA CATARINA","04/2021","141037","","13318396","","94,43",""
"43","RIO GRANDE DO SUL","04/2021","404178","","32092058","","79,40",""
"50","MATO GROSSO DO SUL","04/2021","134245","","11026405","","82,14",""
"51","MATO GROSSO","04/2021","167872","","12135249","","72,29",""
"52","GOIÁS","04/2021","315824","","18082548","","57,26",""
"53","DISTRITO FEDERAL","04/2021","91247","","6815185","","74,69",""
"11","RONDÔNIA","05/2021","84709","","3889665","","45,92",""
"12","ACRE","05/2021","91045","","15754555","","173,04",""
"13","AMAZONAS","05/2021","405604","","49145525","","121,17",""
"14","RORAIMA","05/2021","51696","","6076524","","117,54",""
"15","PARÁ","05/2021","964134","","85839710","","89,03",""
"16","AMAPÁ","05/2021","75753","","8185944","","108,06",""
"17","TOCANTINS","05/2021","122073","","10263708","","84,08",""
"21","MARANHÃO","05/2021","972386","","100529468","","103,38",""
"22","PIAUÍ","05/2021","460957","","46186481","","100,20",""
"23","CEARÁ","05/2021","1105467","","80475555","","72,80",""
"24","RIO GRANDE DO NORTE","05/2021","370558","","28219199","","76,15",""
"25","PARAÍBA","05/2021","524872","","48709861","","92,80",""
"26","PERNAMBUCO","05/2021","1194816","","83297621","","69,72",""
"27","ALAGOAS","05/2021","416672","","33761808","","81,03",""
"28","SERGIPE","05/2021","287650","","16921463","","58,83",""
"29","BAHIA","05/2021","1872268","","143986175","","76,90",""
"31","MINAS GERAIS","05/2021","1139331","","95132307","","83,50",""
"32","ESPÍRITO SANTO","05/2021","206469","","15310591","","74,15",""
"33","RIO DE JANEIRO","05/2021","981956","","71644829","","72,96",""
"35","SÃO PAULO","05/2021","1698889","","134353706","","79,08",""
"41","PARANÁ","05/2021","413346","","31440347","","76,06",""
"42","SANTA CATARINA","05/2021","141042","","13594919","","96,39",""
"43","RIO GRANDE DO SUL","05/2021","404178","","32674436","","80,84",""
"50","MATO GROSSO DO SUL","05/2021","134246","","11204593","","83,46",""
"51","MATO GROSSO","05/2021","167892","","12337376","","73,48",""
"52","GOIÁS","05/2021","315836","","18397475","","58,25",""
"53","DISTRITO FEDERAL","05/2021","91250","","6908688","","75,71",""
"11","RONDÔNIA","06/2021","84709","","3975054","","46,93",""
"12","ACRE","06/2021","91045","","15834110","","173,92",""
"13","AMAZONAS","06/2021","405602","","49531927","","122,12",""
"14","RORAIMA","06/2021","51695","","6132953","","118,64",""
"15","PARÁ","06/2021","964132","","86902018","","90,13",""
"16","AMAPÁ","06/2021","75753","","8253406","","108,95",""
"17","TOCANTINS","06/2021","122073","","10525059","","86,22",""
"21","MARANHÃO","06/2021","972381","","101510774","","104,39",""
"22","PIAUÍ","06/2021","460957","","46707960","","101,33",""
"23","CEARÁ","06/2021","1105457","","81655689","","73,87",""
"24","RIO GRANDE DO NORTE","06/2021","370555","","28645215","","77,30",""
"25","PARAÍBA","06/2021","524870","","49247300","","93,83",""
"26","PERNAMBUCO","06/2021","1194814","","84700527","","70,89",""
"27","ALAGOAS","06/2021","416671","","34210563","","82,10",""
"28","SERGIPE","06/2021","287650","","17250943","","59,97",""
"29","BAHIA","06/2021","1872265","","146281235","","78,13",""
"31","MINAS GERAIS","06/2021","1139325","","96553453","","84,75",""
"32","ESPÍRITO SANTO","06/2021","206467","","15616536","","75,64",""
"33","RIO DE JANEIRO","06/2021","981954","","72954722","","74,30",""
"35","SÃO PAULO","06/2021","1698874","","136451267","","80,32",""
"41","PARANÁ","06/2021","413344","","32056067","","77,55",""
"42","SANTA CATARINA","06/2021","141040","","13840909","","98,13",""
"43","RIO GRANDE DO SUL","06/2021","404172","","33233584","","82,23",""
"50","MATO GROSSO DO SUL","06/2021","134246","","11379101","","84,76",""
"51","MATO GROSSO","06/2021","167890","","12611987","","75,12",""
"52","GOIÁS","06/2021","315835","","18876297","","59,77",""
"53","DISTRITO FEDERAL","06/2021","91249","","7016452","","76,89",""
"11","RONDÔNIA","07/2021","84709","","4074298","","48,10",""
"12","ACRE","07/2021","91045","","15905168","","174,70",""
"13","AMAZONAS","07/2021","405602","","49858632","","122,93",""
"14","RORAIMA","07/2021","51695","","6199826","","119,93",""
"15","PARÁ","07/2021","964128","","87640338","","90,90",""
"16","AMAPÁ","07/2021","75753","","8313404","","109,74",""
"17","TOCANTINS","07/2021","122073","","10671623","","87,42",""
"21","MARANHÃO","07/2021","972373","","102250012","","105,16",""
"22","PIAUÍ","07/2021","460957","","47037169","","102,04",""
"23","CEARÁ","07/2021","1105457","","82295089","","74,44",""
"24","RIO GRANDE DO NORTE","07/2021","370555","","28899695","","77,99",""
"25","PARAÍBA","07/2021","524870","","49595609","","94,49",""
"26","PERNAMBUCO","07/2021","1194814","","85466813","","71,53",""
"27","ALAGOAS","07/2021","416671","","34497933","","82,79",""
"28","SERGIPE","07/2021","287650","","17498953","","60,83",""
"29","BAHIA","07/2021","1872221","","147750141","","78,92",""
"31","MINAS GERAIS","07/2021","1139325","","97889635","","85,92",""
"32","ESPÍRITO SANTO","07/2021","206467","","15888488","","76,95",""
"33","RIO DE JANEIRO","07/2021","981954","","73840747","","75,20",""
"35","SÃO PAULO","07/2021","1698869","","138427665","","81,48",""
"41","PARANÁ","07/2021","413343","","32631814","","78,95",""
"42","SANTA CATARINA","07/2021","141041","","14067597","","99,74",""
"43","RIO GRANDE DO SUL","07/2021","404170","","33741093","","83,48",""
"50","MATO GROSSO DO SUL","07/2021","134246","","11545937","","86,01",""
"51","MATO GROSSO","07/2021","167890","","12830136","","76,42",""
"52","GOIÁS","07/2021","315835","","19260133","","60,98",""
"53","DISTRITO FEDERAL","07/2021","91249","","7109908","","77,92",""
"11","RONDÔNIA","08/2021","84554","","4148135","","49,06",""
"12","ACRE","08/2021","90893","","15941623","","175,39",""
"13","AMAZONAS","08/2021","405126","","50504310","","124,66",""
"14","RORAIMA","08/2021","51584","","6244264","","121,05",""
"15","PARÁ","08/2021","963125","","88473253","","91,86",""
"16","AMAPÁ","08/2021","75690","","8378923","","110,70",""
"17","TOCANTINS","08/2021","121884","","10782813","","88,47",""
"21","MARANHÃO","08/2021","971472","","102817025","","105,84",""
"22","PIAUÍ","08/2021","460405","","47477106","","103,12",""
"23","CEARÁ","08/2021","1103725","","82860599","","75,07",""
"24","RIO GRANDE DO NORTE","08/2021","370064","","29132203","","78,72",""
"25","PARAÍBA","08/2021","523729","","49798368","","95,08",""
"26","PERNAMBUCO","08/2021","1191759","","85844548","","72,03",""
"27","ALAGOAS","08/2021","415832","","34746720","","83,56",""
"28","SERGIPE","08/2021","287145","","17720741","","61,71",""
"29","BAHIA","08/2021","1868383","","148679337","","79,58",""
"31","MINAS GERAIS","08/2021","1135325","","98766266","","86,99",""
"32","ESPÍRITO SANTO","08/2021","205779","","16047087","","77,98",""
"33","RIO DE JANEIRO","08/2021","977483","","74307008","","76,02",""
"35","SÃO PAULO","08/2021","1690603","","139726650","","82,65",""
"41","PARANÁ","08/2021","411382","","32915614","","80,01",""
"42","SANTA CATARINA","08/2021","140296","","14196773","","101,19",""
"43","RIO GRANDE DO SUL","08/2021","402283","","34061926","","84,67",""
"50","MATO GROSSO DO SUL","08/2021","133833","","11678351","","87,26",""
"51","MATO GROSSO","08/2021","167187","","12951419","","77,47",""
"52","GOIÁS","08/2021","314778","","19521542","","62,02",""
"53","DISTRITO FEDERAL","08/2021","90985","","7189229","","79,02",""
"11","RONDÔNIA","09/2021","84554","","4261042","","50,39",""
"12","ACRE","09/2021","90893","","16031206","","176,37",""
"13","AMAZONAS","09/2021","405126","","51137054","","126,23",""
"14","RORAIMA","09/2021","51584","","6320764","","122,53",""
"15","PARÁ","09/2021","963125","","90348519","","93,81",""
"16","AMAPÁ","09/2021","75690","","8497858","","112,27",""
"17","TOCANTINS","09/2021","121884","","10928675","","89,66",""
"21","MARANHÃO","09/2021","971471","","104007976","","107,06",""
"22","PIAUÍ","09/2021","460403","","48005700","","104,27",""
"23","CEARÁ","09/2021","1103723","","84080883","","76,18",""
"24","RIO GRANDE DO NORTE","09/2021","370064","","29572499","","79,91",""
"25","PARAÍBA","09/2021","523729","","50297407","","96,04",""
"26","PERNAMBUCO","09/2021","1191745","","87072661","","73,06",""
"27","ALAGOAS","09/2021","415832","","35199762","","84,65",""
"28","SERGIPE","09/2021","287145","","17990837","","62,65",""
"29","BAHIA","09/2021","1868382","","151124677","","80,89",""
"31","MINAS GERAIS","09/2021","1135318","","100461880","","88,49",""
"32","ESPÍRITO SANTO","09/2021","205778","","16340573","","79,41",""
"33","RIO DE JANEIRO","09/2021","977482","","75623506","","77,37",""
"35","SÃO PAULO","09/2021","1690603","","142639257","","84,37",""
"41","PARANÁ","09/2021","411383","","33563934","","81,59",""
"42","SANTA CATARINA","09/2021","140296","","14441581","","102,94",""
"43","RIO GRANDE DO SUL","09/2021","402282","","34695090","","86,25",""
"50","MATO GROSSO DO SUL","09/2021","133833","","11881518","","88,78",""
"51","MATO GROSSO","09/2021","167179","","13176424","","78,82",""
"52","GOIÁS","09/2021","314775","","20010799","","63,57",""
"53","DISTRITO FEDERAL","09/2021","90985","","7308816","","80,33",""
"11","RONDÔNIA","10/2021","84545","","4349980","","51,45",""
"12","ACRE","10/2021","90888","","16100477","","177,15",""
"13","AMAZONAS","10/2021","405104","","51646947","","127,49",""
"14","RORAIMA","10/2021","51583","","6367850","","123,45",""
"15","PARÁ","10/2021","963091","","91744882","","95,26",""
"16","AMAPÁ","10/2021","75688","","8620988","","113,90",""
"17","TOCANTINS","10/2021","121879","","11059672","","90,74",""
"21","MARANHÃO","10/2021","971425","","105435331","","108,54",""
"22","PIAUÍ","10/2021","460397","","48431487","","105,20",""
"23","CEARÁ","10/2021","1103697","","85021676","","77,03",""
"24","RIO GRANDE DO NORTE","10/2021","370049","","29944562","","80,92",""
"25","PARAÍBA","10/2021","523720","","50717888","","96,84",""
"26","PERNAMBUCO","10/2021","1191718","","88148495","","73,97",""
"27","ALAGOAS","10/2021","415817","","35595891","","85,60",""
"28","SERGIPE","10/2021","287136","","18232552","","63,50",""
"29","BAHIA","10/2021","1868348","","152808163","","81,79",""
"31","MINAS GERAIS","10/2021","1135284","","101936214","","89,79",""
"32","ESPÍRITO SANTO","10/2021","205770","","16605293","","80,70",""
"33","RIO DE JANEIRO","10/2021","977458","","76802125","","78,57",""
"35","SÃO PAULO","10/2021","1690533","","145176494","","85,88",""
"41","PARANÁ","10/2021","411359","","34162584","","83,05",""
"42","SANTA CATARINA","10/2021","140293","","14674840","","104,60",""
"43","RIO GRANDE DO SUL","10/2021","402266","","35282802","","87,71",""
"50","MATO GROSSO DO SUL","10/2021","133826","","12083239","","90,29",""
"51","MATO GROSSO","10/2021","167170","","13428663","","80,33",""
"52","GOIÁS","10/2021","314759","","20442218","","64,95",""
"53","DISTRITO FEDERAL","10/2021","90980","","7439400","","81,77",""
"11","RONDÔNIA","03/2023","","125283","","85578678","","686,78"
"12","ACRE","03/2023","","131543","","90780648","","707,53"
"13","AMAZONAS","03/2023","","635381","","425111032","","694,95"
"14","RORAIMA","03/2023","","66573","","46539000","","708,86"
"15","PARÁ","03/2023","","1353464","","869497958","","677,21"
"16","AMAPÁ","03/2023","","125763","","84996608","","690,80"
"17","TOCANTINS","03/2023","","155970","","106622099","","691,14"
"21","MARANHÃO","03/2023","","1234057","","793519027","","679,14"
"22","PIAUÍ","03/2023","","625195","","405148321","","663,16"
"23","CEARÁ","03/2023","","1489434","","984891306","","662,21"
"24","RIO GRANDE DO NORTE","03/2023","","511164","","334058367","","660,28"
"25","PARAÍBA","03/2023","","694422","","453812421","","663,20"
"26","PERNAMBUCO","03/2023","","1673337","","1098875055","","658,01"
"27","ALAGOAS","03/2023","","540894","","359828862","","671,74"
"28","SERGIPE","03/2023","","404480","","259178845","","657,52"
"29","BAHIA","03/2023","","2562887","","1665478465","","657,35"
"31","MINAS GERAIS","03/2023","","1615105","","1082499867","","672,20"
"32","ESPÍRITO SANTO","03/2023","","306036","","206559929","","680,14"
"33","RIO DE JANEIRO","03/2023","","1842361","","1211193191","","658,57"
"35","SÃO PAULO","03/2023","","2552898","","1709504767","","675,12"
"41","PARANÁ","03/2023","","590049","","402829248","","685,38"
"42","SANTA CATARINA","03/2023","","223603","","154276740","","694,93"
"43","RIO GRANDE DO SUL","03/2023","","603748","","405284414","","676,04"
"50","MATO GROSSO DO SUL","03/2023","","206893","","142795231","","693,35"
"51","MATO GROSSO","03/2023","","258922","","179002771","","695,54"
"52","GOIÁS","03/2023","","492765","","336698454","","684,34"
"53","DISTRITO FEDERAL","03/2023","","171957","","117755453","","685,56"
"11","RONDÔNIA","04/2023","","125710","","85716865","","687,50"
"12","ACRE","04/2023","","131190","","90258337","","707,56"
"13","AMAZONAS","04/2023","","634358","","423069800","","695,43"
"14","RORAIMA","04/2023","","67159","","47276045","","709,74"
"15","PARÁ","04/2023","","1351786","","863749817","","677,75"
"16","AMAPÁ","04/2023","","125363","","84146236","","691,43"
"17","TOCANTINS","04/2023","","156213","","106795894","","691,52"
"21","MARANHÃO","04/2023","","1232937","","785622768","","679,55"
"22","PIAUÍ","04/2023","","624565","","403125010","","663,40"
"23","CEARÁ","04/2023","","1492076","","986440148","","662,14"
"24","RIO GRANDE DO NORTE","04/2023","","511084","","333692674","","660,30"
"25","PARAÍBA","04/2023","","694511","","452300728","","663,28"
"26","PERNAMBUCO","04/2023","","1672186","","1098123559","","658,09"
"27","ALAGOAS","04/2023","","543669","","361172654","","671,68"
"28","SERGIPE","04/2023","","403721","","257449314","","657,79"
"29","BAHIA","04/2023","","2561213","","1665065473","","657,32"
"31","MINAS GERAIS","04/2023","","1615389","","1082811286","","672,39"
"32","ESPÍRITO SANTO","04/2023","","304899","","205803479","","680,40"
"33","RIO DE JANEIRO","04/2023","","1836465","","1207422767","","658,67"
"35","SÃO PAULO","04/2023","","2556907","","1713193020","","675,28"
"41","PARANÁ","04/2023","","591523","","403771446","","685,54"
"42","SANTA CATARINA","04/2023","","224070","","154675966","","695,17"
"43","RIO GRANDE DO SUL","04/2023","","605870","","407186427","","676,13"
"50","MATO GROSSO DO SUL","04/2023","","206619","","142625815","","693,85"
"51","MATO GROSSO","04/2023","","258304","","178567117","","696,28"
"52","GOIÁS","04/2023","","492856","","336843131","","684,54"
"53","DISTRITO FEDERAL","04/2023","","171864","","117623629","","685,22"
"11","RONDÔNIA","05/2023","","126357","","86292602","","689,41"
"12","ACRE","05/2023","","130869","","90219145","","708,47"
"13","AMAZONAS","05/2023","","633049","","424389589","","697,06"
"14","RORAIMA","05/2023","","68509","","48517643","","713,31"
"15","PARÁ","05/2023","","1352838","","869017290","","679,37"
"16","AMAPÁ","05/2023","","124533","","83766442","","693,26"
"17","TOCANTINS","05/2023","","157027","","107720283","","692,94"
"21","MARANHÃO","05/2023","","1236713","","788978273","","681,25"
"22","PIAUÍ","05/2023","","625868","","405398904","","665,57"
"23","CEARÁ","05/2023","","1493874","","989691686","","663,76"
"24","RIO GRANDE DO NORTE","05/2023","","510537","","334026403","","661,82"
"25","PARAÍBA","05/2023","","695265","","452564923","","664,93"
"26","PERNAMBUCO","05/2023","","1672133","","1101714431","","659,83"
"27","ALAGOAS","05/2023","","548638","","365860799","","673,95"
"28","SERGIPE","05/2023","","402510","","259444862","","659,09"
"29","BAHIA","05/2023","","2572680","","1679108044","","658,89"
"31","MINAS GERAIS","05/2023","","1621288","","1091829450","","674,61"
"32","ESPÍRITO SANTO","05/2023","","304505","","206755539","","681,86"
"33","RIO DE JANEIRO","05/2023","","1829044","","1206831800","","660,35"
"35","SÃO PAULO","05/2023","","2579725","","1748558098","","678,25"
"41","PARANÁ","05/2023","","596622","","409683171","","687,65"
"42","SANTA CATARINA","05/2023","","225324","","156563070","","697,37"
"43","RIO GRANDE DO SUL","05/2023","","610126","","413344517","","678,17"
"50","MATO GROSSO DO SUL","05/2023","","206460","","142974272","","695,31"
"51","MATO GROSSO","05/2023","","259714","","180631097","","699,05"
"52","GOIÁS","05/2023","","493848","","339024654","","686,99"
"53","DISTRITO FEDERAL","05/2023","","170959","","117317105","","686,53"
"11","RONDÔNIA","06/2023","","126137","","91333432","","724,08"
"12","ACRE","06/2023","","130655","","99843449","","764,18"
"13","AMAZONAS","06/2023","","632063","","480618435","","760,40"
"14","RORAIMA","06/2023","","68416","","53036164","","775,20"
"15","PARÁ","06/2023","","1351356","","984609290","","728,61"
"16","AMAPÁ","06/2023","","124322","","92799227","","746,44"
"17","TOCANTINS","06/2023","","156759","","115089885","","734,18"
"21","MARANHÃO","06/2023","","1235167","","896419131","","725,75"
"22","PIAUÍ","06/2023","","625113","","435109646","","696,05"
"23","CEARÁ","06/2023","","1492331","","1036370168","","694,46"
"24","RIO GRANDE DO NORTE","06/2023","","509850","","352357980","","691,10"
"25","PARAÍBA","06/2023","","694397","","482942264","","695,48"
"26","PERNAMBUCO","06/2023","","1670513","","1151740039","","689,45"
"27","ALAGOAS","06/2023","","547926","","388666516","","709,34"
"28","SERGIPE","06/2023","","402120","","277801363","","690,84"
"29","BAHIA","06/2023","","2569437","","1769773906","","688,78"
"31","MINAS GERAIS","06/2023","","1618168","","1134952370","","701,38"
"32","ESPÍRITO SANTO","06/2023","","304207","","216076335","","710,29"
"33","RIO DE JANEIRO","06/2023","","1826673","","1256240807","","687,72"
"35","SÃO PAULO","06/2023","","2575285","","1821432343","","707,27"
"41","PARANÁ","06/2023","","595088","","422791087","","710,47"
"42","SANTA CATARINA","06/2023","","225040","","163103610","","724,78"
"43","RIO GRANDE DO SUL","06/2023","","608666","","430382127","","707,09"
"50","MATO GROSSO DO SUL","06/2023","","205918","","149845236","","727,69"
"51","MATO GROSSO","06/2023","","259297","","188615468","","727,41"
"52","GOIÁS","06/2023","","493608","","352954884","","715,05"
"53","DISTRITO FEDERAL","06/2023","","171196","","123512138","","721,47"
"11","RONDÔNIA","07/2023","","127225","","87546454,00","","695,96"
"12","ACRE","07/2023","","128083","","92882314,00","","742,27"
"13","AMAZONAS","07/2023","","618809","","437041446,00","","742,84"
"14","RORAIMA","07/2023","","68501","","50496673,00","","753,52"
"15","PARÁ","07/2023","","1333699","","868323009,00","","710,68"
"16","AMAPÁ","07/2023","","122110","","85113495,00","","728,55"
"17","TOCANTINS","07/2023","","157855","","109897543,00","","703,30"
"21","MARANHÃO","07/2023","","1217164","","796717578,00","","712,15"
"22","PIAUÍ","07/2023","","614105","","407255828,00","","682,51"
"23","CEARÁ","07/2023","","1477508","","998657452,00","","678,12"
"24","RIO GRANDE DO NORTE","07/2023","","503878","","335611192,00","","673,29"
"25","PARAÍBA","07/2023","","686443","","453854855,00","","678,48"
"26","PERNAMBUCO","07/2023","","1646342","","1107792271,00","","673,90"
"27","ALAGOAS","07/2023","","544739","","372657099,00","","691,97"
"28","SERGIPE","07/2023","","392016","","255889398,00","","673,37"
"29","BAHIA","07/2023","","2513064","","1654488100,00","","670,99"
"31","MINAS GERAIS","07/2023","","1605805","","1078375180,00","","672,72"
"32","ESPÍRITO SANTO","07/2023","","300301","","203506301,00","","680,48"
"33","RIO DE JANEIRO","07/2023","","1772669","","1186560429,00","","670,05"
"35","SÃO PAULO","07/2023","","2531474","","1721675186,00","","680,58"
"41","PARANÁ","07/2023","","593565","","402337905,00","","678,60"
"42","SANTA CATARINA","07/2023","","222425","","152070589,00","","686,34"
"43","RIO GRANDE DO SUL","07/2023","","603049","","407987972,00","","677,04"
"50","MATO GROSSO DO SUL","07/2023","","204535","","141708781,00","","696,01"
"51","MATO GROSSO","07/2023","","255277","","178308332,00","","701,71"
"52","GOIÁS","07/2023","","489939","","335398602,00","","685,24"
"53","DISTRITO FEDERAL","07/2023","","168633","","117143730,00","","695,09"
"11","RONDÔNIA","08/2023","","127076","","88008700,00","","700,49"
"12","ACRE","08/2023","","130793","","95335927,00","","743,78"
"13","AMAZONAS","08/2023","","619839","","439657630,00","","744,68"
"14","RORAIMA","08/2023","","71974","","53047597,00","","757,24"
"15","PARÁ","08/2023","","1344327","","875803094,00","","712,02"
"16","AMAPÁ","08/2023","","122275","","85658682,00","","732,66"
"17","TOCANTINS","08/2023","","158007","","110496615,00","","706,35"
"21","MARANHÃO","08/2023","","1230181","","811502521,00","","714,24"
"22","PIAUÍ","08/2023","","622856","","414569814,00","","683,60"
"23","CEARÁ","08/2023","","1484635","","1004557223,00","","678,73"
"24","RIO GRANDE DO NORTE","08/2023","","509837","","343105640,00","","675,64"
"25","PARAÍBA","08/2023","","689603","","461902648,00","","680,52"
"26","PERNAMBUCO","08/2023","","1658964","","1118888765,00","","675,30"
"27","ALAGOAS","08/2023","","549601","","378169544,00","","695,18"
"28","SERGIPE","08/2023","","394550","","258805426,00","","675,11"
"29","BAHIA","08/2023","","2543195","","1681457507,00","","672,80"
"31","MINAS GERAIS","08/2023","","1625594","","1095358431,00","","675,09"
"32","ESPÍRITO SANTO","08/2023","","303590","","206737275,00","","683,93"
"33","RIO DE JANEIRO","08/2023","","1783044","","1195815485,00","","671,33"
"35","SÃO PAULO","08/2023","","2597300","","1769829796,00","","681,83"
"41","PARANÁ","08/2023","","603949","","411654008,00","","682,21"
"42","SANTA CATARINA","08/2023","","225382","","155237982,00","","690,76"
"43","RIO GRANDE DO SUL","08/2023","","612553","","415884831,00","","679,82"
"50","MATO GROSSO DO SUL","08/2023","","206536","","144025796,00","","700,24"
"51","MATO GROSSO","08/2023","","256900","","180623854,00","","705,48"
"52","GOIÁS","08/2023","","499120","","343448659,00","","688,69"
"53","DISTRITO FEDERAL","08/2023","","169213","","117498087,00","","694,75"
"11","RONDÔNIA","09/2023","","127595","","88713645","","700,98"
"12","ACRE","09/2023","","132149","","97314877","","744,65"
"13","AMAZONAS","09/2023","","640106","","461804945","","745,48"
"14","RORAIMA","09/2023","","73717","","54265372","","756,00"
"15","PARÁ","09/2023","","1359317","","899697306","","712,51"
"16","AMAPÁ","09/2023","","122112","","86320912","","730,93"
"17","TOCANTINS","09/2023","","159073","","112050011","","708,06"
"21","MARANHÃO","09/2023","","1236305","","832895930","","713,51"
"22","PIAUÍ","09/2023","","623454","","418415603","","683,75"
"23","CEARÁ","09/2023","","1504294","","1019072535","","678,97"
"24","RIO GRANDE DO NORTE","09/2023","","515115","","346831169","","675,00"
"25","PARAÍBA","09/2023","","695418","","468744109","","680,81"
"26","PERNAMBUCO","09/2023","","1673895","","1128233911","","674,44"
"27","ALAGOAS","09/2023","","551845","","380542750","","692,96"
"28","SERGIPE","09/2023","","399023","","267079304","","676,56"
"29","BAHIA","09/2023","","2558822","","1714127092","","673,50"
"31","MINAS GERAIS","09/2023","","1652346","","1116286706","","676,35"
"32","ESPÍRITO SANTO","09/2023","","313647","","214377321","","685,47"
"33","RIO DE JANEIRO","09/2023","","1806604","","1214805342","","672,87"
"35","SÃO PAULO","09/2023","","2665586","","1821399343","","683,53"
"41","PARANÁ","09/2023","","615864","","420983847","","683,86"
"42","SANTA CATARINA","09/2023","","235175","","162786152","","693,59"
"43","RIO GRANDE DO SUL","09/2023","","635627","","433386556","","682,60"
"50","MATO GROSSO DO SUL","09/2023","","212851","","149086665","","702,11"
"51","MATO GROSSO","09/2023","","264294","","186656546","","707,18"
"52","GOIÁS","09/2023","","512519","","353544889","","690,23"
"53","DISTRITO FEDERAL","09/2023","","191991","","133915470","","697,69"
"11","RONDÔNIA","10/2023","","128082","","89567437,0","","702,12"
"12","ACRE","10/2023","","132667","","98678523,0","","746,14"
"13","AMAZONAS","10/2023","","637848","","469336448,0","","747,82"
"14","RORAIMA","10/2023","","74789","","55478724,0","","757,32"
"15","PARÁ","10/2023","","1371406","","928314912,0","","714,33"
"16","AMAPÁ","10/2023","","121645","","87352224,0","","733,08"
"17","TOCANTINS","10/2023","","163142","","115808012,0","","710,59"
"21","MARANHÃO","10/2023","","1232222","","845093732,0","","715,07"
"22","PIAUÍ","10/2023","","619161","","420864600,0","","685,62"
"23","CEARÁ","10/2023","","1497025","","1017920061,0","","680,83"
"24","RIO GRANDE DO NORTE","10/2023","","514278","","347223071,0","","676,27"
"25","PARAÍBA","10/2023","","693413","","472061264,0","","682,14"
"26","PERNAMBUCO","10/2023","","1661830","","1124444808,0","","676,81"
"27","ALAGOAS","10/2023","","547658","","380155257,0","","695,31"
"28","SERGIPE","10/2023","","395678","","267279724,0","","678,14"
"29","BAHIA","10/2023","","2540662","","1711405080,0","","675,29"
"31","MINAS GERAIS","10/2023","","1653825","","1120866778,0","","678,06"
"32","ESPÍRITO SANTO","10/2023","","314382","","215933049,0","","688,02"
"33","RIO DE JANEIRO","10/2023","","1785762","","1206143731,0","","675,71"
"35","SÃO PAULO","10/2023","","2683462","","1839627784,0","","685,65"
"41","PARANÁ","10/2023","","621674","","426203541,0","","685,66"
"42","SANTA CATARINA","10/2023","","237870","","165032231,0","","695,46"
"43","RIO GRANDE DO SUL","10/2023","","640574","","438122103,0","","684,76"
"50","MATO GROSSO DO SUL","10/2023","","213696","","150248951,0","","703,74"
"51","MATO GROSSO","10/2023","","265908","","188285842,0","","708,52"
"52","GOIÁS","10/2023","","517041","","357410504,0","","691,45"
"53","DISTRITO FEDERAL","10/2023","","191853","","133990327,0","","698,51"
"11","RONDÔNIA","11/2023","","127180","","87630770,0","","691,43"
"12","ACRE","11/2023","","131151","","95737357,0","","731,10"
"13","AMAZONAS","11/2023","","658096","","475725524,0","","726,89"
"14","RORAIMA","11/2023","","74755","","55159002,0","","745,78"
"15","PARÁ","11/2023","","1356009","","911254313,0","","691,84"
"16","AMAPÁ","11/2023","","120118","","85436469,0","","717,01"
"17","TOCANTINS","11/2023","","160437","","111555145,0","","696,04"
"21","MARANHÃO","11/2023","","1216050","","817754828,0","","693,81"
"22","PIAUÍ","11/2023","","606923","","407753384,0","","674,51"
"23","CEARÁ","11/2023","","1476912","","996641957,0","","675,73"
"24","RIO GRANDE DO NORTE","11/2023","","506117","","337569144,0","","667,87"
"25","PARAÍBA","11/2023","","681856","","457761461,0","","672,11"
"26","PERNAMBUCO","11/2023","","1630994","","1095167438,0","","672,02"
"27","ALAGOAS","11/2023","","539220","","370478166,0","","687,90"
"28","SERGIPE","11/2023","","388533","","258710340,0","","666,64"
"29","BAHIA","11/2023","","2493112","","1652731302,0","","667,06"
"31","MINAS GERAIS","11/2023","","1625330","","1080699759,0","","666,17"
"32","ESPÍRITO SANTO","11/2023","","310824","","209182084,0","","676,73"
"33","RIO DE JANEIRO","11/2023","","1757566","","1174232858,0","","669,34"
"35","SÃO PAULO","11/2023","","2651678","","1771757231,0","","673,98"
"41","PARANÁ","11/2023","","617737","","414456612,0","","673,49"
"42","SANTA CATARINA","11/2023","","238280","","160893238,0","","678,73"
"43","RIO GRANDE DO SUL","11/2023","","627704","","418681804,0","","671,54"
"50","MATO GROSSO DO SUL","11/2023","","215290","","148586576,0","","691,06"
"51","MATO GROSSO","11/2023","","265491","","184398187,0","","696,04"
"52","GOIÁS","11/2023","","514434","","349122085,0","","679,40"
"53","DISTRITO FEDERAL","11/2023","","194520","","133377323,0","","686,11"
"11","RONDÔNIA","12/2023","","126664","","87623044,0","","693,48"
"12","ACRE","12/2023","","130925","","95781472,0","","732,26"
"13","AMAZONAS","12/2023","","652799","","473646693,0","","728,21"
"14","RORAIMA","12/2023","","74728","","55556941,0","","747,61"
"15","PARÁ","12/2023","","1351861","","919147671,0","","693,79"
"16","AMAPÁ","12/2023","","119308","","85268271,0","","718,35"
"17","TOCANTINS","12/2023","","159880","","111579295,0","","698,41"
"21","MARANHÃO","12/2023","","1214411","","825627515,0","","696,21"
"22","PIAUÍ","12/2023","","604112","","407841176,0","","676,81"
"23","CEARÁ","12/2023","","1472528","","998613520,0","","678,65"
"24","RIO GRANDE DO NORTE","12/2023","","503854","","337672937,0","","670,68"
"25","PARAÍBA","12/2023","","677095","","456352808,0","","674,38"
"26","PERNAMBUCO","12/2023","","1617416","","1090266225,0","","674,54"
"27","ALAGOAS","12/2023","","535250","","369630021,0","","691,13"
"28","SERGIPE","12/2023","","385628","","258157552,0","","669,86"
"29","BAHIA","12/2023","","2478561","","1647261245,0","","670,48"
"31","MINAS GERAIS","12/2023","","1620120","","1081571852,0","","668,70"
"32","ESPÍRITO SANTO","12/2023","","309786","","209435028,0","","679,60"
"33","RIO DE JANEIRO","12/2023","","1734636","","1166955380,0","","673,98"
"35","SÃO PAULO","12/2023","","2621289","","1759488566,0","","676,80"
"41","PARANÁ","12/2023","","620730","","417604374,0","","675,20"
"42","SANTA CATARINA","12/2023","","236660","","160294363,0","","680,87"
"43","RIO GRANDE DO SUL","12/2023","","626533","","419681900,0","","673,97"
"50","MATO GROSSO DO SUL","12/2023","","213993","","148196381,0","","693,28"
"51","MATO GROSSO","12/2023","","265387","","184391974,0","","697,62"
"52","GOIÁS","12/2023","","516093","","351042000,0","","680,86"
"53","DISTRITO FEDERAL","12/2023","","194042","","133084801,0","","686,27"
"11","RONDÔNIA","01/2024","","126846","","88107334,0","","694,60"
"12","ACRE","01/2024","","130967","","96796829,0","","739,09"
"13","AMAZONAS","01/2024","","654512","","485069825,0","","741,12"
"14","RORAIMA","01/2024","","74769","","56233290,0","","752,09"
"15","PARÁ","01/2024","","1354087","","965325292,0","","712,90"
"16","AMAPÁ","01/2024","","119540","","87023548,0","","727,99"
"17","TOCANTINS","01/2024","","159940","","112252053,0","","701,84"
"21","MARANHÃO","01/2024","","1218188","","868687883,0","","713,10"
"22","PIAUÍ","01/2024","","605908","","413986801,0","","683,25"
"23","CEARÁ","01/2024","","1477939","","1004142501,0","","679,42"
"24","RIO GRANDE DO NORTE","01/2024","","505798","","341674667,0","","675,52"
"25","PARAÍBA","01/2024","","678848","","461358522,0","","679,62"
"26","PERNAMBUCO","01/2024","","1622128","","1095038975,0","","675,06"
"27","ALAGOAS","01/2024","","537989","","373414687,0","","694,09"
"28","SERGIPE","01/2024","","386570","","261434794,0","","676,29"
"29","BAHIA","01/2024","","2486497","","1675328180,0","","673,77"
"31","MINAS GERAIS","01/2024","","1623050","","1089045789,0","","670,99"
"32","ESPÍRITO SANTO","01/2024","","310198","","211354339,0","","681,35"
"33","RIO DE JANEIRO","01/2024","","1742501","","1176998059,0","","675,47"
"35","SÃO PAULO","01/2024","","2628525","","1789226179,0","","680,70"
"41","PARANÁ","01/2024","","619843","","419599740,0","","676,95"
"42","SANTA CATARINA","01/2024","","236933","","161990513,0","","683,70"
"43","RIO GRANDE DO SUL","01/2024","","627897","","425208437,0","","677,20"
"50","MATO GROSSO DO SUL","01/2024","","213970","","148738782,0","","695,14"
"51","MATO GROSSO","01/2024","","265400","","185652160,0","","699,52"
"52","GOIÁS","01/2024","","516690","","352380907,0","","682,00"
"53","DISTRITO FEDERAL","01/2024","","194735","","134208133,0","","689,18"
"11","RONDÔNIA","02/2024","","125918","","87539666,0","","695,21"
"12","ACRE","02/2024","","131067","","96844339,0","","738,89"
"13","AMAZONAS","02/2024","","647193","","479900982,0","","741,51"
"14","RORAIMA","02/2024","","75125","","56570994,0","","753,02"
"15","PARÁ","02/2024","","1348871","","965061416,0","","715,46"
"16","AMAPÁ","02/2024","","118179","","86110906,0","","728,65"
"17","TOCANTINS","02/2024","","160389","","112732535,0","","702,87"
"21","MARANHÃO","02/2024","","1221362","","872749503,0","","714,57"
"22","PIAUÍ","02/2024","","607524","","415934403,0","","684,64"
"23","CEARÁ","02/2024","","1480079","","1004690898,0","","678,81"
"24","RIO GRANDE DO NORTE","02/2024","","505182","","340899014,0","","674,80"
"25","PARAÍBA","02/2024","","676562","","460334677,0","","680,40"
"26","PERNAMBUCO","02/2024","","1611410","","1088790172,0","","675,68"
"27","ALAGOAS","02/2024","","538989","","374855568,0","","695,48"
"28","SERGIPE","02/2024","","385748","","260979118,0","","676,55"
"29","BAHIA","02/2024","","2484156","","1675332156,0","","674,41"
"31","MINAS GERAIS","02/2024","","1623864","","1090648273,0","","671,64"
"32","ESPÍRITO SANTO","02/2024","","309456","","211683572,0","","684,05"
"33","RIO DE JANEIRO","02/2024","","1736034","","1174353017,0","","676,46"
"35","SÃO PAULO","02/2024","","2601138","","1767494135,0","","679,51"
"41","PARANÁ","02/2024","","622847","","421736140,0","","677,11"
"42","SANTA CATARINA","02/2024","","235788","","161393613,0","","684,49"
"43","RIO GRANDE DO SUL","02/2024","","628731","","425982258,0","","677,53"
"50","MATO GROSSO DO SUL","02/2024","","213355","","148412809,0","","695,61"
"51","MATO GROSSO","02/2024","","265718","","186056170,0","","700,20"
"52","GOIÁS","02/2024","","519384","","354566889,0","","682,67"
"53","DISTRITO FEDERAL","02/2024","","192464","","132200132,0","","686,88"
"11","RONDÔNIA","03/2024","","125128","","85854231","","687,81"
"12","ACRE","03/2024","","130094","","95165353","","732,49"
"13","AMAZONAS","03/2024","","642405","","473597696","","738,19"
"14","RORAIMA","03/2024","","74463","","55777901","","749,23"
"15","PARÁ","03/2024","","1340376","","951348461","","710,49"
"16","AMAPÁ","03/2024","","117090","","84753912","","724,23"
"17","TOCANTINS","03/2024","","159737","","111094097","","696,23"
"21","MARANHÃO","03/2024","","1217852","","863457821","","709,49"
"22","PIAUÍ","03/2024","","604829","","410860105","","679,56"
"23","CEARÁ","03/2024","","1473749","","991044800","","672,98"
"24","RIO GRANDE DO NORTE","03/2024","","503206","","336563188","","669,53"
"25","PARAÍBA","03/2024","","673398","","455053263","","676,13"
"26","PERNAMBUCO","03/2024","","1602849","","1075746377","","671,80"
"27","ALAGOAS","03/2024","","538699","","371147356","","689,61"
"28","SERGIPE","03/2024","","383112","","257293164","","672,05"
"29","BAHIA","03/2024","","2470838","","1653639398","","669,96"
"31","MINAS GERAIS","03/2024","","1609962","","1064489360","","662,88"
"32","ESPÍRITO SANTO","03/2024","","305741","","204569383","","672,05"
"33","RIO DE JANEIRO","03/2024","","1710966","","1138108607","","666,57"
"35","SÃO PAULO","03/2024","","2568876","","1700100316","","669,08"
"41","PARANÁ","03/2024","","614890","","407914961","","666,76"
"42","SANTA CATARINA","03/2024","","231500","","154870707","","671,67"
"43","RIO GRANDE DO SUL","03/2024","","620715","","411463131","","667,72"
"50","MATO GROSSO DO SUL","03/2024","","209885","","143619613","","685,44"
"51","MATO GROSSO","03/2024","","262437","","181141168","","692,29"
"52","GOIÁS","03/2024","","512587","","345466655","","675,11"
"53","DISTRITO FEDERAL","03/2024","","189770","","128742106","","679,34"
"11","RONDÔNIA","04/2024","","126248","","86959529,0","","690,44"
"12","ACRE","04/2024","","130271","","95656334,0","","735,17"
"13","AMAZONAS","04/2024","","642775","","475507358,0","","740,62"
"14","RORAIMA","04/2024","","74968","","56318353,0","","751,39"
"15","PARÁ","04/2024","","1342152","","952520937,0","","710,35"
"16","AMAPÁ","04/2024","","116886","","84961186,0","","727,21"
"17","TOCANTINS","04/2024","","160601","","112120731,0","","698,81"
"21","MARANHÃO","04/2024","","1220559","","866563754,0","","710,42"
"22","PIAUÍ","04/2024","","601971","","409210718,0","","680,03"
"23","CEARÁ","04/2024","","1473188","","991665180,0","","673,60"
"24","RIO GRANDE DO NORTE","04/2024","","502504","","336883282,0","","671,03"
"25","PARAÍBA","04/2024","","671436","","454130456,0","","676,70"
"26","PERNAMBUCO","04/2024","","1596408","","1074477011,0","","673,64"
"27","ALAGOAS","04/2024","","539779","","372234997,0","","690,15"
"28","SERGIPE","04/2024","","381851","","256688417,0","","672,63"
"29","BAHIA","04/2024","","2470191","","1656421036,0","","671,21"
"31","MINAS GERAIS","04/2024","","1609178","","1068121700,0","","665,34"
"32","ESPÍRITO SANTO","04/2024","","305064","","204876279,0","","674,44"
"33","RIO DE JANEIRO","04/2024","","1707096","","1136767809,0","","667,22"
"35","SÃO PAULO","04/2024","","2572486","","1713208144,0","","672,82"
"41","PARANÁ","04/2024","","614187","","408857194,0","","668,90"
"42","SANTA CATARINA","04/2024","","231968","","155800600,0","","674,24"
"43","RIO GRANDE DO SUL","04/2024","","621694","","414048044,0","","670,55"
"50","MATO GROSSO DO SUL","04/2024","","210124","","144220622,0","","687,45"
"51","MATO GROSSO","04/2024","","262826","","181934218,0","","694,20"
"52","GOIÁS","04/2024","","513529","","347106738,0","","676,93"
"53","DISTRITO FEDERAL","04/2024","","189572","","129238905,0","","682,58"
"11","RONDÔNIA","05/2024","","126255","","87270647,0","","691,81"
"12","ACRE","05/2024","","129982","","95509228,0","","735,00"
"13","AMAZONAS","05/2024","","639167","","474561125,0","","742,84"
"14","RORAIMA","05/2024","","74265","","56161642,0","","756,49"
"15","PARÁ","05/2024","","1340713","","953277943,0","","711,27"
"16","AMAPÁ","05/2024","","116077","","84707451,0","","729,80"
"17","TOCANTINS","05/2024","","160031","","112143685,0","","701,44"
"21","MARANHÃO","05/2024","","1216226","","863740250,0","","710,30"
"22","PIAUÍ","05/2024","","595741","","406266440,0","","682,02"
"23","CEARÁ","05/2024","","1465532","","989116149,0","","675,22"
"24","RIO GRANDE DO NORTE","05/2024","","501082","","337325998,0","","673,37"
"25","PARAÍBA","05/2024","","669228","","453844030,0","","678,31"
"26","PERNAMBUCO","05/2024","","1580948","","1066929893,0","","675,13"
"27","ALAGOAS","05/2024","","537853","","371687477,0","","691,24"
"28","SERGIPE","05/2024","","378219","","254963727,0","","674,25"
"29","BAHIA","05/2024","","2463241","","1654863571,0","","672,02"
"31","MINAS GERAIS","05/2024","","1602478","","1067937837,0","","667,18"
"32","ESPÍRITO SANTO","05/2024","","303467","","204793908,0","","676,09"
"33","RIO DE JANEIRO","05/2024","","1704880","","1136577694,0","","667,20"
"35","SÃO PAULO","05/2024","","2575297","","1731055591,0","","675,00"
"41","PARANÁ","05/2024","","616177","","413126486,0","","671,82"
"42","SANTA CATARINA","05/2024","","230571","","155949450,0","","677,38"
"43","RIO GRANDE DO SUL","05/2024","","641422","","432512364,0","","674,30"
"50","MATO GROSSO DO SUL","05/2024","","210115","","144900744,0","","689,98"
"51","MATO GROSSO","05/2024","","261643","","182071959,0","","696,60"
"52","GOIÁS","05/2024","","511298","","346545879,0","","678,31"
"53","DISTRITO FEDERAL","05/2024","","186115","","127005162,0","","682,65"
"11","RONDÔNIA","06/2024","","126631","","87766031,0","","693,67"
"12","ACRE","06/2024","","130328","","95843340,0","","735,62"
"13","AMAZONAS","06/2024","","638103","","474761875,0","","744,40"
"14","RORAIMA","06/2024","","74453","","56563515,0","","759,98"
"15","PARÁ","06/2024","","1343991","","956981567,0","","712,29"
"16","AMAPÁ","06/2024","","115674","","84661344,0","","731,95"
"17","TOCANTINS","06/2024","","160368","","112831909,0","","704,26"
"21","MARANHÃO","06/2024","","1225933","","871372967,0","","710,90"
"22","PIAUÍ","06/2024","","598959","","410063680,0","","684,70"
"23","CEARÁ","06/2024","","1464766","","991579782,0","","677,25"
"24","RIO GRANDE DO NORTE","06/2024","","500258","","336290138,0","","672,41"
"25","PARAÍBA","06/2024","","667861","","454480080,0","","680,65"
"26","PERNAMBUCO","06/2024","","1570375","","1063268009,0","","677,35"
"27","ALAGOAS","06/2024","","537932","","373066885,0","","693,70"
"28","SERGIPE","06/2024","","378308","","256302312,0","","677,63"
"29","BAHIA","06/2024","","2463277","","1657973325,0","","673,27"
"31","MINAS GERAIS","06/2024","","1605725","","1073416695,0","","669,24"
"32","ESPÍRITO SANTO","06/2024","","302481","","204583853,0","","677,59"
"33","RIO DE JANEIRO","06/2024","","1685342","","1124512224,0","","667,77"
"35","SÃO PAULO","06/2024","","2578134","","1734002688,0","","675,39"
"41","PARANÁ","06/2024","","618560","","416139032,0","","674,10"
"42","SANTA CATARINA","06/2024","","230647","","156437195,0","","679,27"
"43","RIO GRANDE DO SUL","06/2024","","658016","","443082408,0","","673,36"
"50","MATO GROSSO DO SUL","06/2024","","210145","","145368740,0","","692,10"
"51","MATO GROSSO","06/2024","","261547","","182594112,0","","698,84"
"52","GOIÁS","06/2024","","512053","","348324741,0","","680,79"
"53","DISTRITO FEDERAL","06/2024","","184745","","126128640,0","","682,98"
"11","RONDÔNIA","07/2024","","133427","","91676366,0","","688,20"
"12","ACRE","07/2024","","132465","","96328632,0","","727,60"
"13","AMAZONAS","07/2024","","656440","","484775686,0","","738,99"
"14","RORAIMA","07/2024","","78852","","60042876,0","","761,62"
"15","PARÁ","07/2024","","1354536","","961443984,0","","710,10"
"16","AMAPÁ","07/2024","","122702","","89451451,0","","729,16"
"17","TOCANTINS","07/2024","","158069","","110276333,0","","698,16"
"21","MARANHÃO","07/2024","","1226260","","870056925,0","","709,76"
"22","PIAUÍ","07/2024","","596265","","407677069,0","","683,85"
"23","CEARÁ","07/2024","","1462626","","989243123,0","","676,78"
"24","RIO GRANDE DO NORTE","07/2024","","500849","","335784011,0","","670,81"
"25","PARAÍBA","07/2024","","668348","","455985804,0","","682,52"
"26","PERNAMBUCO","07/2024","","1576184","","1070168048,0","","679,33"
"27","ALAGOAS","07/2024","","534727","","370272107,0","","692,72"
"28","SERGIPE","07/2024","","377610","","255597805,0","","677,17"
"29","BAHIA","07/2024","","2461809","","1654906913,0","","672,56"
"31","MINAS GERAIS","07/2024","","1598714","","1062145593,0","","665,45"
"32","ESPÍRITO SANTO","07/2024","","311000","","208997329,0","","673,79"
"33","RIO DE JANEIRO","07/2024","","1658365","","1107481687,0","","668,59"
"35","SÃO PAULO","07/2024","","2537494","","1700898464,0","","674,77"
"41","PARANÁ","07/2024","","620958","","413432749,0","","668,14"
"42","SANTA CATARINA","07/2024","","235965","","158934381,0","","675,19"
"43","RIO GRANDE DO SUL","07/2024","","670958","","453215710,0","","675,48"
"50","MATO GROSSO DO SUL","07/2024","","208251","","142357858,0","","684,23"
"51","MATO GROSSO","07/2024","","260171","","180157120,0","","693,57"
"52","GOIÁS","07/2024","","510313","","344267046,0","","675,30"
"53","DISTRITO FEDERAL","07/2024","","180595","","123086972,0","","682,04"
"11","RONDÔNIA","08/2024","","132412","","90898807,0","","687,55"
"12","ACRE","08/2024","","131983","","96015129,0","","727,84"
"13","AMAZONAS","08/2024","","656316","","484496895,0","","738,66"
"14","RORAIMA","08/2024","","78730","","59182316,0","","751,86"
"15","PARÁ","08/2024","","1349516","","955575284,0","","708,36"
"16","AMAPÁ","08/2024","","122359","","88995861,0","","727,47"
"17","TOCANTINS","08/2024","","157095","","109527724,0","","697,69"
"21","MARANHÃO","08/2024","","1224032","","865802389,0","","707,56"
"22","PIAUÍ","08/2024","","595844","","405670764,0","","680,95"
"23","CEARÁ","08/2024","","1460164","","984699820,0","","674,75"
"24","RIO GRANDE DO NORTE","08/2024","","500089","","335125383,0","","670,48"
"25","PARAÍBA","08/2024","","667588","","453397942,0","","679,39"
"26","PERNAMBUCO","08/2024","","1575188","","1066041282,0","","677,10"
"27","ALAGOAS","08/2024","","533819","","369158445,0","","691,78"
"28","SERGIPE","08/2024","","377163","","254011386,0","","673,72"
"29","BAHIA","08/2024","","2456516","","1647173264,0","","670,83"
"31","MINAS GERAIS","08/2024","","1589427","","1055795625,0","","665,27"
"32","ESPÍRITO SANTO","08/2024","","308386","","207396943,0","","674,19"
"33","RIO DE JANEIRO","08/2024","","1643671","","1098428820,0","","669,02"
"35","SÃO PAULO","08/2024","","2517221","","1679615465,0","","671,44"
"41","PARANÁ","08/2024","","615780","","410034400,0","","668,10"
"42","SANTA CATARINA","08/2024","","233661","","157094109,0","","673,84"
"43","RIO GRANDE DO SUL","08/2024","","685880","","463152313,0","","675,27"
"50","MATO GROSSO DO SUL","08/2024","","207074","","141644947,0","","684,65"
"51","MATO GROSSO","08/2024","","258379","","178954363,0","","693,63"
"52","GOIÁS","08/2024","","508344","","342787076,0","","674,93"
"53","DISTRITO FEDERAL","08/2024","","180164","","123118751,0","","683,79"
"11","RONDÔNIA","09/2024","","131622","","90589899,0","","690,01"
"12","ACRE","09/2024","","131349","","95882497,0","","730,68"
"13","AMAZONAS","09/2024","","656134","","485119811,0","","740,54"
"14","RORAIMA","09/2024","","78798","","59470311,0","","755,86"
"15","PARÁ","09/2024","","1346663","","956925996,0","","711,16"
"16","AMAPÁ","09/2024","","121902","","89117678,0","","731,37"
"17","TOCANTINS","09/2024","","156770","","109836090,0","","701,77"
"21","MARANHÃO","09/2024","","1223930","","870166526,0","","711,25"
"22","PIAUÍ","09/2024","","596143","","407445014,0","","683,70"
"23","CEARÁ","09/2024","","1458539","","988026592,0","","677,99"
"24","RIO GRANDE DO NORTE","09/2024","","499337","","335367134,0","","672,32"
"25","PARAÍBA","09/2024","","667741","","454851431,0","","681,65"
"26","PERNAMBUCO","09/2024","","1576152","","1070239672,0","","679,68"
"27","ALAGOAS","09/2024","","533978","","370961793,0","","695,21"
"28","SERGIPE","09/2024","","377028","","254916787,0","","676,55"
"29","BAHIA","09/2024","","2456545","","1652715471,0","","673,38"
"31","MINAS GERAIS","09/2024","","1583524","","1054673658,0","","667,93"
"32","ESPÍRITO SANTO","09/2024","","306094","","206676112,0","","678,12"
"33","RIO DE JANEIRO","09/2024","","1635085","","1098498384,0","","673,22"
"35","SÃO PAULO","09/2024","","2502658","","1674952969,0","","676,10"
"41","PARANÁ","09/2024","","611061","","407198472,0","","671,14"
"42","SANTA CATARINA","09/2024","","232663","","156787012,0","","677,20"
"43","RIO GRANDE DO SUL","09/2024","","683171","","462002822,0","","676,27"
"50","MATO GROSSO DO SUL","09/2024","","205898","","141386605,0","","688,08"
"51","MATO GROSSO","09/2024","","257108","","178426963,0","","696,05"
"52","GOIÁS","09/2024","","506310","","342502575,0","","677,76"
"53","DISTRITO FEDERAL","09/2024","","180131","","124925083,0","","694,43"
"11","RONDÔNIA","10/2024","","134780","","91946415,0","","683,70"
"12","ACRE","10/2024","","132793","","96111168,0","","724,38"
"13","AMAZONAS","10/2024","","655376","","481120439,0","","735,12"
"14","RORAIMA","10/2024","","80623","","60828155,0","","755,52"
"15","PARÁ","10/2024","","1351702","","954020394,0","","706,27"
"16","AMAPÁ","10/2024","","122914","","89078177,0","","725,00"
"17","TOCANTINS","10/2024","","156887","","108697088,0","","693,81"
"21","MARANHÃO","10/2024","","1228595","","865534864,0","","704,74"
"22","PIAUÍ","10/2024","","595343","","402266833,0","","675,90"
"23","CEARÁ","10/2024","","1458406","","978002547,0","","671,04"
"24","RIO GRANDE DO NORTE","10/2024","","500474","","333910150,0","","667,76"
"25","PARAÍBA","10/2024","","669136","","451234121,0","","674,73"
"26","PERNAMBUCO","10/2024","","1582695","","1063736856,0","","672,65"
"27","ALAGOAS","10/2024","","536184","","368666420,0","","687,98"
"28","SERGIPE","10/2024","","378250","","253673546,0","","670,99"
"29","BAHIA","10/2024","","2465171","","1643855819,0","","667,34"
"31","MINAS GERAIS","10/2024","","1584563","","1045657870,0","","661,59"
"32","ESPÍRITO SANTO","10/2024","","307692","","205849012,0","","671,62"
"33","RIO DE JANEIRO","10/2024","","1617894","","1078160990,0","","667,66"
"35","SÃO PAULO","10/2024","","2504614","","1665966599,0","","671,26"
"41","PARANÁ","10/2024","","614938","","406505654,0","","665,32"
"42","SANTA CATARINA","10/2024","","234921","","156778015,0","","670,34"
"43","RIO GRANDE DO SUL","10/2024","","683822","","462926509,0","","676,98"
"50","MATO GROSSO DO SUL","10/2024","","206457","","140904505,0","","683,59"
"51","MATO GROSSO","10/2024","","253139","","173756103,0","","688,20"
"52","GOIÁS","10/2024","","502349","","336886438,0","","671,69"
"53","DISTRITO FEDERAL","10/2024","","177024","","121329250,0","","686,21"
"11","RONDÔNIA","11/2024","","135379","","92783139,0","","687,22"
"12","ACRE","11/2024","","133059","","96720221,0","","728,13"
"13","AMAZONAS","11/2024","","656419","","483281638,0","","737,68"
"14","RORAIMA","11/2024","","81372","","60834108,0","","749,53"
"15","PARÁ","11/2024","","1355156","","959779220,0","","708,97"
"16","AMAPÁ","11/2024","","122950","","89377461,0","","727,57"
"17","TOCANTINS","11/2024","","156959","","109291245,0","","697,70"
"21","MARANHÃO","11/2024","","1233187","","871625563,0","","707,24"
"22","PIAUÍ","11/2024","","596528","","404374564,0","","678,19"
"23","CEARÁ","11/2024","","1464323","","984514410,0","","673,05"
"24","RIO GRANDE DO NORTE","11/2024","","501633","","335057230,0","","668,90"
"25","PARAÍBA","11/2024","","670605","","453889822,0","","677,48"
"26","PERNAMBUCO","11/2024","","1587293","","1071996341,0","","676,23"
"27","ALAGOAS","11/2024","","537850","","370542768,0","","689,62"
"28","SERGIPE","11/2024","","379172","","254827616,0","","672,68"
"29","BAHIA","11/2024","","2475720","","1654196824,0","","668,93"
"31","MINAS GERAIS","11/2024","","1586295","","1051064179,0","","665,11"
"32","ESPÍRITO SANTO","11/2024","","308241","","207628590,0","","677,19"
"33","RIO DE JANEIRO","11/2024","","1618383","","1084477431,0","","671,91"
"35","SÃO PAULO","11/2024","","2508691","","1671309214,0","","674,33"
"41","PARANÁ","11/2024","","613826","","407639196,0","","669,42"
"42","SANTA CATARINA","11/2024","","235012","","157684166,0","","674,62"
"43","RIO GRANDE DO SUL","11/2024","","682384","","462409556,0","","677,64"
"50","MATO GROSSO DO SUL","11/2024","","206531","","142238264,0","","690,32"
"51","MATO GROSSO","11/2024","","252975","","174994713,0","","694,59"
"52","GOIÁS","11/2024","","502451","","338244401,0","","674,96"
"53","DISTRITO FEDERAL","11/2024","","177131","","120123148,0","","679,73"
"11","RONDÔNIA","12/2024","","136491","","93406223,0","","686,14"
"12","ACRE","12/2024","","133945","","97181556,0","","726,75"
"13","AMAZONAS","12/2024","","658708","","482517440,0","","733,94"
"14","RORAIMA","12/2024","","81577","","60800449,0","","747,23"
"15","PARÁ","12/2024","","1366097","","962778109,0","","705,48"
"16","AMAPÁ","12/2024","","123772","","89967412,0","","727,50"
"17","TOCANTINS","12/2024","","157279","","109192500,0","","695,63"
"21","MARANHÃO","12/2024","","1231971","","868468468,0","","705,37"
"22","PIAUÍ","12/2024","","595813","","402506732,0","","675,86"
"23","CEARÁ","12/2024","","1466208","","981315469,0","","670,00"
"24","RIO GRANDE DO NORTE","12/2024","","501041","","333323342,0","","666,22"
"25","PARAÍBA","12/2024","","672502","","453160109,0","","674,47"
"26","PERNAMBUCO","12/2024","","1591453","","1066690145,0","","671,10"
"27","ALAGOAS","12/2024","","537664","","369351251,0","","687,63"
"28","SERGIPE","12/2024","","381001","","255135968,0","","670,25"
"29","BAHIA","12/2024","","2488373","","1657754695,0","","666,95"
"31","MINAS GERAIS","12/2024","","1591597","","1052184987,0","","663,55"
"32","ESPÍRITO SANTO","12/2024","","310817","","208094288,0","","672,99"
"33","RIO DE JANEIRO","12/2024","","1612951","","1074798380,0","","668,14"
"35","SÃO PAULO","12/2024","","2509495","","1661882635,0","","670,17"
"41","PARANÁ","12/2024","","615643","","408043954,0","","668,00"
"42","SANTA CATARINA","12/2024","","235252","","157184133,0","","671,72"
"43","RIO GRANDE DO SUL","12/2024","","681024","","461669643,0","","677,91"
"50","MATO GROSSO DO SUL","12/2024","","204977","","140185878,0","","685,50"
"51","MATO GROSSO","12/2024","","251055","","172627390,0","","690,41"
"52","GOIÁS","12/2024","","499634","","335829017,0","","673,90"
"53","DISTRITO FEDERAL","12/2024","","175434","","118195276,0","","675,28"
"11","RONDÔNIA","01/2025","","135213","","91750524","","678,56"
"12","ACRE","01/2025","","133002","","95697390","","719,52"
"13","AMAZONAS","01/2025","","653023","","474825163","","727,12"
"14","RORAIMA","01/2025","","80778","","59681848","","738,84"
"15","PARÁ","01/2025","","1356338","","947528793","","698,59"
"16","AMAPÁ","01/2025","","122409","","88402315","","722,19"
"17","TOCANTINS","01/2025","","155206","","106736586","","687,71"
"21","MARANHÃO","01/2025","","1223434","","856681701","","700,23"
"22","PIAUÍ","01/2025","","588273","","394965626","","671,40"
"23","CEARÁ","01/2025","","1450384","","964804526","","665,21"
"24","RIO GRANDE DO NORTE","01/2025","","495077","","328456753","","663,45"
"25","PARAÍBA","01/2025","","664925","","445578320","","670,12"
"26","PERNAMBUCO","01/2025","","1576359","","1052674676","","667,79"
"27","ALAGOAS","01/2025","","529209","","361704435","","683,48"
"28","SERGIPE","01/2025","","377439","","251449785","","666,20"
"29","BAHIA","01/2025","","2461916","","1630286042","","662,20"
"31","MINAS GERAIS","01/2025","","1561020","","1026919433","","657,85"
"32","ESPÍRITO SANTO","01/2025","","306553","","204700958","","667,75"
"33","RIO DE JANEIRO","01/2025","","1588095","","1053331166","","663,27"
"35","SÃO PAULO","01/2025","","2446993","","1628814777","","665,64"
"41","PARANÁ","01/2025","","601724","","398659412","","662,53"
"42","SANTA CATARINA","01/2025","","227990","","151470796","","664,37"
"43","RIO GRANDE DO SUL","01/2025","","645824","","438283892","","678,64"
"50","MATO GROSSO DO SUL","01/2025","","199980","","136117224","","680,65"
"51","MATO GROSSO","01/2025","","244872","","167766127","","685,12"
"52","GOIÁS","01/2025","","489075","","326917117","","668,44"
"53","DISTRITO FEDERAL","01/2025","","171188","","115822907","","676,58"
"11","RONDÔNIA","02/2025","","135110","","91581742,0","","677,83"
"12","ACRE","02/2025","","132822","","95380005,0","","718,10"
"13","AMAZONAS","02/2025","","649709","","471715764,0","","726,04"
"14","RORAIMA","02/2025","","81202","","59857930,0","","737,15"
"15","PARÁ","02/2025","","1355242","","944852088,0","","697,18"
"16","AMAPÁ","02/2025","","122335","","88012041,0","","719,43"
"17","TOCANTINS","02/2025","","155988","","107023774,0","","686,10"
"21","MARANHÃO","02/2025","","1229329","","857546701,0","","697,57"
"22","PIAUÍ","02/2025","","590632","","395352242,0","","669,37"
"23","CEARÁ","02/2025","","1454098","","964789932,0","","663,50"
"24","RIO GRANDE DO NORTE","02/2025","","497319","","328581790,0","","660,71"
"25","PARAÍBA","02/2025","","667505","","445820789,0","","667,89"
"26","PERNAMBUCO","02/2025","","1582078","","1053172765,0","","665,69"
"27","ALAGOAS","02/2025","","533152","","363834743,0","","682,42"
"28","SERGIPE","02/2025","","378617","","251501002,0","","664,26"
"29","BAHIA","02/2025","","2471662","","1633499699,0","","660,89"
"31","MINAS GERAIS","02/2025","","1574544","","1033526797,0","","656,40"
"32","ESPÍRITO SANTO","02/2025","","308366","","205113829,0","","665,16"
"33","RIO DE JANEIRO","02/2025","","1585414","","1049456534,0","","661,94"
"35","SÃO PAULO","02/2025","","2465812","","1634142386,0","","662,72"
"41","PARANÁ","02/2025","","604179","","399267728,0","","660,84"
"42","SANTA CATARINA","02/2025","","229923","","152378245,0","","662,74"
"43","RIO GRANDE DO SUL","02/2025","","646546","","438874539,0","","678,80"
"50","MATO GROSSO DO SUL","02/2025","","200054","","135887868,0","","679,26"
"51","MATO GROSSO","02/2025","","245234","","167601002,0","","683,43"
"52","GOIÁS","02/2025","","489615","","326284260,0","","666,41"
"53","DISTRITO FEDERAL","02/2025","","171907","","116362762,0","","676,89"
"11","RONDÔNIA","03/2025","","134503","","90317624","","673,80"
"12","ACRE","03/2025","","132653","","94775753","","716,08"
"13","AMAZONAS","03/2025","","644716","","466532427","","725,06"
"14","RORAIMA","03/2025","","81122","","59491168","","735,18"
"15","PARÁ","03/2025","","1346621","","934958821","","695,10"
"16","AMAPÁ","03/2025","","122928","","87991633","","716,73"
"17","TOCANTINS","03/2025","","155818","","106320766","","683,73"
"21","MARANHÃO","03/2025","","1233505","","857132075","","695,22"
"22","PIAUÍ","03/2025","","590597","","394386670","","668,16"
"23","CEARÁ","03/2025","","1451343","","958764539","","661,25"
"24","RIO GRANDE DO NORTE","03/2025","","497791","","327582646","","659,18"
"25","PARAÍBA","03/2025","","667850","","444084404","","665,62"
"26","PERNAMBUCO","03/2025","","1580634","","1047174914","","663,36"
"27","ALAGOAS","03/2025","","533469","","362403006","","680,09"
"28","SERGIPE","03/2025","","379026","","250987411","","662,88"
"29","BAHIA","03/2025","","2469429","","1625687033","","659,16"
"31","MINAS GERAIS","03/2025","","1575303","","1025178308","","653,39"
"32","ESPÍRITO SANTO","03/2025","","309433","","203674006","","661,86"
"33","RIO DE JANEIRO","03/2025","","1570639","","1034074621","","660,17"
"35","SÃO PAULO","03/2025","","2465500","","1602199241","","657,61"
"41","PARANÁ","03/2025","","605220","","394926386","","657,55"
"42","SANTA CATARINA","03/2025","","231808","","151706917","","658,25"
"43","RIO GRANDE DO SUL","03/2025","","615068","","405352102","","659,04"
"50","MATO GROSSO DO SUL","03/2025","","201923","","136265363","","676,48"
"51","MATO GROSSO","03/2025","","245479","","166246120","","679,79"
"52","GOIÁS","03/2025","","490657","","324784374","","663,65"
"53","DISTRITO FEDERAL","03/2025","","170388","","113257985","","666,44"
"11","RONDÔNIA","04/2025","","133969","","90147818,0","","674,87"
"12","ACRE","04/2025","","132564","","94695764,0","","715,82"
"13","AMAZONAS","04/2025","","645503","","467122103,0","","724,96"
"14","RORAIMA","04/2025","","81001","","59394930,0","","734,96"
"15","PARÁ","04/2025","","1346626","","935808347,0","","695,67"
"16","AMAPÁ","04/2025","","123177","","88158709,0","","716,56"
"17","TOCANTINS","04/2025","","155378","","106248223,0","","685,01"
"21","MARANHÃO","04/2025","","1233767","","857053393,0","","694,97"
"22","PIAUÍ","04/2025","","590373","","394118996,0","","667,91"
"23","CEARÁ","04/2025","","1450919","","958106387,0","","660,91"
"24","RIO GRANDE DO NORTE","04/2025","","497853","","327733361,0","","659,25"
"25","PARAÍBA","04/2025","","667654","","443898655,0","","665,49"
"26","PERNAMBUCO","04/2025","","1580478","","1046970025,0","","663,16"
"27","ALAGOAS","04/2025","","533449","","361702471,0","","678,71"
"28","SERGIPE","04/2025","","378895","","250964446,0","","662,97"
"29","BAHIA","04/2025","","2469268","","1626292712,0","","659,37"
"31","MINAS GERAIS","04/2025","","1570614","","1023009701,0","","653,77"
"32","ESPÍRITO SANTO","04/2025","","308981","","203299051,0","","661,33"
"33","RIO DE JANEIRO","04/2025","","1570408","","1033968216,0","","660,09"
"35","SÃO PAULO","04/2025","","2461899","","1601952224,0","","657,99"
"41","PARANÁ","04/2025","","603509","","394462850,0","","658,34"
"42","SANTA CATARINA","04/2025","","230693","","151181869,0","","658,98"
"43","RIO GRANDE DO SUL","04/2025","","615013","","405077482,0","","658,65"
"50","MATO GROSSO DO SUL","04/2025","","201654","","136247437,0","","677,17"
"51","MATO GROSSO","04/2025","","244792","","166185355,0","","681,22"
"52","GOIÁS","04/2025","","489727","","324423827,0","","663,95"
"53","DISTRITO FEDERAL","04/2025","","170381","","113188156,0","","665,92"
"11","RONDÔNIA","05/2025","","133495","","89929942,0","","674,42"
"12","ACRE","05/2025","","132431","","94652769,0","","715,13"
"13","AMAZONAS","05/2025","","644977","","466435090,0","","723,61"
"14","RORAIMA","05/2025","","80590","","59046301,0","","733,25"
"15","PARÁ","05/2025","","1345437","","933640714,0","","694,21"
"16","AMAPÁ","05/2025","","123079","","87998775,0","","715,35"
"17","TOCANTINS","05/2025","","154924","","105805635,0","","683,57"
"21","MARANHÃO","05/2025","","1232895","","853705165,0","","692,55"
"22","PIAUÍ","05/2025","","589787","","392573372,0","","665,71"
"23","CEARÁ","05/2025","","1449546","","955358580,0","","659,32"
"24","RIO GRANDE DO NORTE","05/2025","","497367","","325994192,0","","655,66"
"25","PARAÍBA","05/2025","","666917","","442805097,0","","664,14"
"26","PERNAMBUCO","05/2025","","1579631","","1045329527,0","","662,03"
"27","ALAGOAS","05/2025","","533173","","360441370,0","","676,30"
"28","SERGIPE","05/2025","","378598","","250441786,0","","661,79"
"29","BAHIA","05/2025","","2467424","","1623148991,0","","658,09"
"31","MINAS GERAIS","05/2025","","1567231","","1021536475,0","","652,79"
"32","ESPÍRITO SANTO","05/2025","","308273","","203275544,0","","660,56"
"33","RIO DE JANEIRO","05/2025","","1569869","","1032188390,0","","658,22"
"35","SÃO PAULO","05/2025","","2458475","","1610858405,0","","658,40"
"41","PARANÁ","05/2025","","601247","","394323505,0","","657,58"
"42","SANTA CATARINA","05/2025","","229403","","150761304,0","","658,42"
"43","RIO GRANDE DO SUL","05/2025","","614164","","403627198,0","","657,20"
"50","MATO GROSSO DO SUL","05/2025","","201003","","135995600,0","","677,09"
"51","MATO GROSSO","05/2025","","243836","","165588395,0","","680,28"
"52","GOIÁS","05/2025","","488032","","323341340,0","","663,06"
"53","DISTRITO FEDERAL","05/2025","","170154","","113213822,0","","665,97"
"11","RONDÔNIA","06/2025","","133820","","90015793","","673,38"
"12","ACRE","06/2025","","132727","","94679182","","713,68"
"13","AMAZONAS","06/2025","","647475","","467398815","","722,25"
"14","RORAIMA","06/2025","","80441","","58869372","","732,37"
"15","PARÁ","06/2025","","1347400","","934127501","","693,52"
"16","AMAPÁ","06/2025","","123341","","87870006","","712,72"
"17","TOCANTINS","06/2025","","155085","","105724239","","682,25"
"21","MARANHÃO","06/2025","","1235632","","854270901","","691,46"
"22","PIAUÍ","06/2025","","590619","","392426409","","664,51"
"23","CEARÁ","06/2025","","1450533","","954028639","","657,90"
"24","RIO GRANDE DO NORTE","06/2025","","498014","","325739180","","654,27"
"25","PARAÍBA","06/2025","","667504","","442384313","","662,90"
"26","PERNAMBUCO","06/2025","","1582204","","1044582805","","660,44"
"27","ALAGOAS","06/2025","","534383","","360383088","","674,61"
"28","SERGIPE","06/2025","","378730","","250147426","","660,70"
"29","BAHIA","06/2025","","2469343","","1621122315","","656,72"
"31","MINAS GERAIS","06/2025","","1569811","","1021581036","","651,64"
"32","ESPÍRITO SANTO","06/2025","","308742","","203043010","","658,71"
"33","RIO DE JANEIRO","06/2025","","1576347","","1033867879","","656,51"
"35","SÃO PAULO","06/2025","","2466857","","1609981118","","655,54"
"41","PARANÁ","06/2025","","602065","","394234835","","656,41"
"42","SANTA CATARINA","06/2025","","229817","","150758663","","657,13"
"43","RIO GRANDE DO SUL","06/2025","","613121","","402415706","","656,34"
"50","MATO GROSSO DO SUL","06/2025","","201512","","136126896","","675,98"
"51","MATO GROSSO","06/2025","","244306","","165784308","","679,68"
"52","GOIÁS","06/2025","","488805","","323460482","","662,16"
"53","DISTRITO FEDERAL","06/2025","","170393","","112962838","","663,50"
"11","RONDÔNIA","07/2025","","130111","","87995706,0","","677,90"
"12","ACRE","07/2025","","128156","","92296935,0","","720,85"
"13","AMAZONAS","07/2025","","628746","","455777830,0","","725,73"
"14","RORAIMA","07/2025","","78775","","57971066,0","","736,67"
"15","PARÁ","07/2025","","1305816","","910372654,0","","697,65"
"16","AMAPÁ","07/2025","","119264","","85380139,0","","716,49"
"17","TOCANTINS","07/2025","","147631","","101407845,0","","687,86"
"21","MARANHÃO","07/2025","","1197658","","833243241,0","","695,98"
"22","PIAUÍ","07/2025","","568678","","381471126,0","","670,99"
"23","CEARÁ","07/2025","","1400210","","929432105,0","","664,24"
"24","RIO GRANDE DO NORTE","07/2025","","479224","","317248118,0","","662,58"
"25","PARAÍBA","07/2025","","640883","","428511108,0","","668,99"
"26","PERNAMBUCO","07/2025","","1523850","","1014173235,0","","666,04"
"27","ALAGOAS","07/2025","","512841","","349268448,0","","681,45"
"28","SERGIPE","07/2025","","364468","","242270368,0","","665,22"
"29","BAHIA","07/2025","","2383390","","1577718099,0","","662,41"
"31","MINAS GERAIS","07/2025","","1484883","","974315598,0","","658,16"
"32","ESPÍRITO SANTO","07/2025","","292577","","193077826,0","","662,76"
"33","RIO DE JANEIRO","07/2025","","1511598","","998990262,0","","662,19"
"35","SÃO PAULO","07/2025","","2340344","","1529689103,0","","660,34"
"41","PARANÁ","07/2025","","569612","","373942884,0","","660,27"
"42","SANTA CATARINA","07/2025","","215499","","141550875,0","","659,73"
"43","RIO GRANDE DO SUL","07/2025","","575240","","380236872,0","","661,02"
"50","MATO GROSSO DO SUL","07/2025","","190601","","129603938,0","","681,10"
"51","MATO GROSSO","07/2025","","230954","","157514857,0","","684,28"
"52","GOIÁS","07/2025","","461652","","307936494,0","","668,02"
"53","DISTRITO FEDERAL","07/2025","","161234","","108403595,0","","673,31"
"11","RONDÔNIA","08/2025","","131012","","88382414","","676,07"
"12","ACRE","08/2025","","125390","","90429702","","721,78"
"13","AMAZONAS","08/2025","","627323","","453607035","","723,83"
"14","RORAIMA","08/2025","","77076","","56451755","","733,13"
"15","PARÁ","08/2025","","1274794","","889345784","","698,08"
"16","AMAPÁ","08/2025","","115940","","83220167","","718,33"
"17","TOCANTINS","08/2025","","145523","","100004624","","688,08"
"21","MARANHÃO","08/2025","","1171268","","814812875","","695,89"
"22","PIAUÍ","08/2025","","563085","","376918438","","669,56"
"23","CEARÁ","08/2025","","1377808","","914740188","","664,29"
"24","RIO GRANDE DO NORTE","08/2025","","469652","","310009874","","660,58"
"25","PARAÍBA","08/2025","","630298","","421034129","","668,30"
"26","PERNAMBUCO","08/2025","","1497202","","997162326","","666,45"
"27","ALAGOAS","08/2025","","504465","","343348583","","680,96"
"28","SERGIPE","08/2025","","360362","","239498504","","664,99"
"29","BAHIA","08/2025","","2348998","","1555369409","","662,53"
"31","MINAS GERAIS","08/2025","","1443799","","948124653","","658,50"
"32","ESPÍRITO SANTO","08/2025","","284426","","188387017","","664,79"
"33","RIO DE JANEIRO","08/2025","","1448522","","959167590","","663,38"
"35","SÃO PAULO","08/2025","","2247854","","1471641701","","660,69"
"41","PARANÁ","08/2025","","558191","","366862537","","660,67"
"42","SANTA CATARINA","08/2025","","206337","","135498206","","659,40"
"43","RIO GRANDE DO SUL","08/2025","","570219","","374509842","","656,80"
"50","MATO GROSSO DO SUL","08/2025","","184489","","125579165","","681,77"
"51","MATO GROSSO","08/2025","","225263","","153636608","","683,98"
"52","GOIÁS","08/2025","","448638","","299490372","","668,38"
"53","DISTRITO FEDERAL","08/2025","","154573","","104038973","","673,95"
"11","RONDÔNIA","09/2025","","130554","","87917214","","676,25"
"12","ACRE","09/2025","","124736","","90935426","","730,31"
"13","AMAZONAS","09/2025","","625748","","452236862","","724,13"
"14","RORAIMA","09/2025","","76679","","56637140","","740,15"
"15","PARÁ","09/2025","","1267115","","896544951","","708,44"
"16","AMAPÁ","09/2025","","115287","","84222449","","731,53"
"17","TOCANTINS","09/2025","","144329","","100030628","","694,14"
"21","MARANHÃO","09/2025","","1165439","","821831737","","705,45"
"22","PIAUÍ","09/2025","","560889","","378593557","","675,30"
"23","CEARÁ","09/2025","","1371085","","920455787","","671,99"
"24","RIO GRANDE DO NORTE","09/2025","","468259","","314093046","","671,67"
"25","PARAÍBA","09/2025","","627913","","424482460","","676,68"
"26","PERNAMBUCO","09/2025","","1489658","","1004166774","","674,89"
"27","ALAGOAS","09/2025","","501420","","346083369","","690,82"
"28","SERGIPE","09/2025","","358806","","241076516","","672,55"
"29","BAHIA","09/2025","","2347653","","1576473667","","672,19"
"31","MINAS GERAIS","09/2025","","1433497","","954837378","","668,83"
"32","ESPÍRITO SANTO","09/2025","","281992","","190640193","","680,40"
"33","RIO DE JANEIRO","09/2025","","1436931","","984385555","","686,98"
"35","SÃO PAULO","09/2025","","2222253","","1485156989","","676,97"
"41","PARANÁ","09/2025","","551501","","365522598","","668,46"
"42","SANTA CATARINA","09/2025","","202626","","135441071","","673,37"
"43","RIO GRANDE DO SUL","09/2025","","563371","","367647839","","657,50"
"50","MATO GROSSO DO SUL","09/2025","","182305","","125502348","","690,15"
"51","MATO GROSSO","09/2025","","222898","","153622555","","692,26"
"52","GOIÁS","09/2025","","445400","","301405271","","678,08"
"53","DISTRITO FEDERAL","09/2025","","152594","","105898254","","695,49"
"11","RONDÔNIA","10/2025","","126086","","85064953","","677,19"
"12","ACRE","10/2025","","123943","","90439673","","730,78"
"13","AMAZONAS","10/2025","","610637","","442472087","","725,79"
"14","RORAIMA","10/2025","","75759","","56415037","","746,04"
"15","PARÁ","10/2025","","1264983","","899824600","","712,13"
"16","AMAPÁ","10/2025","","115460","","84590457","","733,49"
"17","TOCANTINS","10/2025","","142892","","99435013","","696,77"
"21","MARANHÃO","10/2025","","1161306","","820166733","","706,46"
"22","PIAUÍ","10/2025","","556450","","375644304","","675,35"
"23","CEARÁ","10/2025","","1363386","","916599154","","672,82"
"24","RIO GRANDE DO NORTE","10/2025","","466568","","312724344","","670,99"
"25","PARAÍBA","10/2025","","625408","","423223507","","677,29"
"26","PERNAMBUCO","10/2025","","1481837","","998947097","","674,76"
"27","ALAGOAS","10/2025","","499197","","346139183","","693,91"
"28","SERGIPE","10/2025","","356107","","239077822","","671,89"
"29","BAHIA","10/2025","","2336899","","1566837795","","671,06"
"31","MINAS GERAIS","10/2025","","1420184","","948218749","","670,15"
"32","ESPÍRITO SANTO","10/2025","","279654","","189826919","","682,65"
"33","RIO DE JANEIRO","10/2025","","1433545","","984268656","","688,31"
"35","SÃO PAULO","10/2025","","2199009","","1477419968","","679,78"
"41","PARANÁ","10/2025","","543882","","361121162","","669,32"
"42","SANTA CATARINA","10/2025","","199934","","134127038","","675,46"
"43","RIO GRANDE DO SUL","10/2025","","537079","","351958064","","659,87"
"50","MATO GROSSO DO SUL","10/2025","","180767","","124887438","","692,40"
"51","MATO GROSSO","10/2025","","219612","","151437811","","692,25"
"52","GOIÁS","10/2025","","441850","","299841547","","679,74"
"53","DISTRITO FEDERAL","10/2025","","151918","","106057282","","699,49"
"11","RONDÔNIA","11/2025","","122920","","83709445,0","","683,82"
"12","ACRE","11/2025","","122170","","89161021,0","","731,45"
"13","AMAZONAS","11/2025","","600993","","441422659,0","","736,32"
"14","RORAIMA","11/2025","","74709","","55726525,0","","748,18"
"15","PARÁ","11/2025","","1252847","","887656251,0","","709,62"
"16","AMAPÁ","11/2025","","114510","","83381288,0","","729,52"
"17","TOCANTINS","11/2025","","140246","","97687784,0","","698,12"
"21","MARANHÃO","11/2025","","1151162","","811432551,0","","705,36"
"22","PIAUÍ","11/2025","","549192","","371713855,0","","677,25"
"23","CEARÁ","11/2025","","1345986","","904577629,0","","673,01"
"24","RIO GRANDE DO NORTE","11/2025","","460852","","308076945,0","","669,80"
"25","PARAÍBA","11/2025","","617633","","416990339,0","","675,93"
"26","PERNAMBUCO","11/2025","","1464847","","986945071,0","","674,81"
"27","ALAGOAS","11/2025","","493165","","341972058,0","","694,41"
"28","SERGIPE","11/2025","","351651","","236343180,0","","672,88"
"29","BAHIA","11/2025","","2311287","","1547747538,0","","670,55"
"31","MINAS GERAIS","11/2025","","1393379","","929837086,0","","670,61"
"32","ESPÍRITO SANTO","11/2025","","275432","","186321212,0","","680,87"
"33","RIO DE JANEIRO","11/2025","","1422356","","965404896,0","","681,03"
"35","SÃO PAULO","11/2025","","2166950","","1449117993,0","","678,43"
"41","PARANÁ","11/2025","","532413","","354008865,0","","671,17"
"42","SANTA CATARINA","11/2025","","195416","","130665362,0","","673,97"
"43","RIO GRANDE DO SUL","11/2025","","521681","","346978747,0","","672,61"
"50","MATO GROSSO DO SUL","11/2025","","177544","","122869203,0","","694,54"
"51","MATO GROSSO","11/2025","","214601","","148223752,0","","694,69"
"52","GOIÁS","11/2025","","432689","","293473745,0","","679,85"
"53","DISTRITO FEDERAL","11/2025","","150177","","104361896,0","","697,05"
"11","RONDÔNIA","12/2025","","127219","","86868896","","721,67"
"12","ACRE","12/2025","","124963","","90773684","","744,15"
"13","AMAZONAS","12/2025","","610544","","447138200","","772,42"
"14","RORAIMA","12/2025","","75722","","56381362","","788,93"
"15","PARÁ","12/2025","","1244465","","879457142","","709,92"
"16","AMAPÁ","12/2025","","112046","","81482780","","730,89"
"17","TOCANTINS","12/2025","","141806","","98935463","","702,09"
"21","MARANHÃO","12/2025","","1149375","","809500542","","707,63"
"22","PIAUÍ","12/2025","","549598","","372026804","","686,97"
"23","CEARÁ","12/2025","","1334348","","896944402","","675,30"
"24","RIO GRANDE DO NORTE","12/2025","","467406","","312505749","","678,01"
"25","PARAÍBA","12/2025","","619839","","419338532","","679,62"
"26","PERNAMBUCO","12/2025","","1465809","","989429252","","678,13"
"27","ALAGOAS","12/2025","","495582","","343369115","","698,13"
"28","SERGIPE","12/2025","","353288","","237698536","","682,94"
"29","BAHIA","12/2025","","2301028","","1542372783","","673,75"
"31","MINAS GERAIS","12/2025","","1410757","","945051893","","678,75"
"32","ESPÍRITO SANTO","12/2025","","273422","","185132447","","684,43"
"33","RIO DE JANEIRO","12/2025","","1390970","","941805235","","682,71"
"35","SÃO PAULO","12/2025","","2187007","","1469394905","","689,43"
"41","PARANÁ","12/2025","","544151","","364049807","","686,69"
"42","SANTA CATARINA","12/2025","","202633","","137185476","","696,93"
"43","RIO GRANDE DO SUL","12/2025","","539364","","361226131","","722,01"
"50","MATO GROSSO DO SUL","12/2025","","180357","","125609885","","701,84"
"51","MATO GROSSO","12/2025","","216406","","150198782","","714,89"
"52","GOIÁS","12/2025","","438557","","298923130","","687,22"
"53","DISTRITO FEDERAL","12/2025","","151078","","105455162","","701,51"
"11","RONDÔNIA","01/2026","","127009","","87941365","","692,40"
"12","ACRE","01/2026","","124826","","91494475","","732,98"
"13","AMAZONAS","01/2026","","613298","","454474641","","741,03"
"14","RORAIMA","01/2026","","76391","","57782420","","756,40"
"15","PARÁ","01/2026","","1250312","","899040293","","719,05"
"16","AMAPÁ","01/2026","","112568","","82978669","","737,14"
"17","TOCANTINS","01/2026","","141691","","100199126","","707,17"
"21","MARANHÃO","01/2026","","1151311","","818133513","","710,61"
"22","PIAUÍ","01/2026","","549576","","374762858","","681,91"
"23","CEARÁ","01/2026","","1338527","","915868819","","684,24"
"24","RIO GRANDE DO NORTE","01/2026","","467450","","316315278","","676,68"
"25","PARAÍBA","01/2026","","620479","","423741488","","682,93"
"26","PERNAMBUCO","01/2026","","1468201","","1003970296","","683,81"
"27","ALAGOAS","01/2026","","496904","","349252221","","702,86"
"28","SERGIPE","01/2026","","353344","","240350863","","680,22"
"29","BAHIA","01/2026","","2305368","","1564750100","","678,74"
"31","MINAS GERAIS","01/2026","","1415161","","975389022","","689,24"
"32","ESPÍRITO SANTO","01/2026","","275484","","195326672","","709,03"
"33","RIO DE JANEIRO","01/2026","","1400493","","978689033","","698,82"
"35","SÃO PAULO","01/2026","","2208639","","1571075185","","711,33"
"41","PARANÁ","01/2026","","545220","","378196768","","693,66"
"42","SANTA CATARINA","01/2026","","203719","","144663053","","710,11"
"43","RIO GRANDE DO SUL","01/2026","","542158","","375894822","","693,33"
"50","MATO GROSSO DO SUL","01/2026","","181197","","129948204","","717,17"
"51","MATO GROSSO","01/2026","","216417","","154090357","","712,01"
"52","GOIÁS","01/2026","","439876","","307507876","","699,08"
"53","DISTRITO FEDERAL","01/2026","","153224","","111518374","","727,81"
"11","RONDÔNIA","02/2026","","125077","","84506619","","675,64"
"12","ACRE","02/2026","","123883","","89116241","","719,36"
"13","AMAZONAS","02/2026","","596991","","431830657","","723,35"
"14","RORAIMA","02/2026","","74713","","55584005","","743,97"
"15","PARÁ","02/2026","","1260675","","907475008","","719,83"
"16","AMAPÁ","02/2026","","113094","","83083562","","734,64"
"17","TOCANTINS","02/2026","","141957","","99746670","","702,65"
"21","MARANHÃO","02/2026","","1156990","","821330980","","709,89"
"22","PIAUÍ","02/2026","","546474","","369325280","","675,83"
"23","CEARÁ","02/2026","","1348410","","912705556","","676,88"
"24","RIO GRANDE DO NORTE","02/2026","","466055","","310879905","","667,05"
"25","PARAÍBA","02/2026","","621064","","421159026","","678,13"
"26","PERNAMBUCO","02/2026","","1473921","","1004283106","","681,37"
"27","ALAGOAS","02/2026","","498185","","347151859","","696,83"
"28","SERGIPE","02/2026","","353387","","239107125","","676,62"
"29","BAHIA","02/2026","","2331420","","1578743376","","677,16"
"31","MINAS GERAIS","02/2026","","1426366","","970835040","","680,64"
"32","ESPÍRITO SANTO","02/2026","","277918","","193906822","","697,71"
"33","RIO DE JANEIRO","02/2026","","1412759","","985961077","","697,90"
"35","SÃO PAULO","02/2026","","2222054","","1538529142","","692,39"
"41","PARANÁ","02/2026","","547298","","371863770","","679,45"
"42","SANTA CATARINA","02/2026","","205101","","141531339","","690,06"
"43","RIO GRANDE DO SUL","02/2026","","524783","","350765013","","668,40"
"50","MATO GROSSO DO SUL","02/2026","","181621","","128341336","","706,64"
"51","MATO GROSSO","02/2026","","215268","","151143960","","702,12"
"52","GOIÁS","02/2026","","440490","","303083880","","688,06"
"53","DISTRITO FEDERAL","02/2026","","154254","","108000092","","700,14"
"11","RONDÔNIA","03/2026","","125136","","85960158","","689,44"
"12","ACRE","03/2026","","123244","","89626792","","728,59"
"13","AMAZONAS","03/2026","","596795","","441033382","","740,51"
"14","RORAIMA","03/2026","","74842","","56116403","","751,82"
"15","PARÁ","03/2026","","1253994","","883910391","","705,93"
"16","AMAPÁ","03/2026","","112628","","81725929","","726,79"
"17","TOCANTINS","03/2026","","141201","","98502057","","698,73"
"21","MARANHÃO","03/2026","","1150696","","807713234","","702,44"
"22","PIAUÍ","03/2026","","543839","","368192508","","677,41"
"23","CEARÁ","03/2026","","1344565","","901622315","","671,35"
"24","RIO GRANDE DO NORTE","03/2026","","463077","","309060473","","668,68"
"25","PARAÍBA","03/2026","","616874","","416657975","","676,08"
"26","PERNAMBUCO","03/2026","","1465176","","987793998","","675,18"
"27","ALAGOAS","03/2026","","496839","","342822416","","690,89"
"28","SERGIPE","03/2026","","354527","","238571944","","673,61"
"29","BAHIA","03/2026","","2330276","","1560125826","","670,46"
"31","MINAS GERAIS","03/2026","","1416725","","949456106","","672,99"
"32","ESPÍRITO SANTO","03/2026","","279193","","188375250","","678,27"
"33","RIO DE JANEIRO","03/2026","","1400902","","947758645","","678,58"
"35","SÃO PAULO","03/2026","","2203223","","1482322685","","680,99"
"41","PARANÁ","03/2026","","546687","","365813938","","674,62"
"42","SANTA CATARINA","03/2026","","201518","","136291197","","680,92"
"43","RIO GRANDE DO SUL","03/2026","","519749","","352092587","","684,31"
"50","MATO GROSSO DO SUL","03/2026","","178775","","124373404","","698,21"
"51","MATO GROSSO","03/2026","","212118","","147929942","","700,56"
"52","GOIÁS","03/2026","","433943","","296581697","","684,81"
"53","DISTRITO FEDERAL","03/2026","","152534","","106483987","","700,24"
"11","RONDÔNIA","04/2026","","126634","","85830961","","680,07"
"12","ACRE","04/2026","","123705","","89479791","","724,50"
"13","AMAZONAS","04/2026","","598564","","435398785","","728,74"
"14","RORAIMA","04/2026","","75267","","55636520","","741,02"
"15","PARÁ","04/2026","","1264145","","884089229","","700,30"
"16","AMAPÁ","04/2026","","111551","","80341308","","721,32"
"17","TOCANTINS","04/2026","","142895","","99101907","","694,45"
"21","MARANHÃO","04/2026","","1154413","","804795377","","697,61"
"22","PIAUÍ","04/2026","","547537","","368646695","","673,63"
"23","CEARÁ","04/2026","","1353648","","901992488","","667,01"
"24","RIO GRANDE DO NORTE","04/2026","","465782","","309931749","","666,43"
"25","PARAÍBA","04/2026","","626233","","420833190","","672,57"
"26","PERNAMBUCO","04/2026","","1488030","","997962373","","671,48"
"27","ALAGOAS","04/2026","","505485","","346701033","","686,61"
"28","SERGIPE","04/2026","","360270","","240947724","","669,34"
"29","BAHIA","04/2026","","2360335","","1570998192","","666,42"
"31","MINAS GERAIS","04/2026","","1444001","","962329429","","668,94"
"32","ESPÍRITO SANTO","04/2026","","281263","","188577435","","673,77"
"33","RIO DE JANEIRO","04/2026","","1401468","","938333402","","671,36"
"35","SÃO PAULO","04/2026","","2226419","","1480595714","","672,40"
"41","PARANÁ","04/2026","","555106","","370053660","","671,59"
"42","SANTA CATARINA","04/2026","","207112","","139172927","","676,10"
"43","RIO GRANDE DO SUL","04/2026","","523628","","349448802","","673,57"
"50","MATO GROSSO DO SUL","04/2026","","179180","","124140659","","695,05"
"51","MATO GROSSO","04/2026","","215219","","149067707","","695,37"
"52","GOIÁS","04/2026","","436104","","295868417","","679,57"
"53","DISTRITO FEDERAL","04/2026","","152175","","104378940","","687,95"
"11","RONDÔNIA","05/2026","","126579","","85598935","","677,57"
"12","ACRE","05/2026","","125040","","90230263","","722,21"
"13","AMAZONAS","05/2026","","608691","","440876809","","724,98"
"14","RORAIMA","05/2026","","75981","","55879810","","736,70"
"15","PARÁ","05/2026","","1269900","","886547169","","698,61"
"16","AMAPÁ","05/2026","","111365","","80063971","","719,68"
"17","TOCANTINS","05/2026","","143177","","99306608","","694,34"
"21","MARANHÃO","05/2026","","1163704","","810250494","","696,50"
"22","PIAUÍ","05/2026","","547657","","369266905","","674,46"
"23","CEARÁ","05/2026","","1364509","","909915494","","667,32"
"24","RIO GRANDE DO NORTE","05/2026","","470389","","313721993","","667,40"
"25","PARAÍBA","05/2026","","626243","","421563316","","673,46"
"26","PERNAMBUCO","05/2026","","1493763","","1001429832","","670,98"
"27","ALAGOAS","05/2026","","506375","","347653197","","686,95"
"28","SERGIPE","05/2026","","361435","","241557334","","668,64"
"29","BAHIA","05/2026","","2367632","","1576169889","","666,11"
"31","MINAS GERAIS","05/2026","","1453809","","970975097","","669,47"
"32","ESPÍRITO SANTO","05/2026","","282127","","189142755","","672,38"
"33","RIO DE JANEIRO","05/2026","","1411172","","944902520","","670,91"
"35","SÃO PAULO","05/2026","","2267302","","1511539356","","672,62"
"41","PARANÁ","05/2026","","560810","","375227420","","672,70"
"42","SANTA CATARINA","05/2026","","209749","","141401643","","676,82"
"43","RIO GRANDE DO SUL","05/2026","","531552","","356377403","","674,05"
"50","MATO GROSSO DO SUL","05/2026","","184860","","128533023","","696,37"
"51","MATO GROSSO","05/2026","","215300","","149196346","","695,03"
"52","GOIÁS","05/2026","","447642","","304329465","","680,76"
"53","DISTRITO FEDERAL","05/2026","","156093","","107569883","","689,73"
"11","RONDÔNIA","06/2026","","127598","","86222192","","676,93"
"12","ACRE","06/2026","","127029","","91533281","","721,04"
"13","AMAZONAS","06/2026","","625389","","452704294","","724,47"
"14","RORAIMA","06/2026","","77122","","56648467","","735,66"
"15","PARÁ","06/2026","","1281078","","894034323","","698,31"
"16","AMAPÁ","06/2026","","115434","","83146009","","720,89"
"17","TOCANTINS","06/2026","","144029","","99954516","","694,66"
"21","MARANHÃO","06/2026","","1175089","","817185136","","695,62"
"22","PIAUÍ","06/2026","","550881","","371210750","","674,01"
"23","CEARÁ","06/2026","","1383617","","922512645","","667,10"
"24","RIO GRANDE DO NORTE","06/2026","","476275","","317136812","","666,21"
"25","PARAÍBA","06/2026","","629546","","423406106","","672,81"
"26","PERNAMBUCO","06/2026","","1505255","","1008766912","","670,61"
"27","ALAGOAS","06/2026","","508982","","349109806","","686,21"
"28","SERGIPE","06/2026","","362921","","242501034","","668,44"
"29","BAHIA","06/2026","","2382992","","1585419017","","665,63"
"31","MINAS GERAIS","06/2026","","1469453","","980620245","","668,74"
"32","ESPÍRITO SANTO","06/2026","","283735","","189998628","","671,35"
"33","RIO DE JANEIRO","06/2026","","1434446","","961391677","","671,33"
"35","SÃO PAULO","06/2026","","2319918","","1548432577","","672,73"
"41","PARANÁ","06/2026","","570620","","381338122","","671,52"
"42","SANTA CATARINA","06/2026","","214483","","144475826","","676,03"
"43","RIO GRANDE DO SUL","06/2026","","543126","","363885540","","673,19"
"50","MATO GROSSO DO SUL","06/2026","","192017","","133202994","","694,59"
"51","MATO GROSSO","06/2026","","218124","","151139049","","694,71"
"52","GOIÁS","06/2026","","462282","","314426141","","680,87"
"53","DISTRITO FEDERAL","06/2026","","165382","","114352499","","691,85"
"11","RONDÔNIA","07/2026","","126949","","86051137","","679,41"
"12","ACRE","07/2026","","126496","","91406795","","723,29"
"13","AMAZONAS","07/2026","","622223","","451229416","","725,95"
"14","RORAIMA","07/2026","","77049","","56627458","","736,67"
"15","PARÁ","07/2026","","1281091","","895934860","","699,90"
"16","AMAPÁ","07/2026","","115714","","83547315","","722,75"
"17","TOCANTINS","07/2026","","142431","","99246408","","697,51"
"21","MARANHÃO","07/2026","","1173779","","817089764","","696,39"
"22","PIAUÍ","07/2026","","548438","","370281991","","675,41"
"23","CEARÁ","07/2026","","1377498","","919913035","","668,31"
"24","RIO GRANDE DO NORTE","07/2026","","474706","","316572285","","667,44"
"25","PARAÍBA","07/2026","","628492","","423349147","","673,90"
"26","PERNAMBUCO","07/2026","","1502432","","1008457795","","671,85"
"27","ALAGOAS","07/2026","","507166","","348715956","","688,11"
"28","SERGIPE","07/2026","","361767","","242230937","","670,00"
"29","BAHIA","07/2026","","2380526","","1585945700","","666,70"
"31","MINAS GERAIS","07/2026","","1459941","","977195563","","671,05"
"32","ESPÍRITO SANTO","07/2026","","281689","","189280819","","674,21"
"33","RIO DE JANEIRO","07/2026","","1425047","","955634014","","671,93"
"35","SÃO PAULO","07/2026","","2320677","","1552466857","","674,84"
"41","PARANÁ","07/2026","","567827","","380736657","","674,19"
"42","SANTA CATARINA","07/2026","","213938","","144648675","","678,96"
"43","RIO GRANDE DO SUL","07/2026","","545119","","364408624","","672,34"
"50","MATO GROSSO DO SUL","07/2026","","192354","","133863417","","697,24"
"51","MATO GROSSO","07/2026","","216606","","150861024","","698,58"
"52","GOIÁS","07/2026","","460518","","314572053","","684,03"
"53","DISTRITO FEDERAL","07/2026","","167005","","115734289","","693,58"
